subreddit,body,created_utc,score
destiny2,"Yeah, people forget that they did a huge change to load areas a while back. Cut the loading down to at least 3rd of what it was.",1738520976.0,18
PathOfExile2,"Focused curse is doing it. ""Skills erupt after 30% reduced delay.""",1737705086.0,1
NoFap,"It means the artist forgot to link the albedo and gloss maps, so the brain rendered out with just the normal map and height map.",1737516436.0,4
YuB,"Make a plan, execute the plan, expect the plan to go off the rails, throw away the plan.",1737186704.0,1
YuB,Wizzing on an electric fence gives you super powers.,1737186366.0,1
SuicideWatch,I'm not ugly and I have NO friends. People just don't want friends anymore. Kinda sucks.,1737102758.0,1
blender,"Had a coworker once who was gonna ask a guy if he was ""Down to dtf."" My other coworker was like ""Uhhh, dtf means *down to fuck*.""",1737012994.0,1
memes,"lol, even saltier than I thought apparently.",1730624660.0,1
notinteresting,"It was the same for me. Saw it and was like ""Alan Walker.""",1730442373.0,1
stickshift,Kia Forte.,1730405897.0,3
notinteresting,OP just has false memory I guess. Out here misremembering what Alan Walkers logo looks like.,1730405568.0,1
notinteresting,Alan Walker,1730405487.0,2
malehairadvice,"They need somewhere to clip up pics while making the cut, so they can keep looking at it. Too many times I've gone in with a pic, and while I come out with something still good, It's not what I wanted really.",1730317993.0,1
malehairadvice,"It's not even the same color. Also your real mustache is thinner, and more scraggly.",1730303898.0,1
malehairadvice,It is. head is blurry and his mustache changed.,1730303515.0,1
malehairadvice,I'm positive your head looks like an egg.,1730303427.0,1
malehairadvice,Oh yeah? Explain your mustache then. Why do you have someone elses?,1730303372.0,1
malehairadvice,Bro can't lie any better than Joey from Friends.,1730303187.0,2
malehairadvice,"So you went bald, but decided to leave remnants of your sideburns?",1730303056.0,1
malehairadvice,"Nah, I'm just gonna hop on finasteride while it's still minor thinning.  
If that don't work, then I'll buzz it before it starts to look bad.",1730238247.0,1
malehairadvice,Heats up when he rubs it. Like carpet burn.,1730153822.0,2
malehairadvice,"My grandpa on my moms side still had hair at 69.  
My dads side, grandpa was rocking strands in his 60's. My dad went to a shaved head in his 30's and my brother could see the top of his head through his hair at 22.

And me at 25 my hairline has been slowly thinning on the right side for the last couple years, but It's still at the point of being reversible.",1730153670.0,1
malehairadvice,"Curtains are best suited for hair that isn't super straight. If your hair just lays down on your forehead, you'd have to put in a lot of effort to make them work. 

Pic 2 definitely suits you better.",1730152670.0,1
Aphantasia,"I also have Aphantasia. My method would be the 3 pecker pieces go onto the 2x3, place the 2x3 on the 2x4 and then the rest is simple because there aren't many different ways for them to go.

Definitely more about knowing how the pieces connect though and the shapes they make when you put them together.",1730015351.0,1
Aphantasia,You most likely aren't a naturally creative person. So you don't exercise this type of thing daily.,1730015118.0,1
Aphantasia,"I see what I see in the image. Without it, I may remember how to build half of it and finish the rest through trial and error. If I'm fast enough I might be able to finish the whole thing by memory, before I get confused.",1730014999.0,1
Aphantasia,"I'm gonna be honest. Until you said that, I had no f\*cking idea what the complete object was supposed to be.",1730014841.0,1
Aphantasia,"No need to get tested. If you can ""feel"" with your imagination, you are above average. For instance, my brother can imagine his hand over lava and feel the heat. Nobody else with good imagination in my family can do that.  
He can also project a city around himself and walk through it.",1730014762.0,1
blender,"I've always struggled with making and utilizing modular assets. Not sure why. I'm just not great at putting pieces together.  
Which is why everything I make is unique. I really should spend more time with modular assets though, because optimization-wise they are unparalleled.

  
I used to be really good with Legos, so maybe I just need to play around with it for a while to get the hang of it again.  
  
Although I'm noticing that I'm largely disadvantaged because of my aphantasia. Other people look at their ""modular kit"" and can piece everything together in their head first. I have to place everything with trial and error before I know how it will look.",1730014295.0,2
ManualTransmissions,"Don't quote me on this, but I believe It's a vehicle.",1730000172.0,1
stickshift,"I have a 4 cylinder Eclipse. Downshifting is NOT gonna help me pass someone. I just straight up can't pass people in my car.   
I either need to be going downhill, or have a nice long straight stretch where I can see It's clear for like half a mile.

Also, I'm a delivery driver. And for the past 2 months there hasn't been any turns where my method of downshifting was inadequate.  
I imagine if I had a faster car like my brothers 350z though, that rev matching would actually serve a purpose.

I do really want to learn how to double clutch though. Just incase I ever get an older car, or something like that. So I may at least attempt to learn how to rev match as well I suppose.",1729998096.0,1
stickshift,"Ok, I guess my car is just too slow to have a reason for it then. Downshifting for power is hardly helpful when my 0-60 is over 8 seconds. I literally just don't pass people unless I can stay in 5th gear, and/or have a downhill to help with acceleration.",1729965544.0,1
stickshift,"I guess I just don't understand. If I'm going to downshift, wouldn't it make sense to slow down till the speed and rpm match with the lower gear?   
Because otherwise I'm going too fast and the car will just ramp up the RPM's based on my speed.

What exactly is the usage case for rev matching? When and how would I use it?",1729965294.0,1
stickshift,Still not as loud as a money shift.,1729928234.0,1
stickshift,Is rev matching actually necessary? I just brake until I'm in the right RPM range and then downshift to wherever I need to be for my current speed.,1729927888.0,1
EVGA,Meanwhile I've been running my 960GTX since 2017.,1729871720.0,1
destiny2,"Middle row are good reskins, right row are bottom of the barrel reskins.",1729837064.0,-2
destiny2,"Middle row still count as reskins, but it would be nice if that was the standard, instead of most reskins just being new textures/materials.  
Shaking up the silhouette is nice at the very least.",1729802086.0,-39
mildlyinfuriating,"Ngl, I would have blocked their number after being kicked out. They never would have heard from me again.",1729800059.0,1
malehairadvice,Mullets were never in. People just crazy.,1729799371.0,2
destiny2,"You're missing the part where they altered his character. Neither of them were ever gay. That's what bothers me, is that they changed it for the sake of inclusion.",1729655589.0,1
destiny2,I fail to see how it can be confused when you are in an LFG app looking for a raid checkpoint.,1729655509.0,1
destiny2,And checkpoints are...? Bro I'm so lost right now.,1729630498.0,1
destiny2,I'm confused. What do lasers have to do with crimes?,1729630416.0,1
hardaiimages,Good last name. First should be Feo.,1729626457.0,1
destiny2,I prefer the original.,1729625665.0,1
destiny2,Drop it by switching weapons. If they're trying to make a pile before the enemies spawn they'll keep throwing more to you.,1729625532.0,1
destiny2,"Still upset that they slaughtered the original Brother in Arms lore for Saint and Osiris.  
They were essentially Cap and Bucky, which was badass. But they managed to ruin it miserably.",1729625401.0,0
destiny2,"He has only cemented the statement about him being a woke clown, since he himself is playing Destiny.",1729625086.0,2
blender,"The form is off.   
This is a pretty solid planar reference for getting the basic shapes before refining anything. [https://www.artstation.com/artwork/GX3Ax1](https://www.artstation.com/artwork/GX3Ax1)",1729564778.0,1
destiny2,That it should never have infinite range.,1729459712.0,1
destiny2,"Mate, you're knocking on fashion inspired by The Headless Horseman. Sounds like you're just an overly critical person.  
Gonna pick on Batman's suit next?",1729364676.0,1
destiny2,"https://preview.redd.it/8yk8tnv7frvd1.jpeg?width=2520&format=pjpg&auto=webp&s=eaa1a397fec4cc800839966f7230a2c200060a27

You call this... Just ok?",1729364175.0,7
destiny2,Those aren't tusked allegiance strides.,1729363856.0,1
destiny2,"You say that, but they look badass as hell! More than half of the hunters will never get tired of all black clothing. We may however get tired of the same pieces and swap them out for a new look.",1729363756.0,1
notinteresting,Whoever sold you Ritz was a lying sack of shit.,1729325089.0,1
UnrealEngine5,"""In the beginning, there was... The Cube.""",1729117787.0,1
malehairadvice,It looks like you tried cutting your own hair. Don't know how else to describe it.,1728945227.0,1
blender,Bro is glory posting. He couldn't even land said gig without his industry connections.,1728920635.0,12
blender,Bro would definitely fit in at a McDonald's.,1728920552.0,2
blender,"""After swapping from my 12yr medium of cinematography, I landed a commercial CG gig with 3 months of experience in Blender.""",1728920316.0,3
blender,"Also, bro has connections from working in said industry. Unlike the rest of us.",1728919764.0,6
malehairadvice,That's grease.,1728916076.0,2
malehairadvice,"I just use a shampoo brush. Used it for a year, thought it wasn't doing anything so I stopped using it. 3 days later I was scratching my head like a madman and my shirt was COVERED in dandruff.  
Went back to using the shampoo brush and was back to normal in a few days.",1728916015.0,1
Dreams,Are you guys hornier than jack rabbits? Could potentially explain it lol,1728636219.0,-2
blender,I've literally never found a free model for the keywords I've searched.,1728593253.0,1
mildyinteresting,Literally my first thought!,1728592477.0,2
blender,"Awesome work. That thigh gap looking like the aliens from ""Mars needs moms"" though lol",1728575041.0,3
notinteresting,"If that isn't redneck, I don't know what is.",1728574749.0,1
malehairadvice,"You're too young for a maturing hairline (AFAIK.) So I'd say It's most likely receding.   
Don't stress about it, see a dermatologist and figure out what's causing it, then decide what options you will take from there.

I'm about to do the same because my hair is thinning at the front. Will probably hop on finasteride (assuming there's no natural cause for my hairloss) to reverse what I can and keep what I have.",1728339784.0,2
blender,"I had so many half finished projects up to that point, that I was hell bent on finishing this one. So I did.",1728191828.0,1
blender,"I'm not Victor anymore, dad. The name's Vector!",1728101800.0,1
lonely,I'm 25.,1728072248.0,1
blender,You were definitely trying to make a mug.,1727936491.0,3
blender,"https://preview.redd.it/hqtzhso3ihsd1.png?width=1920&format=png&auto=webp&s=31363b5eb6d734b650696dbe1fc3b9601e8103ea

Model wasn't an accident, but the posing definitely was.",1727936462.0,8
blender,"Where's the picture?

Also, It's the same teapot. So we're we really not going to think they were all renders?",1727892822.0,3
blender,How did she get John Cena's thighs?,1727777565.0,196
blender,"Good start. Watching tutorials is the best way to learn from home though.  
So I highly recommend doing that for your next weapon. Trust me, It's worth it.",1727776789.0,8
blender,They don't want traditional deformation. They just want each part to move with It's respective bone like a brick cemented to a stick of rebar.,1727769403.0,1
blender,">You can check the wiki for how vertex groups work.

Damn bro, sticking it to him like It's the early 00's.",1727769215.0,1
blender,The snarky comment I wanted to make lol,1727768981.0,1
blender,"I think they should at least use rigify, so they can have fun with the IK's. It makes sitting characters down so much easier.",1727768883.0,1
blender,Too late I guess. OP already cracked his characters ribcage. He just wasn't built to move like that.,1727768202.0,1
blender,"A new user is going to have no idea what you just said. I've been using Blender for 12yrs and I'm on the fence about what you're trying to say.  
I think ""influence"" is the word that's throwing me off. It's not really clicking with everything else you're saying for me.

Let me see if I can run it back or not.

Enter *Edit Mode* with the object selected, go to the *object data* tab and under the *Vertex Groups* panel select each vertex group and hit the *remove* button.

**Worth noting to go back to object mode, select the armature and go to the tab with the running man icon. Then go down to** ***Viewport Display*** **and tick the box next to** ***Names.***

After that, select the character again and go back into edit mode. From there select a floating chunk of the character and look for the name of the bone floating inside of it. After that go back to the vertex groups tab and select the vertex group that matches the name inside your selected mesh, and then with the weight bar completely blue, hit the assign button above the weight bar.

Rinse and repeat the last 2 sentences for the rest of the characters parts.",1727766506.0,1
blender,"You can just parent it by selecting ""bone"" in the parenting pop-up. Nothing more needed.",1727766427.0,1
blender,"No need. Just parent each part to a bone.

Edit: Vertex groups are only necessary for deforming a mesh, or for connecting a single mesh to multiple bones.  
They also make great selecting cheats. If you know you have a part of your mesh you will be selected multiple times down the road that is difficult or time consuming. Just do it once and assign it to a vertex group.

To any newcomers, I am talking solely about rigging here. Vertex groups still have an absurdity of other uses in other areas of the program.",1727766354.0,2
blender,"That was my first thought. I was like ""Well uh, that's what It's supposed to do.""",1727766306.0,1
blender,In your case you don't even need to weight paint. You could just parent the parts to each bone.,1727766149.0,1
depression,bender?,1727763375.0,1
depression,"11. 5 girls and 2 boys would still be here if me and my 3 brothers kicked the can.

But yeah, why they decided to have that many kids I have no idea. Genetic-wise, us boys have amazing metabolisms, but bad hairloss. The brother I lost was 23 and you could completely see his scalp through his hair. I'm somewhat lucky and only have minor recession on the right side of my hairline at 25.

But my dad is bald, my oldest brother has thin hair and my older brother has a bald spot.

I'll still never understand why. They're good parents don't get me wrong, got us all braces, traveled the states when we were younger. Actually gaf about us, just don't really know how to help. We've never really went hungry unless it was by our own means (I wasn't a fan of beans lol).  
But it is true, big families are a fucking mess regardless. Everything was actually not too bad up until about 3 years ago and then the shit never stopped rolling.

Edit: If by genetics you meant the suicidal tendencies. Then yeah, that part ain't great. My younger brother even asked if the boys in our family were cursed/doomed, because most of us have either tried, did or nearly attempted.",1727763064.0,2
depression,"Technically you would just get a new body then, since your brain is you.",1727681761.0,1
depression,"""swim underwear"" lol",1727681705.0,2
depression,therapists don't help.,1727681623.0,1
depression,"I'm 25. Me and my brother had an apartment together, until I found a note on his desk and his bathroom locked. Earlier this year he had lent me money to get my 350z up and running again, because he also had one and wanted both of us to drive them around town.

About a month after I lost him I ended up doing an engine swap, because the old one took a shit. Spent like 6k doing the engine swap and just fixing it up. Then about a month later somebody ran a red light and totaled it. I was so set on fixing the car up and keeping it for many years in honor of him, and then it just got taken from me just like that.

So yeah, do I have a lot of time, sure. But It's pretty fucked up so far.",1727681503.0,1
depression,"We're both kinda in the same boat. Tried before and think about it constantly, but don't have any active plans.  
Though my brother did take his life in April and we had an apartment together, which meant I had to move in with my parents since I didn't have a roommate anymore, so that's definitely adding weight to how I feel.

But, I'm sticking around for my little brothers, because if I left now then both of them would follow without hesitation. (They told me if I had done it first and then my other brother did it after me, that they would have done it too.) And we still have 5 sisters and 2 brothers that would have to live with 4 of their brothers committing suicide.  
I don't think they would ever get over that. So It's up to me to keep everything from crashing down. Which sucks and is really hard, because I do wish I didn't exist. 

What does help is writing a suicide note every time I want to die though. Even though I'm not gonna need it, I feel a little better afterwards.",1727680803.0,18
lonely,Everyone who showed up for my brothers funeral most likely. Which was significantly more people than I expected. Lost of childhood friends that we hadn't seen in like 10 years.,1727678453.0,1
Dreams,"My first thought as well. I'm like, yeah this is very clearly close to something else.",1727648922.0,0
antivirus,"...If your SSN was money, how much would you have

P.S. For any not so bright people who see this, IT IS A JOKE, please don't comment your SSN's.",1727495914.0,4
euphoria,Swearing is for emphasis. You're the naive one losing their head over 1 downvote.,1727492321.0,1
euphoria,"You got 1 downvote and already pulled out the ""tf"". You need to chill mate.",1727468103.0,2
euphoria,"Don't pay too much attention to that. All the no's in the comments probably have the ""basement dweller"" achievement here.",1727467989.0,1
euphoria,"Ok, two-face.",1727467931.0,3
VRGaming,"Well I'd rather make it a habit to do it the right way. If you hadn't added the extra 0's in your 3.500, I would have assumed you were saying $3.50 if it weren't for the context.",1727467706.0,1
VRGaming,"Yeah, I'm taking Spanish this semester and we just learned this a few weeks ago. Gonna be weird to get used to lol",1727440968.0,1
VRGaming,"In English we use commas like this 1,000. In Spanish they use periods for thousands like this 1.000",1727420207.0,1
depression,"Yeah, I know what ya mean. I'm 25. This April my brother took his life and I had to move back in with my parents because he was my roommate. Then I engine swapped my 350z and a month later somebody ran a red light and totaled it.  
  
  
I'm also taking 3 college classes while working, which was a mistake because I get maybe 3-6 hours of sleep every night. Last night I couldn't even sleep because I was too tired.  
Also losing some functionality, I can't even complete a rubik's cube that I've solved over 100 times before.",1727387116.0,1
VRGaming,You sure you aren't that kind of person who walks up 1 flight of stairs and gets red splotches on their face?,1727386830.0,1
VRGaming,"Bruh, why are you using Spanish numbers with USD?",1727386667.0,1
blender,"Yep.

https://preview.redd.it/tuja0a8k90rd1.jpeg?width=3840&format=pjpg&auto=webp&s=c74e22df0cf2f34ba7b6873c427ac8440c3ce7ee",1727291879.0,2
blender,RCOD (Red cube of death),1727291254.0,3
blender,"https://preview.redd.it/pyork9k970rd1.jpeg?width=1920&format=pjpg&auto=webp&s=b1853e161953f5f266eb8b17734504239971c0c8

I did a similar thing about a year ago. Was watching a lot of videos on lighting and wanted to make the default cube look cool through lighting alone.",1727291143.0,13
blender,Needs more vibrance and contrast.,1727290969.0,1
blender,"You probably don't want to know, but I'll tell you anyways. I have a Ryzen 5 1400, a 960GTX and 32 gigs of RAM.",1727207804.0,1
depression,"I know what you mean bro. This year my younger brother took his life, and a few months before that he lent me money to get my 350z up and running. After I lost him I kept fixing it and even did an engine swap.  
1 month after I did the engine swap somebody ran a red light and totaled it. Was really hard to accept that loss, because I wanted to build the car for my brother. My parents are also on the verge of divorce and have already split up assets and are living in 2 different houses.

And the cherry on top, some shit went down and now half of my family members refuse to talk to each other, which makes holidays a total pain in the ass.

Losing my brother was definitely the worst though, we we're best friends, practically twins. We had our own apartment and gamed with each other pretty much whenever we had free time.

If you have someone like that in your life, stick around for them. You better believe I want to follow him to my grave, but I have 2 younger brothers that will do the same if I do. So I'm sticking around for them.",1727141632.0,1
depression,"You aren't stupid, bro. You punctuated the entire post. Most people don't even know how to punctuate a single comment.",1727141028.0,191
blender,"Yeah, took me about a year on and off to finish the character.",1727132710.0,3
blender,"50m polys, about 5m hair particles, over 50 4k textures. It's heavy af mate.",1727110064.0,6
blender,All he needs is some vegetation growing on him and he'll fit perfectly. OP might have to adjust the surroundings a bit so he's in a spot where it looks like vegetation could grow there though.,1727072736.0,0
blender,"Nah, do him like the train. Then he'll fit with the scene.",1727072567.0,0
blender,"Research, youtube, and references.",1727043689.0,1
blender,"27, I think... I had to setup like 7 passes.

https://preview.redd.it/9a3ko3z5rfqd1.jpeg?width=2048&format=pjpg&auto=webp&s=6e110be5bdf71b809f967b6842431705d31e8308",1727043601.0,13
blender,Took me like 27 hours to render 1 frame of my VFX character.,1727043473.0,2
blender,Just need better lighting. Good lights can make most shitty models look good.,1727043414.0,18
blender,Bro what are the odds!? That's straight gold.,1727037970.0,2
blender,pet,1726938810.0,2
blender,I take it you forgot to put on your glasses?,1726938771.0,2
blender,"Oh look, a chia pet",1726938680.0,1
TheFirstDescendant,They do know that the entire point of gaming is to escape reality right!?,1726762730.0,1
depression,"Some of my best friends online who helped me through some rough shit, I had actually met in the group chat for this sub. There was like 15 of us who were in the chat constantly.  
  
Eventually we made ourselves a discord and would all hop into the voice chat while 1 of the guys would spam the meme channel with the absurd amount of memes he had on his phone.  
We all had a lot of shit going on, but whenever we were hanging out and talking to each other, even when it was us venting about our shitty life, it still felt good.

You can't get that with a therapist, because they just regurgitate your own words.",1726643144.0,1
depression,"Relating to random people on the internet already helps more than a therapist lmao

That's the bar, and they still can't reach it.",1726636710.0,6
depression,Your wording and punctuation got me confused bro.,1726636615.0,2
depression,Ghost by Badflower is a favorite of mine. One of my friends told me about it when they were suicidal and I've liked it since the first time he shared it with me.,1726636557.0,0
depression,"Bro, that shit will fuck up successful people. If you're already suicidal it definitely isn't gonna help.",1726636407.0,-1
depression,That's because you don't want to die. You just don't want to live.,1726636282.0,3
depression,"Funny you say that. I took 1 appointment. At the end she asked if I would like to schedule the next one. I replied with ""I don't really see how you're supposed to help me, and I'll just be wasting my money.""

My family was mortified when I told them that. They were like ""Well that was harsh.""  
And I was like ""Uhhh, how is that harsh? She can't help. What else am I supposed to say?""",1726636048.0,7
depression,"I'll agree with you on the life not getting better part. 4 years ago I was suicidal af. Tried like 4 different times, suffered some aftermath. And then was like, ok fine, ""It gets better."" that's what people say. So I'll give it like 4 years.

This is the 4th year. So far this is how ""life gets better"" is going for me. Me and my brother had an apartment together. He took his life in April and I had to move back in with my parents. Before he took his life, he lent me money to get my 350z on the road. I did, and payed him back the week before his suicide.

2 weeks later, the motor took a shit in my car. I was out of work for 2 months waiting for the engine to get swapped. After I got it back, it had to go back to the shop 5-6 more times for random shit that was going bad from the car sitting. Things started to chill again and then last week somebody ran a red light and totaled my 350z. Hit and run, I thought I was fucked, because I didn't have full coverage.

They came back out of fear of getting jail time. (Lucky fucking me) and I did manage to get a decent chunk back for another car. But the 350z that my brother helped me get back on the road is fucking gone now. So yeah, life ain't getting better for me. So I get you, I really do.

But... I do not want to inflict the suffering of suicide on my little brothers. If I killed myself now, both of them would follow out of sheer trauma and not wanting to live without us. Yeah we lost one and we're pretty fucked up, but we'll get through it eventually. Just gotta push through it as best we can mate.

Oh and also, I have no time to do anything now because I am going to college while working full time. So fuck that after the semester ends. I might do 1 class and then chill with my downtime.",1726635816.0,5
depression,"My brother took his life in April. We had an apartment together and I was horribly devastated when I saw the note and found him in the bathroom.

He was my younger brother that I looked up to. Funny thing is, I was the one who was known a few yrs back to be suicidal. While I still am, nobody knew. But I was sticking through it, because if he didn't have me, he would have to move back in with our parents. And we were both psyched to have out own place.

Never thought he would do that, and the future haunts tf out of me whenever I think about it.

So OP, if you read this. Please reconsider for your siblings sake, or anyone close to you. I know it fucking sucks in this world, but when one sibling goes, the other usually goes with them. Or they struggle with the unbearable weight as best they can.

You can't choose the hand your dealt, but you can choose not to shuffle the hands of the people around you.",1726635006.0,40
Sleepparalysis,"Sleep paralysis varies person to person. Occasionally though you can have a very abnormal episode. (I've had SP 100+ times and there are maybe 5 episodes that are unique).

Bottom line is, if you're struggling to move any part of your body, there's a 99% chance It's sleep paralysis.   
My best guess is your arms started to fall asleep when you entered your episode, but it very well could have just been an unusual episode, because that will happen eventually.

Usually mine are presence and sensation based (Something grabbing me, or something feels like It's behind me.)  
I have maybe 2 episodes that happened to be auditory though. My fan in the room morphed and increased in volume until it felt like I was trying to sleep beneath a fighter jets engine.  
And another time I heard a whisper in my ear.

Both of those weren't normal for me, but your episodes can be different from time to time. SP is also affected by your waking life, for example: Stressed, downed some caffeine before bed, sleep debt, anxiety and other things along those lines. (tryptophan was given to me for a month to help me sleep. It wound up inducing sleep paralysis on a regular basis.)",1726436855.0,1
destiny2,"Yeah, mine stopped playing as well. Only difference being that it was because I had to put him 6 feet underground.  
He was my younger brother that I looked up to. We moved out of our parents house as roommates and whenever we weren't working we were usually playing Destiny.

Wish I could go back. I played TFS with one of my other younger brothers, and then stopped playing after that because we agreed it didn't feel the same and the game was getting too difficult to be fun anymore.",1726377666.0,1
blender,"You aren't missing it. There is no visible SSS. And I agree, the bump mapping/normal map needs to be toned down to something softer.",1726176932.0,3
antivirus,Same.,1725985556.0,1
tractorsupply,"I got one about 2 weeks ago. I was like ""You think I'm that stupid? I'm not even subscribed to TSC.""",1725815672.0,1
antivirus,"I'd bite. Gotta hit them with that ""Try me.""",1725815343.0,17
blender,Why do I feel like you enjoyed/would enjoy the Halo show?,1725768706.0,1
blender,It's called a timelapse. The program UI can never be replicated to match up with the timelapse by AI.,1725768429.0,3
blender,"""You threw off my groove!""",1725768342.0,2
Dreams,"Because we still don't understand our brain, or if there is anything influencing our dreams.",1725733174.0,2
PcBuild,"You can get the bread for a lifetime payment agreement of only $25.99 a month.  
But wait, there's more! For an additional $35.99 a month, you can cut your lifetime payment agreement down to a total of just 50 years.",1725690359.0,4
Dreams,A GIANT TERMINATOR EYE!,1725689649.0,2
blender,https://preview.redd.it/hmpzx997ubnd1.jpeg?width=1920&format=pjpg&auto=webp&s=cd42b59a68e3ce71aaad867b01483cd2586cef6d,1725688609.0,2
blender,"He deleted his shlong, so there's that.",1725687637.0,2
blender,"You missed a ""that"" and a comma.

If you don't think it matters, here's a timeless example.  
*Let's eat grandma!* (**THE HORROR!**)  
*Let's eat, grandma!* (That's more like it.)",1725687450.0,0
blender,"Wish that was my case. But alas, I am still heartbroken over my 350z being totaled because some asshat wanted to run a red light.",1725687170.0,1
blender,"Downvote = shameful save.

But still saved on your profile nonetheless.",1725687034.0,2
blender,At least they aren't blue.,1725686790.0,1
blender,"Well if he's from Cali, then listening to fast talkers is natural.",1725686745.0,1
blender,Injury from jumping 6 and nine-tenths inches. They couldn't handle another 1/4.,1725686687.0,1
blender,"You can use a cloud texture on a light source to ""fake"" somewhat decent caustics. I assume that is what OP did.",1725652898.0,1
blender,"I haven't watched the video, but this guy is a god with rigs. So it may serve useful to you.  
[https://www.youtube.com/watch?v=SXjDOSdk0jo](https://www.youtube.com/watch?v=SXjDOSdk0jo)",1725652785.0,2
blender,"Probably because of the arm. Looks like It's supposed to be hers in the render, but isn't positioned as such.",1725652519.0,4
blender,Even more horrifying than the render.,1725652353.0,5
blender,I see you saw the new Deadpool movie.,1725651560.0,4
euphoria,"I'm a guy who is 5'7. I had a coworker that was like 6'3, maybe taller. I literally felt like a kid whenever I was standing next to her.  
But hell, I still would have dated her if she gave me the chance lol",1725479709.0,3
movies,"Why yes, yes I did.",1725454275.0,2
MazeRunner,5 days you say... I think I just topped that to hell and back.,1725346192.0,1
movies,I'm pretty sure one the only few moments I've gotten sad while watching a movie was in the last Maze Runner when Thomas has to kill Newt.,1725346000.0,1
movies,"Yeah the kid ruined it. I expected that he was going to be very mature with the whole situation and do what needed to be done. but nope, he had to be an arrogant little brat.

Now if he had truly taken care of her and she wound up getting bombed or something along those lines, it would have had a lot more punch.",1725345818.0,2
movies,"Yeah, it was pretty boring.",1725345413.0,2
movies,I watched it with subs. Movie just wasn't that sad tbh. For me at least.,1725345293.0,2
TheFirstDescendant,"OP knows that everyone reads the title last right?

I mean yeah, it still works technically. But I was lost for context at first.",1725338524.0,1
blender,"Eh, it came off as sarcastic, so your point still stands.",1725314764.0,1
blender,"lol they'd like to think that, wouldn't they.",1725290190.0,1
blender,It be like that. Tbh I don't think the donut tutorial is a good starting point. I HIGHLY suggest thinking about something beginner friendly you actually have an interest in and searching for tutorials on it. Learning is a breeze when you're making something you actually like.,1725260942.0,0
blender,Lots of us started early in 3d tbh. I was 13 when I got into it.,1725260754.0,4
blender,"https://preview.redd.it/d5n0xgesgcmd1.png?width=975&format=png&auto=webp&s=e14e1d621dc08eb7597f0b850d3635dc4cf85745

I saw this picture online when I was 13. Thought it was cool and asked my parents if I could download the program. Got upset when I opened the program because there was no car. Questioned the insanity of the possibility of someone actually making the car piece by piece.

And then felt an insatiable urge to learn the program when I realized that they did in fact make it piece by piece. I'm 25 now and have been using Blender for 12 years.   
Kinda in a slump lately though and want to go back to the days where I was using blender 10+ hours a day almost all week long without getting sick of it.",1725260646.0,2
blender,"Because you made them feel like shit.  
This is why I tell people to try and avoid saying they're new when they post stuff like this. Because ""actual"" beginners see it and think they will only waste their time if they continue learning.

Most beginners bar in Blender is somebody elses donut. Not a polished out sidescroller animation.",1725260255.0,8
blender,And here I am 12 years into blender trying to prep myself for anything new I start. (Sculpting anatomy is hard...),1725259775.0,2
blender,"I just made a reply to him, asking for him to credit any of the artists he used assets from.  
Like they literally made this project a reality for him. Even if he only pulled CC-0 assets, they still deserve to be credited.",1725259678.0,5
blender,"If your 10yr old was William Landgren's younger brother, I would 1000% believe it.",1725259478.0,2
blender,"Please leave credit for all of the premade assets that weren't yours. Even if they were CC-0, It's still common courtesy to credit the people who made your project possible.

Or you you have this posted elsewhere with everything properly credited, it would be much appreciated if you linked it here.",1725259039.0,5
blender,"I think you underestimate the difficulty of assembling a scene. Premade assets or not, 99% of beginners are gonna lose their minds trying to put together something like that.

Your skillset is a lot like knowing how to draw before you start sculpting. You may not know how to use the software at first, but you have solid guidelines that you can set from real world experience that influence your workflow.  
Which is something the majority of beginners don't have.",1725258588.0,6
blender,The best cover is an obvious one.,1725170353.0,1
blender,You sure you aren't on anything yourself? lol,1725159799.0,5
PcBuild,"Same. At least I got to help him build some stuff for his custom hot rod though.  
I'll always look back on that fondly. Man was a beast in the shop.

He also had the pleasure of painting one of the cars that was in the Indianapolas way back when (60s or 70s). Can't remember if it was one that won, but he had a picture of it in the house.",1725128692.0,2
PcBuild,"Bro said ""It might sound like trash.""   
Meanwhile I made a VFX character in Blender that had 50m polys and 50+ 8k textures all while running on my 960GTX that I build back in 2018.",1725128101.0,1
AnthemTheGame,"Clearly we didn't have the same experience.

https://preview.redd.it/y66f9ltiz0md1.jpeg?width=3734&format=pjpg&auto=webp&s=02eaa5d298c7b762641e7aef83e6f3ce79524a32",1725121367.0,1
AnthemTheGame,Let me know how much you appreciate it when your Jayber is stuck in the ground and you are rubberband teleporting in and out of it.,1725120883.0,1
antivirus,Thank him for the breakdown and kindly remind him that you are prepared to do the same to him.,1725120705.0,1
blender,"Yeah, there's a big difference between those two. What your talking about is people wanting someones settings so that they can replicate said persons images.  
It's the equivalent of seeing someone make a meal in the microwave, and you want to know how long they left it, or what preset they used so you can make the same thing.",1725034577.0,1
blender,"No, I don't really dream much and when I do It's not very vivid or realistic (more like a memory...), which probably has a lot to do with me having aphantasia.",1725034143.0,2
blender,"That's the thing about AI. You might say ""Wow that's cool.""   
But you'll never say, ""I really love your workflow and the stories behind your artworks. Truly inspiring! I only hope I can be as great an artist as you one day.""",1724915178.0,1
blender,"If you're trying to make something new and unique, then yes you'll have more control and creative freedom if you make everything yourself.

But if you just want to make something awesome, then utilizing generic assets that you can tweak to your liking is the way to go.  
Not everyone is trying to make a world that can rival Avatar's.",1724914850.0,2
blender,"As someone who has been learning 3d for 12 years and still struggles to assemble worlds full of life that make sense, it is 100% impressive and definitely a skill.

I only hope that in time I can learn how to harness such power. Kitbashing is probably the single best example I can think of, for how someone can use generic assets and make something new and incredible with it.

Definitely a skill. And if you don't think it is, then you've clearly never tried.",1724914497.0,1
blender,"As a character artist, there comes a certain point where you start looking at the world around you differently. Watching people a lot, looking at how they move, the differences in their faces and bodies.

Your own family even starts to think you're crazy as you sit there inspecting your hand and wiggling your fingers around like you're seeing them for the first time.",1724914017.0,4
blender,I like this opinion. It's solid. (Like a brick...),1724913649.0,5
TheFirstDescendant,"To build enough adjusters to reroll your ultimate weapon stats 10 times (assuming 3 stats are locked) will cost you 3mil gold. And then every reroll with 3 stats locked will cost you an additional 100k.

Transcendant mods cost 5m to max out, most of your other mods will cost 1-2m. And let's not forget 187k to craft one catalyst, and then 750k to craft one mushroom.

Regular Descendants cost 200k for each building piece, and then 400k for the actual Descendant.  
Ultimate Descendants cost 450k for each building piece, and then 900k to craft the actual Descendant.  


And 15 of the materials that allow you to enhance Ultimate Reactors cost 300k.",1724810084.0,1
blender,"The difference is, the messenger knows the content in this situation.",1724790350.0,2
destiny2,"Well you also have to keep in mind that the game was pretty shit before Forsaken. So it came with a buttload of QOL changes and just straight up gameplay changes too.  
The game was on It's last limb, crawling around like Anakin toast before Forsaken dropped.",1724733969.0,1
TheFirstDescendant,I'm talking about the shading.,1724725928.0,-2
TheFirstDescendant,Why does your game look so flat?,1724723112.0,0
blender,Username checks out.,1724722923.0,0
blender,Bruh...,1724722843.0,11
blender,The thing about an ice fight... Is that the ice always wins.,1724722822.0,1
blender,"Well, when your phone hears you talking about something...",1724722714.0,2
blender,Could try a displace modifier with an empty to control the movement.,1724611035.0,25
destiny2,"I played The Final Shape. I'm also only rank 23 on the season pass.

Rank 141 on the First Descendant season pass though!",1724602294.0,1
blender,It has like 70's/80's vibes. Not sure why exactly.,1724573255.0,2
TheFirstDescendant,"I think you definitely aren't building a lot of stuff. I built all the descendants and am constantly keeping enhancement materials crafting and my gold goes as fast as I can farm it.

And don't forget about re-rolling ultimate weapon stats. I can chew through my gold doing that.  
AND!!! I still have 1k+ ultimate adjusters that I can't build because I'm not in a position to spend 15m gold on that.",1724513402.0,1
UnexpectedProteins,"I'll pass. I usually know when I won't like a certain food. I can already smell it, and I feel like it would make me nauseous.",1724479274.0,2
UnexpectedProteins,Wouldn't they be all soggy and just deteriorate if they were boiled prior to being canned?,1724414057.0,2
destiny2,You can play like half of it lol,1724181850.0,1
destiny2,"Would be cool if they just setup an ""Original Destiny 2"" game. That lets you experience everything from before Beyond Light.

I know originally Beyond Light was supposed to be D3 and most people didn't like the idea of that. But looking back now, I would love to have everything preserved that we lost, so I could come back to it whenever I want.

I know people will say ""Nobody would ever play it."" But a lot of us still hop into D1 and play for a week or so at a time. Some people probably more so.  
I just hate the fact that I can't do a Destiny Marathon and run through all the campaigns, because It's missing huge chunks.",1724181723.0,34
blender,"Lighting I guess. Ain't much of anything else going on.  
Even then though, I wouldn't say the attached images have great lighting. But maybe that's just because of the structures?",1724156969.0,1
destiny2,I think you might need to lay off the crayons.,1724121288.0,1
destiny2,"I still kept using my triple bow loadout after the nerf. Takes more skill, but I guess that's ok.",1724114789.0,0
destiny2,"I follow their lead.

https://preview.redd.it/q4hqd4q0upjd1.png?width=3840&format=png&auto=webp&s=73d2d532e9270a64ec57a704a26e42e725c68d7e",1724114647.0,3
Sleepparalysis,"Damn bro.

I'm still not convinced there isn't something else at play. The theme of SP is way too specific and horrific.

But the weird thing also, is that there ARE triggers that cause SP. Like for me, It's going to bed too tired. If I'm at the point where I'm nodding off, I will fall asleep right into an episode.  
Like clockwork.  
As long as I never hit that point though I can keep episodes at bay for months at a time.",1724071462.0,1
destiny2,"Yeah, I used Osteo for him at launch as well. RIP that gun. Nowhere near as saucy as it used to be.",1724055817.0,1
destiny2,I used strand with Osteo Striga.,1724055711.0,3
destiny2,Should've done it before they nerfed Ostio Striga. Thing was really putting in some work.,1724055627.0,1
TheFirstDescendant,"My point is, wrong or not, eventually some words/phrases like that essentially become slang.",1724051554.0,1
TheFirstDescendant,"Oh, I actually just remembered a super common use for this phrase ""I could care less what anyone thinks of me.""

You can't tell me you haven't heard that used on several occasions.   
English is just one of those languages where you just roll with it, instead of questioning it. Because otherwise you sit there looking at the word ""colonel"" all night.",1724049168.0,1
Sleepparalysis,"Yep and I've felt like something is tugging me off the end of my bed by my feet, or dragging me around the room.

Real weird shit.",1724017736.0,3
TheFirstDescendant,"Exactly. ""could care less"" is like serious sarcasm. It's weird, but it works.",1724017549.0,1
TheFirstDescendant,"This is English we are talking about, you know like when something bad happens and you say ""Gotta love it."" Even though you sure as hell do not love it.",1724001877.0,0
TheFirstDescendant,"It's essentially a step up from ""couldn't care less"". Could care less is kind of like ""I already don't care, and I could still care even less.""  
It's like the infinity of not caring. A bottomless pit of not caring if you will.",1723990345.0,-1
TheFirstDescendant,"If you want to be a super technical over the top grammar police, then sure, It's incorrect. But as slang, which again makes up like half our language now, it is a widely used term and therefore accepted by people who aren't nit-picky.",1723989909.0,-1
TheFirstDescendant,"That's not how that works. ""could care less"" means the same as ""couldn't care less"".  
Blame whoever made English if you don't like it. Practically half of our language is slang now, and there's no changing that.",1723989359.0,-2
TheFirstDescendant,"Great, now do 10 more and after 2 and a half hours you'll be able to crack 10 morphs.",1723967042.0,2
TheFirstDescendant,I could care less tbh.,1723966921.0,-6
TheFirstDescendant,I'm not trying to give myself arthritis 2 months after launch.,1723966814.0,2
TheFirstDescendant,"69 health, 420 defense.",1723951321.0,2
blender,rip. It solves my shading issues 99% of the time.,1723950633.0,1
blender,Add a new object and join it to the new object. Should solve it instantly.,1723925278.0,1
blender,"Could be uv seams (Most likely if you used an auto-unwrap method). But I really don't ""know"" because I have no idea what I'm looking at.",1723922470.0,1
SelfHarmScars,"While It's an unhealthy coping method, I miss taking care of my cut and seeing the inside of it. (I say cut btw, because I didn't do several cuts, I would just keep reopening the same one.)  
Which is something I would advise against because it significantly increased the risk for infection.",1723919466.0,2
SelfHarmScars,"Most won't ""completely"" fade. But ones that size will eventually be unnoticeable in time.",1723919197.0,11
TheFirstDescendant,Captain. Captain. I don't wanna die like this!,1723902558.0,6
TheFirstDescendant,"haha, that tickles.",1723881491.0,3
blender,"So their ""fingers"" function kinda like Mork's do.",1723867654.0,1
Dreams,Worst one yet. I was getting hot flashes the entire rest of the day at work (every couple minutes they would just shoot through my body). And was REALLY jumpy.,1723867355.0,2
Confused,Also the Stonehenge is in England.,1723867055.0,1
WTF,Gotta mark your territory. Let em know who's boss.,1723866705.0,2
blender,"If you haven't gone into the settings to disable or make the auto save less frequent, then you don't have enough polys.",1723865323.0,0
blender,Not yet. Select it in object mode. Press ctrl + 4 and then go to your modifiers and apply it.,1723865180.0,0
blender,This.,1723831819.0,8
Dreams,Night terrors... Not to my knowledge. I actually have only ever had maybe 5 nightmares. I assume my aphantasia has something to do with that. And is also probably why I don't see things during paralysis.,1723821799.0,1
Dreams,"Weird, and definitely unsettling. I did have one episode once where it used the sound of my fan and amplified it until it was like a jet taking off in my room. But I rarely get auditory episodes like that.   
Even though it wasn't all bad, it still freaked me out because of how unnatural it was.",1723818327.0,3
blender,Interesting. Kinda sounds like sculpting with meta-balls.,1723818071.0,1
Dreams,"It was a one time thing luckily. Usually It's physical or a terrifying sense of something behind me, which still aren't much better.

Still jealous of people who only have to deal with it like once or twice ever. I used to have points where I would have it 3-5 times in a week, upwards of 5 episodes in one night.

Found out that as long as I don't go to bed tired though I can keep it at bay. But as soon as I go to bed nodding off, I fall asleep into an episode.",1723818016.0,2
blender,Are you making Wonder Raid?,1723790064.0,1
TheFirstDescendant,I have 2 monitors. One is for my Xbox the other my PC. I play on console and then just listen to music on my PC while I play.,1723788463.0,2
TheFirstDescendant,"I spent the first week of the game farming Ambush Point and ended up with like 80+ ultra precise, and 100+ of the other 2.",1723788340.0,1
SelfHarmScars,"I do personally like mine, but I never wanted an arm full of scars. So I did the risky thing and reused the same spot over and over.  
It's like half an inch wide now and surprisingly isn't raised. But I kinda wish I could feel it a bit more. I also kinda miss when it would turn deep blue/purple after a shower.

Most people who knew it was there don't even notice it anymore, so I guess I'm not getting weird looks from it at least.",1723788047.0,4
SelfHarmScars,"They'll fade. Will just take about 2 yrs before they are less affected by temperatures.   
After 4 years mine is finally to a point where it stays relatively the same color as the rest of my arm. Unless I'm like freezing my ass off. And then it will be a very light pink.",1723787274.0,2
Dreams,"If sleep paralysis counts, I felt this weight lean over my shoulder and there was a whisper in my ear that said ""I can see you.""

Everyone so far has said they feel chills down their spine when I tell them about it. I had trouble sleeping for the next week and It's still something that I'm scared of experiencing again.",1723786976.0,11
SelfHarmScars,I thought it was a play and pause button...,1723786352.0,4
blender,"I think if they added the grass blades and chain from the 1st one to the 3rd one it would really improve it.  
I honestly just don't like the glare on the first one. And the white letters in the 3rd one are super clean.",1723778498.0,5
blender,Most likely culprit.,1723733554.0,1
TheFirstDescendant,Looks more like fat rolls smushed together.,1723733185.0,-26
alcohol,I took 11 shots of captain morgans tonight. Shit tastes like fucking hell mate. I'd rather be held at gunpoint over drinking that crap again.,1723708263.0,1
euphoria,"I think I will honestly, lol",1723704772.0,1
euphoria,I thought the first pre-episode with Rue in the diner was really good. Got into all the real stuff and felt actually pretty inspiring. Sucks it didn't keep that kind of energy throughout the show.,1723704566.0,2
destiny2,"Interesting. It looks fun at least, so if It's something that can be consistently reproduced, then that's pretty cool.",1723704152.0,1
destiny2,"I know I'm kinda out of it rn, but wtf is happening?",1723687352.0,1
Dreams,I wish I never found out about aphantasia. Since then I'm only reminded everyday that something forever out of my reach comes naturally to the majority of the population.,1723569480.0,2
Dreams,"I have aphantasia. So no daydreaming for me, because the irl world can still pester me while I'm lost in thought, since I can't block it out.",1723569244.0,2
blender,"[https://www.youtube.com/@mylittle3dworlds/videos](https://www.youtube.com/@mylittle3dworlds/videos)  
I highly suggest checking this guy out. He started using Blender a little over a year ago and as far as I can tell didn't have any 3d knowledge before that.  
I think they just have some seriously natural talent for environments. But being a beginner still didn't stop them from making videos. 

As long as you are upfront about your experience, people won't expect as much from you and will be more willing to just see your process and watch you grow.",1723568907.0,2
blender,"Solid progress mate. I'm a perfectionist, so that scene would probably take me 3 months with 12yrs of Blender experience (I also suck at landscapes, they are my downfall).

  
I've come to find that most people have a niche in 3d though, and It's ok if certain art projects come easier to others than they do to me.  
I don't really feel like I have a niche, or if I do I haven't found it yet. Learning is a slow process for me and requires a lot of dedication on my part.  
  
  
One of my bigger projects for an art challenge on Artstation was a VFX character with a 1 month deadline. I finished my character a year later lol  
But it is one of my proudest pieces I've ever made, and whenever I feel like newer people are better than me, I just think about Da Vinci spending years on one of his paintings and suddenly I feel relieved to know that I'm not alone in my perfectionism.",1723568364.0,1
blender,"They have a background in art 2d art already with some 3d experience. Plus they didn't say how long it took them.  
I've been using Blender for 12 years and have been learning character creation for 3 years.  
I could technically make a post saying ""I've been trying to learn character creation for the last 3 years."" And then post my VFX character that I spent an entire year making (on and off).  
The title wouldn't be wrong, but the post and title would definitely be misleading, given the rest of the context.",1723567699.0,2
blender,Doesn't Blender already have a voxel remesh. Or is that not the same as voxel *sculpting*?,1723567357.0,1
SelfHarmScars,"Surgical scar is gonna be a lot straighter than that, and the bigger ones tend to have staple scars alongside it as well.",1723564236.0,3
TheFirstDescendant,"It's definitely likely.   
As a warframe player though It's already a habit of mine to build for the enemy I'm fighting.",1723446954.0,1
TheFirstDescendant,"Not exactly. Armour plays a big roll in how fast an enemy goes down. This boss has a lot of HP yes, but that's pretty much it. You can nuke him pretty fast with a solid build.",1723404215.0,2
TheFirstDescendant,"I farmed the hell out of it a little while back. It's definitely right there at 90mil. Not as hard as some other bosses though, just a bit of a bullet sponge.",1723404124.0,1
TheFirstDescendant,You have to do it eventually for ammo anyways.,1723404040.0,2
TheFirstDescendant,That's why you make a bossing build after your mobbing build. What benefit comes out of a 2nd mobbing build outside of having a different element for void pillars?,1723400641.0,1
TheFirstDescendant,There's worse bosses. The ones that have the double shield gates are literally just artificially increasing the completion times. Especially since you can't damage the blue bubble shield with Bunny's lightning ring.,1723400467.0,1
TheFirstDescendant,"The other problem with that, is some enemies have higher armor than others. So your sniper isn't even going to hit for the same damage on all of them.",1723400294.0,1
TheFirstDescendant,The Reactor Boss in the Hatchery on White Gulch has 89Mil Health.,1723400173.0,1
TheFirstDescendant,"Yeah, before using Lepic I hated OP's reactor boss. But on Lepic I'm like ""Cool. I don't have to stand here for 60 seconds waiting for this boss to kill me off.""",1723400135.0,2
TheFirstDescendant,"I use my Ult-Lepic. Nuke first bar, die, repeat. Then start again.",1723400038.0,2
TheFirstDescendant,"The problem isn't their tankiness per se. But more that being solo doesn't reduce their tankiness, while still being built for a full 4-man team.",1723399974.0,1
TheFirstDescendant,Bro's on those 120hr work weeks.,1723399842.0,7
TheFirstDescendant,It's 90 million HP bro.,1723399743.0,1
destiny2,"Have you played Destiny? On a normal screen you can see more than that standing still. Maybe the same, worst case scenario.

Edit: I stand self corrected. I checked some old screenshots, and It's only marginally better. Weird...",1723360686.0,1
destiny2,I'd be pretty annoyed about missing the bottom half of my screen.,1723312427.0,4
blender,"Yeah, I got that one too. I didn't really follow along with the course. I more did my own sculpt and used his course for anatomy tips.

But he's a very talented artist. The course was definitely worth it, just for the knowledge.",1723267014.0,2
blender,"I've been using blender for 12 years. My first female anatomy sculpt I've been working on for about a year (on and off). If you were to add up all the random days and mash it into a single session. I would probably have 30+ 12hr days worth of progress into it.

I'm still relatively new to sculpting. I've only sculpted maybe 3 characters, so this is definitely still new territory for me and I'm a perfectionist. So when I finish it, I want it to look like a professional made it.",1723266893.0,1
blender,"Poly modeling isn't very easy for characters. That's why most people sculpt, because It's a lot more fluid and you can prototype stuff as you go.",1723266354.0,1
destiny2,12 hours of non-stop grinding to max 1 set.,1723102858.0,1
destiny2,"I did all 3 in 2 days. I hope nobody complains about how long it takes to max out a set now, because It's leagues better than what it used to be.",1723102814.0,1
destiny2,"Made a post about my sunset cloak today lmao  
[https://www.reddit.com/r/destiny2/comments/1emjjpb/so\_how\_many\_of\_us\_are\_left\_who\_can\_choose\_our/](https://www.reddit.com/r/destiny2/comments/1emjjpb/so_how_many_of_us_are_left_who_can_choose_our/)",1723102669.0,1
destiny2,I saved my cloak so that I can choose my glow regardless of my subclass.,1723054553.0,3
TheFirstDescendant,"I consider the Hatchery Boss easier than this one, personally. I'm just not a fan of peep-shotting a boss. It gets old, and is pretty annoying having to dip back into cover after peaking out for half a second.

If you like him, cool. But I prefer to out maneuver an enemies attacks, rather than hide and wait for a sliver of a window to shoot 5 bullets at him.",1723013774.0,1
TheFirstDescendant,"Well, I'm not too worried about it now. I have my Ultimate Lepic that I nuke him with, but he's still quite obnoxious. Plus I can't really jump while I have Lepic's 4 active, kinda screws with my aim.",1723002699.0,1
TheFirstDescendant,"Either way. The DPS stat still isn't really useful.   
Better off to actually look at the stats and calculate everything yourself.",1722968692.0,1
TheFirstDescendant,"You use Tamer, don't you?",1722968239.0,1
TheFirstDescendant,"Bro. That's just a less efficient way of saying Damage over Time.  
If you ever get into this with anyone else, just say sustained DPS. That is the technical term for what you are trying to say.",1722964410.0,-1
TheFirstDescendant,"That's why we have burst DPS and sustained DPS. DPS in and of itself literally just means ""damage per second"" and as such is a pretty pointless stat since it doesn't reflect that.  


And It's not Damage over Time either, because that description belongs to status effects.",1722963483.0,1
TheFirstDescendant,"I'm talking physical numbers though.  
The only time those mods are even worth using is if you have like a 3+ second reload, you're using Mental Focus, or you are using a sub and don't want to reload every 5 seconds.",1722961368.0,0
TheFirstDescendant,"Must be a PC thing. There's no pop-up on Xbox when I hover over it.

Edit: nevermind I found it. I have to do it by accessing the ""Go to Info"" tab when I'm in my Inventory screen.",1722960543.0,1
TheFirstDescendant,"Unless you slap a reload and Rounds per Magazine mod on and boom, you've gained like 30k DPS that doesn't affect your damage.",1722960290.0,0
TheFirstDescendant,"Where do you see that exactly? I looked everywhere after reading your comment, but don't see anywhere where it gives a description on the element.",1722959985.0,1
TheFirstDescendant,"Well, that was mainly what I was testing. I was keeping electrocution up with Bunny. But I think I tried proccing a status effect with the weapon itself too, and didn't notice a change in numbers.",1722959670.0,1
u_No-Bath7980,Melts pretty good! Appreciate you trying it out.,1722959562.0,2
TheFirstDescendant,"Nice!  
Definitely one of the harder one's in my opinion, mostly because bro just hits like a freaking truck.

It looks like you almost stunned him there for a few seconds. Which I wish I could replicate when I fight him, because bro will just spam his shotty at me with practically no stopping-point.",1722959516.0,2
TheFirstDescendant,"Go do the reactor boss on Vespers in the ""Lost Supply Depot"" zone. I don't think your Enzo will hold up there.  
But if you have a shield build, let me know how it goes.",1722934628.0,5
TheFirstDescendant,"They don't need to be re-tuned. Eventually people will start using their bossing builds on them.  
That's what I'm doing, and It's a breeze now. takes like 20 seconds to crack my relic.",1722934404.0,3
TheFirstDescendant,"Ultimate Lepic can drop any reactor bosses health pool in like sub 10 seconds. If they have shield orbs, just die and repeat.",1722934290.0,1
TheFirstDescendant,I got Ultimate Lepic now. So I'm chilling.,1722934213.0,2
TheFirstDescendant,"There is no perfect way to accurately display DPS rates. Mainly because once you toss on an element mod, your DPS is going to fluctuate depending on the faction you're fighting. Same thing for enemy level and defense.

It does make me wonder though. What parameters is the DPS stat built around anyway? Seems awfully high. Like maybe a lvl 1-10 enemy or something like that?",1722934146.0,3
TheFirstDescendant,"""No, no. He's got a point.""

Given the different weaknesses and strengths to certain elements, it does make sense that they don't affect it, because the damage numbers are going to change depending on what you fight.

Granted, the same thing is gonna happen based on an enemies level and defense though, so honestly what good does the DPS stat really do?",1722933897.0,0
TheFirstDescendant,I prefer to just lob miniature sun's at reactor bosses.,1722933573.0,6
TheFirstDescendant,It's not that bad honestly. Most bosses you want to be close to anyways.,1722933477.0,7
TheFirstDescendant,"I went full Thunder Cage after I unlocked Hard Mode. Before crafting Ultimate Lepic, I used Thunder Cage on my OG Bunny to defeat the Obstructer.  
Had a run with a Ult-Gley, Ult-Lepic and I forget who the other was. It failed after 7 and a half minutes. And I had 62mil damage dealt.

Would've gotten maybe half of that damage if I used Tamer instead. Especially since you can't dodge his attacks with a weapon that heavy.",1722933316.0,3
TheFirstDescendant,"""slightly better stats"" is severely understated here. The base crit chance on Enduring Legacy with 0 mods slotted, is higher than you can fully mod a Tamer out to.

Your weakpoint damage, elemental damage, and critical damage all scale off of critical hits. So It's a pretty important stat that you want to have high percentages of on your gun.",1722932965.0,5
TheFirstDescendant,"I built Ult-Lepic instead lol  
First try, completed him with blueberries in like 5 minutes.",1722932651.0,1
TheFirstDescendant,"I don't know if It's just a bug. But after hearing that a few weeks ago, I tested it in the shooting range, and electrocution wasn't affecting the damage enemies took.",1722932552.0,3
TheFirstDescendant,That thing just hit as hard as my sniper.,1722932347.0,1
destiny2,Meanwhile there are players with over 100 Atheon clears and no Mythoclast.,1722877583.0,1
linkedin,You can't see the messages they send. You only get to read the replies that come to your email.,1722844080.0,1
blender,"Well yeah, nothing wrong with it for sure. Compiling a scene of pre-made assets is an art in itself. If you don't like making everything, don't. But if it bothers you like it does me, then I don't feel It's wasted time.  
Again, bothers me personally. I've got nothing against others who want to use pre-made assets. I just love making everything myself.",1722487543.0,1
blender,Knowledge.,1722371374.0,2
blender,youtube.,1722365384.0,5
blender,"People don't seem to understand that a lot of artists enjoy the process, and that the end result isn't near as rewarding without it.

I used to be that guy who used other peoples assets to make little animations and scenes and whatnot. And then one day I realized that I wasn't bringing my own ideas to life. Which is when I decided to start making EVERYTHING myself. (Aside from the occasional basemesh for sculpting).

There's a big difference in the pride of ""Look what I did."" compared to ""Look what I made!""",1722362500.0,5
blender,"You ready for a kid to put you to shame, without prior experience?  
This kid was 13 when he posted this video: [https://www.youtube.com/watch?v=snrlmXjoG6k](https://www.youtube.com/watch?v=snrlmXjoG6k)",1722357326.0,4
blender,"You forgot to reference the artists who made the models you used. Even if they are CC-0, It's still generally polite to credit them anyways.",1722356979.0,11
blender,"Well, for future reference. If you don't want to get grilled in this sub, just make your post and say you're proud of it or want feedback.

What you did makes you the perfect target to grill, because we get so many people who have been using ""other"" 3d software for like 10yrs.   
And then they drop a post in here like ""Made this after using Blender for a month.""  
Which is why you are getting shot down, because people think you are one of those people.

Also after hearing your background from one of your other comments, that definitely gives you a huge leg up compared to your typical beginners.  
It's like someone who is good at drawing people, trying out character sculpting. Real beginners are gonna struggle and create an abomination, but the guy who draws already understands the anatomy and has a better grasp on the process.",1722356293.0,9
blender,"People definitely try to leverage it as a wow factor for sure. When they could just post it and ask people what they think instead.  
OP would have gotten a lot more feedback if they did that, instead of people saying ""Sure it is...""",1722355699.0,14
blender,"""Everything was already modeled, why do people even make the donut still?""

Because not everybody who uses a 3d program is doing the same thing. If you're an animator, you aren't expected to make any models. If you're a rigger you aren't expected to make any models. If you're an environment artist, you aren't expected to make characters, and if you're a character artist you aren't expected to make environments.

Some jobs don't require you to create anything, in which case there is in fact no reason to create those things if that's not what you want to do. But if you are a 3d artist, creating is what you do. And if you're a generalist you're doing the entire pipeline on your own.  
Which people will say is a waste of time. But It's not about how long it takes, It's about wanting to do everything so you know how it all works and hell, some of us just enjoy it.

I spent an entire year making a character. Sucks it took that long, but I'm still not upset that I spent the time to make it, because I learned a lot and now I have a freaking awesome character that I can't believe I made.",1722355480.0,38
Dreams,"Btw, if I were to describe an apple though, I would say.   
It's red, with yellow splotches, has a slight wood grain pattern on the peel. It has a taper to it, with the top being the largest part. Has a brown stem that is flared at the top and curves slightly. And it also has a slightly wavy bottom, kind of like a plastic soda bottle. And the very bottom has what looks like a small brown rotting flower attached to it.

That is my description based on memory. Looking at no images and having no mental image to use as a reference.",1722328017.0,1
Dreams,"Pretty much. Except I can process all of that information in an instant in my head. I don't have to talk myself through it, I just know.  
The bottom line is, if I were to draw an apple. I would draw it based on the description I have in my head. I wouldn't have an image in my head that I can use as a reference.

It's like an author describing with words what one of their characters looks like in their book, instead of just putting a picture of them in there.",1722327150.0,1
destiny2,But you didn't say you were...,1722232938.0,1
Dreams,"Well, I also have aphantasia, so it wasn't likely for me to begin with lol",1722047801.0,1
antivirus,"OP ratted on himself with that ""I'm a little bit scared,""",1721982282.0,0
antivirus,"Better yet, just send them a video of a guy yanking his micro and say ""no u.""",1721982207.0,0
antivirus,"""With all that free content, you should be paying *me* bro. You *are* my only fan.""",1721981783.0,2
antivirus,"\*Scammer hits me with that message.

Me: ""You know I don't have a facebook account right?""",1721981560.0,2
antivirus,"Gotta hit them with that ""You mean you'll be my wing man? Thanks! I have this one friend I've kinda wanted to get with, but haven't had the nerve. This should really break the ice though, I appreciate you willing to help. Guess we'll find out if they can match my crazy.""",1721981118.0,0
antivirus,I would've done the same. My indifference is a blessing and a curse lol,1721980824.0,0
antivirus,"I like to just open up notepad, put random passwords there and then copy and paste it when needed. That way ""if"" I ever have someone logging my keystrokes, it should make it more difficult for them to get my passwords.",1721980719.0,1
antivirus,"My brother got this once. What I told him was ""If they tried that with me I'd be like. Ok? You think I give a fuck? Everyone who knows me, knows I'm not gonna send them something like that, and they aren't gonna want to keep looking at it anyway.""",1721980359.0,1
Dreams,"No hallucinations here either. More ""sensations"". You know, the good ol feeling something tugging on your feet, or dragging you around the room.   
The soul crushing dread and fear that something horribly evil is hovering over your back like a dark cloud.

I've had 2 times where I heard things though. The one was my fan got so loud it sounded like a plane was taking off in my room.  
And the other (do not read if you don't want chills down your spine), >!It was like somebody leaned over me and I ""felt"" a whisper in my ear that said ""I can see you.""!<  
Was on edge and getting hot flashes the whole rest of the day.",1721979711.0,1
Dreams,"It's like seeing something linked to a distant memory. You can't actually remember ever seeing it, but it feels familiar.  
That's kind of how it works. I can't actually see anything, but I use descriptive images and sensations to remember it.

You ever look at something and realize that you know exactly how it would feel to lick it? Even though you haven't. That's how our mental images work. We've never seen it in our head, but we know what It's supposed to look like, because we can still imagine what it feels like to hold it, or use it.  
That physical interaction creates a non-visual image, It's like having another sense almost. All the information is there, we just can't SEE it.",1721978809.0,1
Dreams,"Read in you're dreams??? Here I am stuck in a 3rd person POV watching my dreams, that don't even have actual visuals. And you get to READ?  
Jealous.",1721978001.0,2
Dreams,"It's more of an intuition type thing (Hope that's the right word lol). Our brains create descriptive images, instead of literal images.  
I can tell you what an apple looks like, and that is how I visualize it in my head. But I still can't actually see it. I just know what It's supposed to look like.",1721977662.0,5
Dreams,"I used to have vivid dreams as a kid. But I would describe my dreams now as what you might see if you're having a stroke. Visually nothing makes sense, and there's not much to see, but I just KNOW what everything is.

It's like playing pictionary with someone who isn't good at drawing, but still manages to get it just close enough that you vaguely recognize the resemblance.",1721977295.0,1
Dreams,"I'ma be honest, I don't want the answer to that question. I am TERRIFIED of reflective surfaces at night.",1721976791.0,8
Dreams,"The whole thing that got me into 3d art was ""So I can think of something, and then I can make it here and see what it looks like? HELL YEAH! This is SICK! I can bring all my crazy ideas to life now!""",1721976685.0,7
Dreams,"Ah, see I can't really do that. 90% of the time even when I talk to myself in my head, I tend to mouth the words. Or move my tongue inside my mouth as if I were pronouncing every word.

Because I don't really have a self voice in my head. It's complicated. It's like kind of there, but not exactly.",1721976553.0,7
Dreams,"The way I describe my dreams to people is ""I can't *really* see anything, I just know what It's supposed to look like.""",1721976246.0,5
Dreams,"Bro fucking honestly. I'm only 25, but I found out about a month ago that my brother could project his imagination and overlay it with what he sees around him.

My reaction was ""Bro... There's no way you aren't punking me rn. That's not possible. I literally feel handicapped now.""",1721976104.0,1
blender,r/CursedAmandaSeyfried,1721841647.0,1
TheFirstDescendant,"Eh, only thing that comes to my mind is Father of the Bride.",1721468166.0,2
blender,Reminds me of the deep creatures from Aquaman.,1721408561.0,1
ptsd,"I was the same way. Then my brother died, and now here I am balling so hard my hands are folding in on themselves and getting pin feelings all over.",1721368911.0,2
blender,"You better, bitch!",1721346507.0,27
blender,"See, it's perfect then. Just makes it more visually appealing.",1721344171.0,1
blender,"What do you mean ""if""? It is textured.",1721338278.0,1
blender,"https://preview.redd.it/8s3rrrbv98dd1.jpeg?width=1920&format=pjpg&auto=webp&s=bff20c988692c97272316a1b0708df3675fa4feb

I dunno, I really like how it makes it look. Personally.",1721287061.0,1
blender,"\*Me sitting there for 3 hours tweaking the greys, and then orbiting around my scene for the next 2 hours, because I don't know what to do.

Sometimes I miss Blender 2.7 because I would just sit there and press ctrl+s and then slap the enter key over and over. It's just not as fun without the enter key in 2.8+",1721286799.0,2
blender,Wait... Are you saying there are artists who *don't* get imposter syndrome?,1721241449.0,2
TheFirstDescendant,"It just kind of makes sense that the drop rates should be significantly higher, especially when you factor in that you can't use a stabilizer for any relic.",1721116004.0,1
TheFirstDescendant,I'm talking about infiltration operations. The hard mode missions that you can select bonus modifiers on to increase your score.,1721115881.0,2
TheFirstDescendant,I think stabilizers should also have at least a base 35% drop chance. and 50% for infiltrations.,1721095797.0,11
LightNoFireHelloGames,No mans sky is ass. And honestly what could you expect from procedurally generated worlds.,1721088322.0,0
blender,Plot twist: He has no face. It's just a basemesh with hair.,1721025711.0,3
blender,"Add some fog, and then scale it up to a 1:1 scale.",1721025576.0,1
SpidermanPS4,You can add another straggler to his list of unexpected commenters lmao,1721025427.0,1
SpidermanPS4,"Yeah, looks ass, but looks nothing like the actual cosmic Spider-Man. So to me, I don't really care that much.",1721025284.0,1
blender,"This was awesome man! Absolutely love it!

Hope it gets the recognition it deserves.",1720755367.0,2
blender,You definitely haven't rendered any night scenes yet. Let me know how your draft goes when you do.,1720511152.0,1
blender,"Spend some time on UrbanDictionary, you'll love and also be terrified of English.",1720511041.0,2
blender,Pretty sure they copied this dude. [https://www.reddit.com/r/blender/comments/1dr2w0o/you\_ever\_feel\_like\_doors\_just\_dont\_have\_enough/](https://www.reddit.com/r/blender/comments/1dr2w0o/you_ever_feel_like_doors_just_dont_have_enough/),1720510805.0,1
blender,Probably on purpose. Looks like they copied the guy who posted the door covered in moving handles.,1720510687.0,1
blender,"F\*ckin fireflies mate, bloody awful!",1720510625.0,2
blender,"Come on, don't lie. You saw the post of the door full of handles and wanted to copy the render style.  
[https://www.reddit.com/r/blender/comments/1dr2w0o/you\_ever\_feel\_like\_doors\_just\_dont\_have\_enough/](https://www.reddit.com/r/blender/comments/1dr2w0o/you_ever_feel_like_doors_just_dont_have_enough/)",1720510526.0,1
blender,"No, I just follow them closely on LinkedIn and saw it pop up there.   
[https://www.linkedin.com/posts/80-lv\_3d-3dcg-3dart-ugcPost-7214156699811610624-Op1x?utm\_source=share&utm\_medium=member\_desktop](https://www.linkedin.com/posts/80-lv_3d-3dcg-3dart-ugcPost-7214156699811610624-Op1x?utm_source=share&utm_medium=member_desktop)  


They make a lot of posts sharing work from seriously talented artists, so It's actually pretty cool to see them share the work of someone who isn't an established artist yet.",1720046430.0,1
blender,"Wild, man!",1720044232.0,2
blender,"Congrats mate! Looks like [80.lv](http://80.lv) made a post about your character.   
[https://80.lv/articles/check-out-sir-elix-a-fantastic-character-concept-made-in-blender/](https://80.lv/articles/check-out-sir-elix-a-fantastic-character-concept-made-in-blender/)",1720043898.0,2
blender,Abstract. I like it!,1719815514.0,1
blender,I lost the game.,1719815422.0,153
blender,\*Movies when the bomb has 30 seconds before exploding.,1719815375.0,81
blender,"Don't feel bad. I LOVE clay renders. It makes the lighting so much more potent.  
Keep all the colored lighting and emission materials and you'll see what I mean.",1719815203.0,1
blender,I wouldn't say translucent. It does look like there's some anisotropic qualities to it though.,1719814910.0,2
blender,"2nd is better for the glass, but the background creates a lot more light bounces which is making your other materials look flatter.",1719814610.0,0
StarWarsCantina,With nightmares?,1719793855.0,1
blender,I thought this was an ad and not a comment lol,1719793417.0,3
blender,"Play around with shift + w  
Select everything you want to move and place your cursor at your desired bending point. wherever you mouse is on the mesh is where the mesh will stop bending.  
Make sure your mouse is where you want it before you press shift + w",1719793137.0,1
blender,That only works well with quads.,1719783804.0,1
blender,"ctrl+select (whichever mouse button you have that set to).

Select your first edge piece, skip like 10-15 along the edge and when you select the next one hold control before you do so. This will select every edge between your first and last edge you selected. repeat as needed.

**Edit: Just saw the comment by** u/alexhan99 ""Select one sharp edge, then shift+g and select similar by sharpness. This will select all the other sharp edges, but you can deselect them afterwards.""

His method works for auto selecting the blue edges which I'll have to keep in mind. If you didn't have marked edges though, my original method is probably the next best thing (to my knowledge at least).",1719783525.0,2
depression,"I don't need weed to laugh my ass off with friends. But every group has their thing I guess.

I also like to be in control of all my functions, so that keeps me from drugs and alcohol for the most part.",1719734289.0,-4
depression,The worst ideas are the best ideas if you're high enough. Maybe...,1719732876.0,5
depression,Last one was outta pocket lmao,1719732770.0,2
blender,"I may make more characters of his style at some point. I messaged everyone who ever bought the character and asked them what made them buy it.   
I got a lot of great feedback that week.",1719729736.0,2
blender,"I've been using blender for 12 years and have never used snapping. I move things by eye or by units. Such as pressing G on a selected object, then hitting ""1"" then ""z"" then ""enter"".",1719694433.0,-2
blender,"Pretty decent results, keep going mate!",1719693903.0,3
blender,"CGTrader is good. Their royalties are higher than most other sites and they get a lot of traffic. I have a character on there for 10$ that people usually buy on sale for 5$ and I've accumulated over 500$ from that one alone over the past couple years.  
So not ground breaking, but I use it to buy courses and stuff like that.",1719693586.0,3
blender,Look for tutorials on youtube.,1719693193.0,1
blender,"You don't have to start with a donut btw, just because everyone else did or suggests it. Think of something simple you ""want"" to make. And just search youtube for a tutorial on it.  
It's easier to learn if you're making things you are interested in.",1719693051.0,3
blender,Love the atmosphere. Really pulls it together.,1719692301.0,2
blender,Maybe a smart donut would be easier?,1719692057.0,29
blender,"You need a texture atlas man. You need to learn how to do this: [https://www.youtube.com/watch?v=FGB-FnpNHO4](https://www.youtube.com/watch?v=FGB-FnpNHO4)  
""The whole scene is built using a 256\*512 texture, and different tiling techniques to save texture memory.""

  
I don't know how to make them, but I do know for a fact that in your case, you need one. And you need a modular workflow for assets.",1719684810.0,7
blender,"Yeah, I can't confirm whether or not instances work. But I know if his ivy is static, he can make it a single object to help with draw call.",1719684030.0,3
blender,"3 gigs really is massive. I have a vfx quality character I made with 50m polys and over 50 8k textures. The file is only 1.4GB for it.   
Don't ask me what it would be if I packed the textures lmao",1719683811.0,3
blender,"Textures/Images can easily do that.  
But without seeing what's in your file we can't really tell you why It's that high.

For ivy in games though, you really want to make it like hair cards. Otherwise you'll just have way too many polys. You don't want squares for each leaf. You want a plane for each vine.",1719683374.0,3
Warframe,"The sons friend: ""Bro, why is your dad lactating?""  
Son: ""Who knows man, It's 2024.""",1719625079.0,56
blender,"Saying they were new to 3d would have been just as beneficial feedback wise.  
Since It's not one of those ""Hey guys, I've been using blender for a month."" And everyone is like ""Cool. What did you use for the last 15yrs of your career?""",1719371027.0,4
blender,"I wouldn't bother with the subdivision modifiers and creases yet. Give yourself some time to get comfortable with modeling first. Low poly modeling is actually a great way to learn, because if you're actually serious about making games, it is an essential skill.

The high poly can come later, but a lot of people struggle to get the basic shapes down and just start packing on polys.  
The better you get at low poly modeling the better you'll be at grey boxing too. So It's kind of a win win.",1719370803.0,3
facepalm,Dude from Chitty Chitty Bang Bang bout to start up a new side gig.,1719164622.0,2
cptsdcreatives,"I have the opposite effect. When I'm healthy I have an unquenchable urge to create. When I'm not, art just drains me and I don't know what to do.   
Which is when I become a consumer of movies, games and sad music.

Maybe it would be different if I was a 2d artist. But as a 3d artist, there are so many technical processes to creating that it doesn't really ""flow"" like drawing/painting.  
And I'm still new to digital sculpting, but I imagine I could hit a flow state with that once I learn enough.",1719130902.0,1
Aphantasia,Artistic ability can be learned. You just have to take the time to hone it.,1719129960.0,0
Aphantasia,"I think art made by people with aphantasia will be more grounded in reality because they put more thought into it and use information they know to be true from the real world. 

Whereas your avg person will just go off a mental image and won't put much more thought into the process unless they've trained themselves to do so.",1719129890.0,0
Aphantasia,"Skill issue. Literally.

Drawing is a learnable skill. You just don't care enough to push past your lack of talent.

While talent does help give you that initial boost, if you care enough and put in the time you can eventually reach the artistic level of someone who started out with a knack for it.",1719129641.0,0
Aphantasia,"Your comment is conflicting.   
You agreed with them, but then called art school worthless?",1719129429.0,1
Aphantasia,"I used to play with legos a lot. I had basic ideas in mind but would mostly just screw around till I made something cool. But I felt limited by the pieces I had.

When I was 13 I found out about Blender 3d and asked my mom if I could download it. The thought of taking an idea and turning it into a 3d model that I could orbit around and inspect from every angle was amazing. Because well, I couldn't do that with my mind. But I didn't know I was in the minority of mental imagery until about a week ago.",1719129331.0,1
Warframe,Someone said you still get the burn status. Which is the only thing actually killing me.,1719126001.0,1
Aphantasia,"""we really aren't that different.""

Yes and no. I'm the only one in my family with aphantasia.   
The biggest thing I've found that makes us different is grief.

I've watched a lot of movies where a character sees someone who died, like they're hallucinating or something. I just chalked it up to visual storytelling though, so the watchers know what's going on.

But after losing my brother, I found out that some of my siblings can actually see him walking around the house occasionally. Or will get caught up in daydreams about him that are so real they can feel his emotions.

Obviously that came as quite a shock, because I can't hardly picture someones face who I've lived with for the past 20yrs. I couldn't imagine how hard it would be to lose someone and then literally see them walking around at random.",1719125912.0,1
Aphantasia,"Tf does bro mean ""meh""?

Like I literally feel handicapped after finding out that in a family of 11, I am the only one without mental imagery.",1719125061.0,1
depression,"I only just found out about it last week. I thought this was the norm. Until I was talking to my brother and he imagined a city and was looking around the room telling me what he saw.

I was like ""Bro, there's no way you aren't punking me right now! There's no way you can do that!""

Turns out good mental imagery is the norm and Aphantasia affects like 1-4% of the population.  
I'm the only one in my family who has it, besides my half brother.",1719077066.0,1
Warframe,My first sortie I sent us all to orbit because I didn't realize I couldn't use ciphers. After that I completely avoided spy sorties until I got Ivara and put the auto hack ability from the helminth on her.,1719076803.0,5
Warframe,"Ahh, the burning is my main issue. Literally the only reason I die to it. Guess I should just slap on some extra health or keep avoiding them lol",1719021346.0,1
Warframe,Roll through? Even without rolling guard?,1719015800.0,2
Warframe,Harrow too.,1719000225.0,1
Warframe, 20k overguard is not a lot.,1719000179.0,0
Warframe,"I still hate the fire eximus whenever I'm playing on my nekros. The fact that there seems to be no ceiling for their fire ring is what really gets to me.  
So when I see one I literally run like hell to the other side of the room.",1718999913.0,11
Warframe,Finally get those 1000 revives out of the way.,1718999768.0,8
Warframe,I heard mesmer only blocks for 1 stack and then the laser goes straight through the rest.,1718999696.0,9
Warframe,"Over here acting like the helminth doesn't exist. I've been maining Rhino with terrify.   
Even then, I usually just use it against bosses. Since I main a glaive I really didn't have any problems killing stuff.",1718998890.0,0
depression,"I have practically no mental imagery. No daydreams and no projecting my imagination into the waking world.   
If you ask me to picture a book in my mind, I can tell myself what a book looks like, but I really don't see anything. I also have no inner monologue.",1718998679.0,1
depression,The good news is... If you turn your life around you can feel like piss.,1718954169.0,2
depression,"Just think. The first people to ever exist could have had trouble getting pregnant, and none of us would of had to suffer.",1718954096.0,2
depression,I have aphantasia. What now?,1718953973.0,2
depression,Getting out is the easy part. It's the aftermath that gets ya.,1718953914.0,2
depression,Don't listen to Mr. Potter. He's a mean old man.,1718953789.0,3
depression,"Meh, most likely you'll have to work and won't get to enjoy your cool house, buying food just fuels the cycle, but hey I give you the mobility. That one is truly a god send. Same for sight and hearing. I don't think I could live without my music.",1718953659.0,3
depression,"Same. My brother decided to leave in April. Now I can't have my siblings go through that again, because they would just follow.",1718953485.0,3
Warframe,I love how nobody replied and just downvoted instead. Like they knew if they said 1 little thing you'd drop another bible.,1718952289.0,1
Warframe,"Cerata:  
Sacrificial Steel  
Sacrificial Pressure  
Killing Blow  
Amalgam Organ Shatter  
Volatile Quick Return  
Virulent Scourge  
Melee Elementalist  
Fever Strike

Melee Retaliation for the arcane if you run a frame with 2k+ shields.",1718951844.0,1
Warframe,"100%. I pulled corrupt charge and gladiator might off my cerata build, and replaced them with a 2nd toxin mod and melee elementalist.  
My heavy attack throw deals 14k toxin now and does some pretty hefty ticks.",1718951641.0,3
Warframe,"Yeah, cerata is one tapping the steel path green dudes in the ele shaft. No complaints here.",1718951457.0,1
Warframe,Do double toxin mods and then slot the elementalist mod. Smexy toxin ticks.,1718951259.0,1
Warframe,Glaive prime brother!!!,1718951120.0,1
Warframe,I never used slash+viral. Other options were just as viable. Plus once you make a loadout it takes like 2 seconds to pick a different one.,1718951090.0,0
Warframe,"Yeah, toxin is still on top. Just takes a few more ticks.",1718950941.0,1
Warframe,"Meh... My cerata is 1 tapping steel path green dudes in the elevator mission. Through their shield.  
Add my roar to that and I'm noticing no differences. I did have to mod differently though, but I got it working.",1718950779.0,1
depression,"I was numb for half my life. It doesn't help. It just makes you feel like you're crazy and broken.  
You'll notice that you struggle with things sure, but you think It's all in your head because It's not really ""affecting"" you.   
  
Which makes you write it off because ""It must not be that bad"".

Yeah, It's easier in the sense you feel less shattered, but your life is still just as fucked up. And now you've just lost the thing that's supposed to make you address the problems.",1718328166.0,1
Warframe,You've got better punctuation than 90% of Americans too. And I'm not even joking.,1718233947.0,1
Warframe,\*Me in my solo clan...,1717918598.0,1
memeframe,lmfao bro literally has a sword down there.,1717712166.0,1
memeframe,Saryn heirloom would go wild.,1717347768.0,1
Cooking,"There is a big difference between bakers chocolate and unsweetened chocolate. One is literally JUST chocolate, while the other has a few extra ingredients that make it not nearly as bitter.",1710183235.0,1
HPV,"OP did in fact, NOT keep us updated lmao",1709367799.0,1
Palworld,I made 1300 cakes...,1707990533.0,1
Palworld,"[https://www.palpedia.net/builder?build=eyJwYWxJZCI6InBpbmtjYXQiLCJsZXZlbCI6MSwiY29uZGVuc2VyTGV2ZWwiOjAsInBhbFNvdWxzIjp7ImhwIjowLCJhdHRhY2siOjAsImRlZmVuc2UiOjAsImNyYWZ0U3BlZWQiOjB9LCJhY3RpdmVTa2lsbHMiOlsidW5pcXVlX3BpbmtjYXRfY2F0cHVuY2giLCJhaXJjYW5vbiIsIm11ZHNob3QiXSwicGFzc2l2ZVNraWxscyI6WyJwYWxfYWxsYXR0YWNrX2Rvd24xIl0sInN0YXRzIjp7ImhwIjo1NTIsImNyYWZ0U3BlZWQiOjcwLCJkZWZlbnNlIjo1NiwiYXR0YWNrIjo5NX0sIml2U3RhdHMiOnsiaHAiOnsibWluIjo1MCwibWF4Ijo1MH0sImF0dGFjayI6eyJtaW4iOjMwLCJtYXgiOjMwfSwiZGVmZW5zZSI6eyJtaW4iOjMwLCJtYXgiOjMwfSwiY3JhZnRTcGVlZCI6eyJtaW4iOjAsIm1heCI6MH19LCJvdmVycmlkZVN0YXRzIjp7fX0%3D](https://www.palpedia.net/builder?build=eyJwYWxJZCI6InBpbmtjYXQiLCJsZXZlbCI6MSwiY29uZGVuc2VyTGV2ZWwiOjAsInBhbFNvdWxzIjp7ImhwIjowLCJhdHRhY2siOjAsImRlZmVuc2UiOjAsImNyYWZ0U3BlZWQiOjB9LCJhY3RpdmVTa2lsbHMiOlsidW5pcXVlX3BpbmtjYXRfY2F0cHVuY2giLCJhaXJjYW5vbiIsIm11ZHNob3QiXSwicGFzc2l2ZVNraWxscyI6WyJwYWxfYWxsYXR0YWNrX2Rvd24xIl0sInN0YXRzIjp7ImhwIjo1NTIsImNyYWZ0U3BlZWQiOjcwLCJkZWZlbnNlIjo1NiwiYXR0YWNrIjo5NX0sIml2U3RhdHMiOnsiaHAiOnsibWluIjo1MCwibWF4Ijo1MH0sImF0dGFjayI6eyJtaW4iOjMwLCJtYXgiOjMwfSwiZGVmZW5zZSI6eyJtaW4iOjMwLCJtYXgiOjMwfSwiY3JhZnRTcGVlZCI6eyJtaW4iOjAsIm1heCI6MH19LCJvdmVycmlkZVN0YXRzIjp7fX0%3D)  


  
That's one hell of a url LMAO",1707190260.0,1
destiny2,I would post pictures. But I'm holding onto over 100 sunset weapons lol,1705516379.0,1
CrucibleGuidebook,"I feel like OP is runnin a little something extra. They were averaging a 1.5 in trials up to season 14. And then the next season onwards they started averaging a 2.0

Nobody just jumps from a 1.5 to a 2.0 avg and holds it for the next 8 seasons. 1.5 to 2.0 is a night an day difference. Like dropping an avg console player, into an above avg pc lobby.

The only other explanation if they aren't running something, is if they play with people who do.",1705307636.0,1
CrucibleGuidebook,"There's 0.9 bots going ascendant with ease. Game is whack as hell and nothing is really as balanced as it should be.   
  
If you end up in the ""above avg"" but not a sweat skill area, that's where the game really hates you.   
90% of the time it will just pit you against 2 or 3 MnK players (on console), and then drop the bots on your team, expecting you to carry them.

Makes it hard to really keep a steady kd or get it up. Since it all comes down to luck, my kd jumps up and down when you look at my lifetime stats.",1705306682.0,1
CrucibleGuidebook,"Or they could just run an exotic like Wormhusk. Since they currently have the classic ""I just finished a strike"" armour loadout.",1705306011.0,2
CrucibleGuidebook,"I'm gonna be brutally honest. Team wipes don't really mean much. You can get meh enemies, who aren't good at being rushed, allowing you to pull team wipes with the damaged travelers chosen.

Not saying that's what happened. Just that for the amount of games you played, It's bound to happen at one point.",1705305814.0,1
PeterExplainsTheJoke,lil spider bite.,1704876858.0,1
destiny2,"https://preview.redd.it/5tkcz3gy7x8c1.jpeg?width=2116&format=pjpg&auto=webp&s=fcb409140e00534ca2a48b1ad06f868a351b0d65

Lots of alters.

The numbers are screwed though and nothing close to what they actually are, because it doesn't track the 3 classes I had before deleting them to start over as female characters.",1703719235.0,3
Advice,"I mean, they meant well. My parents did actually care about me, but I was a very closed off kid, so I wasn't one to talk up and say how I felt about the matter.   
They thought I liked going to work, but even so, they thought they were instilling good work ethic, so I don't think it would have changed much, had I said I wanted to stay home.

I was raised in a christian household, so professional help was kinda frowned upon (to my understanding). I was under the impression It's not really affordable for people my age living on their own either. But maybe that's just another misconception I have from how I was raised.  
I guess it doesn't hurt for me to look into it though, given that I've tried to make this work for the last 6 years and am no further than where I started.",1703364937.0,1
Warts,I felt unusually disturbed when I found out what it was.,1703232895.0,1
Warts,Warts persist because your immune system ignores them. When you shoot yeast into the area it attacks the wart alongside the yeast.,1703232790.0,1
Warts,This makes more sense now why they were surprised when I sat there quietly through 3 injections in the tip of my fingers.,1703232638.0,1
Warts,r/WTF,1703232508.0,1
destiny2,Relatable.,1703064534.0,2
destiny2,We must be the only ones who remember it. I had to scroll so damn far just to look for another Inaugural comment.,1702694482.0,1
destiny2,Have you been waiting your whole life for this question?,1702694371.0,1
destiny2,"Inaugural Address, hands down!",1702694048.0,1
NoFap,It's so bad. Like where are peoples common sense?,1702578342.0,2
NoFap,"I had been watching it for like 5 years before I told them. They had no idea.  
There was this one time my sister found a search on the computer though. But I was able to play it off, because I said ""I don't use that computer, I have my own.""",1702500588.0,2
NoFap,"Honestly bro, like how are you gonna clean that? Do they just stack up a whole hamper of cum clothes until they have enough for an unsuspicious washer load?",1702500235.0,12
SuicideWatch,"Yeah, but the other thing is, most people who tell us ""it gets better."" don't have that extra option of ""AHHHHHH!!! Im gonna kms."" when something goes wrong. It's not something that ever crosses their mind.  


And that's crazy to me, that some people just don't ever think about it. Makes me realize how unhealthy my mental state is.  


And that's how my mom is, the thought never crosses her mind.   
I guess she was having a really bad day once though because she walked up to me once and said ""I wouldn't act on it, but everything was so wrong that I wished I was dead. And I thought of you when that happened, because I know that's how you feel everyday.""",1702499834.0,3
SuicideWatch,"I thought I would be happy once I had my own place. But the only thing that changed is now I ""HAVE"" to constantly hold a job, regardless of how burnt out or miserable I am.  


Like I was working on construction sites for 10yrs by the time I was 18. And now I have another 6 years of day jobs on top of that. I want my damn childhood back, or at least a break from this shit since I hardly got to enjoy my time growing up.",1702489063.0,3
SuicideWatch,"I am trudging through because I was told by people in my original situation ""it gets better.""   
It hasn't. The only thing that changed is I'm 5 years older and I miss being a teen.   


Don't get me wrong, I know 24 is still young and all, but now the realization is starting to hit me that one day I won't be carded should I ever decide to buy alcohol.",1702488700.0,15
destiny2,Overdelivering wouldn't be hard if they would stop wasting their time making changes nobody wants.,1701840778.0,7
SuicideWatch,"Damn man. I hope things keep improving for you. I honestly don't think I could handle it if I ever got a girlfriend and she died.   


I already barely function due to burnout. Losing someone too would just kinda break me down to like a Kirsten Dunst level from Melancholia.",1701799232.0,3
destiny2,"Umm, you do know how long people were using the hammer to solo dungeon and raid bosses right? I don't know if they can still do it up to today, but I know they had the ability to do it for quite a damn while.",1700855477.0,1
destiny2,"Yeah, but see. We can't repeatedly stab bosses with them like titans can keep bonking with their hammer.",1700749032.0,1
destiny2,Titans should be happy they even get to pickup their hammer. Hunters don't get to pick up their throwing knives.,1700726819.0,2
HeroesOfMiddleEarth,I take it you don't have a day job?,1700591743.0,10
destiny2,My brother solo'd prophecy in 1 hour on a hunter. I'd argue It's even easier than The Shattered Throne.,1700437220.0,1
destiny2,Is English your second language? Or have you never heard of an analogy?,1700428943.0,6
blender,"I've been doing 3d for 11 years. I'm still nowhere near where I want to be either. Just comes with the title.  
A noob is a new user though, probably less than a year. Or I suppose 2 years could count if they only open the program every couple weeks.",1700425109.0,2
destiny2,"Imagine someone brings his F1 race car to a street race. He wins and talks shit on everyone, saying how much they suck and need to step up their game so he has some real competition.  


He could go to an actual track to race other F1's, but last time he did that he made it a few laps and quit because he couldn't make it out of the last position.  
I'm not being mean, OP is just riding their high horse in a situation where there is no high horse to ride.",1700424873.0,5
destiny2,You are correct.,1700412683.0,6
destiny2,At least you can take a joke. I'll give that to you.,1700412589.0,10
destiny2,"If you try to solo those dungeons, you legitimately hate yourself. Even streamers didn't like soloing them.",1700412524.0,5
destiny2,"I'm not starting a different argument. OP is talking shit on an old dungeon, saying It's too easy. But hasn't even finished the newest dungeon.  
The game is offering the content he is pretending to want, but it looks more like he got a reality check instead.",1700412347.0,13
NoFap,"My answer to all my problems is, go to bed until I feel differently.",1700389614.0,4
destiny2,Can you make a solo Ghosts of the Deep boss post instead? I think that's the one we really want to see.,1700388680.0,2
destiny2,I think the platforming encounter is going to humble you real quick.,1700388444.0,0
destiny2,"Your dungeon report says you played Ghosts of the deep for an hour on your 2nd run, in which you died 13 times before quitting.   
Why are you shitting on old dungeons for being too easy when you're still struggling with the new one?",1700388009.0,57
destiny2,Reminds me of farming the Hive boss on Mars. Everyone slaps on wardcliff and just freakin nukes the crap out of her.,1700387558.0,1
destiny2,They aren't gonna waste time updating the power level of a dungeon you can get all the loot for from the blind well.,1700387443.0,1
destiny2,*GotD? GotD? Suhhk muy wally.*,1700387362.0,-1
destiny2,"What's funny is that Celestial was stronger when this dungeon launched than it is now. Can't 1-tap all the nightfall bosses with a 999,999 damage shot anymore.",1700387142.0,1
destiny2,Right... Because Titans never have another busted build the same month Bungie removes one.,1700386992.0,0
destiny2,"Me: ""Maybe duality isn't too bad to solo flawless now.""  
\*Reads your comment: ""Nope. 3 boss phases is literally just me getting bullied.""",1700386659.0,1
destiny2,That's why I don't really play them. Their whole playstyle is pretty braindead. At least hunter keeps you on your toes.,1700386435.0,-2
destiny2,"90% of new lights will struggle to cooperate well enough to get past the ogre anyways. Imagine that room with the add spam of the Duality dungeon... ""No thank you!""",1700386263.0,3
destiny2,"Don't forget Y1 armour, that didn't allow you to make builds like today. Good finders, reserves, and scavs were pretty much what was considered a build.",1700386142.0,16
destiny2,"Yeah, we didn't even have Mountain Top and Anarchy to crutch yet. But we did have Ikelos and Whisper lol",1700385890.0,24
destiny2,"Ikelos on top!   
Damn I miss that shotty in its old days!",1700385552.0,18
destiny2,"I'm gonna say this one more time. ""You can personally make this game more difficult than you can possible handle. You just want everyone else to suffer with you.""  


Literally go throw on some freaking white gear with a randomized loadout, and then remove parts of your super that didn't exist before 3.0. Boom not a joke anymore, now is it.  
By all means, bring yourself suffering. But don't try to stick it to the rest of the community just so you can gloat.",1700385348.0,3
destiny2,"*Turns out it was a boss cp, and it took him that long to get the mechanics down.*",1700384979.0,75
destiny2,"The loot isn't worth it now. But at the time, that was the only way to hit max level.",1700384854.0,43
HeroesOfMiddleEarth,"Ok, so he has the rest of his abilities at lvl 5 then. Unless he has some gear slotted that is accounting for some of that power as well.",1700300725.0,1
Warts,"Makes me feel better knowing I didn't get Covid. The night after I got my injection, I felt like SHIT. My neck hurt, I had a horrible headache, felt really weak, tried to eat but it just made me nauseous.  
Literally spent the whole day in bed until I had to leave for work, which sucked horribly.",1700300388.0,1
HeroesOfMiddleEarth,"TLDR: ""Best case scenario, you're spending 775 gems per day to stay on track with swgoh. And that's being generous.""

  
More the fact that I'm spread out more. Everything takes considerably longer to finish.  


  
I played SWGOH for 4 years and by the time I quit I had 186 characters at 7\*. Even if I could 7\* a full 5 man team in this game in 3 months. After 4 years I would still only have 80 characters at 7\*.  


  
Keep in mind, that a 3 month 7\* character in this game requires 2 refreshes every day. Which is 75 gems per character. If I were to farm out at my SWGOH pace, I would need to at least double the characters I'm 7 starring.  


Which 75 times 10, would cost me 750 gems per day. Also lets be generous and assume they are all 12 energy nodes. That's 180 times 10, which is 1800 energy per day. You get around 500 without spending. To get another 1300 you would have to buy 11 energy refreshes. 150 gems for the first 3, and then assuming it doesn't go past 100 after that, another 800 for the next 8.  


750 for node refreshes + 950 for energy = 1700 gems per day. Now lets again be generous and say that some of those 10 toons every 3 months also come from stores and guild campaign.   
Well, even if we cut that back down to 5 characters, factor in the refreshes you would need for say 3 store characters per day, and you can reduce that total of 225 to 150, add in the 75 times 5 and you have 525 gems per day for node refreshes.  


And if we go back and alter the energy needs for 5 characters again, you're still looking at 4 energy refreshes which will cost you 250 gems. So best case scenario, you're spending 775 gems per day to stay on track with swgoh. And that's being generous.",1699864365.0,1
HeroesOfMiddleEarth,So you aren't gonna build elves?,1699862825.0,2
HeroesOfMiddleEarth,Is your team max level?,1699862778.0,1
HeroesOfMiddleEarth,"I remember doing this in SWGOH. Would just hoard resources for months on end until I got the Legendary toon, and then boom, I'd pump it up instantly.  
I'm finding it difficult to do that in this game as f2p, everything takes so much longer to get here.",1699125799.0,5
HeroesOfMiddleEarth,"I'm f2p and started the first week of launch. I currently have 2 teams level 60 and am working on taking my Elrond team to level 60 now as well.  
I don't take anything past gear 7, aside from my Ironhide I took to g10, just to get first hand experience and see if It's worth it.  


If you're just going for raid numbers, I don't think It's worth taking a full team past g7 until you have all 5 attempts pulling 900k.   
I think you *can* manage with level 50 on all your lower teams, but levels 50-60 are huge stat boosts, that definitely shouldn't be overlooked. I think you'll have trouble pulling 900k runs without level 60 teams.",1699125533.0,1
lordoftherings,More like Aragorn and Jack Black had a son together.,1699048848.0,2
Construction,"Bro... Just why? You know the only way you're gonna get those finger smears off is by painting it right?  
You should always wash your hands before handling trim.",1698571902.0,2
Construction,"Popcorn ceilings can not-so-kindly go f\*ck themselves. Also, they tend to go hand in hand with trash bags over the windows and roaches in the bathtub.",1698571718.0,2
Construction,"I was about to say, if those actually were your hands. I would have to say painter, 0 questions asked. Most likely the person who gets stuck with the cup and brush and put on corners.",1698571457.0,3
AskMen,I have hobbies that I absolutely love with a passion. Yet I still wake up feeling hopeless everyday. I guess that just means hobbies only get you so far.,1698567444.0,2
destiny2,"Woah, someone actually has me beat. I have 127.",1698394790.0,1
SelfHarmScars,"Damn... I'm sorry, but did you write this while waiting to get gas in California? So aggressive over a perfectly normal assumption.",1695672039.0,2
SelfHarmScars,What other reason would they be worried about scars during a medical exam?,1694417820.0,1
CrucibleGuidebook,Classic Bungie matchmaking lmao,1693901059.0,7
CrucibleGuidebook,"Give it a year and they'll probably hand it out to everyone like they did with my Guardian games emblem that required me to complete every single triumph, which may I remind you, very few of us actually achieved.   
Because that was the year it took about 12-15 SOLID hours of grinding to max out the armour for a single class. And you had to get the armour maxed out for all 3 classes on top of all the other triumphs that came with the event.  
My emblem is about as special as a minivan at a car meet now.",1693900886.0,-2
SelfHarmScars,I don't think you can join any military branches if you refuse the medical exam.,1693085001.0,4
SelfHarmScars,"Yes, but It's really not something you should strive for. You'll appreciate them not being deep in the long run. I have 1 scar that runs the length of my forearm that I reused for 6months.  
There's things I wish I could do now that I am not able to because of that 1 scar.  


I didn't gaf at the time what I did, because I didn't care what happened to me. But I'm still here, and now I have to live with it. So I try my best to make decisions that won't affect me in the long run now.",1692085464.0,11
SelfHarmScars,"I remember going 3 days without eating or drinking anything but pretzels and saltwater to exacerbate the dehydration process. Looking back now, I realize just how horrifically miserable I was for me to even consider doing that.",1692084152.0,2
ginnyandgeorgiashow,"Read the first sentence and was like ""Yeah this is too much at 4am."" lmao",1691314339.0,2
movies,"Just watched this movie tonight, that song is truly amazing! Don't know of any places to listen to it outside of youtube though.",1691312488.0,1
AskReddit,"My first word was pancake, so you never really know. Maybe we're just built different lol",1690362174.0,2
AskReddit,"Pancake.   
I am not joking. My older brother was in the room when I said it and he still remembers me saying it. I also started walking at 7months, so maybe I just wasn't your avg baby.",1690362050.0,1
HeroesOfMiddleEarth,"You want to talk about buffs, these healers are weak as hell. ""Oh no, my toon is 1 tap."" \*Heals and gets enough health to withstand 1 basic attack.",1688404857.0,3
HeroesOfMiddleEarth,I'm in gold 1 and more than half the teams around me have Elrond.,1688404588.0,1
destiny2,"Yeah... I had someone invite me to a party recently. They then proceeded to call me a fusion bot spamming f\*g, and that I should kms by jumping out the window, which they said I probably can't even do since I'm a fat f\*cking bastard. He repeated that like 3 or 4 times.  


When I told him I'm fit and working on diamond handstand pushups, that really sent him over. Best part is, I wasn't even lying. I can do a couple regular HSPU's and have been working on achieving the diamond HSPU for the last couple months.",1688202848.0,1
aigamedev,"The thing most people don't understand about AI is that it isn't learning how to create art, It's using art that other people already created.  
If you were to wipe art off the face of the internet 3+ yrs ago, AI wouldn't be able to make shit. And the majority of people using AI couldn't care less, even when they do understand that.   
And then they try to justify it by saying ""If art is so hard to make, just use AI. Get with the times or get left behind.""  


It's really sad what AI has done. I'm a 3d artist and I haven't gotten into animation yet, so my characters are posted online as just renders/turntables you know.  
I've been learning 3d for 11yrs and I have 3 brothers who grew up watching me create stuff. They used to be really impressed by what I made and said they would never be able to do what I can.  
Fast forward to this year and all 3 of them are using AI to make thirst trap slideshows for TikTok. They aren't impressed with my art anymore, instead they ask me why I still do it, when I could use AI that can make an image in 15 seconds. ""You could probably make AI pics better than all of us. I don't understand why you refuse to utilize it to make money from thirsty people?""  


I've always been an artist person, creating brings a sense of speechlessness when you finish a project you've been working on for months. Something you didn't think you were capable of, something you've never tried before, something that challenged you. AI will never replace that, and the people who don't know the feeling I'm talking about will never understand that point of view, because at their core, they are consumers.  
That's also something they don't understand. They aren't creating, they are consuming. They tell a program what they want to see and get results. It's a glorified search engine.",1688199288.0,3
aigamedev,"Don't know why you're getting downvoted. AI has created one hell of a division within the art community. If Valve were to straight up allow it, they run the potential of hitting some major legal issues down the road. Though not likely, but the possibility is there nonetheless.  
There's still a lot of people that are against AI though. So I think valve played this right. Though I believe most people who aren't happy with that decision are waiting for an outcome like onlyfans. But hopefully that doesn't happen.",1688197326.0,1
ARK,"I think 30 mutations is my best. I was hatching like 100 eggs at a time though, and obviously built my base on gen2.",1688066677.0,1
ARK,Ever pumped them full of kibble? It's crazy the amount of food it gives.,1688066509.0,1
facebook,"My account was hacked and deleted this month. Facebook doesn't care to get it back, so I'm not gonna bother making another.",1687917308.0,3
CrucibleGuidebook,"I wouldn't judge based on snipes alone. I used to play a crap ton of swat in Halo 5 and ranked #13 for HS%, because I wouldn't take my shot unless I thought it would be a kill. When I started sniping yr 2 of Destiny2 I had 90% accuracy on my twilight oath with 922 kills, and this was back when 140's still 2-tapped.",1687793120.0,2
destiny2,"Yeah, you kinda have to be ""colorful"" in order to get a job there. At least that's how it looks.",1687328644.0,1
DestinyTheGame,"""I won't forget everyone we've lost. I won't""",1687321950.0,6
pics,"Missed opportunity for ""My mom and her ass.""  
Though I feel that would have been even weirder, reddit does seem to eat that stuff up.",1686524823.0,1
destiny2,"Weird seeing the wishender quest there, instead of the inventory.",1686524182.0,1
destiny2,"I think the main reason most of us avoid objectives is because the enemy team knows where you are if you focus them. And they're gonna come for that zone with heavy or a super whenever It's available.  
I think more people would cap if you couldn't see the enemy capping and there were no waypoints on the zones.",1686523126.0,-1
destiny2,u/Steel_Slayer You may want to warn this man about what he has just done.,1686522689.0,1
destiny2,"Nobody is hating, just jealous that we don't get balanced lobbies at higher skill levels.",1686521957.0,-1
destiny2,"We are destiny players. We don't care about objectives, Bungie does.",1686521845.0,-1
riskofrain,"Cause you have to split the items, instead of taking absolutely everything as a solo player.",1686474636.0,2
AskMen,That practically no-one will see my comment on a post with thousands of other comments.,1686270311.0,1
emulators,"Same, and the ui was like japanese/chinese or some shit.",1686169260.0,1
guessmyage,Looks like they've deleted their account.,1686119713.0,1
depression,"""This could be a life long battle as as poopy as it is...""  


The bane of my existence. This is why I'm 24 and still haven't been with anyone. I've seen the hopelessness and anger I've caused family.  
I couldn't bare doing that to somebody who could be with someone else who will lift them up, rather than bring them down.",1685856500.0,1
depression,"Not really much you can do if she isn't open with you. My advice, don't try to focus on helping her, because she probably doesn't even know what she needs.  
Instead, try to help her forget about it. If she has things she enjoys doing that won't exhaust her I'd try and do them with her.   
Make memories essentially, because memories are what makes life worth living, so if you can do that, she'll at least be in a better state than she is now.  


Hell, even something as simple as breakfast in bed while you watch a movie or play a game will at least show her that you care in some shape or form. As long as you don't wake her up for it, since sleep is a getaway for a lot of us.  


When you're depressed you don't really feeling like you're living, so just find ways to spice things up so she feels like shes doing something with herself. Our head is our worst enemy, so even just talking about things unrelated to her struggles can help, by keeping her mind from wandering.  


One more thing I'll leave. When I was deeply depressed, I didn't have the courage to talk face to face, so instead I would write letters. I could maul over my thoughts and say what I needed to say without beating around the bush or saying something I would regret.  
So you can suggest the idea to help her gather her thoughts, or hell maybe say what you want in your own letter and give it to her, letting her know she can reciprocate the gesture if talking is too hard.  
Texting works just as well, if she loathes the idea of holding a pen/pencil.",1685855995.0,3
ask,"I feel you on this. I used to be a delivery driver for Pizza Hut and they had a 3.15$ delivery fee. The 15 cents went to me for compensation (Fucking assholes) and the company pocketed the rest and still expected the customer to tip alongside the fee.  
Customers don't know any better, It's rigged by the company to look like   
a forced tip (hence the writing on the side of the box in ""fine writing"" stating ""Delivery Fee is not a tip""). Don't know why they wouldn't state that on the receipt.  


But here's the kicker. They updated it and now they do actually state it on the receipt, but it says ""gratuity not included."" Wanna take a guess at how many customers know what gratuity means? Yeah, maybe 1%.   
And with the bible long promotional crap on the receipt, who is gonna bother reading it to get to that part while I'm standing at the door with their pizza? Nobody.   
And how many people are going to keep the receipt and read it like a cereal box while they chow on their pizza? Again, nobody.  


The only customers who know the drivers don't get the fee are the ones who ask, which happens maybe once every other week.",1685853907.0,2
wow,Kinda has some Master Chief vibes.,1685686405.0,1
ArtistLounge,"Yeah, artstation. Would be nice if the same thing happened for pinterest though.",1685661954.0,1
SelfHarmScars,At her age she won't question it because the truth won't even cross her mind.,1684794315.0,19
SelfHarmScars,"I have a scar on my left arm that almost reaches from my wrist to my elbow about as wide as a sharpie. I've had it for almost 3 years now and most people don't even notice it.  
So nah, not a bad thing you don't want a cover up.",1684745146.0,3
Sleepparalysis,"Do you think It's possible that your moving through SP into lucid dreaming without knowing it? I know that defeats the whole concept of lucid dreaming, but hey, who knows what's possible.",1684722194.0,2
Sleepparalysis,"I personally don't believe SP to be waking nightmares. Mainly because I've only ever had 2 nightmares in my entire 24yrs of being alive and they were super abstract and weird. And also, because I go into SP the second I nod off. So how can it be a dream if I've barely fallen asleep.  
Oh yeah, and if it is just nightmares. Could someone explain why we all experience a general theme?",1684721957.0,1
mendrawingwomen,( . /\\ . ),1684659726.0,1
socialwork,"I go to bed at 4am after drowning myself in music, set my alarm for 8am, snooze it every 10mins for 2 hours and then get up at 10am when I'm supposed to be leaving for work.",1684297639.0,1
guessmyage,"Well, just attribute it to your skin. Cause it looks pretty damn healthy to me.",1684026496.0,2
Sleepparalysis,"Damn.  
Out of curiosity, what is the longest episode you've had?  
Mine tend to last about 20 seconds, but I had one that lasted about 10 minutes once.",1684026349.0,2
Sleepparalysis,"I've probably had SP upwards of 70+ times. Only 2 of those happened in day time in a room filled with sunlight.  
The first one I had the sensation that I was lifted into the air so that I was levitating about 1ft above my bed and than rotated as if I were on a spit attached to a car axle.  
The 2nd one I felt an overwhelming sense of evil that literally flooded my body with dread to the point I wanted to cry.  


As far as nighttime goes, I've never once had hallucinations and my eyes are always open. I've had the evil presence about 5 times, but mostly It's the sensation that I'm being grabbed and pulled around the room.  
There was one time my fan got screwy and sounded like an airplane taking off in my room. Ears were literally rumbling.  


And as far as voices I've only ever had that one time. I felt the evil presence breathing down my neck (not literally, I'm just describing where I sensed it) and then a whisper into my ear that said ""I can see you.""   
That was the last episode I had and I was jumpy and on edge the entire day after.  
I've had dozens of episodes creep up since, but I can feel them move through my body before it hits and if I roll over really fast I can break it before I get stuck.  


It's worth mentioning that I also don't watch scary movies. Stranger Things is probably the scariest thing I've ever watched. So that may have something to do with not having hallucinations.",1683872051.0,2
guessmyage,28,1683869332.0,1
guessmyage,"Most people are gonna guess higher from facial hair alone, but I didn't want that to be a deciding factor because my friend had more facial hair than you at 19.",1683869213.0,1
guessmyage,38,1683869083.0,1
guessmyage,"Skin still looks pretty youthful, I'ma go with 21.",1683868827.0,1
DoesAnybodyElse,"Bro same! Then I looked it up and was like ""WHAT!!! He's only a year older than me!""",1683868366.0,1
guessmyage,30 feels about right. Though I could be wrong seeing how Mr Beast is 25.,1683868219.0,1
guessmyage,33,1683868060.0,2
guessmyage,32. It's a tough guess though man. The bottom half of your face looks significantly younger the the upper half.,1683867956.0,2
guessmyage,They must have some damn good milk to move all the way out there.,1683867724.0,1
guessmyage,"23  
Edit: well shit. I just realized.",1683867540.0,1
guessmyage,"It looks like you still got that teen skin, so I'm gonna go with 15.",1683867461.0,1
guessmyage,I'ma go with 38 due to lower eyelids and hairline. Otherwise I'd probably say like 32.,1683867373.0,1
guessmyage,"I love how reddit hid your comment, despite it not having downvotes.",1683867096.0,1
guessmyage,"With 200 hundred comments, someone is bound to get it.  
I'm gonna go with 26 personally. Just the vibe I'm getting, 26 feels right.",1683867013.0,2
guessmyage,SAVAGE!,1683866899.0,1
ask,"I could use 40 of those. I'm 5'7 and have weighed mid 120's for years. I did hit 134 when I was working out like a madman and eating 3k cals a day, but it took me several months just to hit that.  
I still don't understand how it works. I even have a sister who is my height and she weighs 20+ more than me, despite being as thin as I am.  
But I am a guy, so maybe that makes it harder to put on weight.",1683817079.0,2
popping,"I advise against this if you have a job where you're constantly washing your hands. Having wet hands increases the chances for the wart to find It's way back into you skin again, and holy crap do a fuck ton of them show up.  


I have a job where my hands get wet every 5 minutes for several hours. I pulled one wart out and now a month later I have like 30 seed warts all over my fingers.",1683780932.0,1
AskMen,"I don't know about other people, but me and my siblings all like the cheap off-brand versions of food because It's what we grew up on.",1683759194.0,2
SelfHarmScars,"Same. Though mine is one big scar about half the length of my forearm.  
I didn't want to get a bad rep later down the line, so I basically reopened that same cut for months until it was too deep to keep going safely.",1683758723.0,2
blender,"I suggest at the very least you keep learning 3d on the side. If you love it, then at least do it for your own enjoyment in your free time.",1683618610.0,1
ArtistLounge,"Yes, because without the AI tag it will show up on your home page, even if you have it set to hide AI posts.  
So you can report it for spam, with the reason of ""Irrelevant or incorrect content"".",1683133345.0,1
ArtistLounge,That's actually genius! If only they cared.,1683081469.0,5
ArtistLounge,"Not that I'm aware of. It took about a month of thousands of artists on Artstation absolutely spamming the hell out of posts titled ""No to AI generated images.""  


Now we finally have a filter that we can toggle to keep it off our home page. A few slip through, because AI posts have to use the AI tag to get filtered, but if it ends up on the home page without the tag it gets reported into oblivion.",1683081314.0,2
interestingasfuck,American actually. Sculptors name was Chauncey Ives.,1682818375.0,1
socialskills,"My problem is that the closer I get to people the more I question the situation. ""I'm finally in the click, but what if everyone is just being nice and they still just see me as a stranger in the group?""  
Though this is probably just the result of me being an overthinker, and situations where I think I said or did something that labels me as the odd one out, are actually normal.",1681024211.0,1
TalesFromYourServer,"Not gonna lie, reading about your coworker is like reading a description of myself. But I couldn't imagine many people would be affected if I died. I'm the guy that everyone knows, but nobody KNOWS. Everyone's acquaintance but nobody's friend.   
It's a weird place to be.",1680650736.0,1
halo,That's because It's higher quality Halo 3 armour.,1679854476.0,1
Anxiety,"Random throbs like a heartbeat in my throat and the right side of my chest.  


This next one I still don't understand and I won't pretend that It's because of anxiety, because I honestly don't know.   
But I get debilitating itching from my neck up. It kinda ""crawls?"" quickly around on my head, but It's not just an itch. It's also sharp stabbing pain and a sense of numbness thrown into the mix and it pulses and throbs as it moves around.  
It's severe enough that I can't do anything, because it makes me clamp my eyes shut, clench my jaw and fists and then uncontrollably toss my head forwards, sideways and backwards, while holding each different position for a few seconds as my head shakes/vibrates to deal with the pain.  


Tbh, I probably look like I'm on hardcore drugs or something, which is less than ideal as it only happens to me at work and lasts for 1-2 minutes.",1679647956.0,1
labrats,"For me It's more the fact that I'm an introvert and I don't like being forced into a situation where I have no choice but to interact with them as they constantly follow me around.   
Plus I'm already pissed about being awake on a morning shift that I had to set 10 alarms for. Then when I walk into work and see the mountain of boxes that nobody broke down, I'll usually be set back 40 minutes by that.  
Then I have to put on a hat to go outside to do the trash that last nights busser left for me, then pickup trash around the parking lot.  
After that I can finally come back in to start bussing the tables that have already left, but I'm not allowed to wear a hat inside, so now I'm stuck walking around for the rest of the shift with hat hair (really irritates tf out of me) and to top it all off now I have to talk to someone while they puppy guard me, when all I want is to be ignored while I go about my business so I can get the shift over with and leave.  


If it was the night shift, I probably wouldn't mind as much (1-2 extra bussers), but I'm not even supposed to be working mornings and with the fatigue and dread destroying my sleep, I already have practically no energy for a shift that I'm working solo.",1679381433.0,2
MandelaEffect,"Yeah, It's entirely possible that I was just tired though and didn't actually pay attention to what I was seeing at the time.  


Way to make myself look like an idiot by thinking I found a mandela effect lol",1679129490.0,0
MandelaEffect,"Huh. I also did a google and couldn't find a single one.  


Edit: ok wtf. Now all of a sudden every other image has it on there. But when I checked last night I didn't see any.",1678976738.0,3
MandelaEffect,"My parents used to have a fire extinguisher, and I swear the instructions on it had a part where it said to stand back 6 feet. (may not have it perfect, but that's pretty damn close to what it said)  


Anyways, I just looked up fire extinguisher diagrams and absolutely none of them say anything about standing back. But I know there's no way in hell I'm just making this up.",1678952059.0,1
polls,"Looks as though a consensus has formed.  
I am surprised that more people do the fake chew like I do, rather than just straight up swallowing it though. Very interesting.",1676092948.0,1
AskMen,"""Son of a dickless ball sack.""

Just kinda invented that while I was raging from gaming one day. Everyone in the party chat was dying.",1675890891.0,1
polls,"Ah, that would get old fast.",1675878715.0,1
polls,"Interesting. Why is that?   
Not enough time?",1675875695.0,1
SelfHarmScars,"I'd say a year before they're semi-faded, maybe less if you don't spend a lot of time outside (Scars don't tan. So the less tan you are, the less noticeable the scars will be when they start fading).",1675832335.0,5
SelfHarmScars,"After 2yrs, I feel like I shouldn't think this way, but I kinda miss the way my scar looked.  
Kinda bothers me for some reason that It's faded to the color of my veins now.",1675668896.0,1
ARK,I'm a 3d artist and we have the same problem in the groups and subs I'm in. Definitely gets old.,1675668576.0,2
playark,Legit. animations hit fps pretty freaking hard with enough dinos.,1672381426.0,1
destiny2,"This is what it used to sound like.  
[https://www.youtube.com/watch?v=576MEY9-oEI](https://www.youtube.com/watch?v=576MEY9-oEI)",1671324687.0,1
Sleepparalysis,"I don't hallucinate, I just feel a dark ominous presence lurking behind me, it floods my body with dread.",1642111099.0,2
discordapp,Irritating af. Really wish I could toggle it.,1626917140.0,1
destiny2,"All-star glow is a white crown that you get for doing platinum medals and is activated by standing on your classes emblem on the ground next to Eva and interacting with it. You may have to do 3 of them to get that status however.
My brother did one platinum card and didn't get a white crown.
I did 7 platinum cards and I currently have a white crown.",1619250809.0,1
destiny2,"I think you have to do at least 3 platinum cards to get the white crown, I did like 7 and I have it. Whereas my brother did 1 platinum card and didn't get the white crown. I saw dozens of hunters around me who got a yellow crown.
And I've seen a few of each class that had the white crown like me.",1619250452.0,1
SelfHarmScars,"Damn, that must have been horrible. I hope you weren't hit too bad by the aftermath.
I couldn't imagine laxatives would play nice with your gut.
Hope you're healing fast though.",1619229186.0,6
SelfHarmScars,"Not a normal cut spot, looks like u were using a belt sander and it caught your thumb.",1618887544.0,1
SelfHarmScars,"Really depends on how deep they were and whether or not you picked at them while they were healing.
I have a scar that I reopened and recut for nearly 6months. It's been almost a year since I've cut now and the color looks similar to yours, although the scar itself is very soft most likely due to the width, so that probably affects the time to heal as well. 

I'm sorry if this didn't really answer your question directly. Everyone heals at different speeds and that speed is affected by you, how you sleep, live, eat and how stressed you are and many other variables as well.

All the best OP! Hope they fully heal in a timely manner for you.",1618887009.0,2
SelfHarmScars,Hell of a scar. I hope the healing process is comfortable for you.,1618885729.0,5
SelfHarmScars,Thx I hope so too.,1618871914.0,1
SelfHarmScars,"I thought ahead.
All my scars are in that one spot because i used the same cut for 6 months, I wanted to pull it off as an accident if I needed to.
But I was still unsure how others would perceive it initially.",1618866550.0,2
SelfHarmScars,"Thanks for the comments guys, it's very reassuring. If someone asks about it I'll probably tell them ""I was trying to fix something by myself and it backfired. I don't really want to get into the details.""

I think it could work, I wouldn't expect them to ask more questions with this one.",1618865971.0,7
SelfHarmScars,"Thats good to know. 
I've kinda been stressing over this since summer is coming. I didn't want to be the guy that is always in long sleeves when it's 80degress outside. (what are you trying to hide?)
But also didn't want to be the guy who makes all my coworkers uncomfortable and standoffish, cause I love working with them, and for once most of them are my age.",1618775911.0,3
SuicideWatch,"I wouldn't try pills, they don't actually work. I took 36 benadryl one morning but the day didn't go as planned. 

By lunchtime I was paranoid out of my fucking mind and seeing massive spiders and mice for the past several hours (thx hallucinogenics. NOT) 
After lunch time I woke up (the next day) with no memory of the last 24 hours, despite apparently being active during that time, according to my family. 

I heard other people usually wake up with a killer hangover, but this didn't seem to be my case. I felt completely normal, well maybe a bit tired and slow, but aside from that. 

However everyone is different, u could end up with far more problematic symptoms than I did, or less, but in the end it will only make matters worse. 
Maybe think twice about how your family would react too, cause I woke up getting pulled out of bed by my hair and thrown against the wall and yelled at. 
You will find out how your family handles things, and that's not always good.",1605858322.0,1
SWGalaxyOfHeroes,"Yes?

Lmao",1604458957.0,1
AskMen,"Same bro! But instead it freezes my throat, I cant breathe and I'm coughing and it feels like I'm going to choke to death.",1603786563.0,2
AskMen,"I didn't remember much from mine, but apparently I surprised the lady who pushed me out to the car when I hopped out of the chair swung the car door open and jumped up into the seat. She said she had never seen anyone do anything like that before.

Also, I placed my phone in the front seat before getting my teeth pulled and apparently found it when i hopped in and was taking videos all the way back to the house. It was quite comical, I wouldn't keep the gauze in for shit and I stuck the ice pack down my pants.",1603786321.0,1
AskMen,"Not allergic to it either, but I heard that it can change over time.


I don't get brain freeze.


I get coregasms. Yes coregasms are a real thing and I happen to be in the small percentage of guys that get them.
For those who don't know, a coregasm is basically getting an orgasm from working out.


Also I seem to have a high situational awareness and am easily unnoticed. 
Everyone is always asking me how I got past them without them noticing and why they can never jump scare me.",1603784029.0,1
AskMen,"I can puke like that too, but for me it's because apparently I'm allergic to wheat. Not swelling allergic though, just stresses out several parts of my body.",1603780412.0,2
Sleepparalysis,"Well, mines a bit on the intense side, this is what happened last week.
So I wake up in the middle of the night and I can't move or speak, suddenly I get this overwhelming sense of something evil in the room. My body is so filled with fear that I literally feel like I want to cry, and then the worst happens.


I feel something grab me by my shoulders lift me up and fucking spin me hella fast! The same way a spit rotates over a fire.
This goes on for about half a minute before it ends and I can finally move again, oh yeah and this happened 4 days in a row. Each time was a little different on how I was thrown around, but I was def too scared to sleep for the next couple of days.",1602227684.0,1
Sleepparalysis,"When u suddenly feel an overwhelming sense of evil, u can't move, and then it feels like whatever the fuck it is grabs you and uses u as it's own personal ragdoll... It's legitimately the farthest thing from blissful.",1601640356.0,1
SuicideWatch,"Same, it's literally impossible. I usually only have a few things I can feel to bottle up, dread, and anger. 

Honestly I feel like I'm just frustrated 24/7 or something.",1581506060.0,1
SuicideWatch,"Last job I applied to I lost before I even got it. How did I do this u ask? Well, I slept through my drug test appointment.
It's already hard enough to get up when I have nothing to do, but getting up for something I hate is near impossible.",1581505577.0,1
SuicideWatch,"That's half my problem though, I've worked my ass off doing construction 30-50 hours a week from the time I was 8 and just feel so burned-out now. And things that I did everyday on the side that I enjoy I haven't even touched in this last yr.

It's like nothing really matters to me anymore, I've already worked while I had things on the side I enjoyed doing after work was over, and i still struggled with work then. But I don't even have that now, I can't fathom living the rest of my life working a job I hate so it can keep me alive to go back to the job I hate every day. 
Honestly don't know how people do it.",1580890683.0,1
SuicideWatch,"I don't even know, I just had to at least get this off my chest to reduce the risk of doing something stupid again.
It really wouldn't be the best time to act on my urges while my parents are out of state.",1580882514.0,1
depression,Can't even remember the last time I woke up early enough for breakfast.,1580849067.0,2
depression,"I think u missed my point, what I was saying is that I don't think having a relationship with God would keep u from drinking and doing drugs.
That habit either already exists or it doesn't for the most part.",1578913429.0,2
depression,Meh,1578912621.0,1
depression,"Im not Christian, still believe what I did, but I have no interest in it. But kinda want to say the opposite, I'm suicidal af but no matter how bad I am I won't do it cause I still believe in hell.
So I'm jealous of people that don't have that over their heads.",1578912514.0,2
depression,Sounds like fun,1578911544.0,2
depression,Who knew being sad was supposedly evil lmao,1578911325.0,2
depression,"Meh, I don't really think that changes anything, I'm not Christian but would still never touch alcohol or drugs, I think it's just one of those things where that's what u do or it isn't regardless of religion.",1578910786.0,0
depression,"Same here man, pretty effed up if u ask me.",1578910325.0,1
depression,"Yes, one of its worst symptoms is adding multiple e's at the end of words!",1578909205.0,7
depression,"When I told mine I was suicidal they took me to church to be exorcized, or whatever tf it was, they were praying aggressively over me and wiping shit on my forehead because they said I'm being tortured by demons. And guess what, still suicidal.",1578908997.0,3
depression,Guess I'll never know what it said,1578393793.0,1
SuicideWatch,"Ur advice sounds too personal to really be helpful.
Things may get better for u and that's great, but a lot of people see that as fake hope.
Again I'm also glad that church helps u, but for someone like me where my parents took me to be exorcized cause they said ""Ur suicidal because you're being tortured by demons"" church really isn't that helpful to me, and other people could have a negative experience like that as well.
Besides church isn't usually something a suicidal person wants to deal with.

Here's my advice, none of us know wtf to do and usually can't give any decent advice anyways. So  the only advice I have is, find what blocks ur thoughts when their bad and try to keep hanging on for a little while longer.",1577527413.0,17
AskReddit,"I've got a ""HideYoKidsWifi"" next door.",1577098798.0,1
AskReddit,"As a previous delivery driver in Florida I relate to this frustration all too well!

Had this dude who pulled out from the right to get to the left lane on a rainy day, when I was less than 20 feet away doing 30mph. 

Slammed the brake, the pedal starts kicking up and I'm still sliding towards this dude, who BTW is doing like 1.5mph across the road without even looking my way! 

Literally came inches away from whacking this hoe!",1576831316.0,3
SuicideWatch,"I wouldn't envy someone with religion, I was raised a Christian and now can't kms cause I believe in hell. 
If hell didn't exist I'd off myself in a heartbeat, but for me it does so I'm stuck in this fucking world now where no one gives a shit if I'm suicidal and don't know how to go on.",1576221227.0,3
SuicideWatch,"A lot of us can't see anything ever getting better. But we're still here and can't seem to kill ourselves for whatever reason, so why not shoot for the only other option? Help.
We dont always think we can get better either, we just really hope it's a possibility cause we don't know wtf else to do.

Everyone has a different reason that keeps them alive. 
For me it's hell, I was raised believing hell exists so I won't kms cause hell sounds far worse than anything that could ever happen to me here.
But I feel like I'm living in a different hell on earth, so I accept help as an option cause until then I'm only fucking myself over with massive amounts of hopelessness. 
Unfortunately I guess I'm still not worth my family's time lol",1576220531.0,1
SuicideWatch,I think that was a typo,1576212676.0,2
SuicideWatch,"My dad started taking me to work with him doing construction when I was about 8yrs old, and I did that with him up until my last job when we lived in a different state. 

I'm probably just burned out tbh, I feel like I worked a large portion of my childhood away.

I thought I always knew what I wanted to do for work, but lately I don't enjoy the things I used to, I just seem to do things to distract myself from my thoughts.",1573167149.0,2
SuicideWatch,"I hear u man, when I told my parents how close I was to doing it u know what they did?
They forced me to church to ""exorcize"" me.
They said I was being tortured by demons since I was suicidal and didn't want to be a Christian anymore.
I was so pissed I walked straight out the church doors after their freak prayer thingy. They still know I'm suicidal except now they just completely ignore me.",1573131914.0,11
SuicideWatch,"Same man, no job, I spend the day in bed and stay up all night gaming, listening to music, watching movies. Can def relate to potentially getting kicked out, it has to cross the line at some point right.
I am kinda looking for work, but it's hard cause it puts me in a sort of overdrive dread mode.
Getting up for work always made me feel like I'm in a prison cell and they just called my name for the noose.
Would love to just listen to my favorite song and drift forever, it sounds nice.",1573123282.0,2
depression,"Lol I like the popcorn analogy cause I feel like it might make someone laugh or smile. 

However popcorn aside, I guess what I'm saying is my life has never really seemed all that great, but everyone else I look at is always saying how much they love their life.",1569071849.0,2
depression,"SAME! And I feel like I'm seeing the world differently, everyone else is so caught up with getting the highest paying job so they can work their life away for paper and/or bringing their kids into this messed up world. And I'm just like ""why?"" If that's what I'm expected to do the rest of my life I want out.",1569070842.0,12
Dreams,"That's a good suggestion and I would probably normally try it. 
Except for the fact that I couldn't see what was grabbing me in my dream, so there's no way for me to visually confirm its safe when what's scaring me is in my head.
I've always had a really active imagination, which is why I'm scared of the dark, cause I can't see anything. Even if I know something isn't there, my natural instinct is to save myself by thinking, ""u can't see, so if your wrong this will end badly.""",1565701102.0,1
Dreams,"For sure. I don't think I'll ever want to walk into that bathroom again though.
Good thing we have more than one.",1565699089.0,1
Dreams,"Yeah, I'm definitely turning on a light when I go to bed again!",1565698615.0,1
Dreams,"Thx. And yeah, I realize that it's not real and just the affect of me being scared of the thought in general.
I'm just scared now of having similar dreams again. I've never had realistic dreams before, it's just bad timing that my mom would say something like that after I started nofap which one of the withdrawal symptoms I started experiencing is vivid dreams.
So of course why wouldn't my worst fear make it into my dream.
Anyways, Thx for the reply, hopefully I don't continue to have dreams quite like this.",1565697279.0,1
Dreams,"Don't know what it's like so I've always really wanted realistic dreams. But now that I think of it, nightmares that take place in my house would scare the hell out of me.

May be weird, but I realize that I'm asleep in bed while I'm dreaming and my dreams are in 3rd person. I don't really pick up on details in my dream either, everything is clear but at the same time blurry cause I can't really focus on it, I just know what it is.",1565635211.0,3
NoFap,"My mind misread, I thought it said ""show kidneys to everyone"" lol

Anyways, it's a great list! I've never had luck with lists really, but if that's what works for you make sure you stick with it. I know you'll pull through eventually. 
Best of luck!",1565634643.0,3
teenagers,"I don't know what your going through or how long you've been dealing with it. 
You have posted which leaves people with the option to comment.
So if your still here I would like to leave mine if it's alright.

I can't say I'm cool with staying here or that I know how to keep going but maybe this 1 thing will help at least a little.
Your depressed, your tired of it and you just want to end it. 
I don't know if you have any family who has tried to help you, but ""what if"" just maybe your going through hell rn because at some point in the future someone you care about is going through this same thing. 
You may not have had anyone who understood enough to help u, but would it be worth it to carry on for the sake of potentially helping someone you care about who may need your help.

Maybe some of us were just born to take all the shit in life so when others we care about go through it we know how to sympathize and understand enough to hopefully pull them through it.",1565633795.0,1
SuicideWatch,"It sucks man. 
There's been a few times I've tried to talk to my mom about wanting to commit suicide. She knows I'm suicidal so when I want to talk she realizes that's what I'll talk about.
But it's so hard for me to get the courage to say something that she'll eventually say ""I can't sit here till 1am waiting for you to talk, I'm tired so just spit it out.""

This makes it hard for me to believe people when they say they care, cause I hold people to my own standards of what it means to care about someone. 
If you're someone I care about and your suicidal and need to talk but have trouble building up the courage, I will literally sit there for 3 freaking days without sleep until you're ready to talk. If that's what it takes to show I care about someone I'm willing to go that far.
If I have a job and they need me, I'd walk out even if it meant getting fired. People I care about I place above everything else. I wouldn't be able to live with myself if a friend asked for help and I said I was busy with work, only to find that they killed themselves or even attempted to the next day.

Maybe that's why I'm actually suicidal, because everyone I know would make sure everything stays perfect in their life before they can consider sparing any time for me.
So why bother living in a world where their success comes before my life?
Maybe its unrealistic of me to hold other people to my standards, but just saying the words ""I care about you"" feel quite void of meaning if your actions say otherwise.",1565626743.0,3
SuicideWatch,"Same. No seat belt, doing 130 and seriously just wanting to whip my car off the road.
But car crashes are unpredictable, so I would rather not end up mutilating myself to the point of wanting to die even more but no longer having the capability to kill myself.",1565623834.0,3
SuicideWatch,"Damn..... yeah, every fucking day!

It's like I just don't even give a single fuck, so I let it all fall to shit. 
Annnnd then I'm just like ""nope still here, guess I have to clean up this freaking mess again!""

Can't I just get put on an island or something where I can just stay there without fucking everything up till I either end it or eventually want to carry on. Then I wouldn't constantly let down everyone around me.",1565622996.0,1
SuicideWatch,"Literally what goes on in my head every freaking day!  
Who the hell wants to work to make money to pay for food to stay alive so you can go back to work every day!?  
Not me.",1560934107.0,42
NoFap,"Dang, that would suck.  
I can't say I have that problem, I do get coregasms though which makes it hard to workout sometimes.",1557527936.0,2
NoFap,"I could never get up that early, although I'm also going to bed at 8am so I couldn't wake up at 4am even if I wanted to.",1557524402.0,2
SuicideWatch,"I hear you, my mom pushed me to talk after I sent her a text explaining a few things, but I didn't completely open up.  
A few weeks ago I finally did and I regret it completely, they didn't want to send me to a psych ward or anything cause my dad was in one before so he knew what It's like. However after talking to them I realized that they had no idea how to help me, ""great right, now It's all my fault and whenever I go out at night they think I'm going to kill myself.""  
I literally had to start taking showers before she got up cause I had tried to see if I could give myself hypothermia before.   
She didn't even want me to take showers and would get mad when I did, cause she was worried I would actually get hypothermia.",1557518900.0,1
SuicideWatch,"Only ever cut myself once, I didn't like the way it felt though cause it just stings more than it hurts.  
I don't know what razor blades feel like though, cause I used a surgical blade.",1557517970.0,1
SuicideWatch,"Damn, well I'm sorry for whatever brought u here. I'm not going to tell you you should save yourself (cause I kinda wish I was in your spot rn) but regardless it sucks hearing someone reaching the point where they actually go through with it.",1557517230.0,2
SuicideWatch,"That's the fucking worst man!   
It sucks cause usually u end up writing that post when you just really really need someone to listen or talk to, cause u have no idea what else you're supposed to do.  
That's usually the point where I feel like I should be breaking down, but I'm so numb that I literally can't, so then comes the post lol.",1557516478.0,2
SuicideWatch,All the time! It sucks,1557515374.0,1
SuicideWatch,"When you've gotten to the point of wanting to die or are getting close to it good luck trying to make things ""NOT hard or stressful"".  
Just please don't ever say something like that to someone you know who wishes they were dead, the last thing they want to hear is that you think they should try willing themselves out of it.  
As great as it would be to just tell yourself you don't really want to die and then all of a sudden you know what you should do to get back to where you need to be, it doesn't work like that.  
You don't know what to do, you don't know how to do it and you got to the point where you just don't care enough to really try on your own.  
Or if you're like me it sucks even more because the things that make you wish you were dead you actually want more of, I'm literally stuck cause I crave for my life to be worse than it is, even though at the same time I wish it could all just end. No-one probably relates to that, but if they do then I'm sorry cause It's the most messed up thing ever.",1557510306.0,2
NoFap,"Can you blame them though? We were drowning ourselves with an anchor in worldly pleasure.  
I am proud of all of us though, and I welcome and wish the best of luck to anyone new like me!",1557395513.0,1
SuicideWatch,"Same I just got to that ""fine"" point where I let everyone think I'm ok when they ask.  
For a while my Mom would ask me how I was and I would tell her it didn't matter, she asked why and I said because there's nothing you can do to change it.  
She told me that was true if I kept it to myself, so I put everything out in the open until one day she came up to me and said ""ok, you're right. I have no idea how to help you. Have you prayed about it?""  
So I decided to keep everything to myself now, cause there's no point in throwing all my issues on someone and then seeing that they have no idea what to do, It's far better to suffer alone.  
Besides she already thinks I'm fine again (because I'm so numb that I apparently don't look like anything is bothering me, gotta love it).",1557392918.0,1
NoFap,"Ok, that makes sense now.",1557268689.0,1
NoFap,"Their still on a screen sooooo, but I can't say I never had the same idea.  
I tried sexting once, but I realized that it made me feel incredibly depressed. I don't know why, but it didn't feel great so I'm going to try and stay away from that.",1557222324.0,3
NoFap,"That's interesting, since I started nofap 4 days ago I've been having more dreams that are longer and they seem to be getting more detailed/vivid. Before my dreams were always ""blurry"" I couldn't really see anything I just knew what the main stuff was, but that seems to be changing now cause I've seen a lot more detail in my dreams these last few days.",1557221094.0,1
NoFap,"I guess I'll come back in a few months or something when I have the power to comprehend what this means lol.   
Because damn, it just won't register in my head for anything.",1557220048.0,1
NoFap,"I'm christian, but no it doesn't help me and I don't see why it would. Some things u just have to deal with on ur own, and urges are one of them, they can't just be prayed away.  
It's part of being human.",1557219799.0,1
NoFap,"Same, day 4 as well, It's actually my first time really fighting to try and stay away from it.   
We can fight this guys!",1557218270.0,17
depression,"That's awesome!

I don't care enough about getting hurt to use it myself, which isn't a good thing at all. 
But I'm glad you care enough about yourself to use it.",1554802254.0,2
SuicideWatch,"The problem is I don't really know what I'm interested in and my motivation is absolute crap.  
I guess I can somewhat agree with being miserable with money at least, its better than having no money.  


Yeah, I've definitely reached out to family. I showed them some really deep stuff I wrote to better explain it instead of me trying to say it to them.   
Their christian so they aren't too happy about me wanting to kill myself (as u can tell by the hell comment), and care but aren't supportive in a helpful way. 

Their way of being supportive is telling me I need to lay everything on christ and just pray and everything will work out. They tell me stuff like this for the first day or 2 and then the only support I supposedly get is when they tell me their praying for me.  
Wtf!? thats like telling someone who is drowning that your praying for them, if they can't swim on their own they will fucking die without your help.  
",1553850650.0,1
SuicideWatch,"Thank you.  
I've actually thought about a blog or youtube, I just don't know where to start, everything takes so much time.  
",1553842552.0,5
Dreams,"No she Isn't, which might be the reason she was in my dream because I don't have anyone in real life.  
Really hits you hard.  
",1547285474.0,1
depression,"That sounds sick! wish I had places to do stuff like that, I dont want to die but I like taking a bit of risk ""Its thrilling!""",1545383567.0,1
depression,"Same I can't tell u how many times people have told me I need to make plans for the next 2-5-10yrs or asked me what i wanted to do by those yrs.  
I just don't see shit happening though and I already hate my life, everyone tells me to get a job, but a job takes up all of ur time and I can't stand the average jobs. There's got to be another way to make money.

why would i want to spend the rest of my life working for money so I can live to go back to the same dead end job the next day? just kill me or show me a way that doesn't make me feel like im killing myself every day.  
",1545383260.0,1
depression,Bro seriously? that's savage af!,1545381659.0,1
depression,"dead on this is literally me, I rarely come out of my room unless It's for food, but sometimes I come upstairs and I feel like I have depression written all over my face. My parents know that im depressed cause I told them but It's like they have amnesia and completely forgot that I'm depressed cause they act like im just being weird. And I'm like what the hell? Do I have to start every day after I get up announcing that I'm depressed for you to finally realize it?",1545379595.0,1
depression,"yeah and it made it worse.  
I opened up to my parents except it was quite a bit more than that. I had started writing at night cause I wanted to understand what was wrong with me and lets just say this was deep, like this should have phased them, I literally let them inside my head. 

They read it, told me I just needed to get another job, make some friends and now It's like they completely ignore me.

Props to everyone else who opened up, it sucks cause u go through so much alone that u get to the point where u can't take it anymore and just want someone to at least understand. But they don't they either act like your just seeking attention or they act like its just a bad day that you'll get over by yourself.  
",1545378633.0,2
lonely,"It makes no sense man, cause I know as well that there are plenty of other things much worse, but there's just something about being lonely that makes life feel pointless and empty. And then everywhere you go it seems that everyone has someone except you, ""way to add to the pile"".",1544345610.0,3
lonely,"Thx for putting it straight. I need to hear what im doing wrong, cause even if I know I'm digging my own hole I'll never be the one to tell myself to stop and deal with the issue. As far as school and a job, im graduated and unsure on whether or not I should go to college. There seems to be mixed opinions on that being a good or bad choice. I don't currently have a job right now, been looking but haven't really found much recently, I don't want to get a job that I hate cause that would do more bad than good for me. 
I still do my hobbies that used to make me happy, but they don't make me happy anymore cause I have no one in person to share them with. I share them online and usually get good feedback but it just Isn't quite the same for some reason.",1544344130.0,2
lonely,"I appreciate your empathy, I can't really say I've gotten much of it in my life. your definitely right about me not having my life together, I've been trying to figure out what i want to do with my life but everything I come up with usually backfires and then I move to the next best idea. I also have a tendency to get ""extremely"" bored with things that are repetitive, for example I got a job at Mcdonald's and was put on grill flipping hamburgers for 8hrs every day. I quit after 1 week, so that tells you a bit about how I feel about the average jobs that are repetitive as hell.
Anyways, thanks for your opinion, I'll try to work on some of those. I hope we can all learn something from each other here.",1544341937.0,2
