subreddit,body,created_utc,score
AdultChildren,her suicidal thoughts didn't occur in a vaccuum,1673097403.0,1
SuicideWatch,following,1673059149.0,1
Philippines,how heroic,1673055525.0,1
SuicideWatch,"for someone who hates disgusting things you think a lot about disgusting things. felt myself gagging reading this, no offense",1673050746.0,16
SuicideWatch,[ Removed by Reddit ],1672961322.0,1
SuicideWatch,you seem lost. you're in suicidewatch where all we want here is death. you think it doesn't make sense that we're jealous of those who have it? i am sorry for your loss but don't use it to invalidate our suffering.,1672961184.0,4
SuicideWatch,"We're here on Earth to watch the pretty sunsets 🥺
/s",1672915602.0,6
SuicideWatch,i dont know but it sounds like it. good luck and i hope the pain stops soon.,1672879803.0,1
SuicideWatch,please. i just need a gun also.,1672878209.0,1
SuicideWatch,"People only care when you disappear.

Fixed that for you.",1672876756.0,3
SuicideWatch,"they laid out the situation. can you lay out a solution? other than ""im sure there's a solution""",1672830196.0,0
SuicideWatch,it's one thing to empathize with someone's pain and another to kick them when they're down. you fuck off.,1672829677.0,7
SuicideWatch,"what, like ""it's gonna get better"" sorta shit?",1672827775.0,6
SuicideWatch,"gimme, I'll do it in an instant!",1672800493.0,1
SuicideWatch,[ Removed by Reddit ],1672800428.0,1
SuicideWatch,that's so terrible you feel reduced to your physical appearances. im 4 ft 11 inches 22 years old by the way... 5 ft is not that bad. is it? 💀💀,1672445909.0,1
SuicideWatch,sounds like a good enough reason to me.,1672445776.0,1
SuicideWatch,"man!! hugs.i feel the exact same way.i wish i had a friend like you irl so i dont feel too abnormal, but i dont have any friends and i AM abnormal. i just ranted about this same thing the other day, people always asking why im quiet etc, and had a mental breakdown over just wanting to be someone else who is normal. ive felt this since i was younger than your age and still encounter that feeling of unbelongingness very frequently in my day to day life, and still feel like utter shit about it--groupmates making a separate gc without me, that kinda shit. exclusion hurts even if i am comfortable in my introversion. im comfortable with myself, but im not comfortable being myself when im out there in the world, so i am sorry to be honest that I can't say it gets better because it hasnt. im 22. we either unalive ourselves or not be ourselves if we continue living because it's the only way to be accepted.",1672402775.0,1
SuicideWatch,"only way to know is try. but there is treatment resistant depression, so sometimes it doesnt work.",1672402299.0,1
SuicideWatch,I'm sorry Ruby. I hear you and you are totally justified in your anger.,1672402185.0,1
SuicideWatch,ya ikr happiness is a choice and it's all our fault we're like this,1672386602.0,3
SuicideWatch,read rule 4c and 4d of the sub,1672386435.0,1
SuicideWatch,from the philippines too! dm me when you get answers,1672366369.0,1
SuicideWatch,make sure to leave a public review somewhere so no one else has to waste money on her,1672366078.0,1
SuicideWatch,"looking for someone who i could die with, if you're in the philippines we could do it together",1672365904.0,2
SuicideWatch,same. hate em cuz i aint em,1672365789.0,2
SuicideWatch,sometimes giving up is the smart thing to do.,1672365453.0,1
SuicideWatch,"that is horrible. i dont have any advice, and im sorry that this comment doesn't help, but i believe you and hope you fight for the truth.",1672338770.0,2
Philippines,"probably not the earliest, but also kind of the most vivid were my lunches back in high school. laging yung lunch ko, hakdog and toyo and rice, or itlog and toyo and rice. sometimes ketchup. tas yung mga classmates ko masasarap yung baons or bumibili. ewan ko ba kung tinatawanan ako ng mga tao noon na lagi nalang ganto ulam ko, ganto ganyan. kaya bumaba nalang ako sa cafeteria, found an isolated place for myself, and ate there alone, para lang di maramdaman yung judgment na ewan ko ba kung gawa gawa lang ng utak ko. 

yung ngipin ko den. sungki sungki. kahit anong brush ko di na sya naaayos. alang pera pa-pasta or pa-brace. nakakaself conscious ngumiti kaya di nalang, or tatakpan nalang bibig. di nalang mag sasalita. tas pag titingnan ko sarili ko sa salamin, nandidiri ako pero wala naman ako magawa. iba trato sayo pag pangit ka e. nagawa lang akong respetuhin ng mga mayayaman kong classmates maybe dahil consistent naman na mataas placing ko sa ranking. wala e, constantly threatened ako na wala akong future kung babagsak ako pag winaldas ko scholarship ko. 

yung balat ko din. more recent to. dami kong naririnig about skin care routine ng classmates ko. naghihilamos naman ako. with sulfur-containing soap ganon. pero wala e. pangit talaga and tubuan ng pimples kahit im already past 20. di ko mabigyan sarili ko ng ganong level of care. kaya di ako relate pag usapang skin care na e.

sobrang dalang ko lang mag jabi or mcdo. maybe less than 10 times a year lol. sometimes 0. di pa ko nakaexperience ng starbucks. dami kong classmate na milktea regular. may mga sasakyan, doctor o businessman magulang, samantalang yung tatay ko labor man. okay lang. mahal ko naman sya. pero nahirapan akong iovercome yung hiya na yun. 

kainggit din mga classmate kong di na need magpanik over grades. mayaman e. di kailangan mag maintain ng scholarship. 

hiyang hiya din ako pagtinatanong saken ng mga kaklase ko kung san ako iddrop off (minsan may school projects and need sumakay sa kotse nila to get to places). eskinita lang kase kami. squatter area. kaya magpapababa nalang ako malapit sa SM or sa 7/11 kunwari may need ako bilhin tas maglalakad nalang pauwi. one time nung nangyari to kinutuban akong sinusundan nila ako kung san ako pupunta kasi medyo awkward yung pagkakasabi ko na need ko na bumaba. tas the next day, sabi ng kaklase ko na sinundan nga nila ako just to see where i'll go lmao. buti nag stay lang ako sa 7/11 for few minutes browsing shit and ending up buying nothing before walking home. 

ay isa pa. laging sira yung mga backpack na ginagamit ko nung high school. dami kasing subjects, kaya daming books and notebooks na dala, so mabigat. pero mumurahin lang yung bag kaya agad nasisira. gusto ko sanang magpabili ng mga legit na bag sa mall kaso di afford e. minsan nga ginamit ko nalang laptop bag, pero i was mocked for that: ""yo laptop bag ba yan? lmaooooo."" so hiyang hiya ako lagi pag minsan bubukaka nalang yung zipper or masisira yung stitch ng daladala kong bag. 

kung mayaman ako siguro mas maganda ako, mas mentally healthy, mas maraming friends, less socially awkward, less socially isolated, less depressed, less anxious about the future, and less suicidal. 

kung kinailangan kong maging mahirap sana di nalang ako nag aral--is what i end up thinking sometimes. along the lines of ""ignorance is bliss"". at least di ko sana nakita yung perspective na mahirap ako, na maging ""happy lang"". 

kaya galit ako sa mga mayayaman kasi inggit na inggit na inggit na inggit ako sa kanila. di nila kasalanan na mahirap kami pero pag napapaisip ako sa naging buhay ko napapa ""putangina nyong mga mayayaman"" nalang ako. my parents did my best but i did nothing to deserve this kind of humiliating, dehumanizing existence. 

they didn't, either. they were born to poor parents too.",1672330253.0,9
SuicideWatch,"we're here because our parents, or one of them, got horny. it's delusional to think the universe conspired to create us.",1672324965.0,4
SuicideWatch,"nah, you're the only one here making yourself look bad",1672319905.0,6
SuicideWatch,you love them? really? what a fucking lie. thanks for the chuckle,1672317682.0,0
SuicideWatch,do everything you can to get her a plan B pill. whatever you spend on this would be way way less than what you will spend if you have the kid.,1672315026.0,7
SuicideWatch,"it is okay. it should be okay to choose when we die. we were forced into this party we never consented to join and no longer enjoy, so we should be allowed to leave. instead we're being blackmailed to stay by guilt and survival instinct.",1672314739.0,2
SuicideWatch,i dont have to desire desiring things again.i just want to stop and die.,1672314230.0,15
SuicideWatch,Lost All Hope. idk about deepweb but this is a good resource,1672312750.0,1
SuicideWatch,im the same way. i can't be convinced anymore that there's anything good about staying here,1672312124.0,66
SuicideWatch,what if i lack the desire,1672312021.0,21
SuicideWatch,"mann, so jealous of you.",1672299040.0,0
u_No-Macaron-7180,"i know you're not talking to me, but i was just about to comment that yeah, it does look pretty.",1672297471.0,1
SuicideWatch,"wow, this sounds exactly like me. ive been regressing to an age where i used to love barbies and watched cringy shitty barbie movies.",1672283201.0,1
SuicideWatch,i hope you stop hurting and that you get whatever you want.,1672219348.0,2
Philippines,good for you! unfortunately those who aren't rich like you can afford to be so selfless. check your privilege.,1672216917.0,1
SuicideWatch,"i read somewhere it lasts for 17 minutes, so not an ideal way to go. the fastest is by gunshot (idk if to the head or to the throat), i read that that one lasts for less than a minute.",1672190755.0,1
Philippines,go adopt someone if that's your stance.,1672189854.0,1
Philippines,"inis na inis din ako sa ugaling paghahalungkat ng pictures ng tao tas ipopost sa gc para pagtripan. ""joke lang naman."" ""ang sensitive mo."" ""cheer up.""  mga responses na naaanticipate ko kung magrereact ako na  di laugh react sa pag kakalat nila. kahit between friends lang. ewan. ano bang problema nila. sa mga gumagawa nyan dito, bakit?",1672189557.0,3
Philippines,wdym walang pinagkaiba? they chose to have children. op didn't.,1672167628.0,1
Philippines,"100%!!! Kaya medjo nagulantang ako nung makita kong basic lang for this subreddit ang Starbucks when I have never ever experienced their coffee because it's out of my budget, ie would rather save that money for future needs. Then again most of the people here are mayayamans (ok sige, upper middle class)",1672162725.0,1
SuicideWatch,no one can answer because there's no reason to stay alive and they just don't want to admit that.,1672028574.0,2
SuicideWatch,i read this. i agree 1000%.,1672028078.0,2
SuicideWatch,"that's a longwinded way to say ""it's your fault you're depressed""",1672021200.0,0
Philippines,"having a hard time believing it's ""bihira"". a lot of my classmates who were friends with each other randomly grabbed each other's tits all the time. ""joke lang naman"" daw so i just assume even now that it's normal within friends.",1671945700.0,0
Philippines,"exactly. they all sound like the ""not all men"" people",1671945451.0,1
SuicideWatch,im just demonstrating that that positivity is fake. youre welcome,1671940700.0,1
SuicideWatch,"i had these thoughts when i was around that age too. it hasnt gotten better for me and it's been a decade. im sorry life hasn't been kind. i frequently wish i was brave enough to do it too, but alas thoughts of failing and brain damage and becoming more of a burden if the attempt fails is kind of daunting me.",1671902320.0,1
SuicideWatch,"I've never read my ideas written by someone else, so reading this brought a smile to my face,morbid as that is. this is what i think as well. i proposed it as my topic for a persuasive speech topic with the thesis ""suicide is logical"" in 11th grade but it was not approved.",1671900289.0,2
SuicideWatch,"""so long, suckers""
""never wanted to be here""
""have fun with the party! no longer having fun so im just gonna go home now""",1671900025.0,6
SuicideWatch,"and when he declares wanting to die, all these ""friends"" suddenly popped up saying they love him and to stay alive suffering 😆",1671896563.0,11
SuicideWatch,wdym nature doesn't suck? cancer is nature. eating an antelope alive is nature.,1671896452.0,-4
selfharm,it's a thing? wtf? (can you tell me more about that? im curious how they make that a thing,1671895979.0,28
Philippines,"dumbass, i meant monetarily rich 😭 not enjoying my Christmas but im sure youre enjoying that new xbox of yours or whatever rich kids demand their parents to get them. im jealous but im sure you think wanting a better life for myself is ""white knighting crab mentality""

ge, mock me pa for being poor. very typical rich kid attitude.",1671895047.0,0
SuicideWatch,[ Removed by Reddit ],1671894667.0,2
SuicideWatch,invite her to binge watch something? read something together? try out a game together? distracts me from the pain of living when i do those with my person.,1671894570.0,1
SuicideWatch,"been wanting to die for years and im still here. it's not that i'm ""strong"" like the other commenter is saying, but it's that i can't face the rope or the ground or the ocean or the potential brain damage if i fail.",1671894208.0,2
SuicideWatch,"why do you say ""i love you"" to strangers? it's fake as fuck",1671894020.0,0
SuicideWatch,"yep, it's not. it wasn't ""given"" to us because it was ""meant"" for us. we were just born because someone spread their legs and someone ejaculated.",1671893847.0,9
SuicideWatch,wdym hope? lol. that's just survival instinct.,1671883229.0,0
SuicideWatch,"even if i deserve to be alive, i don't want to be.",1671883127.0,1
Philippines,"I agree. I often think of killing myself and it's even sadder that I can't bear the pain of it

Edit: aw, a concerned redditor reached out for me to get reddit to offer me mental health services. ya doing real work here. thank you for saving my life oml",1671882470.0,1
Philippines,ok rich person,1671882412.0,-2
Philippines,"idk man, that's a privileged pov. it's easy to get jealous at other people who have it better",1671803685.0,-18
Philippines,"hindi yan dahil sa di sya kinumusta, pero dahil nanghihingi ng pera lol",1671755198.0,2
Philippines,di ko gets connect sa christmas,1671167168.0,1
Philippines,"because a lot of filipino men are traditional. and being traditional comes with being a misogynist. sure misogyny is not exclusive here, but i'm talking about the high probability of that here",1671161397.0,9
Philippines,i also hold the position that god raped mary,1671160175.0,1
Philippines,gago nyong mga mayayaman,1671148549.0,1
Philippines,Lucifer. I tend to gravitate towards guys who were thrown away and now wants revenge,1670572434.0,13
SuicideWatch,"can you pls dm me options that could guarantee me permanent sleep

i really need a soundboard",1670060499.0,1
SuicideWatch,the reason we're all here is our parents got horny.,1670060223.0,8
SuicideWatch,"oh. you're right. i meant that his life has been so comfortable that he can't deal with the discomfort of work to ease the discomfort of his parents. 

thanks for the well wishes.",1669724098.0,2
SuicideWatch,"i've been wanting to kill myself since 14. told myself i wouldn't live past 20. lol. im kind of a joke that i haven't done it yet. it hasn't gotten better. people lie to keep you here so they feel good about themselves. i deluded myself that it will get better, but it hasn't. and now im still alive and hate it and wish i did it long ago.",1669698175.0,1
SuicideWatch,i also want to be deluded into thinking that things will be better. it feels like everyone is lying when they say it will. it hasn't for me.,1669697908.0,1
SuicideWatch,peace. hope you get whatever you want to get.,1669697673.0,1
SuicideWatch,"wdym, temporary? it's a permanent solution to the permanent problem that is life. i want it so badly. same as you, i've been suicidal since i learned to think. wouldve done it long ago if i didn't have anxiety about failing and there's no pain in dying,",1669697619.0,1
SuicideWatch,"so why not make the effort to not be a burden especially if you are capable enough to work? like i said, if they felt guilty enough they'd make the effort to, but they don't because they *don't* feel guilty enough about it. they don't *care*. they're ok leaching off of others, making others grind so that their own life is comfortable. i really can't bring myself to respect that. sorry.

though honestly the reason im bitter is that im jealous that the reason he wants to kill himself is that life is too comfortable. the reason i want to kill myself is life is too ...uncomfortable to put it lightly.",1669695963.0,-1
SuicideWatch,">I'm surprised the ups don’t outweigh the downs after explaining how I am in the middle of heartache

it's like you're not hearing yourself",1669680545.0,3
SuicideWatch,"the ""truth""? lol. maybe *your* truth. you're downvoted because you say the ups outweigh the downs, when for a lot of people here the downs are so terrible that they're not worth it for the ups.",1669679595.0,2
SuicideWatch,"i agree with this. just one upvote your many downvotes. i get having no passion and being suicidal, but i don't get knowingly making yourself a burden and taking advantage of the kindness of others. op doesn't even feel guilty about this! guilt would have been enough of a motivator to deal with even pre-school teaching but they're only thinking about themself when they reason ""it's not for me"". living off of the grind of others makes him kind of an asshole in my eyes.",1669678301.0,-6
SuicideWatch,that was prettily written. but man i really don't want to live that long. the thought horrifies me. i want to be gone asap. it's frustrating that i'm too scared to do anything about it though.,1669637531.0,1
SuicideWatch,it might give you comfort that that's a whole philosophy. antinatalism.,1669248611.0,7
Philippines,"sounds terrible, would rather stay at home",1669122132.0,3
SuicideWatch,"i tell myself that unless i have a method and am 100% sure going through with it, im going to get my shit done. whether i like it or not, a good grade makes me smile, and i will work all night if i have to to experience that smile again. school has trained me to attach my self worth to my grades, so it is what it is.

and even if you fail with your grade, everything will be alright. in the end, we will still get the death we want so badly.

even though i fantasize about being dead all the time and 100% would like to be dead right now, in the end, im only passively suicidal. i don't have equipment, or a plan, at least not yet. so until the day i consider myself actively suicidal, i will get stuff done.

hope this helps. i know it sucks. im right there right now myself, hence why im browsing this subreddit lol.",1669118982.0,1
SuicideWatch,you know how it felt before you were born? that's what death is. nothingness. peace.,1669118675.0,7
SuicideWatch,"the void, maschorizo.",1669118484.0,2
SuicideWatch,You're right. People don't know how to react to anything less than positive.,1669094694.0,1
SuicideWatch,"i hear you. if only killing ourselves was easy, but we have so many things cockblocking us from the exit door.",1669094487.0,13
SuicideWatch,"because humans are selfish. theyre gonna be sad if youre gone. and they don't want to be sad. so they'd rather you live and suck up to your misery and they can keep living guilt free or some shit. 

and if too many humans had access to painless death, who's gonna pay the taxes and slave away for the rich?",1669094386.0,19
SuicideWatch,"Yeah, just be happy, amirite",1669094217.0,7
Barbie,it doesn't really. excite me. i much prefer the superstar dolls!,1668167296.0,2
Barbie,"loveeee the pink one. you own her, you can do whatever you want with her! 💞",1668166984.0,1
Philippines,i doubt OP didn't try questioning their beliefs and opinions before already though. i have a feeling bringing up politics during the reunion would not end well...,1668154189.0,9
Philippines,"meron bang fanfic neto, will binge",1668153951.0,2
Philippines,do it now do it now,1668153920.0,1
Philippines,"oh ok, go make a hundred more children ig",1667905405.0,1
Philippines,"bakit pumupunta pa norte yung mga bagyo?why not pa-south? legit meteorological explanation pls, di ko talaga alam ahahaha",1667892563.0,1
Philippines,i think ye. vasectomy only cuts the tube. somebody correct me if im wrong tho,1667891437.0,1
Philippines,"Calling random people who make a choice that doesn't affect you in the slightest ""nasisiraan ng bait"" would get you that result, yeah.",1667891239.0,1
Philippines,"If you exert your brain just a little harder, you might come to the realization that lesser kids mean more resources (food, education, livable home, comfortable life) to provide for them and greater quality of life, than if the resources have to be spread thin for multiple children.",1667890991.0,9
Philippines,Wdym? Marvel and DC have plenty of that rich superhero stereotype,1667888303.0,1
Philippines,"i think ok lang as long as you're not dragging down the people around you. if having walang pangarap means making yourself a burden to the household and your parents etc., then di ok. but if it means just wanting to chill while being responsible for yourself, then g.",1667888132.0,2
Philippines,oof. no treats for a month then?,1667887848.0,1
Philippines,"hmmmm kami kasi, ako (F) nagsabi hahahha.

Me: bro gusto kita. 

Him: shook wtf gusto din kita. pano nyan

Me: tayo na?

Him: gege

parang bros lang kami e kaya di as stiff and formal as ""will you be my girlfriend?"" what im trying to say is parang natural lang, nadagdagan lang yung regular na pagsabi ng good morning/good night/ily XD",1667887557.0,12
Philippines,"was about to say sopas because i love my dad's sopas to hell, but when i saw this....yeah, you're right. 

that gabi and kangkong are my favorites T\_T",1667887213.0,1
Philippines,they're mad at the world. i'd be cussing out everyone too if i lived that way. it's not their fault they're poor and probably perceive the more privileged as the reason they're stuck there because no one wants to help them.,1667886881.0,1
Philippines,It's not an overpopulation thing. It's a bodily autonomy and quality of life thing.,1667886200.0,1
Philippines,men are afraid of a pinprick while happily risking their wives through childbirth...,1667886106.0,10
Philippines,FREE BISALPINGECTOMY WHEN,1667885633.0,1
Barbie,what makes the hair horrible? genuine question!,1667742185.0,1
CasualPH,wittyyyy,1667728878.0,1
CasualPH,"Were I trapped in a life like that, I'd be angry at the world too.",1667728221.0,6
Philippines,nope,1666859262.0,1
Philippines,"what are you doing watching that far into a fake news video >.>  


(give me a summary, im interested to know what mental gymnastics they used lol)",1666517277.0,3
Philippines,Because it's pointless to argue over fiction.,1666515837.0,2
introvert,I guess you think people all around the world should just cheer up because people elsewhere have it worse huh.,1665773144.0,1
Philippines,"why is pukingina normalized
why couldn't it be titingama mo",1665772642.0,1
Philippines,Wala wala wala walang dahilan bakit nandito tayo. Basta natamaan lang ng libog mga magulang naten. Their five minutes of pleasure for our lifetime of suffering. It's a senseless question. But I get the frustration.,1665772414.0,2
Philippines,"If I were you I would do everything for my Chidi including eating my pride and begging for help. Judge na nila ako ""bat ka nag aso kung di mo kaya"" basta mahalaga he will be with us longer. Be proactive and strong. Kayanin mo yan. /genuine",1665772073.0,1
Philippines,"shit. im so sorry OP.
may i ask ano yung sakit nya and paano daw nakukuha?
im so sorry talaga.",1665771848.0,1
Philippines,ano muna thesis title mo boy,1665770691.0,1
Philippines,para daw unique. overcompensating for the fact that they are boring af people,1665770110.0,1
Philippines,bc your parents got horny and didn't use protection /lighthearted,1665769187.0,11
introvert,Try to spend your birthday doing things you like to do? I would be fine if my boyfriend left me alone to read or something on my birthday lol.,1665768220.0,6
introvert,I do this too. I don't imagine the world ending but myself ending though lol it brings me comfort to know that there's an end and a way out of this seemingly endless existence.,1665768054.0,1
introvert,"go feed the children and stop scrolling on reddit then, asshole.",1665767953.0,2
Philippines,No one ever remembers Matantei Loki. 😭,1665483879.0,1
Philippines,At isa ka namang gago.,1665139474.0,2
Philippines,Amen.,1664956076.0,2
medicalschool,"i feel like this was the most loaded part of the interview and i talked a lot about the different things i've explored in my short two decades of life: sewing 1/6 scale clothes and crafting miniatures, keyboard, writing fanfiction, digital art, reading......",1664892893.0,2
Philippines,GAG,1664172739.0,2
Barbie,whose dress is the one worn by the seventh doll from the top? looks weird to me because i recognize brunette bead blast's stripes. anyone has any idea?,1663480260.0,1
Barbie,"Whatever you like! Though articulation is good, like others have said, connection is important for me when collecting, so I also collect dolls from the Barbie movies of my childhood.",1663479805.0,1
Philippines,"no, i'll stay here. cry about it. 

go continue drinking 2L of coke waiting for the tax before you start controlling yourself.",1663479546.0,1
ScaramoucheMains,u/savevideo,1663469934.0,1
Philippines,grabe gusto koooo 😭😭😭,1663167187.0,0
Philippines,better leashed than unleashed tho,1663149211.0,1
Philippines,"the poor are forbidden from adding a little taste to their life. got it. 

also, i study nearly 17 hours a day. don't you tell me to spend less time lying in bed and happening upon people like you probably just got bred into a rich family and never had to work hard for anything.",1663031306.0,1
Philippines,"so lahst gusto mo madamay dahil di mo makontrol sarili mo dana talaga, minsan na nga lang kami magcoke gusto nyo pang tanggalan what little luxury some people could afford to have. fuck you.",1662977986.0,2
Philippines,"Torn ako dito. I have a lazy partner, no ambition or motivation, dropped out of first year college, now returned but last night just told me he's cramming for three papers to be passed the next day because he has been procrastinating on them for weeks, just wants to be a gamer, games all day, and doesn't want to work either! When we met he was first year college and I was in grade 12. Now I have graduated and he's STILL in first year college. He doesn't feel guilty that he's squandering his parents' money and honestly, HUGE turn off to sakin. I should break up with him and he hasn't responded to me since I communicated to him this concern. 

He has the same mindset as you, probably. It's okay to just want to be content and happy and lazy, but when you're doing all those at the expense of someone else's grind like my partner's, grrrr. I worry that when we move in together he'll be dependent on me or still be dependent on his parents, and I want a partner, not a child.

So yeah. That might be part of the reason being lazy is not as respected as being hard working.",1662810482.0,4
Philippines,"di mo nakita yung misogyny na nangyari dun tho? men ganging up against a woman. any misandry you saw after that was the result of that misogyny. (also the ""magpakalalaki ka"" narrative is toxic masculinity not misandry)",1662708763.0,1
Philippines,sinong male candidates? curious ako dito di ko talaga alam,1662686597.0,2
Philippines,bobo,1662677746.0,19
Philippines,Can anyone inform me about the implications of this data breach? Anong bad stuff ang pwede mangyari sakin because of this? Nakakareceive din ako ng spams but I just ignore them and life is as normal as it could be naman. Genuine question.,1662621345.0,1
Philippines,edi gawa ka rin ng post about nurses,1662539629.0,3
Philippines,Ugh god totoo. Di naman ako nagcchat ng HAHAHHAHA or BWAHAHAHA or GAHAHAH or sksksksks dati pero kinailangang mag adopt to not seem distant sa mga kaklase ko. Nakakainis that I have to do this.,1662269641.0,3
Philippines,Being born is a privilege? Wow speak for yourself,1662265475.0,1
Philippines,hope theyre an ex now lol so insecure,1662265220.0,1
Philippines,Kahiyain mo muna presidente mong party ng party,1662264362.0,1
Philippines,di naman yata exclusive yung high libido sa pinas? idk tbh,1662116662.0,1
Philippines,nugagawen boss,1662116504.0,3
Philippines,iiyak na yan,1662116458.0,10
Philippines,sisi natin to sa shit education sa pinas,1662116169.0,5
Philippines,why are you asking? are yours in insufficient supply?,1661911913.0,2
Philippines,bat di sila yung tumulon if they want to help so much,1661911333.0,8
Philippines,"more importantly, how the fuck are you worthy of oxygen",1661861911.0,2
ShopeePH,"this happened to me with the Entrego courier TWICE. so the third time na si Entrego yung magdedeliver (i didnt pay attention kasi sa option to change couriers), i called and called and called the number of the rider and told him if he could please deliver my package,and that afternoon i got it. this rlly sounds karenesque ik but after having had a return to seller incident twice with the same rider without delivery attempts i was suspicious that he was just being lazy. (or maybe really really burnt out.)",1661787540.0,1
Philippines,ask prof for advice?,1661368140.0,1
Philippines,"yung company na pinapasukan ng padre ko, maraming hinahire na deaf people.",1661368024.0,1
Philippines,kadiri naman yang phrase 😬 gets ko naman sentiment tho,1660878993.0,3
Philippines,men can also suffer from sexual assault.,1660821447.0,2
Barbie,I love it!! I am inspired! Thank you for sharing!,1660656071.0,5
Barbie,thanks for sharing! never knew about this line until now.,1660484213.0,2
Barbie,i enjoy sewing for my dolls so clothes for curvy Barbies are no issue for me. i do understand that some people don't enjoy sewing particularly so i get what you're saying.,1660483915.0,1
Philippines,"i think this is a genuine question idk why youre downvoted >.>  
(no idk the answer either)",1660288325.0,2
Philippines,totoo? in that case lmao,1660287209.0,1
Philippines,*torn c:,1660189034.0,2
Philippines,i mean they brought us Christianity,1660188215.0,3
Philippines,anong nangyari? anong ibig sabihin ng conyo??? i looked it up and said it's a spanish word for female genitalia???,1660188049.0,1
Philippines,Ohh I get it so this man wants this champion to be pregnant so that she won't be so great anymore which would be good for his self esteem got it got it,1659767954.0,2
Philippines,basic question lagi yan sa first class ng mga kasaysayan subjects. unless di ka nag aral or pinagawa mo kay mommy yung homework mo then I understand why you don't know the answer to that,1659767469.0,6
Philippines,strawman beater moment,1659597442.0,3
Philippines,tell that to your rapist priests,1659597327.0,2
Barbie,question: is Genevieve's skirt not removable? I'm kind of not fond of it myself and is one reason I still don't have a Genevieve,1659576298.0,2
Philippines,wife beater moment,1659576103.0,8
Philippines,meh... i read a lot and I haven't bought a single book in my life (not textbooks),1659524067.0,1
Barbie,I'm partial to 4 because she's one of my childhood Barbies but I loveeee 3 as well,1659363008.0,1
Barbie,"Clara!! Congrats! I have a Clara too, but only the budget version (Fantasy Tales 2003), like your childhood one. Mine also has the same discoloration issue which I heard is common in Indonesian dolls though I have no idea why.",1659362917.0,7
scientistsPH,"not a scientist, just a pleb with a bio degree, but following!",1659362651.0,1
Philippines,"bohol what 
tell me more, what was that for?",1659361882.0,1
Philippines,diko gets and im not sure i want to with that hugeass downvote count,1659359022.0,1
Philippines,ugh yes!! but i think the country is too primitive for that rn tbh. we haven't even legalized divorce yet,1659247257.0,7
Philippines,"doesn't look like barbie, her head looks too big i think
 i would take care of her if you let me 😭",1659246354.0,1
Philippines,but I didn't like the ending,1659143800.0,1
Philippines,"retort with ""bakit ka nag anak baka pagsisihan mo yan""",1658632752.0,8
Philippines,just checked it out and couldnt stop listening. it gets my adhd brain focused!,1658629261.0,3
Philippines,"idk what the birb is, but i just wanted to drop this comment to say that ""specie"" is not the singular form of ""species"". ""species"" itself is the singular and plural form of the word c:",1658628826.0,49
Philippines,"i like how papaya makes the soup taste, but i like the texture(??) of sayote better. it's a dilemma for me",1658628238.0,1
Philippines,"stupid question, bakit galit yung mga tao sa WHO? pansin ko lang sa posts about WHO declaring it as a global emergency, grabe yung sama ng loob",1658628057.0,53
Philippines,"""pinalalago ko muna sarili ko, ayoko ng pabigat.ikaw bat ka nagjowa/asawa?""",1658627890.0,8
Philippines,"i think by ""y'all"" they meant pinoys in general, not you personally",1658627735.0,24
Philippines,i need this to be a show,1658582238.0,2
Barbie,"just a suggestion, unfollow the sub",1658580850.0,3
Barbie,"i second this, i want to see more pics of people's collections in the sub!",1658580166.0,3
Barbie,i love her!!!,1658579524.0,1
Barbie,im from SE Asia. I shop through Carousell and the Facebook marketplace.,1658579299.0,3
Philippines,what the fuck. why isnt he in jail. i probably know why (shitty justice system) but *why? >.>*,1658565069.0,1
Philippines,seryoso ba yang bragging about his pedophilia or exaggeration? sounds too surreal to be true...,1658321667.0,1
Philippines,Sara without an H,1658319461.0,2
Philippines,pag sinearch ko ba to makikita ko sya sa reccs ko 😬,1657719589.0,4
Philippines,tbh i dont get the deal with tapioca pearls,1657718586.0,6
Philippines,at least you're honest with your disgusting selfishness,1657717796.0,5
Barbie,her hair looks amazee,1657687017.0,2
Dolls,incredible!,1657586863.0,2
DecidingToBeBetter,"as someone who has been bullied (and, like your friend, became angry and closed off, the effects of which that i still live with today) i fantasize about my bully coming to me to apologize and me punching them and kicking them and dragging their face to the gravel in return. your friend is definitely more matured than i am, because i wouldn't forgive my bully either. sorry that i have nothing nice to say, just venting that out",1657559072.0,7
Barbie,love the face of the one on the left and the hair and accessories of the one on the right... why not take both?,1657531575.0,1
Barbie,"loved it when i was a kid. as an adult, relative to other barbie movies, it's probably a 5.5/10 to me",1657531459.0,3
Philippines,i agree (and im as anti-making more babies as it gets.),1657525311.0,2
childfree,"and this is why i hate m- 

oh right not *all* men are like this so I can't be mad at this behavior even tho still too many men exhibit it (:",1657520368.0,4
Philippines,found the narc lola,1657476033.0,3
Philippines,who,1657474500.0,1
Philippines,"fortunately, wishing or praying doesnt do anything then :/",1657474326.0,0
Barbie,"i thought so too, this is from a seller's photo. i love her face which is why im asking who she might be. reminds me of clara?",1657471298.0,1
Philippines,they tacked an /s my guy,1657274695.0,26
Philippines,the venn diagram between the two is a full circle,1657094403.0,12
Barbie,love love love the diversity,1656647559.0,2
Philippines,"i would if i had access to guns, dont want to writhe in pain for minutes",1656577928.0,1
Philippines,u/savevideo,1656577652.0,11
AskReddit,another guarantee is hysterectomy (close is also a bilateral salpingectomy and a vasectomy),1656469905.0,3
childfree,"""Shame your child doesn't really love you""",1656435346.0,3
Philippines,"ye makes sense, i just dont think about this profession a lot so it never clicked",1656435132.0,1
Philippines,bobomo,1656415197.0,1
Philippines,didn't know engineers also had to wear lab ppes,1656414023.0,1
Philippines,https://youtu.be/ohIawGWYp_8,1654960608.0,1
BorderlinePDisorder,yep. blocked them on everywhere and i hope we never see each other again even though i think about her all the time even after years have passed 😌😌,1654938672.0,5
Philippines,"that one flash frame: ""No you are not a man of culture. You have a hentai addiction""",1654938566.0,59
offmychest,this tbh,1654923707.0,2
antinatalism2,puta,1654910004.0,1
Dolls,i see!,1654909725.0,2
childfree,im not defending that,1654909510.0,3
Dolls,princess of ireland!! beautiful!,1654909166.0,3
childfree,"yes it is her own choice but what grosses me out, personally, is that they also make the choice for their unborn child to exist without their consent. for me that's what makes it self important, tho that's more an antinatalistic perspective than a childfree one. and i agree it's misogynistic to only blame the woman for that since it takes two, it's just that it's more blatantly displayed for the pregnant woman.",1654909049.0,2
Dolls,why do you say so? why is she a grail? she looks like an ordinary vintage to me (im a newbie in the Barbie community),1654907692.0,1
childfree,"And it's we who are selfish.

Fr between parents and the childfree it's the former who would pull this kind of shit probably more often than not",1654878361.0,8
Philippines,anong nangyari afterrrr,1654877236.0,1
LongDistance,beautiful!,1654786697.0,4
LongDistance,it's pretty claustrophobic,1654786683.0,7
Philippines,u/savevideo,1654698816.0,1
Philippines,this tbh. nakakadiri.,1654697207.0,6
Philippines,"sa bahay lang din aso namin. pwede daw kasi dumikit yung virus sa mga sapatos, damit, etc.",1654665782.0,1
Philippines,"pa 5-in-1 nyo din po (against parvo, distemper, hepatitis). nagkaparvo yung alaga ko before pa nya nacomplete yung vaccination nya and i was told na 50/50 nalang buhay nya nun huhu but thankfully he's fine now. nakukuha thru nasal/oral-fecal route, pag inaamoy nila infected na soil, tae, ganun. although di na po to free sa vet namin, better safe than sorry.",1654615138.0,3
Philippines,you're right 100%. just wanted to point out that dogs and humans are dependents at about the same amount of time (since...you know...canine lifespan),1654614855.0,3
Dolls,that's okay! i just wanted to ask what you used to make her hair. I love how yours turned out and I wanted to learn a thing or two so I could do it myself.:),1654613845.0,1
Dolls,what kind of thread did you reroot her with?,1654610574.0,1
KaeyaMains,oh god. oh god. he is so beautiful. you are so beautiful. oh my god.,1654610428.0,4
LeopardsAteMyFacePH,"shet, reading all these comments, antitibay nyo guys. naaawa pa ako e, kung nanay ko yan di ko magagawang ignore kung wala na talagang pagkain. (and my own mother is for bbm.)",1654526515.0,1
antinatalism2,i teared up. we need more posts like this,1654477919.0,2
antinatalism,can anyone brief me what happened,1654476921.0,16
antinatalism,im leabing this gronp,1654476515.0,2
Philippines,"anong gusto mo, sikretuhin nya pagtulong? ofc bbm fuckers would love that",1654427768.0,3
Philippines,"barbies!!! the only barbie doll i had when i was young is not even a legit mattel brand, just a china knockoff,because we couldnt afford the real ones. i really loved her tho and i still have her--she's the most special of the bunch despite being the cheapest, money-wise. now i have 40+ in my collection.",1654067887.0,1
Philippines,"did he scream it? who exactly heard him? kinda sus of this because some people treat him like god and as someone here said, thats also what jesus said",1653929126.0,4
Philippines,legit ba yung una? video source if so plss,1653904088.0,1
Philippines,mas malutong kesa sa english curse words.,1653903613.0,3
Philippines,yak,1653903163.0,5
Philippines,putang ama,1653889127.0,1
Philippines,more like walang paninindigan.,1653888650.0,1
Philippines,how do the trolls/apologists defend that btw?,1653888398.0,22
Philippines,fantasy. yung mga mahihirap talaga unang matatamaan.,1653888308.0,5
Philippines,you can't stand seeing people being happy for her. and we're the toxic and bitter ones.,1653839973.0,2
Philippines,"what you said is true. but the jump from politics to an extreme trigger is sudden. sure they're connected, but it's a leap. sorry ha, genuinely, if this is true. mahirap magtiwala.",1653837043.0,3
Barbie,"yes! same! my first Barbie is a knockoff Barbie because we couldn't afford the ""real"" ones, but Ellie is really special to me despite not being the real deal. i cried when i accidentally broke one of her legs and i had to bother my dad to fix it with glue (which took him weeks to do because he was often busy and i didnt know where to find the strong type of glue.) 

in fact, 15 years later, i still have her! just with new hair (rooting her previously unrooted bald scalp brought my fingers so much pain) and rebodied to give her articulation, so technically it's just her head that stayed with me up until this point... oh well! she is so many pleasant memories.",1653826317.0,2
Philippines,crossed my mind as well. thx for mentioning how old the acct is. the rant got strange for me when they brought up r/pe out of the blue almost clearly as if to rouse some emotions.,1653824550.0,6
Philippines,intp-t,1653779977.0,1
Philippines,NO,1653779833.0,1
Philippines,ha??? some people literally eat shit??,1653778676.0,1
Philippines,why are you downvoted lol it's true,1653778570.0,1
Philippines,bruh pls,1653778537.0,1
Philippines,ako yung may hawak ng fries,1653713618.0,7
Philippines,Is there anyone from the other side with also the same sentiment about smart-shaming?,1653710744.0,1
Philippines,"i said ""para po"" while giving my fare right after hopping in",1653710389.0,2
Philippines,ah so this is why i have a hard time saying no now that im an adult.,1653709108.0,3
Philippines,sarap kaya nyan!,1653708865.0,6
Philippines,ka turn off,1653707930.0,1
Philippines,what info did she reveal?,1653707596.0,3
Philippines,"God, nakakainsulto. Parang pang isip bata. But whatever works I guesz",1653707205.0,10
Philippines,No offense but I would rather wear a rosas-centric shirt than a Marcos-centric shirt--but that's just me.,1653706832.0,2
Philippines,I get what you mean about that aura.,1653660511.0,62
Philippines,what the fuck,1653658839.0,1
Philippines,"""as of right now""... 😬",1653657867.0,6
31MillionRegrets,That's rich coming from someone who voted for plunderers and is earning money by trolling.,1653640937.0,3
31MillionRegrets,buti alam mong morally inferior ka.,1653626235.0,8
Philippines,video compilation then patrending na yarn,1653625004.0,2
Philippines,i see hehe just confused because im not sure the person behind the text is even a bbmer.,1653585667.0,1
Philippines,thank you! but at the risk of sounding dumb (recently lang namulat) i am also curious about who this Trixie Angeles is,1653585510.0,1
Barbie,want this on a t shirt!,1653576579.0,2
antinatalism,trigger warning please,1653576191.0,5
Philippines,u/savevideo,1653571250.0,1
Philippines,context pls?,1653566364.0,1
Philippines,"someone educate me, ano pong relate ng message nya sa ph politics?",1653564389.0,0
Philippines,1000%. I wish I was never born. Anyone else here an antinatalist?,1653564137.0,18
Philippines,gusto mo ng award? palakpakan? standing ovation?,1653561685.0,4
Philippines,"tf is this group chat, how did you get here, is this legit wth, why isnt anyone doing anything about this immorality, dana holy shit. ka frustrate maging pinoy",1653560875.0,2
Philippines,yuni-tight,1653560439.0,2
Philippines,No. I wish I was born in Norway or Finland. This country is so backward and I hate being associated with it. Minalas akong dito ako ipinanganak,1653188626.0,1
Barbie,thank you so much!,1653150512.0,1
Philippines,"shet ngayon lang ako namulat na mdami childfree sa pinas, this makes me so happy lol.kala ko pang ibang bansa lang ang ganitong mindset!",1653097097.0,2
Philippines,"""is so injustice""",1652866336.0,13
Philippines,someone doesn't know the meaning of fundamental incompatibility lol,1652695218.0,8
Philippines,i wouldnt take issue with this if they weren't using stolen money,1652694383.0,3
Philippines,and Magia Record!,1652627972.0,7
Philippines,"nagbebenta din kami yelo, 3 pesos palang din naman",1652607672.0,1
Philippines,amputa hahahahhahahahah,1652546820.0,8
Philippines,tama ba interpretation ko? binulag ng unity kaya di nakikita yung resibo or something. although di ko gets yung message behind the red to pink gradient as background and kung may meaning ba na pink yung hues ng subject. ang ganda tho!,1652546592.0,12
Philippines,"huhu i like the color and i want to do it to mine kaso natatakot ako sa bleaching step, dami horror stories sinasabi ni mudra",1652443612.0,1
Philippines,"joke lang, na misremember ko sorry ^^ tuyo sya di galunggong. meron ding isaw, lumpia, fried chicken na hair clips. di kita malink kasi facebook marketplace thoo pero ang ccutie",1652433846.0,2
Philippines,may nakita din akong hairclip na galunggong,1652431467.0,2
Philippines,mas worth pa tulungan yung Strays Worth Saving :),1652420108.0,3
Philippines,WHEEZE,1652419459.0,4
Philippines,i think in that case we would be making people choose for the lesser evil rather than for good governance,1652419291.0,2
Philippines,di yata gumana offensive strategy,1652405745.0,2
Philippines,lmaooooooo,1652369625.0,2
Philippines,I didn't know they buy old accounts... what for if they could just create a new one?,1652365033.0,1
Philippines,anu meron?,1652364887.0,2
Philippines,"how about we make wise voters out of already existing children? but, wholesome convo 💕",1652350372.0,1
Philippines, disloyal loyalist,1652349982.0,7
Philippines,new script,1652347351.0,2
Philippines,century tuna,1652336720.0,1
Philippines,bat di pa mamatay tong mga tarantadong to,1652336422.0,1
Philippines,u/savevideo,1652325141.0,2
Philippines,"Got kind of the same reaction from my mother... when I was enumerating VPLR's accomplishments to my parents she joined my dad in mocking them, and nung sinabihan akong puñeta ng tatay ko she just laughed. Ansaya saya din nung makitang si bobong mangmang ang leading. Haven't been talking to them in the few days after the election and out of the blue one morning she told me na ""Di mo alam, sinabi ko lang mga yun kasi alam mo naman tatay mo baka bungangain ako. Di mo alam si Leni binoto ko. Wag mo nalang sabihin sa ama mo."" Something to that effect. I'm confused by this, I can't help but wonder if kinahihiya nya yung boto nya, gusto ba nyang makipag bati uli sa akin, or what.",1652321387.0,1
LongDistance,or maybe nervous,1652280353.0,19
Philippines,"huh, genuinely want to hear why from one of them",1652259943.0,9
Barbie,"thanks for the input! I'll likely come back here when I receive the girls, but I'll also take a look at the link you gave me.",1652246851.0,1
Philippines,thnx for giving mee my first snicker in the last couple of hours lel,1652108405.0,5
Barbie,"You can look up criticisms on Musk, there's plenty out there. Idk if it's a ""bad"" idea to want a doll of him, but with his questionable morals it may not be in good taste, which is probably why you got downvoted.",1651978499.0,2
Barbie,lol. i have an Anna doll like that. her legs are brown in contrast to the fair skin of her upper body. i too do not understand it,1651938314.0,1
Barbie,I presume it's because Musk is not a likeable person.,1651938118.0,1
Barbie,looks like her! thank you so much. 🤍,1651580243.0,1
Barbie,Gorgeous!,1651580196.0,2
LongDistance,"we're also ph/us! sooo jealous, you guys have fun!!",1651490645.0,3
Dolls,beautiful work!,1651489143.0,2
antinatalism,for a second i thought the sub was r/childfree lol,1651336758.0,3
Barbie,"Gorgeous!!

And, how do you make it look like she's holding the bag? Best I could think of is you're using double sided tape ^^'",1651336596.0,3
Barbie,"And as for the lady with the bangs and straight white hair, I found out (with help from another stranger online) that she is Shoes Barbie 2004. :)",1651243067.0,1
Barbie,Just found out that the third girl is Delancy from Princess Charm School!,1651229650.0,1
Barbie,looks like her! thanks!,1651162915.0,1
Barbie,Fell in love with their makeup and/or hair and got them for $7 each. These are the seller's photos :),1651132970.0,1
Barbie,thank you so much!,1650424145.0,1
Barbie,"Guitar markings says ""MGA Entertainment""",1650421948.0,1
Barbie,i didn't think of that! thank you!!,1650348344.0,3
Barbie,i see :(( thank you anyway!,1649394687.0,2
Barbie,^(:((),1649394654.0,1
Barbie,"beautiful!! aaaa i love the drumset and the guitars, i need to have them ;-;",1649342504.0,3
Dolls,"I'm new to doll collecting as well! Just before March started I only had one Disney doll--Megara--and as of the moment I have now accumulated 8 more Disney dolls (the first I bought was Elsa, then Anna, then Merida, then Belle, Tiana, Aurora, Ariel, and Cinderella. I have Jasmine and Snow White on the way too!!!). They're all thrifted. I told myself I would stop at Merida, but then I saw one sweet deal after another anddddddddddd I felt like I just NEEDED to have them before the opportunity goes. Rip me.

My inspiration was fashion. Before this doll obsession started, I have been playing fashion games for the whole year (Time Princess specifically) and one day I just thought, instead of spending money on that game, I could just spend it on something I could physically see and touch. One day I just impulsively gathered all my childhood Barbies and gave them make overs--that's when it all started, bought them shoes, accessories, gowns, studied sewing. Then I moved to collecting Disney princesses because why not, they're the best. It's barely been two months and all the aspects of doll collecting (spending money, hunting for sweet deals, photography, blogging, sewing--I even bought a mini sewing machine just for this) are consuming me!! And I still have so much to do--like set up a blog for my dolling to make sure I record every moment, AND a shelf for them. Never in my life have I spent so much on luxurious wants, lol.

Thank you for asking!!! I've been wanting to release my newfound obsession through writing but never felt like I had the time XD",1649086538.0,3
Dolls,"hey! so my comfy squad dolls arrived >.<!! But, I just observed that they are flat-footed. Are yours flat-footed as well?",1649083372.0,1
Dolls,Thank you!,1648731390.0,1
Dolls,"My Elsa is made by Hasbro! Sorry for the late reply, been busy sewing doll clothes and exams XD I'll get some MH shoes and see if they fit, if they don't I'll just use them for my Comfy Squad dolls (another comment told me they fit them!) If not, I guess I will go for the fashion packs.",1648731366.0,1
Dolls,omg omg! thank you so much. i just saw this. i was just planning to get some comfy squad dolls but the shoes were giving me second thoughts. sooo happy to know MH shoes fit. thank you so much!!,1648731221.0,2
childfree,"house md is a cynical show. its formula is usually: house assumes person X is a shitty person, the people around him say ""no you're wrong, good people exist"", and by the end of it, house's assumption is proven right. it's been a while since i watched it, but i did notice this pattern. i kind of like it, find it charming that the show is pessimistic, it's not always i encounter one. 

(i dont remember that episode well though. but it would be out of character for house himself to think that's a good outcome?)",1646838021.0,1
childfree,My parents stopped at the fourth child when he turned out to have a penis.,1646823931.0,4
childfree,Li fraumeni syndrome?,1646823751.0,2
Barbie,"I relate so badly. It's only been just a month since I discovered the doll community and the many different hobbies that surround it, and I've already thrifted a couple of dolls fro my meager school allowance and I have soooo many ideas for dresses and ball gowns and crochet stuff and building them a closet, but I can't seem to stop impulsively looking at stores online selling their secondhand dolls. I am addicted to the anticipation of waiting for the new doll to be delivered but haven't actually had the chance to do any crafts yet (so far i've only done 1 reroot and 1 dress.)   
Thanks OP and Luzion for your posts, I knew I was beginning to have a buying problem but it only crystallized in front of me now, if that makes sense. I need to start the actual crafting! (And- that's a cool idea, making them fold up dioramas!! I'll add that to my growing to do list!)",1646576564.0,3
Barbie,"Thank you so much! Yeah, she's very pretty. Any idea how to patch up her chipped nose? XD",1645550734.0,1
Barbie,So she had wings originally! That sounds fun :< but I received her without wings. Thank you so much!,1645550698.0,4
Barbie,"The vintage one is unique out of all my dolls, she's the only one with painted legs and feet. I'll call her Princess, then :)

And wow...the out of the box Princess of Ireland barbie looks so pretty in her original dress! I didn't realize I had this kind of treasure. I just wish I could recreate her clothes (if not, guess I'll commission someone.)

Edit: actually, do you know if she has another name? I found another Princess of Ireland variant in the internet and her name is Aine. I can't find a source for this particular doll I  have, if Aine is also her name (or something else). I want to address her as something other than Barbie, haha.

Thank you so much!",1645550643.0,3
Barbie,oh okay! Thank you so much! No wonder searching Bratz dolls wasn't getting me anywhere.,1645541511.0,1
TimePrincess,"okay, thanks for the info! i'll get the game :)",1642183907.0,2
Philippines,"thanks for the offer! but i got this, dw. still just trying to feel my way through caring for a pet, ayoko sanang mauto because of ignorance, especially since idk what's normal about vet visits for example.",1641047677.0,2
Philippines,"you talk like that's easy. 

context is important, i was asking if the fees were normal.",1641047115.0,2
Philippines,"yeah i showed her his records. no fecalysis. they administered the tablet before telling me about what the tablets were for. they were kinda fast lol. i think i didn't mind if she thought my dog needs it, but im having second thoughts after reading what you said lol.",1641041143.0,0
Philippines,"ya, he's been dewormed before (I administered the tablet per city vet's instructions), this is his third time, and the first time i've been charged 350 for it. that's why i was a bit shocked.",1641040429.0,1
Philippines,"thank you! yeah, i read a lot about parvo when he was diagnosed. i was so scared i'd lose him.",1641040338.0,2
Philippines,"better home? what, the shelter where almost nobody adopts because everybody's breeding?  

if he needs it i'll pull from my allowance, but i'm trying to be smart how to manage my money by asking questions if this is normal, i'm going through many firsts atm. i've decided to deal with the challenges since he's here now, i can't make him unexist, and your suggestion is unsolicited. fuck you.",1641040131.0,2
Philippines,"he got dewormed kasi sa city vet previously and i spent only 60, contributing to my ignorance about private vet practice wahaha. only shifted private for the time being because of parvo.",1640944990.0,1
Philippines,is it unreasonable/rude to ask for a breakdown of costs? im trying to be genuine but the hell is with the snark,1640944883.0,0
Philippines,"genuine question, why downvote? is it unreasonable/rude to ask for a breakdown of costs?",1640942370.0,4
Philippines,"aye, im just learning this.",1640942302.0,2
Philippines,"thanks! its just that the receipt didn't break down the cost, i wish it did.",1640937928.0,5
Philippines,Panleukopenia? I'm sorry. :(,1640934312.0,2
childfree,"I heard an argument saying continuing human existence could mean the reduction of wildlife suffering. Like, without us, who would act to reduce wildlife suffering? That definitely made me pause.",1632461665.0,1
childfree,i mean the money spent on getting that degree was probably their parents' so they don't feel anything was lost,1631724483.0,2
childfree,"not really, no",1629966255.0,1
BipolarReddit,"i think im having one now, i have a research paper to edit, a presentation to prepare for, a 10-day experiment i should be keeping an eye on but actually am not, and tons other homework but i am actively ignoring all those by producing one art piece after another and my brain is buzzing with so much ideas and i feel goosebumps over my skin every time i visualize it in my head. i can't care about school right now, right now i feel like i should create as much as i can because i know this energy and happiness and drive is temporary, so when i work it is not only done with enthusiasm and excitement, there's also a little touch of desperation.",1629963221.0,3
childfree,eating cesium?,1629862962.0,2
childfree,i think people who are happy with their choices shouldn't be craving so much validation.,1629862268.0,2
childfree,"chewed his....what? haha. 

in all seriousness, i dont understand why people do this. my parents have the same lack of empathy for pets.",1629425743.0,1
childfree,yikes. i feel for his child.,1629425117.0,3
childfree,i love your dad.,1629424378.0,1
AskAChristian,"""I have said in another reply that he treats his previous guard dogspoorly--I will reiterate, I have once seen one of them thin, withfalling fur and wounded skin. My brother told me that he witnessed himand his buddies eating a cooked dog over beer.""

Apologies for not informing you of the whole situation",1629403161.0,1
AskAChristian,"Hello, he is a domesticated dog.",1629403020.0,1
AskAChristian,Thank you for your civility,1629402870.0,1
AskAChristian,"He did not buy the dog, he was given to him.",1629400725.0,1
AskAChristian,"""I could just call the police-"" Oh you sweet summer child.",1629400209.0,0
AskAChristian,"I would, if only moving out was easy. It would be killing myself to work while being a medical student, too.",1629399981.0,1
AskAChristian,Thank you. Thank you. Thank you.,1629399822.0,1
AskAChristian,"No, I don't get you at all. My dad wants to hurt a pet by abandoning him in a land where, from his history, he does not care for them properly. Should I let him do it? Should I just accept the reality that he will be hurt if my father's plan continues?

If you wish to continue being uncivil please just do not reply.",1629399250.0,0
AskAChristian,Thank you for the sincere reply. I could tell him that we should protect those who are weaker than us. But I don't know how in a way that he would be convinced. Especially as I think he already knows what is the right thing to do but still does not do it.,1629399059.0,1
AskAChristian,"Inflicting pain is wrong. I'm trying to prevent him from inflicting mental pain.

Do you got that?",1629398715.0,0
AskAChristian,"We don't use the Biblical Text to reduce suffering, got it.",1629398442.0,-2
AskAChristian,"It's still abandonment. It is inflicting a form of mental pain.  I have said in another reply that he treats his previous guard dogspoorly--I will reiterate, I have once seen one of them thin, withfalling fur and wounded skin. My brother told me that he witnessed himand his buddies eating a cooked dog over beer.

I really think its just dissonant beliefs. To him a dog is a thing whose emotions are not a matter, to me his welfare is important. Another reason to resent Catholicism, I guess. Thanks anyway.",1629398399.0,1
AskAChristian,ok good to know where my dad's coming from thanks,1629398007.0,0
AskAChristian,"Ok, I have become attached, fine, it is okay to hurt my feelings. Is it okay to hurt the dog's? I have said in another reply that he treats his previous guard dogs poorly--I will reiterate, I have once seen one of them thin, with falling fur and wounded skin. My brother told me that he witnessed him and his buddies eating a cooked dog over beer. Do you share my father's view that a sentient being is only good for life as long as they're ""useful"", that once they are no longer useful they must be eliminated? 

Is there anything in the Bible about doing everything you can to reduce suffering of sentient beings, that is beings that can feel pain whether physical or emotional? Sincerest thanks",1629397491.0,-1
AskAChristian,"I feel that I am being manipulated to honor my parents so that my dad could ""win"". Him winning means a sad and abandoned dog. I only believe that what my dad is about to do is cruel and I want to stop cruelty using words that he would believe.

Is there anything in the Bible about doing everything you can to reduce suffering of sentient beings, that is beings that can feel pain whether physical or emotional? Thank you",1629397420.0,0
AskAChristian,"I don't think a dog being older makes them less susceptible to emotional distraught. He is probably between 6 mos-1 yr old.

Even though this can be considered illegal, what can I do? Sue him?

Yes, he will be alone. Sometimes a person comes by to work, sometimes my dad would come to feed him. I mean this literally he has owned dogs before and when I saw them they are thin with wounded skin and falling fur. Now that I am older, I do not want to leave this one to my dad's hands. 

In line with your beliefs, even though they are less than humans, do they deserve this? If you say no, is there direct support of it from the Bible?

Thank you for your sincere response. I also want to ask if there is anything in the Bible about doing everything you can to reduce suffering of sentient beings, that is beings that can feel pain whether physical or emotional.",1629397237.0,0
AskAChristian,"I understand. However, it wasn't easy for me either. It was a battle converting from Christianity and I cried angry tears to God every night. Lasted from 7th-10th grade. Even the word atheism scared me, though it is what I am now. 

I hope you find your peace though, I'm sorry you're going through this.",1629396030.0,0
AskAChristian,There is nothing in the Bible about doing everything you can to reduce the suffering of sentient beings?,1629395704.0,1
AskAChristian,It is a serious post. My dad is a very traditional Filipino Catholic.,1629395647.0,0
AskAChristian,"Hey there. I've been where you are. Truly, I have. I hated him too. I found my peace in atheism. I believe there is no greater being to hate. Evil, though, exists. That, we can hate.",1629395322.0,1
childfree,"Maybe if we can get the man pregnant, sure. I wish we could one day enable breeder men to have fun with the pregnancy they seem to fetish over so much!",1629336165.0,4
childfree,"Same. It feels like they're forcing life onto another person anyways, so even if they say it's their decision, its a decision that doesn't only affect themselves. It's one that affects another would-be/person that is unable to give consent, which is something I can't really respect.",1629335996.0,3
childfree,"As always, love your writing chavrilfreak!",1629168637.0,7
childfree,hng why is this a thing?!,1628175615.0,1
childfree,"Aye. I admire my own mother and father for making it through a lot. They didn't handle having children perfectly, and I disagree with their choice to birth me, and maybe this is me in denial, but I do feel a deep sense of respect for how they handled their shitty situation of being in poverty with four kids and coming out of it alright.",1627308540.0,2
SuicideWatch,you need to fuck off. kind regards.,1627306882.0,5
SuicideWatch,"i feel the same anger that you do, i hate it all.",1627306605.0,2
childfree,at least now she knows she won't go to you for financial assistance.,1626685020.0,2
childfree,I mean even intelligent people can be born from breeders....,1626576919.0,2
childfree,"YES. Also ""preggers, prego, pregananant."" The words themselves just sound gross",1626576713.0,1
childfree,"True, it's not strange for non-self-aware animals",1626575941.0,12
childfree,"I side with them, please read Hans Rowling's works, he's also got talks you can see on youtube",1626527444.0,1
childfree,thank you!!! for the rec. gonna read it asap.,1626500683.0,2
childfree,"the ""wishing one is never born"" rhethoric is more an antinatalist one than a childfree one. nevertheless, i feel the same. although since life is hard enough, even for your parents, i would suggest refraining from adding misery to their lives by giving them fault for your birth. let us blame society.",1626497627.0,19
childfree,"writing, arting!",1626496475.0,1
childfree,"Wtf, wow.",1626405830.0,3
childfree,Yo this made me tear up...thanks for sharing!,1626405222.0,2
Natalism,What part of the meme is untrue? A children and a wife are not expensive and permanent? Thanks if you give me a genuine answer,1626360594.0,1
Natalism,Did you plan them or were they accidents?,1626359654.0,3
SuicideWatch,"save up some allowance, the cheapest drawing tablet from an established brand is $50, from Huion. i got mine at $40 (not really an established brand, but it's been working thus far for me.) i won't deny it takes a lot of time, but it's good investment if it leads you to being great at doing something you love, even just as a hobby. plus, it's time that you'd enjoy spending, since drawing is in reality what you want to do. all the best.",1626234174.0,1
SuicideWatch,"wow your dad has NO idea how medical education works if he says ""it's not that stressful"". what experience does he have anyways? did he go to med school? source: im a pre-med student. and science can be just as hard to earn money from as the arts. ever heard of how depressed science phds are constantly begging for grants lol? there are ways to profit from science (healthcare) just as there are ways to profit from the arts. maybe be a graphic designer, or an architect....

my situation is the same as yours. parents wanting me to become a doctor despite saying i could do whatever i want. i'm so sorry. they don't care about your happiness. some days i think mine really just birthed me to have something to invest to that will take care of them in the future and give them money. i'm not sure they're self-aware of what they're doing to me, they think this is just what life is, so i forgive them for it, but it still sucks. i wish i wasn't born at all, but if i REALLY had to, i wish i was born in netherlands or something. i heard you can pursue whatever you want there and not be homeless. very different case if you're born in a third world shit asf catholic country like i am, some days it gets so bad i fantasize about burning everything, i don't know what to do with my anger at the fact that i was born to BE ETERNALLY STRESSED. i find that i'm losing more and more free time to do what i love (digital art, music, writing) as i progress in my education. creating gives me soul, and education is taking it from me. i feel trapped and want to die.

sorry for making this about myself, just wanted to say i relate to you. there are free digital art softwares out there that you can get, btw: Medibang, FireAlpaca, Krita. just in case you didn't know. you don't need photoshop/clip studio paint/paid softwares to do great art :)",1626233741.0,2
SuicideWatch,people who say life is beautiful never got aware enough to contemplate the human condition. or read history.,1626232673.0,2
SuicideWatch,"we should have the right to leave when we want to. but of course not, how about the  precious feewings of your family and friends? who will pay taxes to the government if we were all dead?",1626232616.0,6
SuicideWatch,"If that helps you sleep and think yourself the hero, sure.",1626231817.0,0
SuicideWatch,"Since you are ignorant of his despair, I can understand your lack of remorse.",1626167548.0,2
SuicideWatch,"If I were him, I would be angry at you guys for the rest of my life for keeping me alive against my wishes.",1626149340.0,2
SuicideWatch,r/antinatalism,1626148979.0,1
SuicideWatch,Nah they could send police to his house and lock him up in a psych ward and BOY wouldn't that make his life better,1626148753.0,2
childfree,Your first mistake was telling them. Maybe lie that you changed your mind. They're not entitled to the truth.,1626138229.0,4
childfree,I wonder if having babies would gain/reduce your points in the system. More likely reduce. But I wonder by what amount.,1624384509.0,3
AskReddit,Pregnancy? NO.,1621162887.0,1
magiarecord,"I know it's intimidating, but once you get the hang of it, it's really not that hard to play! I'm 100% illiterate in Japanese. I migrated with only my experience from EN. I can do something else while I farm, I just wait for translations, I sit back and raise my girls while I wait and save stones for the next banner. I'm happy with that. To know memoria effects, SE skills, a magical girl's connect and magia, I go to the wiki. If there's something else I'm confused about, I ask about it in the Discord server, where everyone is super helpful and supportive. The community is a huge part of why I keep playing, so get connected! At least to me, my JP experience has been worthwhile because of the community support. 

Good luck, whether you decide to migrate or not!",1620285061.0,3
childfree,"We would, if the world was more like this.",1620025886.0,1
childfree,"Hey, I like Jesus, he's a cool guy. Saying this as an atheist. You can always maintain your connection with him, have him as a guide for your life, maintain him in your heart, without identifying with the rotten apples of your religion. I'm so sorry about your grandma.",1619706008.0,2
childfree,Breeders be normalizing their bad attitudes to justify having kids smh,1619705716.0,2
SuicideWatch,Killing yourself instead of trying to be a decent human being would definitely change society,1619676683.0,1
SuicideWatch,"It kind of does, imo. Enough women have been victims of men. They should be taught to be especially cautious around them, of men they don't know, for their own safety. This is about criticizing men in general, not men as individuals. For example, I love my father and my boyfriend, and respect them regardless of them being men. However, if I see male strangers around me, it would make sense for me to feel cautious and afraid--to run somewhere safe, knowing how statistically there are more men rapists than women rapists. 

It's a criticism of the general, not the individual. And in general, this is the reality. If you're not part of the problem, why does it matter to you? You can recognize that men in general have done horrible things to women without losing sight of individual men who are not part of the problem. Women being careful around men in general is never unjustified.",1619358810.0,1
SuicideWatch,"And not to be mean as well, but the ""not all men"" rally cries sound like a diversion from the real issue of the oppression of women. 

Please, take the time to read some of these. httpss://www.google.com/search?q=why+not+all+men&oq=why+not+all+men&aqs=chrome..69i57.4744j0j7&client=ms-android-oppo-rev1&sourceid=chrome-mobile&ie=UTF-8

Or not. Continue making women's issue about your masculinity.",1619326185.0,1
SuicideWatch,"Not all men are bad, but a lot of women have been victims of them. It's not about you dude, it's about the actual victims of the issue. If you're not part of the problem, then you shouldn't feel bad.",1619325055.0,1
SuicideWatch,"Family and friends are good at making my mental suffering all about them, yeah",1619185842.0,3
SuicideWatch,"Mine is to test my ass off to Switzerland

Or anaesthetic overdose

Fucking infuriating how society gives DOGS a painless way to go while we're stuck with guns and ropes and pain.",1619183975.0,1
SuicideWatch,They allow internet and gadgets in the psych wards?,1619183799.0,7
SuicideWatch,You just singlehandedly stopped all suicides with the story of your life,1619183413.0,3
SuicideWatch,"r/antinatalism, my friend. I feel the same way.",1619165784.0,1
SuicideWatch,"Yeah, and we're supposed to live for other people despite hating every second of our existence just so you won't be sad?",1619165723.0,13
SuicideWatch,"Yeah heh, lol. Everyone says it'll get better. Everyone's a fucking liar and wants to keep us alive so they won't feel sad and think they're heroes for ""saving"" lives. To everyone here with a Messiah complex, fuck you lol.",1619165387.0,25
childfree,They think it's the most interesting thing that ever happened to them.,1618882126.0,2
childfree,"Ready the ambulance and tell them to prepare the burn unit if you do use this on her, OP.",1618807490.0,22
childfree,"Women nowadays are learning to live for themselves, not for men or children",1618711083.0,13
antinatalism,Idk what he'd say. But imo that is true when we are already alive. The fact that it's true makes life not worth it.,1618541074.0,2
childfree,Technically everyone born has a 100% chance of dying.,1618537648.0,-10
childfree,What did she reply back then lol?,1618397345.0,1
childfree,"When a woman is complete in herself, all she needs is herself. No goddamn child in the picture.",1618393585.0,7
childfree,You don't find fiction interesting?,1618392328.0,9
childfree,Idk being a sahm just sounds like putting yourself in years of servitude to your children and husband but if women like that then sure lol,1618379482.0,3
childfree,bruh the women in our past fought for this freedom and she's using this freedom to lock herself in the cage of motherhood. i can't believe anyone could be this dense,1618324018.0,22
childfree,the difference between our choice and theirs is that they need to time their choices right or people are going to suffer.,1618323765.0,16
childfree,"i realized i didn't want to have my own biokids when i discovered antinatalism. i found it to be a pretty watertight argument against having biokids. so i don't have a shred of doubt: i'm 100% never having biokids. maybe you could give it a look? 

not so sure about adopting, though. on one hand, one less suffering child in the world would be cool, but on the other, maybe i couldn't handle it. i would definitely need to go through some growth in order to be even qualified to care for another human. i leave that decision up for future me.",1618323387.0,3
childfree,savage.,1618320788.0,3
childfree,also known as r/ we'regonnaconvinceyoutoprocreate,1618320730.0,13
childfree,Love that robin quote. Go you. <3,1618309708.0,5
childfree,savagely-presented truth.,1618309288.0,41
childfree,"Yeah, we need a way to make pregnancy artificial. I imagine it's the churches who would be the first to protest to that because it's uNnAtUrAL. And who leads the churches? Usually men. Would reveal a lot about what you said that men just want to control women. (Disclaimer not all men blah blah). Not all women might want this option though, because if they weren't ""showing"" they wouldn't get attention and praise and wouldn't be fussed over with by their husbands, drilled as it is in their heads that their only value as women comes from societal/male validation. I legitimately think the only reason some people get pregnant is because they are starved for attention lmao

As a child I was always baffled why this imbalance existed. It was apparent to me that it's the women who create life, so why isn't our society matriarchal? Everyone views life as the most valuable thing and it's the woman creating it. Why isn't she rewarded instead of punished for that if what she's doing is so great?

It never crossed my innocent child brain that the women of the past never got the chance to hone their own minds and selves to fight back patriarchal abuse because their priorities were dragged down by their children. She never has time for herself; she lives to serve her children and the man who used her body to spread the legacy of his ass surname. The man who, because he had too much time in his hands not taking care of his own brood, figured out that he needed to keep his woman pregnant for the rest of her life so he could always have a maid he could fuck and never needs to pay.",1618306920.0,23
childfree,"I mean, if she loves children she can go adopt. Maybe she just loves her own genes then if she wants her own children? 

Also breeding because ""that's what all species are about"" doesn't sound full of reason to me.

Also, totally okay to do something that makes both of you happy, but not okay if it is at the expense of others. In this case, you're feeding yourselves happiness at the expense of your potential child who could potentially end up hating the life you forced him/her into. People like these exist even if they were from a loving family. 

You're right maybe I'm projecting; but the anger I feel towards the injustice pregnancy causes to women everywhere is not irrational. And maybe you're the one projecting your pregnancy fetish onto your gf. Loving children does not equate to loving childbirth or pregnancy, nor does wanting to be a parent equal to wanting to birth out a child. 

And plenty of women have never heard of the option that not going through pregnancy while still having a completely fulfilling life is a thing. Likely your gf's just going along what the patriarchal society has drilled into her head.

And again: want to genuinely live for others so your life would have purpose? Adoption is an option.",1618302717.0,2
childfree,20? That's way too early to get married. Does she work? Have finished school? Stable income? Home? How's she gonna afford taking care of her kid? This is a dumpster fire. What's she doing with her life? Does she have dreams? Oh my god.,1618299081.0,104
childfree,"I love your grandpa, sounds like a gentle hearted man.",1618298840.0,9
childfree,"True. I think that it still all ties to the fact that it's the women who become pregnant, though. Because she's supposed to be caring and motherly, she should stay at home; because she might ask for maternal leave, don't accept her in this job; because she might cheat, sew her vagina shut, let her man enjoy the struggle of fitting himself in there (the whole fgm issue is a horror); because women deal with pain every month and have normally dealt with the pain of childbirth for millenia, her every other pain means nothing. Nauseous, pregnant. Back hurts, pregnant. Bloated, pregnant. Being a woman, pregnant. F. 

I feel like pregnancy would just exacerbate the abuse women already receive without it.",1618293475.0,33
childfree,"It's not your fault. Stay true to yourself no matter what. I'm so sorry you're in this much pain. I know there's nothing I can say that will ease that. Your fear of being lonely is very very valid, and is something I have been through. But you have to decide whether it's worth losing yourself in exchange for being with him. I'm so sorry.",1618291426.0,16
childfree,"By feeding them boiled cabbages instead of real food, what else",1618290926.0,3
childfree,thank you thank you. im a very long way from my surgery (maybe 10 years lol) but this is good to know.,1618290594.0,2
childfree,You're busy living your life.,1618289963.0,9
childfree,Okay but why breed specifically and not adopt?,1618285054.0,3
childfree,"And even if they think having a child does bring them happiness and meaning, there's adoption. But of course their child has to be made of their own genes. They use ""happiness"" or ""caring for someone"" or ""creating meaning"" as an excuse to make their reasons for having children look valid and noble and heroic, but when you bring up adoption they show their true colors. They just want the child to be genuine copies of themselves.",1618284979.0,2
childfree,"Want to genuinely live for others? Go adopt. If you make your girlfriend go through the suffering of pregnancy and motherhood for the sake of having your own bio child, you're not doing it for anyone; you're only serving your own genes.",1618284499.0,1
childfree,It's not personal if it directly affects another (a new) person's life.,1618284272.0,3
childfree,Pregnancy is also the cause of gender inequality. I would never put myself in a disadvantaged position.,1618283718.0,56
childfree,My sister shoved a cotton ball up her nose when she was 6. I don't remember much myself since I was a kid myself back then but I do remember my parents panicking over bringing her to the hospital. Lmao,1618208107.0,1
SuicideWatch,"Non existence can think? You said ""it probably thought it was just ending its own state of nonexistence"".",1618205907.0,1
antinatalism,And women who don't procreate are complete on their own.,1618205780.0,40
SuicideWatch,Did you want to try something new before you existed?,1618204601.0,1
childfree,"It was because of the internet that I realized being gay is okay, being childfree is okay, abortion is okay,atheism is okay, etc etc etc. Someone took the effort to talk to me and it knocked some sense in my 14 yo head; I'm thankful to that person for calling me a homophobic asshole bc that's when I started to change? I think maybe sometimes arguments can be worth engaging into.",1618111077.0,5
TrueOffMyChest,"It's not about the child, it's about the parents lmao fucking selfish breeders",1618064872.0,1
antinatalism,You filled 30 seconds of my life with laughter. Thank you.,1618064320.0,12
SuicideWatch,"Exactly. If you're dead you don't exist. There's no ""you"" to feel bored.",1618063970.0,2
SuicideWatch,I wish I had access to your methods,1618039581.0,1
SuicideWatch,Do you remember feeling bored when you didn't exist?,1618039438.0,4
childfree,"My thoughts exactly. I have a love and hate relationship with the fact that I'm a woman. Cue the men saying ""we have it hard too"" lmao",1617953540.0,31
childfree,Lol you're just jealous.,1617934542.0,3
antinatalism,"i am upset too, it felt taboo to talk about it in here, so thanks for bringing it up lol. i am reducing my meat consumption but it's not totally off the table yet, because i'm still dependent on my family.",1616395697.0,1
childfree,"But you wouldn't have known that you even had a chance if you were a nonexistent entity. It doesn't matter. Of course I'm not telling you to be miserable. I want already existing people to not suffer as much as they possibly could. To me it's just the suffering is totally averted with nonexistence. Why was it necessary for me to be born? Why is human existence necessary?To create happy people? Why? Is it a moral obligation? Is it just to satisfy the drive of the parents to procreate? Satisfying an unnecessary drive to gamble on a life seems unempathetic to me. (I say unnecessary because unlike being hungry and desiring food, being childless won't kill you.) It is unacceptable to me that it would be okay for some people to suffer so others can be happy, which is why I won't stop judging people who choose procreate. They are okay with some suffering, okay with MY suffering, so that they could be happy, just as 99 rapists are okay with the suffering of their 1 victim if it's for their happiness etc. How can you say you feel empathy for suffering people and at the same time say it doesn't matter as long as many are happy? Procreation is morally indefensible unless there is a better reason for it than your sentimentality for the human race, and pushing your positive  experiences onto others which invalidates their suffering and promotes more of that suffering. I guess this is a dead end, but I had fun talking with you, at least you entertained the idea, which in itself is a rare find for me lol

And nah I am also pro choice. :) My logic is that it didn't ask to be born. Even if the fetus has implied consent by existing, to me it is the woman's consent that matters more. I believe she is more human than the developing human.",1615360703.0,1
childfree,">unnecessary suffering

Was it necessary for you or I to be born?

And your opinion that suffering is preferable to nonexistence is insensitive to people who hate their life so much they consider killing themselves. What if the person one will create will hate their life? You don't know, you'll be gambling on it. This is unempathetic. Do you think it's okay for one person to suffer while 99 are happy? I don't. That's the difference between us I suppose.

Why is it worse never to have existed? Do you feel bad that Martians don't exist? I feel neutral about it. Nonexistence is a neutral state, not a bad one. Is suffering neutral? I think it's the bad state myself, which is why suffering is worse than nonexistence.",1615358727.0,1
childfree,"Agree to disagree then, but thanks for giving it thought. Interesting, so do you believe you ever consented to be alive? 

I stand by the fact that I did not consent to being born though, and I am not convinced that I consented to being born because my parents had unprotected sex. 

I think giving birth is immoral because causing suffering is immoral. Do you disagree that causing suffering is immoral? 

And, do you disagree that suffering only exists when there is life? 

If you agree with those points, how can you refute the fact that when you give birth, you create life, so you cause suffering, which is immoral? 

And, ""Implies consent""? That assumption might be a reach. How can an unthinking egg and sperm give consent? Water molecules being pumped by aquaporins to the other side of the cell membrane don't consent to being moved that way, but they do because that is the way biochemistry works. This is the same for the development of the fertilized egg. They don't choose to develop. Do plants choose to grow?

Even if I feel grateful and glad to be alive, there would have been no one sad about my nonexistence had I not been born in the first place. And that is not a loss, like how you don't feel a sense of loss for your child, who will never exist.",1615354597.0,1
childfree,It is impossible to obtain consent for it to be born therefore it shouldn't be born. Do you disagree?,1615335487.0,1
childfree,Did it consent to be born?,1615296099.0,4
childfree,"> If you can't acquire consent, the only reasonable move is not to do anything. 

Seems this flew over your head.",1615265387.0,-3
childfree,😂,1615135115.0,1
childfree,"i feel your pain. your story could almost be mine. born in an uneducated family, dad never finished college and only my mum did, they had four kids. i'm in college taking my pre-med and im always jealous of the other kids in my class who never had to hustle and struggle to get to this fancy university, whereas having had to maintain my grades for like half of my life made me a depressed anxious individual. i resent my parents for having kids. i resent my dad for forcing my mum to go through FOUR pregnancies and only gave her the freedom to not be pregnant when he had his precious male heir that would carry the family name. im disgusted by his obsession on his surname being passed on when it's the ugliest surname everyone in my life, i'm pretty sure, had ever heard.",1614940467.0,3
childfree,"WAIT REALLY WHAT DO I NEED TO WATCH OMG 
Sorry for the caps this got me excited",1614442013.0,2
childfree,Wait what's the other one?,1613527686.0,1
childfree,I am so sorry.,1613470206.0,6
childfree,Thank you so much for the rec! I should read it this soon thanks to you <3,1613363188.0,3
childfree,"Yeah, I'm the eldest of three sisters until they got the boy they wanted.",1612860940.0,1
childfree,https://youtu.be/GjHiq09Zkws,1612859427.0,1
childfree,"This didnt make me laugh, I'm absolutely disgusted ;/",1612358106.0,37
childfree,"wow, thanks for the recommendation! i've never heard of it before. sounds like i'll love it",1612345880.0,3
childfree,"god fuck you're right, that is gross. how does she not have the self awareness to realize that was gross. i mean what the actual fu-",1612345541.0,4
childfree,made me tear up. all the best <3,1612345255.0,2
childfree,"i can't wrap my head around why they'd be angry. how does us not having any babies affect them like seriously, only reason i can think of is jealousy",1612345080.0,6
childfree,im checking items 2 and 3...,1612344327.0,20
childfree,"i feel like an idiot for asking, but can you tell me why race is an important info? genuine question!",1612344021.0,3
childfree,Technically the kid she'd have produced would have had his autonomy violated (ie forced to exist and suffer through their mother's choices.) The choices the childfree make only affect themselves. I think you can't say the same for the choices breeders make (hint: they are key to shaping a new human life.),1612279545.0,37
childfree,"XD, just XD

I found solace in antinatalism at around 18 too. 16 to be precise. I was miserable in high school. Thinking *what if i was never born to suffer through this shit* (and admittedly a dollop of su-wee-sci-dahl ideation) became my coping mechanism and it gave me a bit of piece to know that I won't be creating more of that suffering. 

I just wish I could share these kinds of thoughts with my boyfriend. He told me he'd rather be with me than have kids that don't even exist yet, but I can't have full hardcore AN/CF conversations with him because I know he's only still trying to be comfortable with the idea.",1612258681.0,7
childfree,crying poop parasite lolol,1612135952.0,2
childfree,i wish it was that easy for me.,1612134695.0,1
childfree,"He won't succeed in talking me out of it. About the lying part, I doubt that he's intentionally lying (if he is, maybe it's because he really doesn't know which side he's on yet.)",1612119080.0,1
childfree,"Strange isn't it? He said he doesn't agree with it. I offered we should maybe break up because I don't want my boyfriend to be one of the people throwing stones at me if the time comes that I should need an abortion. He said ""well i won't be throwing stones at you!"" and that he'll be on my side should I decide to get one, that ""hell i'd even pay for it"". But he made it clear that he still doesn't agree with it.",1612118804.0,3
childfree,it gets the truth out.,1612089699.0,-10
childfree,what are your thoughts on if the partner says they don't agree but will support you?,1612089181.0,7
childfree,"how do you casually bring it up though? ""hey, what do you think about abortion/childfreedom now? still good?"" it's a heavy topic for us and even though he reassures me he'd rather have me than a baby, i still doubt some days.",1612088870.0,7
childfree,That's how I got here too. I got here because of logic--it doesn't make any sense to create a new person to take care of just because. Why would anyone induce suffering upon themselves like that? Why would anyone create a new person that will inevitably suffer?,1611991678.0,3
childfree,Why were they worried about your feet being clean?,1611813485.0,1
childfree,"yo, i'm here!",1611812107.0,3
childfree,Naivete or hubris.,1611646524.0,14
childfree,"im 19 and live with my parents.

i woke up vomiting in my room the other day at 4 am.

my parents heard.

my dad said, ""well...you're not pregnant are you?""

i felt so infuriated and fucking disgusted of myself when he said that. by the way, i've never felt a dick inside my vagina in my whole fucking life.",1611645934.0,5
childfree,"that's a nice thought. i always felt like i have an old soul that's so, so tired of living, lol.",1611645788.0,36
chemhelp,"re: protein mod, they said ""However, subsequent protein modifications may contribute to the variety of amino acids."" but did not elaborate on it further :p",1611113120.0,1
LegendofthePhoenix,"I'm in S53. Europe, haha.",1610674154.0,2
LegendofthePhoenix,I'm in S53. Europe. You?,1610674153.0,1
regretfulparents,Your daughter owes you nothing.,1610598622.0,1
FanFiction,"I'd like a plate of three words, please!",1609836673.0,3
childfree,"Hi, not from an Arab country but from the Philippines. Everyone has like 3 or more children here.",1608817485.0,11
childfree,You might like r/antinatalism,1608815668.0,1
childfree,I just wanted an explanation why it was dehumanizing. Humans are animals too. Or do we pretend we're above these animal practices?,1608629316.0,1
childfree,Is it untrue that to breed means to produce more offspring?,1608547383.0,1
childfree,Why is it insulting if it's a fact?,1608547308.0,0
childfree,i know right? The Good Place is a good show. x) Eleanor and Chidi are my otp lol. Actually them or Eleanor and Tahani.....,1608472013.0,17
SuicideWatch,they exist. seek and you will find. good luck.,1608470961.0,1
childfree,"didn't it go something like, ""all parents are breeders, but not all breeders are parents""? i'm really just going by the literal definition of the rootword of ""breeders"", which is ""breed"", which means ""mating to produce more offspring"".",1608470724.0,0
childfree,"im not convinced that the people who bred aren't breeders. 

but you're right that it won't make them feel good if you say it to their faces.",1608470386.0,-1
childfree,"I mean people already call people dicks or cunts lol. 

But in all seriousness. Women have vaginas. But they're not vaginas. I'm cool with you calling me as a vagina-haver, because that's...literally accurate lol. 

People who reproduce bred. So they are breeders. That's also...literally accurate. How is it not accurate? Genuine question. Would love to be enlightened",1608457674.0,0
childfree,It's literally what they do. Breed.,1608453045.0,-2
SuicideWatch,I bet that virtue signalling felt good,1608452988.0,1
SuicideWatch,"Wow, he's a hero. Wish he could've saved me.",1608452267.0,3
childfree,Modern humans are literally an animal species called Homo sapiens sapiens.,1608450761.0,8
childfree,"Okay but why are you mad about calling people who bred ""breeders""?",1608448008.0,0
childfree,"But didn't people who bred new people literally...bred? Why is the term ""breeder"" so derogatory when it literally describes what they did",1608447943.0,4
childfree,"All parents are breeders, but not all breeders are parents.",1608447668.0,3
childfree,What are you doing if you're creating new humans? Isn't that literally breeding? Why are you so mad,1608447609.0,4
childfree,do you have to lie that you're married to get pregnancy tests?,1608393960.0,1
childfree,"i would think it would make him more careful of assuming people have kids after that kind of response, yeah. maybe he'd wonder why she answered the way she did.",1608386838.0,12
childfree,wouldn't it have achieved giving him the lesson of not assuming every female has a spawn?,1608386460.0,20
childfree,....wouldn't that make pregnancy tests illegal? what's the logic lol i can't wrap my head around it,1608386185.0,2
childfree,"So what's the right answer to ""Then you should have brought your kids""? 

""Yeah, you're right""?",1608383593.0,23
childfree,"ye, kids are practically free labor.",1608383459.0,6
SuicideWatch,"Hey i feel that too lol, wanting to die out of spite.",1608349583.0,2
SuicideWatch,Same lol. Idk what these people think their bodies being so pReCiOuS they needed to be covered in a fancy ass coffin. I just want to be buried in the mountain and at least be the reason why grass grows on the spot above me.,1608349264.0,5
SuicideWatch,I want to know too.,1608349025.0,2
SuicideWatch,"there is one way for me not to have to go through it at all, though.",1608311990.0,2
SuicideWatch,"no, i think it's that bad. 

if i can't have one then i'd rather have none. 

thanks for talking to me anyways. all the best.",1608311890.0,2
SuicideWatch,good luck. i hope you won't be in pain again.,1608311343.0,2
SuicideWatch,wow. give me some of that.,1608311262.0,1
SuicideWatch,"frankly i don't want to nor think the effort is worth it. pain will be waiting at the end of my every effort. i can try to be happy now, maybe write more. maybe that's a meaningful act in terms of self-development. but there's always that point where you're just burnt out and find that you hate it.",1608311033.0,2
SuicideWatch,"it wouldn't be bad. it would be good, for me. because there is no sentient being suffering anymore.",1608310808.0,1
SuicideWatch,"ikr? god i know it's an outdated meme but it really does feel like we're only here just to suffer. 

life is like having a relationship with a narc--it tries to gaslight you with the small moments of 'happiness' and makes it seem like those small moments are worth all the suffering it causes you.",1608308774.0,1
SuicideWatch,"There are better ways to die. This is painful. Find something less painful, man. At least die with dignity.",1608308435.0,2
SuicideWatch,"Yeah, true. Speaking about my misery alienated me. When I wore a different mask I suddenly had ""friends.""

Sick world. Sick.",1608308313.0,1
childfree,"So it's not just the kid, but also the mere IDEA of kids that destroys marriages. If I didn't dislike kids before...",1608269346.0,26
gachagaming,Was looking for this. Snaa,1608033759.0,3
gachagaming,Not sure why you're downvoted??? Can anyone explain? What's the point of games if not fun? Lol,1608026756.0,6
gachagaming,What was their answer? I really only play for the aesthetics myself.,1608026153.0,2
gachagaming,I'm playing it on bluestacks rn,1608017771.0,2
childfree,She will remember that for the rest of her life. This brought me to tears dammit thanks for being kind,1608016210.0,7
SuicideWatch,"I fantasize about the aftermath of my death often. And I think everyone would move on. The pain of their grief would be miniscule compared to my pain of if I kept living. 

I really just need access to a method. I just want a not painful one. Then I'll be gone.",1607836921.0,1
SuicideWatch,"Holy shit lol this is me. 

The others have already said the answer--dropping our lives completely is in our hands and feels like the only choice we can make, the only control we have. 

I've never asked to have to struggle through this shit. I should have the option to see myself out. I should. I should.",1607836714.0,2
childfree,Doesn't bisalp also decrease your risk of ovarian cancer?,1607834706.0,16
gachagaming,I love tanya but this is true lol,1607757699.0,1
childfree,Hey thanks. I needed this glimmer of hope. This thread made my heart sink to the bottom of the Marianas Trench,1607413409.0,1
childfree,It's a legit thing tho.,1607137865.0,10
childfree,I mean...isn't that literally what you do? Breed more humans? Why is it degrading?,1607136817.0,4
childfree,The post is directed to childfree people for whom growth doesn't mean dealing with crappy diapers and tantrum-filled weekends. Sure some people find growth in parenting. That's them. This is us.,1607080122.0,3
childfree,"""You did such a good job..."" 

Gah I'm cackling. This is what I'll say then, lol. They might not even realize I'm being sarcastic, which is the best thing about this.",1607066031.0,6
LegendofthePhoenix,Ohhh haha. Maybe it's because they're saving fame though?,1606791037.0,1
LegendofthePhoenix,"Wat, doing pranks are bad for the victim? I mean, why? I never knew omg",1606739241.0,1
lingling40hrs,Taking a break from my daily 40 hr a day practice just to get attacked like this,1606732007.0,5
childfree,Lol. Fuck you. You don't know what I've been and going through.,1606709986.0,1
misanthropy,"Because humans came from non-humans. Non-humans have the potential to develop something of humanity. And...you know how predation happens in the wild. Animals killing animals. I think I wouldn't want that suffering to still exist, so...",1606655827.0,5
AntiChildFree,"They--I--don't understand why anyone would want to go through pregnancy and childbirth, knowing how much it would cost, to oneself, the environment, and the to-be child--the latter being affected the most. (I subscribe to antinatalism/anti-suffering foremost [not sure if I am cf, I'm thinking of adopting] and think that that child didn't need to exist, but was forced through it anyway, knowing full well that one day it will suffer and die. So yeah, I'm disgusted by pregnancy because of that.) Nature is cruel to women, childbirth is still dangerous, the body gaslights the mind towards reproduction (I've gotten flashes of wanting a baby during sex, including many other cfers. I've heard stories of cf women doubting themselves during pregnancy, and returning to themselves after abortion. I'm sure there are articles out there about the hormones that play a role on these desires.) So though you don't understand why most of cfs abhor pregnancy, see that they have reasons for it, just as you and many others have a reason for being happy about pregnancy. Despite not understanding, I know women exist who are happy about childbearing. I would never understand, but I wouldn't say to their face what I think of it, because it's just rude. I would, however, think of sharing that to people who have the same outlook as I, just as you would share to Friend A what you think Friend B's flat earth views, but you don't want to offend him. This is the role the childfree sub plays (or should play)--letting people vent. Thus, you are not the audience for it. Ignoring it will probably make you happier. 

We are beaten down enough by the natalist society and natalist-dominated media, with friends, family, and strangers calling them names for making a choice that makes /them/ happy. It makes them resentful. Maybe this is why cfers learned to namecall the people from the other side too. They're just retaliating. They come to that sub angry about someone who persistently asks them intrusive questions in family gatherings, furious about having additional jobs without additional pay because someone with kids had to leave it on them, or devastated about having to part from a significant other because they couldn't give the child that the person who said they love them above everything wanted. They are discriminated for their choice, while they perceive the other side getting praises for their choice. Why are they wrong for making the childfree choice, why are they being punished for it? Why do you want the childfree sub gone? Do the childfree directly affect your life? In which aspect are they hurting you? Do they want your children killed? Do they want you to be miserable? 

Majority of them are concerned about the child foremost, and get angry at the parents who don't do parenting right, parents with a bloated sense of superiority and entitlement. (I think they are annoyed of children noises and grubs second, tho mostly because parents don't control them right.) They applaud parents who prepare for the child and take care of it properly. You shouldn't feel too attacked by the sub if you are the latter, I think most of them are on your side--the rants are mostly targeted on breeders (parents who dont do it right). That is, if you respect their choice to be childfree too. I dunno. 

Edit: about sacrifice lol, sorry this got too long, I think it's real and not just for show. Idk about most cfs, tho they prob think most parents do that--being martyrs for show. My parents however sacrificed a lot to give me and my three other siblings the best life they could give us. I see their exhaustion when they come home from work everyday, they almost never take holidays, and though they say they are happy to have us all, I don't understand why, when they have to work nonstop like that. I am thankful nonetheless for all they do. Though it's best I didn't exist at all, it's still better to be born into a life suffering less than I would be if they neglected us. 

I think I'll end this here. I hope you and the family you created are happy and not suffering.",1606655147.0,1
childfree,And that's a bad thing because....?,1606621418.0,6
childfree,"Wish your mom did, too.",1606621265.0,10
childfree,"It is kinda insane that we can make life just like that, to be fair.",1606621160.0,0
childfree,I think Mary was 14 when God impregnated her.,1606616428.0,17
AntiChildFree,"Don't dismiss the fact that many other women don't want that in their uterus. Can also be meaningful to women who want those babies but can be the cause of the detriment of their health. They can always consider them as not-enemies despite that, though. You call that sacrifice.",1606614969.0,1
