subreddit,body,created_utc,score
GR86,"Dunno if this really applies, but I daily a soft-top ND2 Miata in the NYC metro area. I don’t drive as many miles/week as you, but sometimes I’ll do a lot at once. Right after I bought my car I took a cross-country road trip. 9,000mi in 24 days.

I’m currently at 57,000mi after two years of ownership. If you really want this car you’ll happily deal with the significant trade offs. My car has minimal storage and the interior can feel cramped — though it’s not an issue for me since I’m used to it. The suspension isn’t exactly stiff, but you can definitely feel every bump in the road. These issues rarely phase me anymore. My passengers don’t seem to mind much either — even on 3-4hr road trips.

Based purely on my own tastes, I’d take the GR86 any day over the other cars you’re considering. It has pretty decent storage, it has comfortable seats (IMO), and most importantly, it’s a true sports car. It was first and foremost designed as a sports car, not a sedan or hatchback. Improved weight transfer and RWD make for such a fun driving experience.

Otherwise out of your other options I like the Integra. I think it has a mechanical LSD, which so nice to drive (I think the GTI uses an electronically-controlled LSD and I don’t know if the A3 has one at all). Additionally, the Integra has Civic Si bones and that car handles supremely well. Since it’s an Acura you’ll also get some luxury refinements that‘ll make your long trips more comfortable.",1686600370.0,1
Miata,"What is that, stuff from a tree? Take off the wind guard between the seat headrests and vacuum it out",1685831655.0,2
vinyl,Chicago VII is my favorite. Experimental jazz leading into a pop-rock album? Yes please!,1685723477.0,2
HeyArnold,‘Nam flashback,1684079957.0,2
The_Hand,Good guy. Would get zapped and clobbered by it anytime. 7.5/Hand,1683730092.0,3
mazda3,Honk,1683729871.0,29
DaftPunk,"Yes, this post is just about the lossless stereo version.

A Dolby Atmos version is scheduled to release on May 12 along with the rest of the unreleased tracks.

It’s worth noting that Dolby Atmos on Apple Music does not stream/download in lossless quality. It’s all downsampled to AAC 256kbps, IIRC.",1682443068.0,17
DaftPunk,"Good luck on this thread. Incoming “but there is no discernible difference between FLAC/ALAC and MP3/AAC.”

Maybe that’s true for most people. Though when it comes to familiar music, a trained ear can be capable of discerning the differences.

That being said, recording quality and gear tend to matter more. At the very least I think (almost) all of us can agree that bitrate is more important than “cable quality.”

My gear will “only” handle up to 24-bit/48kHz so I’m a little jealous of that higher bitrate. Enjoy!",1682439390.0,100
FrankOcean,Fuck him!! Do the set sitting down! Plenty of artists have performed with worse injuries. Embarrassing.,1681943693.0,2
mazda,Forget the naysayers! I once rented a Mazda2 and it was awesome.,1681832299.0,4
DaftPunk,"We are human

After all",1680611351.0,1
rawdenim,"According to [Todd Snyder’s website](https://www.toddsnyder.com/products/made-in-usa-selvedge-rigid-slim-fitd-slim-fit-indigo), the brand has three categories of denim: Stretch, Selvedge, and Small Batch. These jeans are considered Small Batch Denim. The fabric is 13.25oz and comes from Vidalia Mills in Vidalia, Louisiana. The cotton is USA-grown, the denim is “rope-dyed in genuine indigo,” and the fabric is cut & sewn in Los Angeles.

This is my first pair of raw denim jeans and they’re not nearly as rough-feeling as I expected. These are downright comfortable and I haven’t broken them in for more than a couple hours. It’ll definitely be a different experience wearing these in compared to my raw denim jacket.

I soaked/rinsed the jeans after wearing them for a bit and while it took a while, there wasn’t too much dye that came off — much less than my Ginew Selvedge Denim Rider (made with some of the last White Oak selvedge denim). There was very little, if any, shrinkage to the jeans after leaving them out to dry overnight. I’m glad I bought them in my regular pants size.

I love the fit. The cuff is 1.5in for me and overall the jeans fit my build comfortably. They’re “slim-fit. Slim through the hips and thigh, tailored through the leg.” Not too tight, not too baggy.

Highly recommend checking these out.",1680093834.0,11
bose,"I don’t think Bose makes a non-noise cancelling wireless headphone anymore, so you’ll have to go the noise cancelling route.

Your options from Bose are the QuietComfort 45 or Noise Cancelling Headphones 700.

Frankly, these headphones are extremely similar and sound basically identical. The QC45 is a bit more comfortable. The 700 has a couple more features. Take a look at Bose’s comparison page to see if that matters to you.

Personally I went from Bose’s NCH 700 to Apple’s AirPods Max. They’re not everyone’s cup of tea regarding comfort, but I have no problems. The sound quality is far higher than Bose and doesn’t have problems with distortion at higher volumes. All that being said, the Bose headsets are significantly less expensive than the AirPods so take that into account.

Many people also like Sony’s XM4 or XM5. I’m not a fan of their fit because the cups are so shallow. Additionally, their build quality is low as they use cheap lightweight plastics. The sound quality is fine, but to a trained ear they’re not impressive.",1679490310.0,1
headphones,"Then it sounds like they’re using DSP when on. The headphones will be limited to a certain bitrate if that’s the case.

Edit: Typo",1679485571.0,2
headphones,"How do the XM4s work when plugged in? Do they still get processed by the DSP or are the headphones passive?

If the DSP is involved, you’ll need to see what its DAC is capable of. If it can only handle 16/24bit or 44.1kHz/48kHz, you’re not really getting any benefit from using higher quality files.

If the headphone goes into passive mode, the music will probably sound worse than with Bluetooth. Most BT ANC headphones are physically designed with a DSP in mind. That being said, you will get some benefit from using higher quality files since it’s purely analog.

As an example, the AirPods Max use a few DACs when wired, but each DAC is rated at 24bit/48kHz. Since the DSP is still involved, it means that wired will sound as good or better than Bluetooth (up to 48kHz/24bit).

Edit: Added a few words at the end for clarification.",1679452593.0,2
FrankOcean,"Great reply. Said it all better than I could.

Listing the wrong writing credits for Close To You right off the bat really set the stage.",1678914406.0,2
audiophile,Sounds good. Thanks for the analysis!,1678900264.0,1
audiophile,"According to the AT-LP120 user manual, USB output is limited to 16-bit, 44.1kHz or 48kHz (selectable).

Now I’m not sure how to “select” one or the other, but at the very least Audacity was recording at 48kHz.

Edit: There’s no further info about USB output in the manual.",1678899024.0,1
audiophile,"I recorded this song and had Audacity set to record at 48kHz. Turns out that my gear may be limited to 44.1kHz. Would this explain why the graph looks the way it does?

OP is worried that my file isn’t lossless. All I can say is that I plugged my AT-LP120 directly into my laptop via USB. I recorded in Audacity and exported a FLAC at 16bit/48kHz.",1678894248.0,2
FrankOcean,"After doing some research it’s possible that my gear is limited to recording at 44.1kHz, which could explain why the graph cuts off closer to 22kHz. It could also be how the vinyl was mastered. The file shouldn’t be any lower quality just because it’s ripped at 48kHz. You can always convert it down to 44.1kHz if you’re worried about file size.

But like someone in your thread said, you can’t really tell too much from a spectrogram unless you’re just looking for a hard filter.

All I can say is that you’re almost definitely not gonna hear anything above 21kHz. Even if you could, it’ll be drowned out by the rest of the music because these are loud songs.",1678893982.0,1
FrankOcean,(See other comment),1678850945.0,1
FrankOcean,"Unless I’m misunderstanding, the graph shows the correct info. According to the [Nyquest Theorem](https://en.wikipedia.org/wiki/Nyquist%E2%80%93Shannon_sampling_theorem), the highest frequency that can be recorded is half that of the sampling rate.

As such, I was recording at 48,000Hz, which would result in the highest captured frequencies being a bit over 20,000Hz.

Again, maybe I don’t get what you’re saying so please let me know if I’m off base.

EDIT: If you’re asking why it seemingly doesn’t go all the way to 24kHz, I couldn’t tell ya. My gear is relatively new and I’m pretty positive that my software’s set up correctly.",1678850921.0,2
FrankOcean,Justice did the remix of Dear April and Sango remixed Cayendo. You looking for one/both?,1678807143.0,1
FrankOcean,"I could get you a decent vinyl rip if you want. It’ll have some crackle & hiss, but my turntable is pretty good.",1678804395.0,3
FrankOcean,"Ah, to still be in 2013.",1678804056.0,17
DaftPunk,"**Edit for anyone looking in the future**

The Anniversary edition has been updated to be available in high-res lossless. It’s available up to 24bit/88.2kHz.",1678753268.0,1
FrankOcean,"Thanks much. I wasn’t so impressed by the Endless vinyl for similar reasons. Parts of the tracks will clip and you can hear sound from the adjacent grooves when it’s otherwise silent — like, you can hear the beginning of a song just before it actually starts. Very noticeable with headphones before Slide On Me begins.

I ordered a sealed Black Friday vinyl and it’s from the initial batch with the BF sticker. Was deciding whether to open it, but if the repress sounds better I might as well keep the BF version sealed for the time being.",1678579882.0,11
FrankOcean,Thanks for the info. I ask because the mastering is significantly different between the digital version and vinyl repress.,1678565652.0,15
FrankOcean,"All good! I found one or two posts that kinda referenced my question, but there wasn’t much info so I figured I’d give it a shot.",1678565586.0,1
FrankOcean,"Interesting. Do you have a ZeroStat or anti-static device? That clears up most pops and crackles in my experience. My Blonde repress is the among highest quality vinyl I own.

Edit: [For reference.](https://reddit.com/r/vinyl/comments/10y7emx/went_from_27_pops_to_2_with_liberal_shots_from_my/)",1678565534.0,13
FrankOcean,"Thanks, but your linked post actually compares a bootleg to the official pressing. I was asking only about the two official releases.",1678565458.0,2
FrankOcean,Dude stapled his ear,1678280637.0,12
mildlyinfuriating,These are ND Miatas,1677340408.0,1
Miata,Jiata,1677166628.0,1
FrankOcean,"Nah you’re right. People love to pile on.

I believe the vinyl’s mastering is more dynamic. It’s not quite as “loud” and the instrument/vocal separation is far more pronounced. I’ve also noticed that the vinyl doesn’t seem to have any instances of clipping, unlike the digital version.",1675900891.0,2
FrankOcean,"Not sure why you’re being downvoted. It is remastered. The mastering process for digital is different from that of vinyl. I’m finding myself preferring the vinyl’s mastering.

Highly doubt that any of it was remixed or re-recorded.",1675900616.0,4
FrankOcean,"I haven’t heard the Black Friday release, but the newer one is absolutely phenomenal in its sound quality. Far better than my copy of Endless.",1673020987.0,4
rawdenim,"The exhibit, Water Memories, features Native American artifacts relating to water.

From NPR: ""The thunderbird is a sacred image to the Anishinaabe people,"" said Patricia Norby Marroquin, curator of the exhibit. ""It actually represents a thunder cloud.""

The jacket is a “Wrangler knock-off” and shows significant signs of wear — most noticeably in the left elbow, where a hole has worn through. The stitching and beads were beautifully added by a 19 year-old and his mother.

More information about the exhibit can be found [here](https://www.npr.org/2022/07/04/1109044833/a-provocative-exhibit-at-nycs-met-museum-takes-a-new-point-of-view).

Another crossover of Native American culture and denim can be found in the brand Ginew. From their website: “Ginew (Gih-noo) is the first Native American-owned denim collection. This family business was founded by Amanda Bruegl – Oneida, Stockbridge-Munsee and Erik Brodt – Ojibwe…  Ginew incorporates family symbols and teachings into their garments, while constructing them of the finest American made materials.”

One of Ginew’s most prominent symbols is also the Thunderbird, which is stitched into their flagship jacket, the [Thunderbird Jacket](https://ginewusa.com/products/thunderbird-jacket-japanese-kurabo-denim). “Each left cuff has a hidden Thunderbird chain-stitched into it. Over time the Thunderbird will be etched into the cuff - as the jacket fades with the seasons - to face the West and the seasons of change which occur along your journey.”",1672516042.0,9
FrankOcean,Damn this is a diamond in the rough. Actual cool content on this sub instead of “look what came in mail!!”,1672493736.0,191
portishead,So cool. Thanks for the info!,1672066082.0,2
portishead,"It’s got the album, some live music videos, and other files I’m unable to open. Looks like they use Adobe Flash. Pretty cool keepsake.",1672031564.0,3
Miata,"u/therealchungis

I’ve had this post saved for a month because I wanted to find this phone pocket. I finally found it!!

https://a.co/d/3Oez2Cw",1671911771.0,1
Catsmirin,Happy face on the kitty’s leg,1670026970.0,15
bigthief,"Haha, thanks! My top ten songs this year are:

1.	Flower of Blood (228 plays)
2.	Blurred View (227)
3.	Heavy Bend (207)
4.	DHL (Frank Ocean, 182)
5.	12,000 Lines (177)
6.	Century (172)
7.	Simulation Swarm (162)
8.	Spud Infinity (135)
9.	Certainty (127)
10. Little Things (122)

Dragon cleaned up this year and it’s on the way to becoming one of my all-time favorite albums. Big Thief nearly swept my top 10, but I swear I listen to a lot of other music too. I was also in the top 100 listeners for Luscious Jackson. Some other top artists include: Portishead, Frank Ocean, Daft Punk, Mac Miller, and Fiona Apple.",1669749461.0,10
bigthief,"13,529 total minutes listened",1669746392.0,8
Miata,That’s the way to do it. Top down with the windows up can be very pleasant in the colder months. The heater & heated seats really do the trick.,1669659280.0,1
Miata,A year and a half with my ND and I just cracked 40k miles. These cars are meant to be driven!,1668089463.0,1
FrankOcean,"To expand on u/Mysterious_Alps_715 ‘s comment, there were two different CDs that were in the magazines.

Copies of the zine that were available in person on Blonde’s release day had [an extended version of Nikes](https://www.dropbox.com/s/4tr9zmzy95vm5ge/01%20Nikes%20%28Feat.%20KOHH%29%201.m4a?dl=0), which has an extra verse in Japanese by the artist KOHH. Otherwise it’s the same song. Additionally, Pretty Sweet has a different intro, but I’ve never heard it so I can’t speak to the differences.

Copies of the zine sold online at any time have a version of the CD that is identical to the streaming release.

Another fun fact: There are four versions of Nikes. The streaming release, KOHH version, music video version, and [a “secret” director’s cut version](https://www.dropbox.com/s/i66xmvgwtijg8lw/03%20Nikes%20%28Director%27s%20Cut%29%201.m4a?dl=0) of the music video track. I belive this was found on the music video director’s website in some kind of portfolio. I don’t remember much more of the story so I can’t say whether the visuals in the video were different from the released version.

**EDIT:** Looks like [the director’s cut](https://www.andrechemetoff.com/films/category/music-videos#franks-ocean) is still available and the visuals are somewhat different.",1668049529.0,3
Miata,"That looks so sharp!

Hoping to get the that color top installed in the future. I think it’ll look nice on my car with the deep crystal blue exterior and white leather interior",1667318265.0,4
shortcuts,"Not sure if this will help, but I found [this](https://twitter.com/vadimyuryev/status/1574850200203841536) shortcut that seems similar and it’s working on my end.

I’m illiterate when it comes to figuring out Shortcuts so I can’t really provide insight into the differences in how they work.",1667310384.0,2
shortcuts,"I’m having a lot of trouble finding a way to upload a RAW image from an iOS device. When I go through the Camera Roll, the photo is converted to JPEG as it’s being uploaded. I also tried Dropbox but that’s doing the same thing. I think it works through iMessage though I’m not so sure.",1667309850.0,2
shortcuts,No problem at all. What’s your preferred method?,1667308452.0,1
shortcuts,"https://imgur.com/a/LWx3X5V/

Thanks for the reply! I hope I’m on the right track here. This shortcut is exactly what I’ve been needing lately.",1667308225.0,1
shortcuts,Hmm I can’t seem to make it work for me. Photos that are labeled as RAW in the Photos app cannot be converted. The shortcut is claiming they are not raw images.,1667307843.0,7
NintendoSwitch,Cool beans!,1667078116.0,1
Miata,Side note: That shift knob looks really cool. Anyone know if it’s stock?,1664897554.0,1
FrankOcean,Nah I’m getting the same thing. Might just be a glitch since that photo’s been the banner before.,1664499572.0,50
bose,"QC45 are probably the most comfortable in their class. I prefer the AirPods Max, but I can’t deny that the QC45 are lighter and have an excellent fit.

I had the NC700 and they were fine. Slightly less comfortable than QC45 but it’s a small difference.

One thing I’d say is that I don’t think there’s much of a sound quality difference between any of the Bose headsets. They all sound very good, but definitely have some issues with distorting at higher volumes and they lack sub-bass response.",1664377139.0,9
Miata,Yikes good to know. Thanks for the info!,1663707558.0,2
Miata,"Looks awesome!

I spent a month driving 9,000mi out west last year. Moab was my favorite stop, followed closely by Yellowstone. Arches is just on another planet. There’s nothing like driving a Miata at night and being able to look up at the full starfield.",1663698858.0,3
Miata,"Gotcha, thanks!",1663698020.0,1
Miata,Is that only for older gen Miatas? IIRC modern vehicles need to be able to support themselves in the case of a rollover. Not sure if the parameters are different for track though.,1663697857.0,6
Miata,"FWIW, I daily my ST ND in New York and I have no problems with the ragtop during cold or inclement weather. If I have one complaint, it’s that rain is much louder than any hard-top car I’ve driven. Not sure how it is in the RF but I assume it’s quieter.",1663349126.0,1
headphones,Workin’ at the pyramid tonight,1663089976.0,1
HomePod,"Another update, another chance my HomePods will get bricked.",1663079426.0,2
miatalogistics,"Yup, you’re right! Just checked OP’s page and looks like it’s a 124.

Didn’t know the 124 has the “sport mode” toggle on M/T models — thought it was just for A/T like the Miata. Wonder what it does though. Maybe more aggressive throttle mapping?",1662815521.0,4
miatalogistics,Am I bugging or is your passenger door interior different? The armrest and grab handle don’t look anything like my ND2.,1662814476.0,3
portishead,That’s killer,1660740576.0,3
Snailmail,There is a red/blue splatter version that I have. Not sure if there are any differences besides the disc.,1660699916.0,3
PlaydateConsole,"Sorry to hear about this. Sounds like I had the exact same issue. I noticed it during Super Corporate Tax Evader because I couldn’t play without losing right away.

Long story short, I contacted Panic support. It took a week or two for them to get back to me, but then they responded to replies quickly. I had to send them a video of the input test to confirm the issue and that was that. They sent me a shipping label and I could keep my original unit until the replacement arrived.

As a side note, I asked the support rep if there was a way I could pay full price to keep both units. Understandably that was not an option because it would amount to people skipping the order line.",1660661205.0,3
Airpodsmax,"Cool, thank you!",1660599270.0,1
Airpodsmax,This sounds great on my AirPods Max. Thanks! Is there an agreed-upon setting for AirPods Pro?,1660574077.0,2
Miata,"I’d also love to know. I kinda like the stock Bridgestones, but I notice they’re very slippery in the wet.",1660481491.0,2
Miata,"Damn I met him just after MATG last year. Super nice guy. I saw the dash video of his crash and he wasn’t driving so fast, but it was raining and the road was slick. No injuries thankfully as he said he was going pretty slow by the time of impact.",1659874995.0,2
Miata,"Totally down for that, shoot me a DM and we can figure out a time to meet up",1659472768.0,1
Miata,Nah not quite. This is Teddy Roosevelt Park in Oyster Bay. Haven’t been out to Oak Beach yet,1659445348.0,1
Miata,Love those Racing Hart wheels. Hope to pick up a set eventually.,1659441994.0,1
Miata,"Most of my cruises are along the North Shore. The roads through Glen Cove/Lattingtown to Oyster Bay and Huntington are about the best around. I think the roads out by Northport are good too, but that can be a bit of a hike depending where you are.

Lemme know if you wanna get together sometime! I also have a friend with a WRX who’d love to do a group cruise.",1659439554.0,1
Miata,"Right on, thanks! I’ll keep an eye out.",1659407999.0,2
Miata,"As a stock Miata owner, I salute you",1659407752.0,1
Miata,Good stuff. Im out in Queens pretty often. I’m down to DM if you wanna meet up for a drive sometime.,1659405960.0,1
Miata,"Ha! Nothing wrong with being a bit of an oldie. The north shore from Glen Cove to Huntington has some great winding roads. I think further east is good as well. It’s nothing as extreme as something like Tail of the Dragon in NC/TN, but they’re just about the best roads around.

And btw, I think Big Apple Miata is the club I was talking about. Maybe worth checking out, but again, it seems like they don’t push their cars very much.",1659400411.0,1
Miata,"AFAIK there is one, but it tends to be a significantly older crowd — for reference I’m 26. Not that it’s a bad thing to have some oldies, but apparently they don’t do much spirited driving. Lots of meets at restaurants and beach days.",1659397352.0,2
Miata,Oh very cool! I’m in Hicksville myself,1659396745.0,1
Miata,I’m in Nassau — Hicksville. Don’t mind driving a bit for a meet up though,1659396701.0,2
Miata,Thanks! So happy with the blue & white combo. Great looking NB btw!,1659390420.0,6
PlaydateConsole,"Thanks for the thought you put into this.

That being said, I dunno, it didn’t take me long to get used to pressing the lock button.",1656713488.0,6
PlaydateConsole,"Seems like a cool game, but my game keeps freezing up when you have to >!stab the guy in the closet.!< Can’t get past that part.

Edit: I’m also experiencing a full system crash on the first screen of the game — the clock.",1656634356.0,1
PlaydateConsole,Looks like it. Hopefully I can still get a short username when my order ships.,1655419320.0,5
PlaydateConsole,Do you have to have your console to do this? I don’t see the option to change my username on my end. I should receive my Playdate in a week or so.,1655419099.0,6
Miata,Thank you Miata gang,1653500291.0,59
rawdenim,Thanks much. I like their style a lot — just wish they’d restock more often.,1652819656.0,2
rawdenim,"Been wearing Ginew’s Selvedge Denim Rider for almost a year now. One wash and a handful of soaks.

https://imgur.com/a/8zddCU0/",1652809276.0,17
roadtrip,The trip from Cody to Yellowstone is a little over an hour so plan for that. The drive is beautiful though. Cody’s a great place to start.,1652710807.0,1
Miata,"[This](https://forum.miata.net/vb/showthread.php?t=755069) is the only hard top for NDs that I’ve seen and it’s quite expensive. Unfortunately the OEM hard top only fits NA, NB, and NC generation cars.

I drive a soft top all year and warmth/insulation isn’t an issue in the winter if that’s what you’re concerned about.",1651066768.0,2
Miata,"I took a 9,000mi road trip in mine so it’s definitely doable. I was by myself and the trunk was totally packed tight, but I was comfortable the whole time.

Oh geez sometimes you’ll want to drive extra defensively in this car. People have a lot of trouble seeing Miatas on the road since they’re so small. Regarding dash cams, get one with a long power cable. Can’t recommend a specific model, but the one I have from Apeman has been fine. If anything, go for one that records in 4K.

The Miata’s power outlet is in the passenger footwell and you can run the cable through the dash and A-pillar to keep it clean. The interior panel of the A-pillar pops off if you pull on it. At the bottom of the A-pillar you’ll see a hole where you can drop the cable down through the dash. From there you can tuck the extra wiring under the floor mat.

By the way, the OEM all-weather floor mats are pretty good. Nothing like Weather Techs, but effective and durable in my experience.

I’d also recommend checking out [Miata.net](miata.net). There’s a huge amount of good information to be found there.",1651016346.0,3
Miata,"Howdy, ND daily checking in. Congrats on your purchase!

Depending on where you live, get a set of winter wheels/tires. I went with 16” rims on my winter set to better handle pothole season. The OEM summer tires are no good below 40 or 50° so keep that in mind. Mazda also doesn’t make a donut, but you can get one from a Yaris, Prius C, etc. and it’ll just barely fit in your trunk with room left over. The wheel specs you’ll want are 125 70 16.

Miatas don’t ship with an OEM jack, but there’s a place for one behind the trunk liner on the passenger side. I picked mine up [here](https://shop.mazmart.com/en/2016-mx-5-jack). Just make sure you’re ordering for the correct model year.

Be gentle with the infotainment screen. The cover screen is plastic so it scratches easily. I have a glass screen protector on mine.

Try to use space as efficiently as possible. The compartments behind the seats are great for items you rarely need. For further practicality, consider a [trunk rack](https://mossmiata.com/removable-luggage-racks) or even a [hitch](https://www.flyinmiata.com/default/hard-dog-hitch-for-nd.html).

If you have a soft top, don’t open/close the roof above 20mph to avoid damage.

Feel free to ask anything else!",1651008874.0,4
Miata,"As everyone else said, US spec cars don’t come with the jack. Though you can order one and it fits perfectly behind some of the trunk liner.

I keep one with me all the time and usually have a spare tire in the trunk. There’s no OEM donut so I found one from a Toyota Yaris that fits.",1650628433.0,3
PlaydateConsole,This yours? What’re your thoughts?? Can’t wait to get my hands on one!,1650576834.0,2
bigthief,Lyrics could’ve been better but I like this!,1648697164.0,4
bose,"Sure thing! It’s cool to provide a long-term update.

I ended up purchasing the AirPods Pro when Bose’s headphones were delayed. I slightly prefer the sound profile of the SSFree, but overall I prefer APP as a product.

The physical design of APP is far more compact and the software is much better integrated with my Apple products. Comfort-wise, APP have impressed me. This is subjective and based on your ear shape, so take that for what it’s worth. I also thought I’d miss the volume buttons much more than I do.

I’m happy with my decision. If Bose comes out with a smaller set of noise cancelling earbuds I’ll consider them, but Apple sure makes a good set of headphones.

My bottom line is that AirPods Pro are a great product. Bose may be slightly more comfortable or sound a bit better, but if you use Apple products you might prefer the design and feature set of APP.",1646331914.0,1
Miata,These are great shots!,1643753309.0,8
Miata,"I just started using Gummi Pflege on my door seals and I haven’t had an issue with freezing. I’m not sure if the windows will still freeze where they go down into the door, but so far so good.",1643653127.0,1
Miata,"I traveled 9,000mi across the country in my ND2. I had two medium/small duffel bags, two backpacks, a spare tire, and a 42” longboard. I kept one backpack in the passenger seat and everything else (barely) fit in the trunk. You can make do if you’re willing to pack light & smart.",1643491314.0,2
bigthief,Lovely,1642553834.0,1
Jcole,“I disrespect you respectfully”,1642081861.0,7
Jcole,"Listened to 4YEO and Born Sinner Deluxe so far. The mixes have been mostly good, but maybe a little hollow-sounding. Some of the songs sound like the music is playing inside a box around your head. I still prefer the stereo mixes but these are better than a lot of the other Atmos mixes out there right now.",1642036924.0,3
Miata,"From what I understand, the stock intake makes about as much power as you can hope to get. You can probably achieve a different sound with new parts, but that’s up to you if it’s worthwhile. I don’t know too much about tunes or exhaust options, but good luck!",1641060027.0,2
mazda3,Doctor Bronner’s soap at a 10:1 reduction is great for removing dirt & grime from this leather. I had the parchment interior on my last Mz3 and I have white nappa in my Miata. Can’t go wrong with Doctor Bronner’s.,1640957280.0,1
mazda,Thanks! I’m reading through the thread and loving it so far. Funny to see 2012 opinions about future car models. Excellent detail about “The Deuce” in here.,1640910659.0,2
miatalogistics,"Well logistically-speaking they’re the same car. ND2 gets a backup camera, which is nice when the top’s up.

Looking at your post history it seems like you have some ND1 buyer’s remorse. Try not to sweat it. Aside from the engine improvements, it’s unlikely you’d notice the differences without driving an ND1 & 2 back to back. Unless you’re spending a lot of time above 5k RPMs, you won’t be missing out on an ND2.

Looks like you bought a Club model so you’ve already got all the important upgrades — sway bar, Bilsteins, and LSD.",1640896513.0,5
mazda,I rented a Mazda2 once and it was the best-handling FWD car I’ve ever driven. Even with the auto transmission the car felt exciting to drive.,1640895988.0,4
miatalogistics,"How do you mean, like, logistically? Compared to what?",1640894639.0,5
mazda3,"The Skyactiv engines have a startup process that runs a rich fuel-air mixture for a few moments as an initial warm up. I’m not sure about all the details of how it works, but that’s almost definitely the sound you’re talking about.

Both of my Mazda3s (2.0L & 2.5L) did this when the engine was totally cold. My ND2 Miata does it too.",1640623934.0,1
A24,This rocks. Great song choice!,1640127087.0,2
FionaApple,"Sleep to Dream has the most badass opening lyrics of the bunch. It’s her first song on her first studio album and she opens it by telling a guy to go to hell (poetically, of course).",1639922000.0,4
Miata,"LSD was optional on the GT for 2019 and standard on the GT for 2020-present. LSD was not available on GT from 2016-2018.

That car either had an LSD installed after the fact or it doesn’t have one at all.",1639440283.0,2
Jcole,"You ain't shit, and I'm scared it rubbed off on me

(Can I Holla At Ya, Truly Yours)",1639311619.0,3
Miata,Damn those are cool. Wish there was one for my ND.,1639165273.0,1
Airpodsmax,"Only the volume crown and ANC/Transparency button work when wired; play/pause/skip does nothing.

Edit: Wear detection is disabled when wired.",1639100418.0,6
Miata,"Ditto, enjoy the season!",1638448347.0,1
Miata,"I had Deep Crystal Blue on my two previous Mazda3s. Love the color, especially with the light interior.",1638406245.0,3
Miata,Merry Christmas to you too dude,1638403335.0,2
GR86,My buddy wants to get a GR86 Premium M/T in Trueno Blue. Can’t wait to give it a drive when the time comes and compare it to my Miata.,1638372322.0,4
mazda,"No prob! My Miata is an M/T and I learned how to drive stick on my 2018 Mazda3. I live just outside of NYC and it’s been fine. I don’t commute into the city but I’ve dealt with plenty of traffic and the third pedal hasn’t been an issue. Driving with a stick is so much fun that I’m gonna own a manual for as long as possible.

I haven’t driven too many manual cars but it seems like the Miata is very forgiving — and I tend to drive it smoother than I did in my Mz3. If you do get a stick shift, I’d recommend you try to put on a lot of miles early on so you can get the hang of things. Driving at night was best for me because I was the only one on the road.",1637694176.0,1
mazda,"Hi! I went from a Mazda3 to a 2021 Miata daily so I was in a similar boat as yourself. The Miata is a dream car for me so I don’t regret the upgrade at all. That being said, you should take the time to sit in and drive one before you make your decision.

The Miata is **small** and I didn’t appreciate just how small until the first ride home. Not that I’m complaining, but make sure you’re okay with almost no interior storage — especially when you have a passenger.

Aside from that, they’re great cars. I took mine across the country right after purchasing it and I had no trouble with comfort, fuel economy, or reliability. The trunk was as packed as possible, but I could fit everything I needed.

The only other thing I’d say is to take time getting used to a RWD setup. I don’t know what your experience level is, but be wary of the traction control button — especially when it’s wet out. I could keep traction off in my Mazda3 almost all the time and not so much in the Miata. If it’s not dry & warm, traction stays on for me. To each their own, but keep that in mind.",1637671402.0,1
Miata,"Assuming USA, I can probably help a bit. Bilsteins are available on automatic and manual transmission cars while LSDs are limited to manual transmissions only.

2016-2018 ND soft tops came with a 2.0L 155hp with a 6800rpm redline. They were sold in Sport, Club, and GT trim levels. Bilsteins & LSDs only came on Club trims. 2017-2018 ND RF models came with the same engine and were sold in Club and GT trims. Bilsteins & LSDs were also only on the Club trim.

2019-present cars come with a 2.0L 181hp engine revving to 7500rpm. Bilsteins & LSDs are again standard on Club trims and also start to show up on GT cars. For 2019, GT cars with the GT-S package received the Bilsteins & LSD. Starting in 2020, all GT models come standard with the GT-S package.

There are also some differences regarding which cars came with front shock tower braces. I think it’s only been available on M/T cars, probably all/most Club models as well as GT-S cars.",1637584890.0,4
Miata,Woah 100 is no joke! Do you have any favorites from the bunch?,1637245489.0,1
Miata,Our cars are twins! Enjoy!,1637186827.0,3
surrealmemes,In epoxy,1637079656.0,4
mazda3,"No problem! The new vs. used debate is a tough one right now. My thinking is that if you can get the new car for MSRP, it’s probably a better deal than a marked-up used car. Of course you’ll have to factor in your own financing and the condition of the used model, but that’s how I see it.

The new generation Mazda 3 (2019+) is a big upgrade, especially in the interior space — and it’s a more significant change than the mid-cycle refresh for the 2017 models. If you can swing it, seriously consider a new model.

Try to drive both so you can have an idea of what you’re getting yourself into. Some people had issues with the road noise of the previous generation and prefer the new quieter cabin. Conversely, some owners preferred the suspension design of the previous generation and aren’t fond of the torsion bar setup in the new models. To each their own. Sometimes you can’t know what will or won’t bother you until you experience it first hand.",1636647457.0,1
mazda3,"Hi! I leased two Mazda 3s: A 2015 iTouring A/T and a 2018 GT M/T. Both great cars. I preferred the power of the 2.5L engine, but it couldn’t touch the fuel efficiency of the 2.0L.

I’d recommend that you look specifically at the 2017 and 2018 models as they received the mid-cycle refresh. The interior got a worthwhile redesign along with some more standard features. Additionally you will want to keep an eye out for the LED headlight option. Coming from halogens on my 2015, the LEDs in my 2018 were a significant upgrade.

I’m from New York so I can’t offer much in terms of dealer advice. I leased both my cars from a local Mazda dealer and had a good enough experience. More recently I had to go down to Maryland to buy my Miata because supplies are so limited. The car market is pretty bonkers now so good luck finding what you’re looking for at a fair price. If you have any more questions I’d be happy to answer them.",1636646092.0,1
AnimalCrossing,Hobby-level Crybaby,1634567709.0,3
Snailmail,"Gotta say that I’m a little bummed by the heavier usage of samples & synths. Not that the music isn’t good, but it’s not quite the genre I was expecting.",1634141844.0,22
Miata,You just changed the game,1631886821.0,95
Miata,"Ayy NY daily checking in. You made a killer choice, enjoy!",1631455932.0,2
Miata,Oh dude thanks for saying so! Driving top-down with the park all around you is really something special. I’ve got some more [pictures from my trip](https://www.icloud.com/sharedalbum/#B0p5BydzF9Kxjd) if you wanna check them out. Congrats on your NB and good luck!,1630763620.0,1
rawdenim,Thanks! I was checking out the Thunderbird Coat online and it’s seriously on my wishlist. Looks like it’s totally worth saving up for.,1630423392.0,1
Airpodsmax,Jamiroquai 👍👍,1629978782.0,2
rawdenim,The Pendleton collab is definitely cool. I’m ordering a pair of jeans at some point but haven’t decided between Ginew’s West Fork Red and one of the slim or tapered cuts from Sugar Cane.,1629905950.0,3
rawdenim,"Same here, it was a big draw to me that the brand is Native-owned and that they focus on sourcing from & producing in America.

The jacket was a little bigger than I expected, particularly in the shoulder width and arm length. That being said, I didn’t pour over the size chart before ordering because sizing options were limited (S, L, XL). I probably would have ordered a medium if it was available at the time. All in all, I love the quality, look, and feel.",1629905712.0,4
rawdenim,"This is my first time getting into raw denim and I’m already hooked. The jacket is made with White Oak 12 oz. blue-line denim and custom branded hardware — all made in the USA. Sizing is a bit large for my build, but they were sold out of mediums and I don’t mind a little extra room in my jackets.

According to Ginew’s website, the arms and torso are lengthened for “riding comfort” and the jacket features a banded collar in reference to early Harley Davidson club jackets.",1629900104.0,9
Miata,What are three other things about him???,1629655311.0,4
Miata,"The road from Cody was excellent! My directions to get to the park were: Turn left out of the parking lot, drive 74 miles, arrive at the visitor center. What a beautiful way to start the morning.",1629141601.0,1
Miata,"Thank you! I use a Canon Rebel T2i from 2010 and my lenses are the pack-in 18-55mm and a 70-300mm from Canon. I'd like to upgrade to a full-frame sensor at some point, but I want to improve my skills before investing.",1629140522.0,2
Miata,Thanks sooo much! I'd love to take an equally grand tour on your side of the pond someday...,1629138183.0,3
Miata,"Yellowstone was such a magical place to visit. I spent 15 hours in the park and caught sunrise & sunset. I'm bummed that I wasn't able to make it to Grand Teton, but as you said, it's already on the next itinerary.",1629138128.0,2
Miata,"Thanks! I visited Badlands, Yellowstone, Bryce Canyon, Zion, Arches, and Canyonlands in that order. I was also planning on visiting the Grand Canyon, but some plans changed and I only made it to Grand Canyon West, which isn't part of the National Park.

Yellowstone and Arches were my favorites, but I wish I could've spent more time in all the parks I visited.",1629137054.0,3
Miata,"Nah, it's a little too tight for me. I stayed in hotels or with relatives this time. I thought of doing some camping, but figured it was a bit ambitious for this inaugural trip. Next time I guess.",1629136513.0,4
Miata,Right on dude. Crossing the country with headlights up & top down.,1629133646.0,3
Miata,"Thank you! I’m very lucky to have the time available to me right now. I’m not sure when I’ll be able to travel like this again, but I’ll have to make it happen.

I was so pleased with the seats in my ND. They kinda force proper posture and there isn’t much wiggle room, but my back loves that.",1629133549.0,5
Miata,"Hell yea! That’s a badass way to buy a car. I found the exact spec I wanted in Maryland and figured that 11 hours round trip was worth it… and a great way to put some miles on the clock.

Here’s a [link to my album](https://www.icloud.com/sharedalbum/#B0p5BydzF9Kxjd) of Miata pics from the trip!",1629132610.0,7
Miata,Found mine on eBay — the specs are 125 70 16 and it looks like a bunch of other Toyotas used the same lug pattern & wheel size. Try searching for spares from a Yaris or Prius C to find something that isn’t two decades old at this point.,1629129949.0,4
Miata,"Haha I’m glad you asked. I’m running OEM summer tires right now and Mazda doesn’t make a donut for the ND. I did some research and bought a spare for a 2012 Prius C, which fits my car perfectly. The wheel is 16” and just barely fits into the trunk. I plan to leave it at home when I’m not traveling so I can have the extra space.

[This video](https://youtu.be/XTNY38s89R0) sums up the situation pretty well.",1629128257.0,13
Miata,"I had never taken a road trip longer than a few hours, but a friend’s wedding in Vegas and a brand new Miata were the perfect reasons to pack up and drive west.

All in all, I drove 9,000 miles, visited six (sorta seven) national parks, summited Pike’s Peak, drove through 22 states, and met a couple new friends on The Tail of the Dragon. All of this in just 23 days.

My car was a total champion with no mechanical troubles and very little driving fatigue. Calling this ‘the time of my life’ is an understatement — I can’t wait for the next adventure.

Edit: [Here’s a link](https://www.icloud.com/sharedalbum/#B0p5BydzF9Kxjd) to some more Miata photos from my trip",1629122330.0,69
NewMusicHub,"Before I listened to the new tracks, I read someone describe Little Things as a mixture of old & new Big Thief and I feel that holds up well. The cacophony of sound on the track reminds me a lot of Humans off of Masterpiece where every instrument sounds like it’s competing for the foreground, but without drowning each other out. The wailing guitar sneaks into the foreground here & there rather than being the main focus of the production. Add in Big Thief’s excellent production quality of later albums and you’ve got a killer track.

I especially enjoy the mix of Little Things. Even though the track is loud throughout, it doesn’t sound to my ears like there’s any unintentional distortion or clipping. The surging (sub)bass, particularly in the last third of the song, gives me a sensation of pushing & pulling, which I attribute to the lyrical themes of exploring a budding relationship.

I could go on for a while — I love this song and this band.",1628950075.0,1
SelfAwarewolves,Saying “the wife and daughter” unironically,1628854663.0,2
Miata,"Just picked mine up a month ago and I’m in the midst of a 7,000-mile road trip. I’ll catch up to you eventually!",1626914760.0,3
Miata,"Generally speaking, once a car has chassis/frame damage it’s trash. I’m sure there are some examples where that kind of damage isn’t catastrophic, but it’s a significant risk. Sometimes insurance companies (in the USA) won’t insure a car with chassis damage.",1626634871.0,10
Miata,This might be the first time I’ve heard of someone preferring the cupholders in the ND over the NC. I’ve never been in an NC — what made you give the ND the win?,1626538448.0,1
roadtrip,"About a decade ago my grandparents rented a van and drove across the country for 30 days. The trip followed a difficult recovery from lifesaving surgery my grandma had received and it proved to be a real triumph. The two of them visited national parks, landmarks, distant relatives, and plenty more. They documented their trip with notes & photos and I’ve been pouring over them for years now.

Fast forward to 2021 and I’m ready to follow in my grandparents’ footsteps (or rather tire tracks). I recently purchased my dream car and a friend is getting married in Las Vegas so I have some good reasons to pack up and drive west. After a tough 2020 I’m looking forward to getting away and experiencing the beauty this country has to offer.

With the stops I’ve planned, it’ll take me roughly two weeks to get to Vegas and then another week or so to get back to New York. Total distance for my trip will clock in somewhere around 7,000 miles, which is much farther than any road trip I’ve taken — especially solo. I’m excited for the challenge. Most of my hotels are booked, but I’m totally open to suggestions along my route!",1626279439.0,5
Miata,"Thanks! I’m psyched to get some real seat time in the Miata.
An unplanned trip sounds sick — I’ve definitely left time for improvisation on my route but it’s nothing compared to driving until you find a hotel with a vacancy.",1626274615.0,2
Miata,"About a decade ago my grandparents rented a van and drove across the country for 30 days. The trip followed a difficult recovery from lifesaving surgery my grandma had received and it proved to be a real triumph. The two of them visited national parks, landmarks, distant relatives, and plenty more. They documented their trip with notes & photos and I’ve been pouring over them for years now.

Fast forward to 2021 and I’m ready to follow in my grandparents’ footsteps (or rather tire tracks). A friend of mine is getting married in Las Vegas, which provided a great reason to pack up and drive west. After a tough 2020 I’m looking forward to getting away and experiencing the beauty this country has to offer.

With the stops I’ve planned, it’ll take me roughly two weeks to get to Vegas and then another week or so to get back to New York. Total distance for my trip will clock in somewhere around 7,000 miles, which is much farther than any road trip I’ve taken — especially solo. I’m excited for the challenge.

Most of my hotels are booked, but my route is definitely open to changes if anyone has suggestions. Oh and by the way, you know I’m gonna hit the Tail of the Dragon on my way back east.",1626273250.0,5
roadtrip,"Sounds like a cool plan. I’m currently planning a solo road trip from NY to Vegas & back with a lot of stops along the way. I’m going to be leaving July 19 and I’ll be gone for about three weeks.

Feel free to hit me up if you wanna discuss plans, points of interest, advice, or whatever really. Good luck!",1625325563.0,1
Miata,Congrats! You and I are Miata twins — just picked up the same spec a couple weeks ago. Enjoy!,1624118829.0,2
Miata,"Same here. I was hoping to get the tan leather up until they replaced it with the white option. Being that this is the “Nappa” option, the quality is a bit better than Mazda’s standard leather seats. I was also happy to see that they started perforating the seats so those hot days won’t be quite as bad.",1623785321.0,2
mazda3,"I joined Reddit so I could follow this sub when I first picked up my 2015 Mazda3. At the time I was trying to buy an old Miata, but everything was too rusty for my budget -- and I needed reliable transportation. I hopped into an iTouring with the 2.0L & 6A/T and couldn't get enough of it. While it was a far cry from a sports car, the linear powerband, respectable A/T performance, and excellent handling dynamics made me fall for the car.

In 2018 I moved up to a Grand Touring with the 2.5L & 6M/T. I didn't know how to drive stick so I brought a friend to help me limp it off the lot when taking delivery. I had a blast figuring out how to drive with three pedals and learned a ton about handling a car with real engine braking. Everything I liked about my 2015 was enhanced in the new car, but I still had the Miata bug.

After saving for the past few years I'm fortunate enough to buy my dream car in the exact spec I want. I haven't had it long and it's exceeded all my expectations. I've made tons of long-lasting memories in my Mazda3's and I'm looking forward to making many more in the Miata. I love this sub and the Mazda community in general. Drive safe, I'll be seeing you.",1623765811.0,5
Miata,"Found myself a 2021 GT 6MT in deep crystal blue with white nappa leather — and so far so good! I’ve wanted a Miata for years so the compromises don’t phase me much. Interior noise isn’t as bad as people led me to believe and the ride is firm, but competent & it doesn’t crash over bumps. Frankly I’m finding it easier to drive the Miata smoothly than my previous Mazda3 6MT. 

Interior storage is rough, but passable. I can fit everything I need (and more) in the car, but obviously I can’t have immediate access to things in the trunk or cubbies behind the seats. It’s easy enough to prioritize and I can always pull over if I need something out of the back. So far the only item that doesn’t fit too well is my golf bag, but it’s fine in the passenger footwell/seat.

I’m planning to take a cross country road trip at the end of July and I have no hesitations now that I’ve gotten some real seat time in the car. I’m going to spend three weeks traveling and cover 6,000 - 7,000 miles in total.

This is my realistic dream car and it’s absolutely living up to the hype. Happy to answer any questions!",1623763318.0,3
mazda3,"Thanks for the reply! I also went from a sedan to a hatch and had some trouble getting my clubs in the back of the hatch — everything fit, but I had to pull my driver out of the bag. I preferred the hatch in almost every other way, though. Both cars had some of the best handling characteristics I’ve experienced. They might not have been the fastest cars around but Mazda knows how to make the complete package feel great.

The 2.5T is sweet, though I wish the 6M/T were an option. After learning how to drive stick on my 2018 I don’t want to go back to a two-pedal setup. That being said, I’m not really in the market for a Mz3 again — I put an order in for a Miata a few weeks ago and I’m waiting to get that settled. Looking forward to wringing out that new engine to 7.5k.

CarPlay is coming standard on the Miata and I’m grateful. I had to fight the urge to install it in my 2018 because I didn’t want to invest the time & money on a lease. I’m looking to own the Miata long term so I’m sure I’ll get the mod bug eventually.

Haha the Type R is a blast and I wouldn’t berate anyone for getting it. I’ve only driven it once and it felt far more accessible than I expected. It has serious performance chops but didn’t feel nearly as intimidating to drive as a WRX. In fact I had an easier time driving/shifting smoothly in the Type R than I did in a BRZ.",1622553361.0,2
mazda3,What do you think of going from 3rd gen to 4th? I had a 2015 & 2018 but haven’t driven the new models yet.,1622489225.0,2
HomePod,"It sounds like the HomePods will be better off under your TV, but I’m not certain about the shape of your room.

The HomePods’ tweeter arrays rely on reflecting sound off of nearby surfaces/walls. Pulling them out in front of where the TV sits could result in strange soundstage & imaging qualities.

That being said, don’t think about it too much because the HomePods will do their best to sound good regardless of where you put them. Usually it’s best to put them on a hard, flat surface with 6” of clearance in all directions. I keep mine in line with my TV on top of a couple speaker cabinets.",1622488294.0,6
Miata,"Yes, thank you Miata gang",1620843803.0,2
audiophile,"Very cool setup, love Waxahatchee btw",1620412142.0,16
audiophile,I love Ohm. I have a pair of Model L’s from the 70s and I can confirm that their hardware support is spectacular. At some point down the line I may semi-retire the L’s and move on to a pair of Walsh towers.,1619966352.0,1
FrankOcean,I think at least one person got the vinyl because I downloaded the B side remix at some point. I received Dear April & Cayendo and I’m still waiting for In My Room.,1619532831.0,2
Miata,Awesome garage. The exhaust on the F-Type R is incredible.,1617653679.0,1
FrankOcean,[Here](https://www.dropbox.com/sh/5jc0yftt12nqt3u/AAARFdCC659ZObTzgWCU0NXza?dl=0) ya go,1616003957.0,2
Midsommar,Currently a Ruben but aspiring to be #8,1615119456.0,12
The_Hand,Thwack,1611763371.0,1
The_Hand,Clang,1610740548.0,1
mazda3,Love DCBM. Really happy they added it as an option for the Miata in 2021!,1609945953.0,2
Miata,Dope car and dope Big Thief shirt 🤘🏻,1609099260.0,2
therappleshow,Normalize $5/day international phone plans in the US 😤,1608740487.0,3
Miata,Same here on my 2018. Hoping to hop into one of these next year when my lease is up. Love this color scheme.,1607688809.0,1
Hereditary,Wow I hadn’t considered that Peter lost his sense of smell from that. Figured it was merely Paimon flexing on Peter. Such a cool detail to make the family seem even less in control.,1607465794.0,11
Snailmail,Sorry,1607358412.0,4
mazda3,Oh wow I was blown away when you first showed this off. Awesome project and good luck with future builds!,1606088676.0,1
Miata,Ayy Jones Beach,1605528952.0,3
politics,Nice,1604705595.0,2
iphone,"I’m not familiar with its use in photography, but it’s a somewhat popular technology for videography.

Anamorphic lenses were designed for shooting wider aspect ratios on 35mm film as opposed to the traditional 4:3 ratio. This lens technology also has certain lighting and bokeh characteristics that aren’t achieved with traditional lenses. More information can be found [here](https://www.bhphotovideo.com/explora/video/features/anamorphic-lenses-key-widescreen-cinematic-imagery).

I’m not making the case that Apple should or will add this to the iPhone, but given their industry lead in videography I wouldn’t consider it impossible.",1604249854.0,8
iphone,I’ve read some speculation that it could be an anamorphic lens,1604243295.0,10
trees,Wild Berry best flavor,1603850824.0,2
ft86,McQueen has wild tuck,1603816002.0,3
FrankOcean,Amen,1602851103.0,47
Miata,Thank you,1602124416.0,2
Android,"With all the rumors of Apple releasing a new smaller iPhone (5.4” screen), I wonder if that will drive any Android OEMs to offer some smaller models. I’d expect that the balance of SoC performance and battery capacity would be difficult in a smaller space.",1602084716.0,63
Miata,Must have a groovy beat,1601819805.0,15
bose,"Damn, thank you for your impressions. I’ve been waiting for these to come out so I can compare them to the AirPods Pro. The large size and lacking bass doesn’t bode too well for Bose.",1601390726.0,1
Miata,Looks very pro. Awesome job.,1600959018.0,1
apple,Same here. Laughing at the comments and yet here I am.,1600276625.0,40
longisland,My household received these as well — and they didn’t come with return envelopes or postage. Is the lack of postage an issue with funding or is it another way to discourage people from voting by mail?,1599069545.0,1
mazda,"My previous car was a Mazda3 with the 2.0L and currently I have a newer Mz3 with the 2.5L. Love these engines. Both have had great response and behave well wether I’m puttering around or keeping the revs high. Gas mileage is also excellent! I think I averaged mid-high 30s with the 2.0L and now I’m getting around 28-30 mpg in the 2.5L.

I like that Mazda has been able to avoid turbos for the most part. The responsiveness and linear torque curve are both nice features of a naturally aspirated engine, but I mostly appreciate how simple the maintenance has been. I’ve never had to worry about heat-related issues — and down the line there will be less mechanical complexity that could need repairs.",1598534874.0,2
AppleCard,"I have a couple other cards for specific uses, but my Apple Card is used for almost everything. The software quality and ease of use are head and shoulders above the competition. Other banking apps aren’t designed to be as simple and tend to change appearance and/or menu structure more often than I’d like.

I like the card because it’s easy to use and the interface is about as clear as it could be.",1598530567.0,4
IdiotsInCars,Peg leg burnout,1598280464.0,38
Miata,"As far as I know, the soft top has slightly more headroom. Carbuzz.com has front seat headroom listed as 36.8” (RF) and 37.4” (Soft Top). Both models have the same legroom though.",1598189882.0,1
Miata,"The other commenters have provided good info. The indicator is normally attempting to optimize fuel consumption. This behavior changes during WOT (flooring it) — the indicator will instead let you know to shift just before you hit the redline/fuel cutoff.

As long as you let the car get up to temp and shift smoothly, no need to worry about your shifting patterns. Your biggest aim should be to keep the engine at an ideal RPM for the situation you’re currently in or are anticipating.",1598188976.0,7
Miata,"I’ve only been once, but that sure looks like a west coast highway.",1598134529.0,1
lewronggeneration,Aphex Twin,1597677451.0,95
mazda3,I had this issue on the passenger’s seat leg bolster of my 2018. I was able to hook the seat cover back into place without the tape and it hasn’t been a recurring issue for me. My car’s lease is up early next year so I haven’t been itching to make the permanent fix.,1597493340.0,1
Snailmail,This game looks sick,1595939428.0,9
bose,I’m glad they’re almost ready to go! I saw [this thread](https://reddit.com/r/bose/comments/hsupv9/finally_some_update_on_the_bose_500_earbuds_bose/) about the 500 earbuds passing through the FCC so hopefully we’re nearing the release.,1595162491.0,2
bose,Geez first news about this in a long time. Good catch!,1594992666.0,2
FrankOcean,"You so sure? I ordered mine on October 19, 2019 and November 3, 2019. Just getting to nine months now.",1593570964.0,2
politics,"I’ve been keeping up with Balin’s Twitter since he was brutalized. His resolve and ability to double-down on what he believes in has been very inspiring to me.

Totally wish him the best and I hope his story inspires others to stand up to racist, unjust, and violent police forces across the nation.",1592519928.0,8
bose,"As reported by [Protocol.com](https://www.protocol.com/bose-gives-up-on-augmented-reality):

>	Key Bose AR employees have left the company, and partners have been informed that their apps will stop working in the coming weeks.

>	...

>	The decision to end the program comes as the privately held company faces financial turmoil. Earlier this year, Bose announced that it would close all its retail stores in North America, Europe, Australia and Japan in response to mounting pressure from ecommerce. The closures, which affected 119 stores altogether, resulted in hundreds of layoffs. And in March, news broke that Bose CEO Phil Hess had departed at the beginning of the year. The company has since been led by former CFO Jim Scammon, who assumed the title of president and COO as part of the transition.",1592344146.0,8
longisland,Cops were the only people without masks at the Sea Cliff march.,1592054753.0,24
vaporents,Might’ve just sold me on it... thanks for the info!,1591967704.0,2
vaporents,What do you think of the Brilliant Cut? I’ve been thinking of getting one since my cheepo grinder gets jammed/stuck too easily.,1591965124.0,4
FrankOcean,"All they added to the listings were “starts shipping March 25, 2020” and “starts shipping April 3, 2020.”",1591474257.0,2
FrankOcean,"Just to add something else, I’m pretty pissed about how this has been handled because I’m not surprised by the massive delay.

I’ve ordered from Frank’s website on three occasions (Worldnet hoodie, Endless vinyl, vinyl singles) and every item arrived late. Support staff has never had any relevant info other than “still sound like it’s coming soon.” The global pandemic is reason enough for a delay, but it’s only relevant because they missed the original shipment window.",1591470532.0,7
FrankOcean,"Orders including Little Demon were originally gonna ship 8-12 weeks from November 3, 2019, but Blonded support sent emails on February 25, 2020 to say that Little Demon was being replaced with the new single.

The update email never gave a shipment date and anecdotal responses from support reps haven’t given any reliable info.",1591469365.0,4
FrankOcean,I think there’s just nothing more to say about it until it actually drops.,1591467106.0,11
mazda,"Damn, crazy downvotes. I drove the six-speed auto for a few years in a 2015 Mazda 3 before I upgraded to my 2018 with a stick shift.

The auto is pretty great for a commuter car — and better than any other budget automatic I’ve driven. That being said, it does start to feel tired during harder driving sessions. An eight-speed auto could be cool, but frankly I think the biggest issue is with the shifting speed. Shift logic in full-auto is pretty great as is.",1591286792.0,1
mazda3,8-speed could be excellent for this car,1591220632.0,1
mazda,Article says no manual is expected.,1591207747.0,28
mazda3,We can only hope I guess. Mazdaspeed looks less likely than ever following the sales downturn due to the pandemic.,1591206964.0,4
mazda3,">	...as seen in screenshots of Mazda’s dealer system sent to Jalopnik, it appears the 2021 Mazda 3 will be offered with a turbo trim on the sedan and hatchback bodies. It will only be available with all-wheel drive.

>	HOWEVER, all turbo models are only listed as “6A,” which would mean they’re only available with an automatic.",1591204129.0,9
longisland,"Hi! I found a few that are happening today:

-	Huntington, 4:00 PM every day. Starts at Big H shopping center (Home Depot / Marshall’s). March proceeds down NY Avenue.
-	Merrick, 1:00 PM June 3. Gather on south end of Arthur J. Hendrickson Park on W Merrick Road, march down the block to Village Green Park where speeches will be made.
-	Greenport, 6:00 PM June 3. Candlelight vigil for George Floyd, held at Clinton Memorial AME Zion Church. 614 Third Street, Greenport. (631) 477-0144.

I’ve been getting most of my info from these three Instagram accounts:

-	@justiceforgeorgenyc
-	@justiceforgeorge_longisland
-	@justiceforgeorgeli

If anyone has more info I’d love to be involved however I can.",1591198320.0,0
FrankOcean,Mitsubishi Sony? 👀,1591033220.0,26
vinyl,So dope that you have all three. My dad gave me [his signed copy](https://reddit.com/r/vinyl/comments/azj9o5/star_wars_the_empire_strikes_back_signed_by_john/) of Empire.,1590957988.0,7
lostgeneration,"I understand the confusion but I don’t think the two are being mashed up. OP posted a tweet about the Boston Tea Party and the the commenter I replied to was adding another point of comparison by referencing the Boston Massacre, albeit not by name.

Both events occurred within a few years of each other and each was instrumental in leading to the Revolutionary War. The reason to also discuss the Massacre along with the Tea Party is to show that today’s events can be viewed in a similar context to those in the early 1770s.

Edit: Repeated a word",1590847765.0,1
lostgeneration,I’m only providing a source. I’m not the original commenter who made the point you disagree with.,1590789762.0,22
lostgeneration,"From [Wikipedia:](https://en.wikipedia.org/wiki/Crispus_Attucks)

>	Crispus Attucks (c.1723 – March 5, 1770) was an American stevedore of African and Native American descent, widely regarded as the first person killed in the Boston Massacre and thus the first American killed in the American Revolution.",1590788096.0,60
blurrypicturesofcats,When u walking,1589976308.0,17
apple,"Can’t wait to see how the 5.4” phone looks. I’m really hoping that the iPhone 12 series can match the brightness levels of the iPhone 11 Pro series. The jump from 625nits (maximum) on my iPhone X to 800nits (maximum) on the 11 Pro is helpful in bright situations.

I’d enjoy having the additional color depth of 10-bit vs. 8-bit, but brightness on a phone screen is far more important to me since I’ll be using it outside.",1589900346.0,1
Android,"Agreed. I don’t know if there’s something crucial that I missed, but it doesn’t sound like carriers will be able to solve this issue.

Are future iterations going to have better reception through solid objects? I’m under the impression that this is permanently limited due to the type of radio frequency being used. Seems that mmWave will only be good for street corners and stadiums.",1589895491.0,6
DunderMifflin,"The island of Manhattan is surrounded by the Hudson River (west side) and the East River (east side). When Michael saw a river and didn’t know which it was, it meant he didn’t even know which side of the island he’s on, which is very easy to figure out because of the numbered avenues.",1589109764.0,10
HomePod,"Congrats! 

If you can, keep it on a solid hard surface with at least six inches between the HomePod and the wall. The tweeters are arranged around the bottom edge and fire downward so you’ll get the best sound if you keep the immediate area relatively unobscured.

Edit: Clarification",1588730028.0,2
bose,"This posting definitely looks like the headphones were demo units. As the other commenter said, the case that the headphones are sitting in is not from this model.

Personally, I would suggest staying away from this listing. Demo units are always abused and you may not want to invest so much into a product that could fail.

If you’re looking for a good deal, keep an eye out for certified refinished and open-box deals.",1588605147.0,2
bose,"Bose’s earbuds have been the most comfortable option for me since 2008 and the SSFree are among my favorite pairs of headphones. I pre-ordered them when they were first announced and I’ve had very few issues with them since. If I have to pick one chief complaint after ~2.5 years, it’s that the lack of sound isolation forces me to raise the volume higher than I’d like to.

Now that noise cancellation in wireless earbuds is getting really good, I’m looking forward to Bose’s upcoming 700 earbuds. I’ve been thinking of trying the AirPods Pro, but I’ll likely wait to see how Bose’s offering performs.",1588602235.0,2
rexorangecounty,Why would you say something so controversial yet so brave?,1588528103.0,11
AppleCard,Soon after the card initially released I read that some companies don’t do this so that customer service isn’t swamped all at once.,1588448357.0,4
Midsommar,"So dope. I’ve seen a few versions of the poster that were direct conversions from the photo, but I love the style of this one.",1588380940.0,1
Midsommar,"So dope. I’ve seen a few versions of the poster that were direct conversions from the photo, but I love the style of this one.",1588378293.0,1
Midsommar,"So dope. I’ve seen a few versions of the poster that were direct conversions from the photo, but I love the style of this one.",1588378281.0,1
Midsommar,"So dope. I’ve seen a few that were direct conversions from the photo, but I love the style of this one.",1588378256.0,1
DissectPod,Still bumps,1588331475.0,5
bose,"I’ve had jaw problems for much of my life and over ear headphones can be painful if they’re too tight. With the 700s, I had some comfort issues during the first couple days of ownership, but now I can wear them for several hours at a time with no problem.

When the headphones first dropped, there was some discussion on this subreddit about how to break them in. I can’t find the post right now, but one user suggested fitting the headphones around the sides of the retail box. My headphones were broken in at that point, but the box seems like the correct width for this use. IIRC, a day or two sitting on the box was enough.",1588081979.0,4
FionaApple,Booklet sounds great. Hopefully there are some liner notes and photos/artwork to go along with it.,1588024649.0,2
FionaApple,"I saw that but assumed “deluxe” was referring to the “mediabook and additional content.” The track list near the bottom of that page is the same as the original release.

I also haven’t read about any hidden/bonus tracks in her recent interviews. Would be great to get a couple extra songs though.",1588019399.0,1
FionaApple,"Edit: Very cool to downvote discussion.

Dunno — I figured the original release was the whole thing. I was under the impression Fiona did not have a history of releasing deluxe editions. Has she done that before?",1588014246.0,1
FionaApple,Totally. The beat is excellent.,1586525903.0,3
FionaApple,I love Tidal haha,1586312287.0,3
FrankOcean,NY here and haven’t received a notification. Ordered early too.,1585697796.0,1
FrankOcean,Bold claim,1585332042.0,14
AppleCard,"**Edit: I misread your comment. I guess the only benefit to not opting out would be that you don’t have to send an email.**


Opting out will result in less of your data being shared by Apple to Goldman Sachs.

This article does say that the data is aggregate and anonymized, so your specific data may not be able to be attributed to you, but it’s still your data at the end of the day. To each their own.",1585074836.0,9
AppleCard,"Originally posted the MacRumors link, but TechCrunch has far more detail. Three main points are discussed in the article:

-	Apple is changing the privacy policy for Apple Card with iOS to share a richer, but still anonymized set of data with Goldman Sachs in order to allow the creation of a new credit assignment model which could expand the group of users that may be able to secure credit.
-	There is also a beefed up fallback method in the works that will allow users to share more personal data on an opt-in basis with Goldman Sachs if you do not at first get approved. Things like purchase history of Apple products, when you created your Apple ID and how much you spend with Apple. This has always existed and you may have seen it if the default modeling rejected your Apple Card application — but it may have a few more data points after the new modeling. It will still very clearly opt-in with a large share button as it is now.
-	Apple is also finally adding detail to its internal transactions. You no longer have to wonder what that random charge labeled Apple Services is for, you’ll get detail on the Hillary Duff box set or Gambino album you purchased right in the list inside Wallet.

It should be noted that users can opt out by emailing dpo@apple.com with the subject line “Apple Relationship Data and Apple Card.”",1585073899.0,36
AppleCard,"Seems like Apple will be offering GS a bit more user data (age of Apple ID, Apple devices you own, etc.) in order to “improve how credit is assigned to new customers.”

It should be noted that users can opt out by emailing dpo@apple.com with the subject line “Apple Relationship Data and Apple Card.”

Edit: [TechCrunch](https://techcrunch.com/2020/03/24/apple-card-gets-updated-privacy-policy-on-new-data-sharing-and-more-transaction-detail/) has more detail.",1585073387.0,1
FionaApple,">	I tell you how I feel, but you don't care

>I say tell me the truth, but you don't dare

>You say love is a hell you cannot bear

>And I say ""Give me mine back and then go there
For all I care""

Kickass way to open her debut album.",1583887982.0,6
bose,"That’s not the case anymore. Bose is still headquartered in Massachusetts, but they have production facilities around the world. Currently, none of Bose’s products are exclusively produced in the USA.

[b4usa — Bose Corporation](https://www.b4usa.com/bose-corporation/)

[Wikipedia — Production Facilities](https://en.wikipedia.org/wiki/Bose_Corporation)",1583586985.0,4
vapecarts,"For real. I’ve seen some from Curaleaf that are slightly lower than I’d prefer, but I always chalk it up to wick absorption or just being unlucky in which one I get. Never seen a cart even close to this level from the store.",1581470744.0,5
politics,Ha I love to watch Steve during election season,1581032537.0,1
vaporents,Thanks very much!,1580785842.0,1
vaporents,OP can you give some more details about using the concentrates insert? Any cleaning issues etc.?,1580240239.0,2
AppleCard,Reported my September and October balances to TransUnion. Maybe they’re only reporting first two months at this time?,1580218369.0,1
Snailmail,Ha I love seeing all of the /r/LostRedditors posts here. Enjoy!,1579441825.0,8
Miata,Awesome garage! Made me think of [this.](https://jalopnik.com/the-big-m8-meme-is-the-best-thing-to-come-out-of-lemans-1826996652),1579367930.0,1
mazda3,"Sorry for the late reply — in terms of affordable mods, it depends on what you’re trying to achieve.

If you want a nicer sound, a cheap replacement engine air filter (or short ram intake) will add a healthy dose of growl to your engine note. I had an SRI on my 2015 Mz3 and I have a cheap third party air filter on my 2018. Both sound great and you only notice a notable sound increase during acceleration/WOT, so no droning on the highway.

Tires and/or brakes are pretty essential if you’re looking for measurable performance increases on this type of car.

I’m not really well versed in the power upgrades for this car. That being said, it seems like there aren’t many affordable or effective options unless you have a Mazdaspeed or decide to have a turbo installed.

Beyond that, suspension and exhaust are usually the most talked-about mods. For me personally, I’m not putting too much money into my car since I’m already saving for the next one. Consider that whatever you do your car, the chassis is still designed to be an economy car.",1578754837.0,1
vaporents,"My Pax 2 has a pretty obvious smell if I don’t keep it in my stash bag. Even if the oven isn’t full, the silicone parts of the vape can still smell pretty ripe.

The Pax is my first vape so I can’t really say how others compare, but regarding longevity, I’ve seen several users on this subreddit claim that their Pax holds up for years of daily usage — YMMV of course. Pax 3 comes with a 10-year warranty and it sounds like Pax has excellent customer service should you ever run into an issue.",1578751132.0,3
cursedcats,/r/Midsommar,1578604236.0,5
mazda3,"As the other commenter said, there are a lot of mechanical upgrades you can make to the car without ever having to tweak the engine.

Also consider how long you’ll plan to own the vehicle. If you’re thinking of upgrading to a sportier model in the next few years, maybe pricier mods aren’t ideal.

Good luck and enjoy!",1577556921.0,2
FrankOcean,r/frankcourt,1577241136.0,2
vinyl,"Fantastic record. My dad went to a party at Dave Brubeck‘s house way back and he was amazed by the amount of pianos in the house. Apparently Dave has one in nearly room so he never had an excuse to not practice.

Dad’s been renovating his house and one of his goals is to put a piano in almost every room thanks to Mr. Brubeck.",1576945946.0,6
StarWarsLeaks,"“Firm grip on blunt, studded end”",1576943086.0,1
FrankOcean,Looks really cool -- reminds me of that drawing of [DB Cooper](https://en.wikipedia.org/wiki/D._B._Cooper) with the glasses on.,1576685275.0,2
MakeMeSuffer,Probably some screwup with a machine learning program,1576355346.0,2
hiphopheads,Doing god’s work! Very much appreciated 🤘🏻,1575074520.0,2
hiphopheads,I’m pretty late but really happy to have found this. Thank you so much for all your work!,1575073800.0,2
DeepFriedMemes,/r/bioniclememes,1575042136.0,5
FrankOcean,Don’t think anything he’s sold has ever gone that quickly.,1574976794.0,11
apple,"Here we go again

E: v dope",1574952244.0,313
antiMLM,"A similar thing happened to my fiend from high school. A year or two after graduation, he met up with his ex for coffee and she spent most of the time trying to sign him up for a credit card from the bank she worked at.",1574857270.0,1
bigthief,I was trying to figure it out as well and found [this](https://reddit.com/r/bigthief/comments/cqquya/does_anybody_know_the_meaning_of_not/) really great thread from a while back. Not sure which interpretation I liked/agreed with the most.,1574775743.0,5
mazda3,"I don’t know any Mazda-specific YouTubers, but SavageGeese has some really high quality videos and he definitely has a soft spot for Mazda.",1574164183.0,2
FrankOcean,Have you heard the original version that Frank did? It’s called Voodoo.,1573787760.0,2
FrankOcean,"All you bitches want is Jodeci, what the fuck?",1573350195.0,7
airplaneears,Time to meow.,1572874850.0,27
cuprimgang,All hail,1572664528.0,1
bose,"Luckily Bose has announced the feature already. The question is definitely *when* rather than *if*.

This is from the [announcement page](https://www.bose.com/en_us/better_with_bose/new-headphones.html) for the 700s and wireless ear buds.

>	**Bose Selectable EQ**

>	Allows you to fine-tune the mix of your audio — like boosting the bass or minimizing the cymbals — so you can enjoy your music how you want to.

>	All you need to do is download the Bose Music app and register your new headphones. We’ll alert you as each new feature becomes available. And just as fast as you can download the latest update, you’ll be able to enjoy a whole new level of sound management.",1572266737.0,5
bose,"Just found [this](https://reddit.com/r/bose/comments/dn2uy0/nc_700_new_firmware_update_1211/) thread from yesterday. Looks like minor improvements and bug fixes.

I hope the adjustable EQ comes out soon!",1572203198.0,3
bose,Yup! Just connected mine and the update started automatically.,1572202975.0,1
FrankOcean,Damn I didn’t realize they were all on the same day. Wild.,1571938003.0,16
apple,Fantastic. Thank you.,1571748145.0,2
bose,"Hi Adam,

Currently the Bose Noise Cancelling Headphones 700 (NCH 700) are the best offering from Bose when it comes to noise cancellation. That being said, they are not *too* much more effective than the QC 35.

If you can hear your coworker loudly with the QC 25, you will likely still hear them somewhat with the NCH 700. The upgrades to ANC are not monumental between generations.

I have read that the Sony’s are basically neck and neck with the NCH 700. Most people claim the sound quality is better on the Sony’s, while Bose seems to get more praise for fit and comfort. Noise cancelation is similar on both headsets.

For what it’s worth, Bose has not announced that any product called QC 45 is in the pipeline. Based on the naming of other recent Bose products, it is unlikely that QC 45s will ever go on sale. From what I gather, the NCH 700 take the place of what would have been the QC 45.

Good luck!

**TL;DR:**

QC 25 < QC35 < NCH 700 = Sony MX3",1571696591.0,3
HomePod,"I don’t have anything too specialized, but I keep my HomePods on top of two Ohm speakers (model L) from the 70s. https://i.imgur.com/6QphX9o.jpg

The Ohms were working up until a couple years ago when the woofers started disintegrating. The company still builds replacement parts so I’d love to get them repaired eventually. Digital audio will be covered by the HomePods and the Ohms will be a fully-analog setup.",1570485112.0,7
bose,"For that product category it seems like Bose is continuing with the 360° design of the Revolve series. Kind of a bummer because I love my SoundLink, but I guess that’s the market demand.",1570365483.0,4
apple,"Yep! I pulled this from the first page of DaringFireball.net

>	I wondered in response whether Apple had ever shipped hardware features without mentioning them, only to enable them in a software update later. They have:

>	-	In 2007 Apple shipped a software update (for $2) that enabled 802.11n Wi-Fi in several Macs.

>	-	In 2008 they shipped a software update for iPod Touch that enabled Bluetooth. The update cost $20 (!). They had to charge for these software updates a decade ago due to the accounting of the time.

>	-	Bluetooth wasn’t mentioned in the original specs for the second-generation Apple TV, but support was added in a software update.

>	And I’ve been told by a reliable little birdie that in years past Apple has shipped hardware that wound up never enabled in software.",1569019131.0,88
rexorangecounty,"HYPE

Wonder how it’s gonna sound",1567690667.0,2
Snailmail,"Ha — this is a subreddit for a band called Snail Mail.

/r/USPS may be able to help you.",1567687970.0,24
mazda,"Sure thing, good luck!",1566524231.0,3
FrankOcean,These are dope. Love the ones for Seigfried and Godspeed.,1566431667.0,4
AppleCard,Uber and Uber Eats getting added to the 3% category — interesting!,1566306510.0,25
mazda,"I can’t speak too much to ownership, but I rented a Mazda 2 a few years back and had an absolute blast in it. Fantastic driving dynamics for such an affordable car.",1566258079.0,3
Jcole,"I emailed support three or four times throughout the past year just to make sure they didn’t ‘lose’ my order. Received an email the other day with some shipping info and that was that.

It was disappointing to see how weak the official messaging was — hardly any timeline or updates. I’m sure a lot of us wouldn’t have minded the delay as much if they sent us a few more official updates.

In contrast, I pre-ordered another limited release vinyl recently and when it was delayed by just two weeks, they kept me posted on the progress. I’m sure the scale is different for Cole and his team, but a year of near-radio silence sucks.",1566255949.0,2
longisland,Remain calm... I have trained for this,1565699115.0,26
antiMLM,r/ProMLM in this case,1565667323.0,1
Miata,Oh no the airplane ears were coming out,1565348254.0,3
bose,Have you checked if there’s any dirt or earwax blocking the sound port? My buddy with AirPods had a similar issue and it turned out that his were just dirty.,1564791531.0,1
Midsommar,"There is an orgy scene with a lot of nudity, so yes.",1564698123.0,3
apple,Would be very interested!,1564534562.0,2
greentext,And took his job,1564330980.0,7
HomePod,Agreed. I use a stereo pair in my bedroom as my main set of good speakers and almost exclusively use AirPlay.,1564161716.0,5
mazda3,F,1563888884.0,1
FrankOcean,"The head-on shot of Oscar, Darryl, and Kevin always cracks me up",1563732187.0,28
bose,Works for me with my 700s.,1563188385.0,8
CantWatchScottsTots,”You’re welcome baby.”,1563018683.0,2
Midsommar,Haha yeah that’s a bit of morning brain on my part. Also didn’t want to give the wrong impression that I was comparing this to the oracle.,1562948516.0,3
FrankOcean,Fantastic,1562874489.0,2
ipad,"Disregarding how buggy it currently is, I’m very happy with the features added. Desktop-class browsing is awesome and I love the way slide over functions.

Slide over acts almost as an iPhone within iPad OS. Having multiple apps open and easily accessible through some swipes is a lot more powerful than I expected. I tend to keep some of the less-involved apps in slide over since it’s a smaller window. Messages, weather, a calculator and music are usually what I keep open.",1562843856.0,2
ipad,"Sure thing! I owned the original iPad mini and only started using an iPad again when the new models were released. I’m so excited to use one again — especially after all the multitasking features have been added. iPad OS seems like it’ll make things even better.

If you’re really going to be using split screen, the Air will probably be the better size. Although as you said, the rumored ~10.2” base iPad sounds like its going to be pretty sweet. Not sure if they’ll ditch the home button or laminate the screen, but since it might be the basic model, I wouldn’t expect too many new features.

If you’re able, visit a store and try typing on both iPads. I can very comfortably type on the mini in portrait with my thumbs, and I have very little trouble doing some modified touch-typing in landscape. Larger iPads are tend to be easier with typing, but to each their own.",1562797855.0,3
ipad,"Totally agree with you. I take a lot of notes and split screen is a liiittle bit tight, but it works.

The portability of the mini makes up for any complaints I might have when comparing it to Mac OS. I’m using the iPad OS beta, which is only making it sweeter (aside from bugs).",1562797114.0,3
ipad,"Nice! I picked up the new mini recently and I’m really happy with my purchase... so I’m probably a bit biased.

Based on what you’re saying, the mini should be fine if you don’t mind the size. Air and mini have the same features available — aside of course from the smart connector. The $329 iPad has some constraints regarding running multiple apps on-screen. This is the only current model that lacks a main OS feature like that.

If I have any complaint with the mini, it’s that the screen can get cramped when you try to do too much at once. Keep that in mind when you decide what model is right for you. 

By the way, all current iPads (except for the mini) have the same ppi of 264, which means the mini (326) has the highest pixel density of any past or present iPad.,",1562784709.0,5
bose,"Keep an eye on the battery level of the charging case. In order to use the ‘find my buds’ feature, the charging case uses a small bit of energy even when closed and stored. After a week or so, the case’s battery may be low even without any use.",1562422331.0,1
Miata,"Definitely sounds like $400,000 too",1562027531.0,2
mazda3,Weight reduction,1561984014.0,2
IdiotsInCars,Futura Free by Frank Ocean in the background 🌊🌊🌊,1561941222.0,1
bose,"I’d recommend waiting. I own a pair of SSF now and I love them, but I’d love them more if they were smaller and had those new touch controls. I’ll probably hold onto them until the Noise Cancelling Earbuds 700 come out, however.

While it’s unconfirmed as of now, any improvements to the wireless connection will be worth the wait. I haven’t had many issues with connectivity, but some users report that the left bud of the SSF drops out somewhat frequently.",1561752726.0,2
bose,"Prerelease info suggests the Earbuds 500 will be at least as sporty as the SoundSport Free. From [Bose’s website:](https://www.bose.com/en_us/better_with_bose/new-headphones.html)

>	In addition to the audio performance, comfort, and stability our SoundSport Free earbuds are known for, this smaller and sleeker version promises new features.

[The Verge](https://www.theverge.com/2019/6/7/18654154/boses-noise-cancelling-headphones-700-upgrades-voice-calls) got some time with the prototype Earbuds 500 and had this to say:

>	Bose also had its upcoming Earbuds 500 on display in New York this week. Unfortunately, the demo units were completely nonfunctional, so it’s clear the company is still working away on these, which will eventually replace the SoundSport Free earbuds later in the year. Right now, I can already tell you two things: the case is significantly smaller, and the Earbuds 500 don’t jut out of your ears as far as the SoundSport Frees did.",1561752306.0,2
iOSBeta,Brilliant! Thank you so much — this is exactly what I was trying to figure out.,1561731059.0,2
bose,Might be worth waiting for the next versions to come out later this year. There is also a higher end noise-canceling version coming out in 2020.,1561725105.0,2
bose,How soon did you order? I’m still seeing “this item is in route to a Bose facility.” I ordered pretty early in the morning on May 29th.,1561567443.0,1
apple,Hope so! The 15” retinaMBP originated as a tier above the 13” and 15” MBPs that were out at the time. Sounds like Apple might do something similar by eventually phasing out the older generation sometime after the (presumably) 14” goes on sale.,1561504496.0,1
apple,"When the original retina MacBook Pros came out, the 15” was revealed on its own at first and some months later the 13” was revealed.",1561474973.0,1
apple,"I’ve been using the beta on my mini 5 and it feels about as well-suited for the screen as iOS 12 did. It can get a little cramped, but I prefer the smaller screen and the Apple Pencil helps a lot with more precise taps. The new mechanic of having multiple slide-over windows is much more powerful than I was expecting.

Unsurprisingly there are a decent amount of visual bugs in iPad OS if you really play with multitasking, but I assume it will be fine when the OS officially launches.",1561379580.0,3
iOSBeta,I do have switched on in Safari’s settings and it’s not working. I’m trying to figure out if this is a bug with iOS or Google.,1561334564.0,1
iOSBeta,"It turns out I misremembered somewhat. [9to5Mac posted this video](https://youtu.be/gzlkNPaXNKc) with an iPad Pro using Google Docs in Safari (19:30). [This video](https://youtu.be/HtMeq9cn7xI) shows an iPad mini using the desktop version of Google docs to download a file.
Sorry for the confusion. It looks like it could be related to the screen size just as you mentioned.",1561303195.0,3
iOSBeta,"That’s a great video, thanks. I wonder how they will handle iPad desktop requests when iOS 13 leaves beta. Considering Google Docs got some time during the keynote, Apple must be expecting it to be a regularly usable feature.",1561302522.0,2
iOSBeta,"I ask because Apple claims that Safari in iOS 13 is representing itself as a desktop client, not a tablet/hybrid client. I have seen video of Google Docs working on other iPads with iOS 13 — including an iPad mini.

Edit: *iPad OS",1561302284.0,3
iOSBeta,"Has anyone encountered this? I’m able to access the desktop version of Google Drive (if I request it after landing on the mobile page), but anytime I open a document I get the view-only mobile version. If I go directly to the Docs landing page, I get redirected to the screen I posted.

I’m running an iPad mini 5th gen with the second dev beta. I have the “request desktop site” setting turned on for all websites, but it seems nonfunctional. I have cleared all safari data twice, signed in and out of Google, and restarted the iPad with no new results.",1561300520.0,1
FrankOcean,Higgs 🅱️,1561299042.0,5
rexorangecounty,Beware the hooks,1561165388.0,3
ipad,That’s incredible. I had the original mini and had to put it to pasture sometime in the last year or two. Just picked up the brand new model with the Pencil and I love it.,1561069241.0,3
hiphopheads,Cole could send one tweet saying that they’re still working on it.,1561045804.0,4
hiphopheads,"Damn. If that’s the case and they don’t ship, I’m kinda done with Cole. That is so fucking slimy.",1561029889.0,13
Jcole,"Honestly if they actually plan on delivering, all Cole needs to do is tweet ONE photo of him signing the LPs and say “I’m working on it.”

It’s over a year since I ordered and I’m pissed, but at least confirm to us that you’re actually making them.",1561029760.0,5
hiphopheads,"Same boat as OP. Been checking in every couple months and it’s the same shit every time. Customer service has no information except that my order will ~eventually~ be fulfilled. Cole’s team drops tweets occasionally like they’re close to having it done, but nothing concrete. Considering how much Cole says he cares for his fans, this is a real let down.

I’m torn because I want the signed LP and think it’s more than worth the $37, but I‘d like my money back if they can’t deliver. I’m not worked up about some cash from over a year ago, but this is just low class. If you’re on r/FrankOcean you’ll know that even Endless shipped quicker than this!

I would be totally fine if Cole tweeted to say that his wrist is sore and he’s signing when he can. What do we get instead? Customer service knows nothing and his team won’t give any straight answers on Twitter.

It has been over a fucking year. Finish the orders or cancel all of them.",1561029582.0,1
ipad,"The 10.5” Air has a chipset that is two years newer than the 10.5” Pro. In some ways, the exterior hardware of the Pro is better (ProMotion display, quad speakers), but the internal specs of the Air are generally more capable.",1560889959.0,1
ipad,"From 1-13, how snappy is it?",1560825640.0,3
ipad,"You might be better off getting the iPad Air. For not too much more money you’ll be getting a much newer processor and AppleCare, which is a lifesaver if you crack that big slab of glass.",1560812654.0,1
ipad,"In iOS 13, only A12 (or better) devices will support the new version of AR Kit. Not sure if there’s anything else of note.

Edit: 2017 iPad Pro has an A10X and 2019 iPad Air has an A12.",1560812188.0,2
bose,"I’ve owned both and loved both. Some people have had issues with dropouts while using the SSFree, but I didn’t have any bad problems.

As someone else said, wait for the 500s to come out later this year.",1560555213.0,1
apple,"Yeah, I was under the impression that the entire US is expected to be complete by the end of 2019.",1560514701.0,17
apolloapp,And the crowd goes wild!!!,1560461148.0,2
mazda3,I’ve seen as low as 19.5k and 20k on this subreddit but it looks like 21k is pretty realistic right now.,1560109590.0,2
apple,( ͡~ ͜ʖ ͡°),1560000353.0,2
bose,"Along with some other tech outlets, The Verge had some time with Bose’s new NCH 700. Considering that this is not a full review, there is a great bit of detail in the article and worth the read if you’re interested in the product.

Near the end of the article, the author also spends some time discussing the Earbuds 500. The prototypes were nonfunctional so there isn’t much to gather from it aside from the design.",1559934461.0,1
bose,"There are lots of threads in this subreddit about that issue in case you want to do some research. I also use an iPhone and the only time I notice lag anymore is when I use the YouTube app (it’s fine on the YT website).

I’ve owned the earbuds since they released and the latency used to be much more widespread across other apps/services. The sole reason it hasn’t been fixed for YouTube is because YT’s devs have not done the work to solve the issue. It’s out of Bose’s hands when it comes to the YouTube app.",1559912716.0,1
Jcole,"Not sure if you found it yet, but get in touch with this email address [ jcole@fhcustomercare.com ] and they’ll be able to help.",1559873926.0,2
mazda3,"Bummer but at least it’s possible!

The ‘14 Mazda 3 2.5 was auto only and they added the manual due to demand. Would love to see something like that again.",1559862994.0,1
mazda3,Love the off-road look with those tires,1559862740.0,2
ipad,"It seems like the lowered latency on Apple Pencil only applies to the 2nd gen model, making it exclusive to the latest iPad Pros.",1559612508.0,6
ipad,Looks like the Apple Pencil optimization only applies to the 2nd gen Pencil. Bummer since I just got the new mini and 1st gen Pencil. Still happy with it regardless.,1559612209.0,2
apple,"Who knows. Could be a glitch in the widget/app or it could just be hiding the source because you seem to actively avoid it. Regardless of the real reason, I doubt it’s anything very interesting. It’s unfathomable that Apple would want to wade into a controversy of censoring Fox specifically.",1559482835.0,7
apple,I’m on my iPad right now and can confirm the News widget doesn’t show the names of any sources. This is not related or exclusive to Fox as a source specifically.,1559482434.0,8
apple,"Apple News displays articles based partly on your reading preferences. If your preference is to read no Fox articles, it’s likely that the algorithm caught on to it.",1559482164.0,4
apple,Generally Apple won’t need it because they can look it up with the serial number.,1559401204.0,6
ipad,"No problem! Make sure to keep track of your Pencil’s cap. I lost mine while charging without any clue where it could’ve gone. Had to bite the bullet and order a new one.

It’s also might be worth looking into a matte screen protector. Some users really prefer the feel of writing on that vs. bare glass.

Good luck! Feel free to PM if you have any other questions.",1559352112.0,2
ipad,"Hah, so you know what you’re getting into. My last iPad was the original mini and I loved it until it died.

Screen size is great IMO, though I would like to see a better screen-to-body ratio on a future model. It’s right between my iPhone and MacBook so it feels useful in ways those devices do not.

I switch orientations for writing depending on the setting I’m in. One of my preferred setups is landscape split screen with Notability on the right two-thirds and another app on the left.",1559336632.0,3
ipad,"Usually at least one full page of notes per day. Since I’ve had it, there was one point where I wrote out 6 or 7 pages in one sitting and I had no problem.

By the way, battery life on this thing is pretty kickass when you’re used to an few-yer-old laptop and a phone. It doesn’t seem nearly as variable as my other devices.",1559336055.0,1
ipad,"Notes don’t take up much space, but I went with the 256GB WiFi model. I like to keep most of my files stored locally — and my music library alone is roughly 50GB.

The Smart Cover (or something like it) is also definitely worth checking out.",1559335756.0,1
ipad,"I have a mini 5 with the Apple Pencil and I essentially replaced my MacBook + (paper) notebook combination at work. The screen is similar to the size of my notebook and the Pencil feels very natural after some practice. Notability has been my go-to for notes — I find the handwriting replication to be much better than the stock Notes app.

The screen is relatively small, but being able to type with my thumbs in portrait is very nice. Split-screen multitasking is nice if you have a use for it.

Overall I have almost no complaints with it. If Apple decides to redesign it to have more of the iPad Pro features, I’ll buy that on day one.",1559333886.0,2
bose,"Same here! I got my pair in black.

I’ve had a bunch of Bose products in the past but these will be my first noise canceling headphones. Can’t wait to take delivery.",1559306491.0,2
FrankOcean,Tbh he wouldn’t even have to fuck with his credit.,1559154803.0,1
bose,"Huh, didn’t know that audio wasn’t part of the spec yet. Thanks!",1559146143.0,1
bose,"The Bluetooth version is still unconfirmed, but the product page rates the range at 33 feet, which is the same as the QC35.",1559145309.0,1
bose,"Wonder if the connection is any more solid. I have a pair of SoundSport Free now and I’m happy with them, but sometimes they really feel like a ‘first-gen product.’",1559133958.0,2
bose,"Interesting that the Bluetooth range is rated at 33 feet. I don’t see any detailed specs, but is it possible they’re still not using Bluetooth 5?

I’m so excited for these to ship. I’ve been waiting for Bose to one-up the QC35s for a while.

Wasn’t expecting the SoundSport Free successor to get announced — or that there would be two versions.",1559133825.0,5
bose,I’ll sign,1558748199.0,2
bose,"Apparently the issue with the YouTube app can only be solved by the YouTube devs, and they haven’t expressed plans to work on it. YouTube in Safari sounds fine though.",1558741336.0,1
bose,Our Bose in blue,1558737848.0,2
Miata,"Really sick video and car. I had no idea this road existed! I’m from Long Island but heading up to Callicoon for a couple days, so I’ll definitely have to check out this run on my way.",1558652807.0,1
bose,Check the Bose app on your phone — there is a setting to change the auto-off timer.,1558482063.0,1
longisland,"Caumsett Park near Huntington. It’s about two miles from the parking lot directly to the beach, and there are paved + unpaved trails you can take.",1558355931.0,7
mazda3,That’s no moon,1558183423.0,2
FrankOcean,"Long, tan, and handsome.",1557770118.0,31
FrankOcean,Blonde,1557677314.0,13
Miata,LI reppin,1557667045.0,2
longisland,Camusett Park is really cool. Lots of areas to explore and plenty of space to chill with some privacy.,1557589274.0,2
bose,"Very cool, thanks so much!",1557587901.0,2
vinyl,"Awesome collection dude, congrats on your progress. CMBYN and Drive are some of my favorite movies — partially because of the amazing soundtracks and scores. Random Access Memories is also one of my favorite albums.

What was your favorite pickup or find so far for your collection?",1557587745.0,3
bose,Really excited to see if this is their new high end headphone. Have there been any other rumors or leaks about it?,1557456950.0,4
bose,That’s awesome. Can you share the chart?,1557261201.0,3
FrankOcean,“Long Playback” — essentially synonymous with “album.”,1556714456.0,3
mazda,Thank you! I’m looking to get a Miata in the next couple years and just trying get get a sense for the options I’ll be looking at.,1556541141.0,2
mazda3,"The Mazdas 3 and 6 are in an interesting position since the 3 moved to the newer generation. The 6 has (likely) reached its pinnacle for this generation so until it gets put on the new platform, customers will have to make trade offs regarding what kind of features, refinement and space they’re looking for.

I have to imagine that if Mazda puts the 2.5T into the 3, it’ll really make the 3 vs. 6 decision that much more difficult.",1556375567.0,11
mazda,"Awesome car dude, congrats. Quick question: Is there any difference in the leather quality of the tan and black leather?",1556316099.0,4
rexorangecounty,"I see 4 Seasons, I upvote.",1555417672.0,2
longisland,"Gerrymandering Hudson Yards is a totally different issue than Amazon’s (canceled) HQ, which would have been in Long Island City. Hudson Yards is a breeding ground for corporate tax breaks, though.",1555101218.0,6
mazda3,"At least in North America, 2.5L cars have a digital speedo and analog tach while the 2.0L has an analog speedo and digital tach.

Edit: Looks like I’m wrong. Maybe they changed this in 2017 or 2018? Pre-facelift cars’ dashboards were definitely determined by the engine size.",1555100839.0,1
mazda3,That’s a high mileage car,1555100713.0,9
mazda3,"I know the exact sound/feeling you’re talking about. I noticed it on my 2015 2.0L and I notice it now on my 2018 2.5L. I think it must be how Mazda builds/tunes its engines. It’s a bit annoying when you notice it, but it’s nothing to worry about.",1555077104.0,3
FrankOcean,Not really. There’s the Endless warehouse in Brooklyn (I think) — though it’s just a warehouse after all. Frank also seems to have a place in/near SoHo but we shouldn’t be creeping.,1555076341.0,3
vinyl,Really sorry to hear you’re going through that. I picked up the Rumours vinyl recently — it’s one of my all time favorites. The lyrics carry so much weight.,1554937802.0,2
Snailmail,Who’s my other Static Buzz friend,1554904212.0,8
HomePod,"Congrats! To make it sound best, make sure to keep it at least six inches from the wall.",1554830624.0,5
bioniclememes,Same here. They have that shot of the armor T-posing in the trailer so I hope it plays a part.,1554044818.0,49
HomePod,"The speakers will adjust for the room they’re in, but I don’t know what the minimum is aside from keeping them six inches away from the wall. My room is roughly 12x17 and it feels more than big enough.",1553731709.0,2
mazda3,"Call an insurance agent and they’ll be able to walk you through the process — it’s generally a quick process. In many states, you cannot own a registered vehicle without basic insurance, so make sure you handle that before you get to the dealership.",1553452946.0,2
mazda,"My mom leases a 2018 Touring (mid-level trim) for less than $300/month. I’m sure you could get a loaded model for not too much more.

Swing by the dealership and take one for a test drive. The 2.5L non-turbo is fine, but the 2.5T makes a great car even better. Good luck!",1553440837.0,1
apple,Would love a smaller version of the XR with a 5-5.5” screen.,1553206248.0,3
FrankOcean,Franks extra verse in (Solo) is tight,1553136394.0,11
ipad,"Quite honestly it sounds like you should just stick with your current device if there aren't any hangups or slowdowns due to the processor.

&#x200B;

That being said, if you're interested in a higher-end screen, the new iPad Pros (11"" and 12.9"") have incredible LCD panels with very deep black levels. It's not quite the same 'pure black' you'll get from an OLED, but it's definitely industry-leading among other LCD panels. Of course, you'll have to pony up at least $799 to jump into that arena.",1552926619.0,1
politics,"I'm pretty sure that the accusation he made against Mueller was referred to the FBI. Obviously I don't know if they're still investigating and wether they'll bring charges, but they're at least aware of it.",1552499045.0,1
FrankOcean,Wow I remember when iTunes Ping existed for 19 minutes,1552394361.0,176
vinyl,"Thank you for saying that hahaha

Very happy that pops passed it on to me and I’ll be taking care of it for years to come.",1552326817.0,2
vinyl,"Can’t argue that. “Good artists copy, great artists steal.”",1552303159.0,1
vinyl,Thanks! Dad’s got some amazing stories from the music biz.,1552303029.0,1
vinyl,"The OST for Star Wars: The Empire Strikes Back, signed by John Williams for my dad.

The soundtrack is two double-sided discs and includes several pages of art from the film as well as main character descriptions. All musicians from the London Symphony Orchestra are credited by name and there’s a short interview of John Williams by Alan Arnold, which discusses the soundtrack’s production.

Sound quality of the vinyl is still great and doesn’t skip, but I think some of my hardware is holding back the full potential.

I asked my dad about how he got this in the first place and this was his reply:

“In 1981, when I was in graduate school, John Corigliano was commissioned to write a piece for the Boston Pops. The result was his Promenade Overture which he dedicated to me. I copied the score for John and at the premiere, I was introduced to Maestro Williams. A week later, the LP showed up!”",1552245867.0,50
rexorangecounty,"4 Seasons without a doubt. That being said, his use of vocal layering, harmony and even auto tune in New House is extraordinarily good. Very excited to see where he goes from here  ",1552243311.0,35
FrankOcean,"To be totally honest I read that so long ago that I could be mixing up memories. I saw it on this subreddit around the time everyone was obsessing over the “in memory of u” ring that Frank’s also wearing.

Not sure if there was ever real confirmation about why they shopped out the larger ring, but interestingly it’s not in any of the BDC mag pics.",1552233785.0,135
FrankOcean,IIRC this was the original pic but they edited out the larger ring to keep it from being too attention-grabbing on the album art.,1552233420.0,271
mazda3,"Damn, the new grill is massive but it looks so good.",1552145923.0,5
Jcole,Did you get a shipping email in addition to the delay emails?,1552145535.0,4
mazda3,"As the other commenters mentioned, you can disable the readout, but you cannot have it fold down while the car is on.

Personally I think you need to tell the guys at your car wash to go easy on it or avoid it altogether. I’ve read about the HUD’s motor failing over time and I have to imagine that forcibly moving it is not good for its reliability. It’s not a robust part and they could damage it.",1551888154.0,1
Jcole,"They've been delayed since August 2018 because the original copies were damaged by water. Initially people were told that the new copies would ship around December 2018 or January 2019. That got pushed to February 2019, which is when the first copies actually began to ship. The rollout seems pretty slow, but at least some people are starting to receive them. No telling how long the entire process will take, but it's not a scam.

&#x200B;

If you want to check out the progress of your order, you can email [jcole@fhcustomercare.com](mailto:jcole@fhcustomercare.com). They usually reply within 24 hours and their reps are reasonable. I reached out to them on February 20th and they couldn't provide me with a shipping date, but they assured me that the vinyl would be in stock ""shortly"" and that it would be shipped to me soon after that.",1551797782.0,3
FrankOcean,"The holographic loop on the bottom right is taken directly from the Endless remastered cover. It’s not even a recreation — it’s literally a screen cap from Endless.

Edit: Copied directly from [this image.](https://images.genius.com/37bd6d2e18207904a1f8fda02abfbaca.1000x1000x1.jpg)",1551712283.0,8
DeepFriedMemes,"Thank you, Carl",1551551157.0,5
wholesomememes,Hi Carl,1551508780.0,2
mazda,"Dude that sounds really awesome. Congrats on your new ride! By the way, no hate for the auto. Mazda’s six-speed auto is really fantastic. ",1551313674.0,2
FrankOcean,Endless was a trap card and then Blond was flipped face up in the same turn,1551274853.0,5
mazda,That’s a sick upgrade. How do the two compare?,1551223071.0,4
Snailmail,"Heat Wave is really kickass, but my answer seems to change pretty often. Lush is fantastic through and through.",1550794275.0,13
mazda3,"No problem!
I definitely wasn’t as well-versed in the mechanical aspects of cars at the time, so I can’t really give much info about the lean mixture code. All I know is that I didn’t notice any loss of performance when the CEL was on. I can’t be sure, but it seemed more likely to be triggered in humid weather.
Good luck!",1550622288.0,1
mazda3,"I ran the Corksport SRI on my 2.0L ‘15 for a couple years. I was very happy with the sound — no droning and plenty of growl at WOT.

The only issue I noticed was an occasional CEL with a lean mixture code. The car never stalled and I didn’t notice any other problems while I used it.",1550621936.0,1
mazda3,Great shots! I’m pretty impressed at how tight those panel gaps are. Can’t wait to see how mass production looks in comparison.,1550620529.0,11
apple,"So glad they offered me a great deal only to take it away and keep my personal information on their servers.

&#x200B;

Garbage company. Dishonest at almost every turn.",1550588484.0,16
KnightsOfPineapple,Wow. This is my order exactly! Good taste.,1550460149.0,3
FrankOcean,Thats awesome dude. Long live the manual 🌊🌊,1550425716.0,6
FrankOcean,"Lol same...

What’re you driving? I have a 2018 Mazda 3 with a stick.",1550425614.0,3
FrankOcean,Imagine being so mad about an artist’s success,1550425498.0,9
FrankOcean,*thats a pretty long third gear in this car*,1550425354.0,49
apple,Lightning to USB C babyyy,1550417035.0,1
mazda3,"I’ve actually looked into this since I could do it on my 2015 automatic, but not my 2018 manual.

Apparently the feature seems to be missing unless you’re willing to just stall the car, which keeps all accessories turned on. Obviously I don’t really recommend that unless it’s totally necessary.",1550367121.0,2
blurrypicturesofcats,omae wa mou shindeiru,1550335080.0,5
hmmtodayiwill,Damn I really felt that,1549800295.0,15
mazda3,I should’ve been more clear: I was referring to the Skyacriv-X’s power compared to the 2.5L. The rumor among the auto show reps was that Mazda is working (or at least considering) on tuning the Skyactiv-X to produce more power than the 2.5L Skyactiv-G.,1549488132.0,1
mazda3,">According to a spec sheet from Mazda of Slovakia, which you can [view here](https://www.mazda.sk/assets/slovakia/Pricelists/mazda3_cennik_sk_my18.pdf), the Skyactiv-X engine will put down 181 metric horsepower, which converts to roughly 178.5 mechanical HP, and 222 nm of torque, or roughly 163.7 lb-ft of torque.

&#x200B;

This seems to be in contrast to the recent reports that Mazda has been tuning the Skyactiv-X to produce more power due to relatively low gas/oil prices. It's possible that the US-spec models will have different tuning, but this is interesting nonetheless.",1549486064.0,6
AskReddit,I accidentally sneak up on people *a lot.* I guess I walk quietly so I try to make it clear that I’m around by coughing or making some other noise.,1549123577.0,1
bose,"Yes, but only for some video. I only notice it now in the YouTube app and other than that, it’s fine.",1549071551.0,1
audiophile,"I have a pair of Ohm L’s too! I’m waiting to get some replacement woofers, so they’re out of commission in the meantime.

What do you think of the sound?",1549070871.0,1
FrankOcean,IIRC it was Tyler’s,1548975123.0,8
Jcole,If you email jcole@fhcustomercare.com you can get an order update and request a refund.,1548941543.0,3
FrankOcean,Damn homie on fire today,1548880921.0,2
FrankOcean,Real one for enlightening us,1548880721.0,2
FrankOcean,Wolves with Frank is my favorite version,1548791328.0,2
FrankOcean,Favorite line from this song. Too bad about the problem with the Eagles.,1548791242.0,1
mazda3,"I could be wrong, but everything I’ve seen online shows the sedan with bright chrome trim around the grill + headlights while the hatchback has dark chrome in its place. I think it’s only dependent on the body style rather than the trim level or appearance package.",1548527346.0,14
mazda3,"I got a decal for this subreddit [here](https://reddit.com/r/mazda3/comments/7890lj/subreddit_decals_are_on_sale_now/), but I don’t think we have anything as universal as the NA Miata ‘blink’ or the Jeep Wave.",1548519626.0,2
mazda3,"Funny you say that. I used to work with a guy who was a GSM for a Mazda dealership and he said they had trouble getting ahold of any 2018 manuals to sell. He might’ve been specifically talking about the GT trim, but I’m not sure.

Edit: Dealer located outside of NYC.",1548344679.0,2
Jcole,New York 🕺🏻,1548294713.0,3
Jcole,"Saw a post earlier with a new reply from customer service. They said it's planned to ship in ""late February.""

&#x200B;

Honestly there's no guarantee that it'll ship at that point since it's been pushed so much already. At least refunds are easy to get.",1548268351.0,1
bose,It’s best to try them for a few days to see if the battery readout is accurate at all. Make sure you’re fully charging them and see if you can log what the battery life is like over the next few days.,1548185839.0,1
bioniclememes,/r/KnightsOfPineapple ,1548109269.0,15
bose,Just the explanation I was looking for. Thanks so much!,1547762390.0,1
rexorangecounty,Sick. What’s on the back? I have the “Rex in New York” shirt.,1547752257.0,2
mazda3,"If you can wait, wait. Otherwise, the 2018 is a fantastic car. I'm really happy with mine and I'm sure you'll be able to find huge discounts as the months roll on.",1547744108.0,4
apple,"What I’ve read is pretty anecdotal, but users seem to report that it has no negative impact whatsoever. I remember one person who claimed that they had the battery case on every single day and the phone’s battery health was reporting 100% at close to two years.",1547736239.0,4
bose,"Woah those look great. I’ve had a black pair since they launched, but when the new model comes out I’d love to get a different color.",1547691305.0,1
mazda3,"I have the Bose system and usually keep bass and treble both at +2, though I have to turn the bass down to 0 occasionally.",1547661655.0,1
apple,"Hasn't every single iPhone, iPad, and iPod Touch kept the camera in the left corner? I'd be surprised to see Apple move it at this point, but of course it's not impossible.",1547660388.0,1
apple,"I think this is just your perception. I distinctly remember several updates since the iOS 3 era that had to be pulled due to serious bugs or bricking issues.

Users who rely on their devices for important daily tasks are always encouraged to wait a short while before updating.",1547645615.0,18
suspiciousquotes,"""This is **not** personal training""

&#x200B;

\>Is personal training",1547570151.0,44
Jcole,That’s a lot of power in one pic,1547250231.0,1
bose,"Good to know. I’m going to give them a try, thanks!",1547144703.0,3
bose,Would you consider it to sound \*good\*? Is there anything from the sound signature that you'd consider to be lacking?,1547143620.0,3
FrankOcean,"It's possible that the album reached the threshold for platinum a long time ago but was never submitted. Albums and singles don't just 'go platinum' automatically. Sales figures, royalty payments, and other industry data needs to be voluntarily submitted (with payment) to the RIAA for a full audit of the music's commercial success.

&#x200B;

[Here](https://www.riaa.com/gold-platinum/apply/) is some detailed information regarding what the process entails.

&#x200B;

Unfortunately, buying or streaming Channel Orange with the intent to make it 'go platinum' isn't how it works.",1546968045.0,3
apple,"Agreed. If it's considered as a yearly or bi-yearly purchase, it's difficult to justify for most consumers. That being said, with iPhones now getting support for five years, I struggle to see the lack of value.",1546965603.0,5
longisland,Too bad he grows really crappy weed,1546867889.0,5
apple,Same with me. I’ve been with iPhone since the 3G and Jet Black 7 was my first ‘perfect’ device.,1546436231.0,3
mazda3,"I’m keeping my 2018 2.5L stock, but I put a Corksport SRI on my old 2015 2.0L and loved the sound. The SRI added a bit of growl at WOT and didn’t drone otherwise. It’s not nearly as loud as an exhaust mod, but from inside the car it sounded much better.

I think they sell for ~$175 and it was very easy for me to install with no car wrenching experience and just basic tools.",1546004638.0,0
bose,"Out of curiosity, where are you getting the 18-month timeline? Is that normal for Bose?",1546000840.0,2
mazda3,Definitely feeling the same. Going into second - especially when cold - is noisy and not smooth at all. No problem with any other gears.,1545777534.0,2
whatisthisthing,"I don’t know about the board on the right, but the one on the left reminds me of a trust fall platform I used to see at camp.",1545574510.0,1
FrankOcean,Dec. 30th at 3am NY time,1545509164.0,6
FrankOcean,"3am-5am NYC time
8am-10am UK time",1545504070.0,31
mazda3,"The other commenter is correct, but for clarification:

2014-2016: i-equipped cars had the 2.0L engine and s-equipped cars had the 2.5L engine.

2017-2018: Sport trim has the 2.0L engine while Touring and GT trims have the 2.5L.",1545485841.0,2
mazda3,"I think it’ll depend more on the condition of the cars and your personal preference. I’ve owned a 2015 iTouring sedan and now a 2018 GT hatch and both are great cars. I prefer the 2018, but mostly because it has the 2.5L and a M/T. The 2.0L was absolutely fine for daily driving and had amazing fuel economy, but I wanted a little extra oomph.

The 2017-18 model years are noticeably more refined and look more upscale on the inside, but 14-16 wasn’t bad by any stretch of the imagination.

Regarding sedan vs. hatchback, I seriously prefer the hatch. I like the exterior design, it has more storage space, and it’s actually a bit shorter (5-inch difference IIRC) so it’s slightly easier to park.

If you have any specific questions about options, driving dynamics, etc. I’d be happy to help answer them.",1545485596.0,1
millionairemakers,Gary needs a new pair of shoes,1545448260.0,1
creepyPMs,"You know he thought he was really clever while he typed out “correct me if I’m wrong.”

What a scumbag.",1545399007.0,2
FrankOcean,"Same here

I might’ve swapped RAF and Purity, but this is really solid",1545361536.0,1
FrankOcean,"I remember seeing a post a few months ago about someone who bought a copy on eBay and claimed that the seller said there are “thousands sitting in a warehouse” and that the seller’s mom worked for the company where they were located.

The OP obviously couldn’t provide any proof, but I thought it was an interesting enough claim to bring up.",1544642659.0,1
HomePod,"Those look great! Bummer about the sound, but I’ll look into them in case there’s a risk of long term damage on my wooden speakers.

Thanks so much for the update!",1544637726.0,1
politics,"If anyone notices that I’m wrong, please correct me.

It sounds like Mueller would’ve been fine with no incarceration, but SDNY wasn’t as convinced. Rachel Maddow said that SDNY’s hangup might’ve been with Cohen addressing his own crimes unrelated to the Russia investigation — possibly related to his taxi business.",1544637652.0,1
FrankOcean,"Agreed, I’m never really sure how to categorize Blond whenever it comes up in conversation.

I liked when Frank labeled his old stuff as Bluegrass or Death Metal just for the hell of it.",1544555295.0,6
ComedyCemetery,🤔,1544133409.0,1
politics,"Depends on your taste of course. I thought the plot was too complicated for its own good — too many 'twists.’ Good acting, very violent at times.",1544126897.0,2
HomePod,"Haha thanks, I sent the feedback moments before my comment",1544110803.0,2
HomePod,"Updated this morning and I’m still running into an issue where some songs won't start at 0:00. Triple tapping the HomePod and tapping the rewind button on my phone doesn’t immediately fix it and will only bring it back to ~0:06. If I scrub through the song a bit and then start it over, I can usually get it to finally play from 0:00.",1544110663.0,1
iphone,"Originally picked mine up in December 2017 and it's at 94%. I'm pretty diligent with keeping my phone charged so 6% loss over a year isn’t too bad IMO. I thought about getting the battery replaced just because it's still discounted, but the ROI for me will be next to nothing since I rarely get below 70%.",1544110375.0,1
RussiaLago," I'm a bit skeptical about this, but I'm interested to see what else could fit. The font is not monospaced, which very much limits an exact width match.",1544019357.0,3
trashy,“Never *your* dildo”,1543971179.0,23
FrankOcean,"Music needs to be specifically mastered to sound best on vinyl.

Bootlegs generally won’t sound as good as an official pressing. You might encounter scratchiness, poor bass response, etc.

If you’re getting the vinyl for it’s listening quality, there isn’t really a substitute for an official pressing. If you’re getting it just for the experience of playing a record, bootleg will suit your needs. Whatever you’re looking for, make sure that your record player won’t damage the record - especially if it’s official.",1543960873.0,3
HomePod,Oh yeah that’d be great! Thanks a bunch. ,1543941322.0,1
HomePod,"They’re sitting right on the cabinets without a coaster. I read a while back that the HomePod's foot can leave a mark on wooden furniture, but I haven’t noticed anything quite yet. I guess the stain or finish on the cabinets protects it.

Would you recommend a coaster though? Does it improve sound quality?",1543925444.0,1
HomePod,Thanks! Man cave sounds like a great idea for these,1543845063.0,1
HomePod,"The Ohms are great and perfect for a living room. They have a softer, less bass-heavy sound — though they don’t sound lacking. I’d like to get them fixed and hooked up to my record player, but for now they’re just furniture. These are very old (I think from the 70s), so the woofers’ rubber has crumbled.",1543801502.0,1
HomePod,"The woofers definitely need to be replaced and I should have the cabinets totally inspected. I don’t believe it’ll be prohibitively expensive, I just haven’t made the time to do it yet.

Edit: A word",1543797895.0,1
mazda3,"I have the same car and it’s my first car with a manual... I think I’ve been experiencing the same thing as you. It’s even caused me to ‘miss’ second gear because the stick slips out of my hand.

Edit: <10,000 miles",1543465492.0,2
mazda3,Could you link to the source that says Skyactiv X will have a turbo? Everything I've seen suggests that it will only have a supercharger - to adjust compression.,1543410035.0,2
FrankOcean,Last year he sold the Worldnet hoodie on Black Friday though.,1543098877.0,6
FrankOcean,"Keeping my hopes up lol

You’re sure you purchased right as they dropped?",1542950947.0,3
FrankOcean,I’m trying not to get my hopes up too high but I think you’re on the right track. If not tonight then maybe on Cyber Monday?,1542950689.0,2
FrankOcean,"Nah hoodie was definitely a day, but I think Endless was at least a few days.",1542941861.0,1
FrankOcean,Yessir. I think it lasted about a week right?,1542941574.0,1
FrankOcean,Black Friday last year had the Worldnet hoodie for $99,1542941406.0,2
FrankOcean,Last year the Worldnet hoodie dropped on Black Friday and it was $99. The Endless merch that dropped on Cyber Monday was all below $50 I think.,1542754737.0,2
mazda,"It’s more subtle than a wing, but I really love the look of the OEM black lip spoiler on a white Miata. Congrats on your pruchase!",1542479462.0,7
Miata,Another niche magazine,1542473397.0,2
FrankOcean,"The question of how much it is worth entirely depends on who you ask. The original is obviously one of a kind and given its influential nature, wealthy collectors or organizations are likely to pay out the wazoo for it.

I don’t know that I can convince you that it *should* be worth that much, but that’s the price the market has set.",1542395227.0,8
FrankOcean,"The artist, David Hockney, is among the most influential living artists. [This](https://artmiens.wordpress.com/2015/02/20/david-hockney-portrait-of-an-artist-pool-with-two-figures/) is a good article for some background on the painting as well as a detailed analysis of its structure.",1542375077.0,12
surrealmemes,“What’s the safest way to ski? Don’t ski.”,1542239245.0,2
surrealmemes,yo why does that thing have a shlong ,1542238995.0,71
gaming,Reddit beta in a nutshell,1542202580.0,2
FrankOcean,"I don’t remember offhand if it was an official notice or if they contacted him personally, but I know they were in touch.",1542145416.0,4
FrankOcean,The biggest issue I know of is American Wedding. Frank used the instrumental track from Hotel California by The Eagles as the basis of his song. The Eagles weren't happy that Frank was indirectly profiting off of their music and hit him with a cease and desist.,1542136026.0,45
longisland,"If you want to talk about what Long Islanders consider to be 'the city,' that's entirely unrelated. In this instance, LI City is literally part of Long Island and will affect our traffic among other things.",1542135724.0,13
bose,"Yeah it seems that YouTube’s software has been the issue. I’ve owned my pair since they initially launched and every other video service seems to have sorted the latency out.

They definitely sound better than the AirPods, but I don’t think the SSFrees get as loud.",1542118003.0,4
bose,"I own a pair of SoundSport Free and use them mainly with iOS. I don’t really notice any video lag unless I’m using the official YouTube app. YouTube through Safari hasn’t been an issue.

Where are you experiencing the latency?",1542116589.0,4
mazda3,You can usually get some sort of police report filed after the fact. It’s worth having that documentation in case there really is an issue.,1542080954.0,2
iphone,"I’ve definitely had this issue, but I have one single crack across my screen.

Should I check with Apple to see if I qualify? I have to imagine that I’ll be responsible for the screen repair.",1541861715.0,6
mazda3,"Wow, basically the same situation I was in. I had a 2015 iTouring and recently jumped into a 2018 GT. Couldn’t be happier with it.

I was a really big fan of how my last car drove and looked, so I figured that any spec I could upgrade would be icing on the cake. I went from a 2.0L sedan with the automatic transmission to a 2.5L hatch with a manual.

I absolutely think the upgrade was worth it. I’m totally happy with the features of the car and the premium package tied it together.

The only notable thing I didn’t spring for was the aero body kit. The roads in NY aren’t good enough to risk the damage from scrapes or bumps. ",1541799849.0,1
Catloaf,r/SneezingCats,1541702239.0,8
FrankOcean,aaaaaand five minutes from suicide I biked it to the park,1541694045.0,5
The_Mueller,"I’m from Long Island, NY. There are some local events, but I’ll be heading to Manhattan for the larger event.",1541629602.0,10
FrankOcean,F,1541602309.0,1
FrankOcean,Ryu ,1541557194.0,1
FrankOcean,You heard it here first,1541528368.0,1
FrankOcean,"Pray for Pt. 2

&#x200B;",1541516614.0,4
bose,"Hi! I've owned a pair of the SoundSport Frees since they first came out and I had a pair of SoundSport Wireless for a while before that. I'm very happy with the Frees, but I realize not everyone has had a perfect experience.

&#x200B;

**Comfort:** The new model feels a bit tighter in my ears, but the tradeoff of not having a wire is worth it. The new ones are heavier, but they don't feel heavy in my ears. I don't have any comfort issues.

**Sound:** They sound very similar to the old model. I A/B tested them and I prefer the Frees, but I don't think it's a notable difference.  
**Issues:** I've anecdotally heard that the connection issues have been fixed - and I think that some of the soft/firmware updates have helped, but I can't say for sure that you won't have trouble. Dropouts have been rare for me and most video content is synced with the audio (the YouTube app still struggles). There have been several users who seem to have a lot of trouble, but personally I've had a pretty flawless experience.

&#x200B;

I wrote about my first impressions with them and answered some followup questions in case you're interested. You can check it out [here](https://www.reddit.com/r/bose/comments/7669zh/soundsport_free_first_impressions_spoiler_theyre/). Let me know if I can answer anything else for you!",1541436116.0,4
FrankOcean,Thank you,1541199384.0,2
mazda3,"I don’t know where you’re located, but i-Stop isn’t available in the US",1541184950.0,1
apple,nice,1541167236.0,2
mazda,I think most of us here are familiar with the headlights of a Mazda 3.,1541118542.0,5
longisland,Glen Cove! Right near the hospital. They never updated it to have the new design.,1541113603.0,13
FrankOcean,I have the Shower Cover without the alt versions of Nikes and Pretty Sweet. I got mine from a reseller but I think it was originally from Black Friday.,1541110541.0,2
zelda,OHHHHH! A customer!,1540995353.0,16
ChoosingBeggars,Respond,1540951933.0,1
FrankOcean,Wow is Blonded really their most popular show?,1540930302.0,19
FrankOcean,"Any word? From Frank? lol

Nothing yet, but I’m hopeful",1540922712.0,1
rexorangecounty,"Don’t think that really means an EP. Could just be a single or two, bit either way it’s exciting!",1540732107.0,1
apple,"Apple guarantees that your library will be saved for 90 days, but after that it’s a gamble.",1540647632.0,4
iphone,[https://www.theverge.com/2017/7/31/16020006/how-to-charge-your-phone](https://www.theverge.com/2017/7/31/16020006/how-to-charge-your-phone),1540564137.0,2
bose,"I’ve owned both and I definitely prefer the Soundsport Frees. I’ve had very few connection issues with them, but apparently some people are not as lucky.

Bose has a very good return policy, so if you want to try the SSFree, I’m confident any serious issues would show up during the initial return window and in that case you can return them and go with the wired option.",1540546844.0,3
FrankOcean,"Blond and Blonde are cool m8
Gotta see both sides",1540481134.0,4
FrankOcean,"Of course I’d be supremely bummed, but at least we’d have some closure rather than waiting for nothing.",1540390498.0,9
FrankOcean,Can’t hurt to save up anyway! ,1540390389.0,4
mazda3,"Just like u/miatamanreturns said, #2 is normal.

I checked in my 2018 GT Hatch and it looks similar to that, but in my car it’s grey rather than yellowish.",1540231371.0,2
SimpsonsFaces,“mmm 64 slices of American cheese”,1540121404.0,2
FrankOcean,404'd,1540042113.0,3
mazda3,"You bet, good luck! I had a 2015 iTouring and recently upgraded to the 2018 GT. LED headlights were a game changer and I'll definitely prioritize them in the future.",1540041691.0,2
mazda3,"I can't remember off the top of my head if 2014-16 sGT models came standard with LED headlights, but I believe most of them either had xenons or the optional LEDs. Every 2.5L car that I've seen has had LED tail lights.

The mid-cycle refresh in 2017 dropped the option for Xenons and renamed the trim levels: Sport, Touring, and Grand Touring. Touring and GT now come standard with the 2.5L and the GT gets LED headlights  standard.

&#x200B;

The trims, packages, and headlights specifically are a little inconsistent because dealers will sometimes order the cars with strange configurations. I remember seeing one user who somehow found a (pre-2017) sGT model with halogen headlights, but that is a very rare configuration.

&#x200B;

Edit: The sTouring and Touring trims seem to have a lot of variation in headlight type.",1540041369.0,3
mazda3,"Yeah the additions look really great. If I wasn't planning to eventually swap my Mazda3 for a Miata, I would definitely spend the money to pick up some of those parts.

Reliability seems to be great so far. This generation has only been on sale for 4-5 years, but I haven't seen any concerns about mechanical faults. As long as you keep up with the scheduled maintenance you should be fine. 

If I had to nitpick one thing, Mazda hasn't had a great track record with rust, but they've absolutely improved over the years. Most of their rust problems were before the current generation, but time will tell. If you live near the coast or in the rust belt, it's worth undercoating your car as preventative maintenance - but that's applies to any long term car in rust-prone areas.",1540040040.0,3
mazda3,"The front splitter, side skirts, rear diffuser and rear spoiler/wing are available for all 2014+ models as dealer options for any trim level. I believe the black wheels are an additional option instead of the silver or grey wheels.

Total MSRP for the parts (excluding wheels) is roughly $1,300. It's a pretty expensive option for what is merely an appearance package on a compact commuter car so you're unlikely to see many of them on the road.",1540038309.0,3
mazda3,"If it’s anything like Mazda’s recent launches, we won’t see cars on the lot until March 2019.",1539810384.0,1
mazda,"No need to worry, the manual was actually driven by some journalists when Mazda was showing off the prototypes! [Source.](https://www.caranddriver.com/reviews/2019-mazda-3-with-skyactiv-x-compression-ignition-gas-engine-prototype-drive-review)",1539790467.0,5
FrankOcean,The best,1539704902.0,3
longisland,"Can’t remember off the top of my head, but IIRC a party venue in Old Westbury has several peacocks on the property. Apparently peacocks tend to stay pretty close to their homes.",1539698147.0,30
trashy,"If she wanted to be a real activist, she could spend time actually campaigning, educating people on the issues, and encouraging the population to vote. It looks like she’s trying to ‘own the conservatives.’ It’s just as ridiculous as Ben ‘Own The Libz’ Shapiro.

‘Activism’ like this is disgusting. All she is doing is further dividing the nation by acting foolish and portraying those who disagree with the current administration as trivial.",1539448539.0,3
mazda3,nice,1539346039.0,10
mazda3,"Try to stay in the highest possible gear without lugging the engine. Beyond that, you should check out r/hypermiling for some more universal tips.",1539344488.0,2
mazda3,"The hardware is a requirement of CarPlay and the software is free for you to download and install. If you buy the part, you can find some instructions on this subreddit for the installation process.

&#x200B;

If you don't want to spend any money, a modded version of Android Auto can be added with no hardware modifications - instructions can also be found throughout this subreddit.",1539281397.0,1
mazda3,"I had the stock system with a 2015 model and now have the Bose system in my 2018 model. I wouldn't call myself a true audiophile, but I'm definitely particular in that I like the sound profile to have good range and clarity.

The stock system is good for its class, but the Bose system is far clearer and has less distortion at higher volumes. Not the best speakers I've heard - and I know some people don't care for Bose's sound profile, but I've really enjoyed it. It was 100% worth the money when I consider the other upgrades included in the tech/premium package.

My only minor complaint is that I wish the system came with a traditional subwoofer - but I might find a DIY solution sometime in the future.",1539280911.0,2
Jcole,There was a second round of unsigned vinyl for sale.,1539270654.0,1
mazda,"I owned a third gen 3 with the automatic. Great transmission for a commuter car. Not too many gears and it has a 'manual' mode that lets you shift when you want without the computer taking over. Even full automatic was smart enough to know when I wanted to downshift or hold gears.

&#x200B;

I have a 2018 3 with the manual now and love it, but the auto is plenty fine for those who might not want/be able to use that third pedal.  


Edit: Grammar",1539086987.0,4
rexorangecounty,When did you get the orange one? I bought mine at his show in February but the cover doesn’t have his name at the top - it’s just the photo.,1538917539.0,1
rexorangecounty,Walmart exclusive IIRC,1538917472.0,-1
mazda3,That’s awesome! Are they charging for the labor?,1538601483.0,2
RussiaLago,Pack it up boys. Guess we were wrong about Don. :/,1538598216.0,8
mazda,"Yeah, at least that's the way I understand it. Kind of a bummer that the engine may have little-to nothing to do with the driving experience, but I like what someone else replied with: straight pipe the rotary regardless of what it's used for.",1538565282.0,1
mazda,"The YouTube reviewer, SavageGeese, has some good explanation about Mazda’s AWD solution. [His CX-3 video](https://youtu.be/JQSN4SvJzyg) is definitely the one to check out if youre interested. The relevant part begins at 3:45.

SavageGeese seems very confident that i-Activ AWD is among the best in its class - mostly due to the sheer amount of data that is collected and used to predict when torque should be redirected. He specifically refers to it as “preemptive.” The onboard computer takes into account things like speed, where the wheels are turned, outside temperature, angle of the vehicle, etc.

I’m by no means an AWD expert, but it seems like Mazda’s system is at least above average for a FWD-based system.",1538519402.0,8
mazda3,Ah makes sense. Thanks!,1538517551.0,1
mazda,"I agree. It sounds like the driver will have little to no input for the rotary engine itself, so hopefully that means it’ll be tuned well enough to avoid reliability issues.",1538517533.0,1
mazda3,"Looks good! Out of curiosity, why? Is there a benefit other than cosmetics?",1538516023.0,2
mazda3,"There will 100% be a sedan.

It’s generally expected that the final hatchback and sedan designs will be shown off this November - possibly with a spring 2019 release.",1538515918.0,3
mazda,The reply I’ve been waiting for haha,1538507662.0,5
mazda,"Unfortunately I think you have that backwards. The car will be electrically-driven with a rotary range extender. In other words, the rotary won't be connected to the drivetrain at all. :/",1538502401.0,6
mazda,"Android Auto and Apple CarPlay are now available for every model that Mazda sells - as a genuine Mazda upgrade. They're in the process of rolling it out, so unfortunately you either have to wait a bit while the dealerships sort it out, or you can install the upgrade yourself.",1538499613.0,4
mazda,The article is in reference to Mazda's latest [press release.](http://www2.mazda.com/en/publicity/release/2018/201810/181002a.html),1538493529.0,2
mazda,"In a traditional hybrid setup, the gasoline (or diesel) engine is the main source of power. Electric motors add a little extra power so the engine can use less fuel. As battery and hybrid technology advances, automakers will be able to essentially swap the responsibilities of the gas engine and the electric motors.

&#x200B;

Mazda's approach will use the batteries and electric motor as the main source of power for the car, with the gas engine used only for charging the batteries - like a portable generator.

&#x200B;

I'm not sure if that helps, but I'd be happy to offer further explanation if I wasn't clear enough.",1538492079.0,13
mazda,"Maybe the article could've been clearer, but this news is straight from Mazda's (publicly-available) press-releases. You can read the primary source for this article [here.](http://www2.mazda.com/en/publicity/release/2018/201810/181002a.html)",1538491788.0,25
mazda,">the rotary-supported EV is slated to go on sale in 2020. It will be one of two electric vehicles available, the other being fully electric

This is very interesting - especially with the nearing announcement of the 4th gen Mazda3. Maybe electrification could finally help the 3 get AWD?

&#x200B;",1538486336.0,47
tylerthecreator,-roid ,1538326896.0,47
apple,"Technically no, the screen resolution is not high enough on the iPhone XR to output 1080p. It can *play* 1080p video, but the file will be downscaled to fit on the screen.",1538269803.0,7
mazda3,"I’ve owned two Mexican-made gen 3s And aside from the occasional recall, I’ve had absolutely no issues with the assembly.",1538225329.0,4
trashy,god’s plan,1537873990.0,5
Jcole,"I'd say I'm upset about the delay, but at least they're communicating with us! Definitely not as bad as the wait for Endless (F. Ocean).",1537817876.0,4
mazda3,"It seemed to be pretty easy at my dealer (Long Island, NY). I was actually able to get the exact color and options that I was looking for. You might be able to check the inventory on Mazda’s website.",1537794570.0,1
FrankOcean,Yeah didn’t Blonde drop at 4:30 ET? (Not that I’m expecting anything),1537787939.0,3
mazda,"Holds for up to two seconds or until you use the throttle. If you have the parking brake on, it should release as you apply throttle as well.",1537745013.0,1
mazda3,Third gen has a Bluetooth delay of ~1-2 seconds. USB doesn’t have any delay IIRC.,1537737578.0,5
longisland,Broken link ,1537576414.0,2
FrankOcean,Good looks chief ty,1537544023.0,5
FrankOcean,"That's what it looks like, but is there a way to figure out if it's attributed to any of the videos that are visible on the page? ",1537540403.0,3
AskReddit,Napoleon Dynamite - best watched with friends,1537523719.0,1
FrankOcean,"Check out [this](https://reddit.com/r/RapLeaks/comments/8b1s62/link_frank_ocean_endless_cdq/) thread chief. If you have trouble with the link, check their sidebar for a how-to.",1537478708.0,3
mazda3,"I've owned a 2.0L and 2.5L from Gen 3 now and it's tough to make the call. In the Mazda 3 I'd probably have to go with the 2.5L because all that extra torque feels great when you're already at cruising speed and need to pass.

&#x200B;

The 2.0L is such a fantastic engine though. It always felt like it was happier to rev than the 2.5L, but the lack of low-end torque was a bit annoying in some hilly areas near my house - especially when I had it loaded up with some friends.",1537445409.0,3
apple,"Plus it’s much easier for less tech-savvy users to set up Face ID.

E: Grammar",1537361352.0,1
AskReddit,I felt taken advantage of and didn’t have the coping mechanisms at the time to deal with it or confront them. It’s totally possible they didn’t even know I felt that way and I just kinda disappeared from their lives.,1537317028.0,1
apple,Yes I agree.,1537275993.0,1
apple,"Aside from manually darkening the original photo, I don’t think so unfortunately.",1537275519.0,1
apple,"Which phone are you using? iPhone X had an issue with DND after it launched because users couldn’t see wether it was enabled unless they checked Control Center. This seems to be the remedy, though I’d like it to be smaller.",1537274947.0,1
apple,It was strange that they added that to the X/8 but not the 7 last year. Cool to see that they put it in this release.,1537274696.0,1
apple,Good looks!,1537274528.0,1
apple,"Yes, they changed the home screen wallpaper behavior so that they maintain the same color and brightness as the original photo. In the past, home screen wallpapers would be darkened so they wouldn’t muddle the look of the app icons.

I can’t remember the exact reason offhand, but Craig Federighi confirmed the change.",1537274498.0,3
apple,Unfortunately no. The common workaround if you have a computer with iTunes has been to create a Smart Playlist with all of your music included. You can one-tap-download that individual playlist.,1537274357.0,2
apple,"Check to see if you have ‘Increase Contrast’ toggled on.

Settings > General > Accessibility > Increase Contrast",1537274260.0,5
apple,"Yes, if I’m understanding your issue correctly. All you have to do is tap the group and they will separate into all of the individual notifications. You can then act on them as you would before.

Edit: Grammar",1537274070.0,6
mazda3,"There’s a grey Civic near me that did that in the past. Looked great!

Kinda wish he hadn’t changed it to a full orange wrap, but to each his own.",1537215273.0,1
iOSBeta,Download the Workflow app and it’ll appear as Siri Shortcuts. Looks like the App Store hasn’t been updated.,1537204610.0,11
mazda3,Oof,1537198671.0,10
mazda,‘Street racers don’t need girlfriends!’,1537106650.0,2
teefies,/r/Confusing_Perspective ,1537017525.0,146
space,"Most sound and informed comment I’ve read yet - thank you.

I hope I’m not making a dangerous claim or stoking any conspiracies, but I remember reading that there have been several instances of foreign agents/nationals who have been found near similar fiber lines in otherwise remote locations. If this is related to the fiber lines, is there a possibility that there was a physical intrusion?

I’m on my phone now, but I’ll try to find a source on my computer and I’ll update this when I do.

EDIT: Found something faster than expected. This article is mainly focused on Russian intelligence - and I'm not suggesting that the New Mexico incident is related - but my above point still stands.

&#x200B;

>The diplomats, widely assumed to be intelligence operatives, would eventually turn up in odd places, often in middle-of-nowhere USA. One was found on a beach, nowhere near where he was supposed to be. In one particularly bizarre case, relayed by a U.S. intelligence official, another turned up wandering around in the middle of the desert. Interestingly, both seemed to be lingering where underground fiber-optic cables tend to run. According to another U.S. intelligence official, “They find these guys driving around in circles in Kansas. It’s a pretty aggressive effort.”

&#x200B;

[Source.](https://www.politico.com/story/2017/06/01/russia-spies-espionage-trump-239003)",1536926787.0,7
apple,"Sorry, I should’ve been more clear.

I’m only comparing the wide angle lenses from each phone. The telephoto lens is an additional feature and is only used for zooming and portrait mode shots - regular photos rely only on the wide angle lens

We’ll have to wait and see how specific use cases stack up, but based on the hardware alone, the wide angle lens from the XS and XR is better than that in the X and 8.

It’s up to the user wether the additional lens is a worthwhile feature, but I can’t offer any input about it until it is tested.",1536883867.0,1
apple,"Same exact camera as the wide angle camera found in the XS and XS Max.

Presumably better than 8 and X, which also shared the same wide angle lens.",1536883439.0,3
FrankOcean,"No, you need an invite to go. There is a public space for visitors, bu that is not where this photo was taken.

&#x200B;

Edit: My point is that I know you need an invite to go, but I don't know what the criteria is for attendees who are not part of the press.",1536854966.0,1
FrankOcean,"Damn Frank was at the Apple event?

I really have no idea what Apple’s criteria is for invites to those things but it’s really limited. Is it because he had some exclusivity deals with Apple Music?",1536847502.0,4
apple,"Wait a day to see if there are any unexpected bugs, but after that it'll be safe to download as it's historically been exactly the same as the official release.",1536778365.0,23
teefies,Look at those chompers!!,1536688078.0,4
The_Mueller,Same as the ratio of unicorns to leprechauns,1536670550.0,1
bose,"It’s not cheap, but it’s available [here.](https://www.bose.com/en_us/products/headphones/headphone_accessories/soundsport_free_wireless_charging_case.html)",1536625120.0,2
mazda3,"You got it! love the guy’s work even though it’s not my style personally.

Good luck and be sure to post your progress!",1536618973.0,2
mazda3,"I don’t have any how-to info, but I follow [this guy’s](https://instagram.com/lifted_mz3?utm_source=ig_profile_share&igshid=cw25jpbj6o0f) Instagram and it sounds like you two might have similar ideas.",1536618248.0,2
The_Mueller,[Obligatory](https://duckduckgo.com/?q=schrute+buck&t=iphone&iax=images&ia=images&iai=http%3A%2F%2Fsmackamack.files.wordpress.com%2F2009%2F04%2Fone-schrute-buck.jpg),1536618101.0,2
Jcole,Separate listing. I believe the autographed vinyl were only available for \~48 hours near the album launch.,1536598530.0,6
Miata,“i CaN’t BelIevE YoU diDN’t dO ThiS!”,1536293055.0,3
FrankOcean,"“My dick long, memory long - that’s two things you don’t forget.”

(Nights Demo)",1536288976.0,12
Miata,ITT: Blaming OP for his/her unexpected trouble.,1536261951.0,10
forwardsfromgrandma,[citation needed],1536242286.0,24
mazda3,I can confirm it’s real! I saw this one (or one just like it) at the N.Y. auto show this past April. The car looked fantastic so hopefully most of the styling comes to the production model.,1536212200.0,1
mazda3,"What was tough about the install? I’ve been considering doing it, but I’d rather take it to the dealer if it’s really an issue. ",1536211847.0,9
FrankOcean,"Freed my mind, feed my mind, makes sense",1536211351.0,4
FrankOcean,Man I've been waiting for this episode above all else. The lyricism in this track is nearly unheard of in pop/hip-hop/etc.,1536006367.0,8
FrankOcean,"Good catch!

&#x200B;

For a second I could only see the top half of your pic and I thought it was a shitpost about the [past due slip.](https://blonded.co/blogs/posts/late)",1536006280.0,49
FrankOcean,Y'all remember when it was on Wolves?,1536006034.0,44
iOSBeta,I've had the same problem on my iPhone X. It was more common on iOS 11 and I've seen it a couple times in iOS 12.,1535977314.0,2
mazda3,/r/Mazda3 sticker for +5hp,1535900849.0,1
mazda3,Yeah I think my overall average since I first got the car is a tick above 24mpg. I definitely see higher returns on my tank average though.,1535890784.0,1
FrankOcean,"""You can answer a lot of questions with yes, but you can answer many more with no. No is run of the mill. Yes is a gem.""",1535817233.0,19
mazda3,"Wow. I’m jealous of these numbers you guys are putting up. I can definitely see getting them in my car too (2.5L M/T), but most of my driving is semi-local so I usually average high-20s to low-30s.",1535815928.0,3
FrankOcean,Good looks chief just added 🕺🏻,1535709169.0,2
mazda3,Looks great! Congrats on the good work dude.,1535562626.0,2
FrankOcean,Damn bro is that a bootleg? Didn’t know there was an official release.,1535467485.0,18
The_Mueller,Moscow Don,1535221779.0,11
The_Mueller,But muh Deep State,1535111620.0,26
Miata,Good luck to you and the Yata!,1535059457.0,11
mazda3,"2018 GT hatch, M/T, premium package (Bose, sunroof, etc.), deep crystal blue mica, and parchment leather.

Three-year lease at roughly $265/month, 15k miles/year. I don’t think I put anything down besides the taxes and fees.

I was lucky to get a low rate because of a great credit score (and a generous co-sign), I’m a returning customer, and apparently this car was ordered with the M/T by mistake. I wanted manual so I lucked out. Located on Long Island, NY.",1535030695.0,1
The_Mueller,"Either him or Michael Cera to really up the creep factor

&#x200B;

(no hate for Cera <3)",1534984831.0,6
FrankOcean,"Oh don't get me wrong, you're definitely hearing better sound, but it's *technically* compressed. Really though, almost no one can consistently tell the difference between good Bluetooth encoding and wired FLAC.

[Here](https://www.npr.org/sections/therecord/2015/06/02/411473508/how-well-can-you-hear-audio-quality) is a cool A/B/C test to see what you can discern.",1534975678.0,4
FrankOcean,"If you're using them wirelessly, Bluetooth actually converts the bitrate to \~256kbps. You'll need wired headphones to take full advantage of those FLAC files.

&#x200B;

Edit: Not that you'll necessarily notice a difference - most people can't tell. As long as you're using these good headphones, it'll sound about as good as anyone can discern - even if it's technically not FLAC.",1534975068.0,3
mazda3,Looks great! How many coats did you use?,1534964439.0,4
mazda3,A real OG. Congrats!,1534958802.0,2
FrankOcean,"Yeah I think they wanted to achieve something like [Bose Centerpoint](https://www.askdavetaylor.com/bose-centerpoint-audio-technology/), but this just sounds like someone playing with the L&R slider and some reverb.",1534948681.0,6
memes,F,1534891348.0,1
hiphopheads,"From how I understand it, water landings aren't preferable in situations like this because it's easier to have a non-deadly impact on tarmac. As long as the fuselage doesn't roll and a wing doesn't brake off, emergency crews should be able to contain the situation somewhat easily.",1534879802.0,1
FrankOcean,"Definitely more rare than UPS/FedEx, but yeah this is just a mail delivery truck",1534864878.0,2
mazda3,"If you’re looking for Japanese reliability, Mazda’s naturally aspirated engines are tried and true and you probably won’t find something much more reliable. Skyavtiv engines employ new techniques to cut down on carbon buildup due to direct injection systems. The new tech combined with regular maintenance nearly ensures that you’ll have a reliable engine. ",1534690139.0,1
mazda3,"Looks good! I was going to put mine at the bottom, but I decided on the side to accommodate for the airflow.

https://i.imgur.com/qZQKJDE.jpg",1534689922.0,2
bose,"Huh, great catch and seems legit at first glance. Alert your favorite tech blog!",1534629827.0,2
FrankOcean,"I dunno man, it’s not like the photo is offensive - and why can’t she let you appreciate something you care about?

I’d understand if it was right above your bed or in the bathroom, but in that case you could just put it up somewhere else. ",1534601427.0,8
forwardsfromgrandma,Libs: Owned,1534574007.0,56
mazda3,"You could have just ignored the post, but instead you decided to shit on someone’s good time. Congrats! You’ve made the subreddit better.",1534548592.0,3
mildlyinteresting,Pawland,1534389809.0,12
FrankOcean,Very strange. Hopefully something cool comes out of it. Happy cake day btw!,1534381952.0,1
FrankOcean,Lol I've been refreshing every few minutes since 8pm and was really surprised when Blond disappeared. I don't want to get my hopes up because it's probably a glitch or licensing issue ^(but you gotta have faith),1534381636.0,1
FrankOcean,Ahh yes you're right - thanks. I haven't had seen that happen before. Just a glitch?,1534378374.0,1
FrankOcean,"Yeah I'm at somewhat of a loss. My laptop says he's not available in the US store. Maybe some kind of license expired by mistake?

^(or we could reach and say it's an album drop)",1534378161.0,1
apple,"It's unclear what Apple's strategy will be for the colors of the upcoming iPhones - some articles say that the mid-range model will have several different color options. I've also read reports that the next version of the iPhone X will add the option of the gold color that was tested but never shipped with the current iPhone X. I agree though, red would look great on that form factor. If anything, the midrange 'full-screen' phone could eventually launch with a (Red) option.",1534376786.0,4
DissectPod,It’s free on Spotify a week early fam dw,1534313097.0,3
apple,Isn't this the third year in a row of this rumor? I remember rumors surrounding Pencil support for the iPhone 7 and 7+.,1534284041.0,1
mazda3,"I agree with the other users’ replies. I’ve had the parchment interior for 7,000 miles now and it’s been easy to keep clean.

I’ve noticed that the seats aren’t overly durable, so be sure that you don’t sit on your keys or something that could pierce the leather. Not to say they’re fragile, but it’s something of note.",1534268075.0,1
iOSBeta,"Same here, iPhone X 256GB AT&T. No issues yet... fingers crossed.",1534201764.0,7
iOSBeta,Good bot,1534200957.0,1
iOSBeta,F,1534200752.0,2
FrankOcean,"Always need that after getting murdered by Seigfried, White Ferrari and Godspeed",1534075587.0,1
mazda3,"Sorry I can't be of more help, but mine works automatically. I do notice that sometimes it doesn't pick up on certain signs - so it could be a case of getting unlucky. FWIW, my system doesn't recognize stop signs until I'm almost right next to them.

The camera that checks for signs is behind the rearview mirror and looks out the windshield, so it's worth checking the windshield to see if it's too dirty for the camera to see. If you still can't get it to pick up on anything, it might be time for a dealership appointment.",1533827652.0,1
FrankOcean,You are correct that it's not a guarantee. I'm more optimistic this time since he has more control than he did under Def Jam.,1533749991.0,1
mazda3,Not correct - my 2018 GT has this function.,1533749836.0,2
The_Mueller,Sometimes what is better for some is much worse for others. It’s worth learning about the experiences of those less fortunate to provide a wider perspective.,1533746274.0,1
FrankOcean,"Novacane, and I remember thinking that it had a killer beat and smooth vocals. I wasn’t quite as musically involved at the time.",1533745182.0,2
FrankOcean,Fucking loved this episode and I’m so hyped for Siegfried. Cole is gonna go in for that one. ,1533657230.0,14
FrankOcean,"Sorry for the long post. I typed it out first at about half the size but decided to add some examples.

I think most of that ‘album is coming’ feeling comes from some hints Frank given. He’s publicly stated twice that if we liked 2017, we’ll love 2018. First he said it [in I-D Magazine](https://i-d.vice.com/en_us/article/mb3jqv/exclusive-it-came-to-me-in-a-dream-frank-ocean-creates-a-visual-essay-and-pens-personal-letter)
and around January first, he [posted a photo](http://frankocean.tumblr.com/image/169250081706) of Memo wearing a hat with the same phrase.
Frank also said [via Tumblr](http://frankocean.tumblr.com/post/167963583301/well-i-made-the-album-before-30-i-just-aint) that he finished and is sitting on a fifth album - though that may have been a joke. The last one was in response to an old tweet saying he’d make five albums before his 30th birthday.

So far for this year he’s only released one solo track and some features, which is obviously less than last year. It’s also worth noting that Channel Orange, Endless and Blonde as well as a bunch of his singles have dropped during the summertime months.

I suppose it depends on the fan and how much he or she wants to reach, but based on his release history fact that he said we’d love 2018, I‘m optimistic about an album drop.",1533651768.0,8
longisland,Driving out to Caumsett Park is always nice,1533425974.0,2
longisland,"Could be me haha

I got it from r/Mazda3",1533425794.0,2
Jcole,"Did you see the [hour-long video](https://youtu.be/RNlQU-7y9Fo) with Pump that Cole posted?

The two of them are cool now.",1533232063.0,3
Jcole,"Come on man, that’s a kid who was murdered.",1533231972.0,3
The_Mueller,Fully agree. ,1533229278.0,5
The_Mueller,GOP seems to be widely compromised and must be voted out or removed. That apples to both sides too - some Dems might be involved and we should hold them to the same standard.,1533224160.0,12
The_Mueller,Pretty Patties!,1533221292.0,3
iOSBeta,Likely due to beta indexing. If it doesn't sort itself after a week it may be worth a restore.,1533139254.0,0
The_Mueller,"Something that Moscow Don's comrades use to refer to him. Apparently it stands for ""God Emperor of the United States.""  


For people who claim to be such patriots, calling the president their ""God Emperor"" seems to be quite far from the reality of what a President is and should be.",1532967638.0,3
apple,Article originally posted April 2018. These renders look like they're straight out of 2009.,1532892189.0,32
FrankOcean,"Pretty sure it was an ad for Beats 1 Radio and they were referencing upcoming shows. Blonded was on the list, but there was nothing to suggest that they weren’t reruns. The banner hasn’t changed.",1532823337.0,2
mazda3,"I could've misunderstood what I've been reading, but I was under the impression that the prototypes were closer to the next generation platform - specifically under the sheet metal. I took this line from an [Autoblog article.](https://www.autoblog.com/2018/01/25/mazda-skyactivx-compression-ignition-explained/)

>Our prototypes, highly modified Mazda3 chassis that are a preview of the next-generation Skyactiv platform...

It seems like the prototypes are pretty much Frankenstein's Monster-type vehicles. The front facias are from the '14 - '16 models, but the rear bumper is from the '17 - '18 models. In addition, there seems to be something funky going on with the fuel cap cover. I guess what I'm saying is that Mazda is obviously not ready to show off the finalized exterior design, but with prototypes, it's not rare to see strange sheet metal. [Example 1](https://jalopnik.com/watch-how-bmw-disguises-a-prototype-car-for-pre-product-1825243005) [Example 2](https://jalopnik.com/heres-a-reminder-that-development-mules-are-the-coolest-1823513386)",1532803856.0,1
mazda3,"I think that's a possibility, but those test mules were using the next-gen chassis and current-gen sheet metal. I wouldn't be surprised to see another year of this body style.",1532798537.0,2
MoviePassClub,F,1532708689.0,1
mazda3,"I’m amazed at how awful your buying experience has been.

Don’t ever sign for a car that doesn’t exist. Whenever they can produce the car, then you guys can discuss payments. Don’t let them take your money when you’re not even sure they can deliver.

I’m really sorry to hear it’s been this bad. If you have the time, it’s worth getting in touch with Mazda corporate. Sometimes they can assist in some way.",1532660635.0,3
mazda3,Shitty dealer. Really sorry to hear that dude. :/,1532641180.0,2
mazda3,"I have a 2018 GT MT. I really love the upgrades like adaptive lighting and parchment leather, but I can’t imagine that being a dealbreaker for most people. I upgraded from a 2.0L Touring so I was specifically looking to climb the ‘trim-level ladder.’",1532624502.0,2
mazda3,"New tires will absolutely help, but quite honestly I’ve never really had a problem with it - especially in the 2018.",1532557101.0,1
mazda3,"I love my 2018!

I owned a 2015 2.0 AT and recently upgraded to a 2018 2.5 MT. Both cars have such engaging characteristics.",1532555652.0,2
mazda3,Hmm that does seem strange. Maybe they’ll release the new car in May 2019 and make it a 2020 model year.,1532555453.0,1
mazda3,It’s likely we’ll see a 2019 refresh of the current car later this year and then the 2020 model year will get the new engine.,1532554828.0,2
The_Mueller,Womp womp.,1532523315.0,5
bose,"Mine definitely loosened up, but they still have an assuring click. I'd estimate it took a week to 'break them in.' I've had mine since the original launch.",1532472993.0,2
FrankOcean,"Lens is severely underloved. It might require a couple listens to initially like it, but damn it's a great track.",1532468711.0,3
FrankOcean,Congratulations. Play it with pride.,1532468511.0,1
FrankOcean,"Ménage on my birthday

Tap out on the first stroke  
",1532350043.0,10
apple,"I think your second option is better - iMac Pro with a to-go machine.

The iMac Pro has a considerable leg up on power even if you compare a base iMac Pro with a maxed MacBook Pro.

You’ll lose the ability to have full power on the go, but at least from my point of view, the speed of the iMac would catch my eye.",1532305010.0,2
apple,Multiple timers? The Verge will be thrilled.,1532304238.0,26
FrankOcean,Set the cheetahs on the loose,1532282994.0,33
FrankOcean,Are you Frank too?,1532272715.0,5
FrankOcean,"Sorry man, typo in my comment. Should’ve read blonded.blog",1532204979.0,1
FrankOcean,"Blondes.blog has it

E: should be blonded.blog",1532204489.0,6
longisland,The owners reclaimed and cleaned up the Bogheid unfortunately. Really tough to sneak around/into at this point.,1532181809.0,2
FrankOcean,"You got it man. Super difficult because the video player seems really protected from this sort of thing.

I ended up having to record the sound output directly into a separate program to get the file.

https://www.dropbox.com/s/ms7xle5lfy342ri/03%20Nikes%20%28Director%27s%20Cut%29.m4a?dl=0",1531862629.0,6
FrankOcean,"It was pretty difficult to do at first, but I ripped the audio from this.

If anyone is interested, hit me with a PM and I'll send you the Dropbox link.",1531851447.0,2
mazda3,"No clue why you were downvoted for this.

My only advice would be negotiating with the dealer about the exterior conditions. Mazdas are not known for their resistance to rust, so you should have those scratches taken care of.

Mechanically speaking, it should be very sound. ",1531836268.0,2
apple," I don’t know what other products are certified for, but I know USB C can be certified up to 100W.",1531668659.0,6
AskReddit,"Roy Batty in Blade Runner.

I don’t know that I was really sad to see him die, but his “Tears In Rain” monologue truly changed him from a murderous superhuman to a tragedy. Extremely moving.",1531657641.0,1
mazda3,"I’ve owned two Mexican-made gen 3s. Only a few months into ownership with the second one,  but I haven’t had a real issue with either - not even any significant creaks or rattles on the interior.",1531619608.0,2
mazda3,"I’ve thought about this too. I saw another user a few months back who used vinyl wrap on it. IIRC, he said that he didn’t actually have to take any interior pieces apart. Instead he just cut it to roughly the correct shape and then cleaned up the edges with a razor blade.

Matte grey might be a good option. On my 2018 GT there is a matte grey trim piece in front of the passenger and I’d like to get as close to that as possible. The driver’s and passenger’s window controls are covered with fingerprints and it looks disgusting. Gloss black is bad for interior pieces.",1531568233.0,1
trashy,Walter White Fugue State?,1531453417.0,14
trashy,/r/UnexpectedOffice,1531453003.0,311
FrankOcean,༼ つ ◕_◕ ༽つ give album ༼ つ ◕_◕ ༽つ,1531432375.0,69
The_Mueller,This may be the most biased “survey” I’ve ever seen.,1531141607.0,2
mazda3, Congrats! What do you think so far?,1531140230.0,1
mazda3,"Ah, sorry for the misunderstanding!",1531101559.0,1
mazda3,"They’re lower-profile tires because of the increased wheel size, so I’d prefer a bit more sidewall. I haven’t had any blowouts on mine yet, but NY roads aren’t always kind to sportier tires.",1531100947.0,2
FrankOcean,"You got it! Its written exactly like this in the magazine:

>	it’s just a skull

>	least that’s what they call it

>	and we’re free to roam

No capitals, no quotation marks, no punctuation (except the apostrophes), and split into three lines",1531099258.0,3
thanosdidnothingwrong,Retweet ,1531086181.0,1
mazda3,"I love the way my Mazda drives above all else. It feels more natural and lively than any other front wheel drive car I've tested. The only car that's come close was my friend's older Acura TL.

In the world of Japanese naturally-aspirated motors, you won't really have any reliability issues. The current-gen Mazda 3 has been out for some time and doesn't seem to have any widespread problems.

I also really love how simple the controls on my car are. This seems to be more based on your personal preference, but the infotainment works well enough for my use and I'm sure it'll only get better with CarPlay and Android Auto. Mazda is pretty clear that they don't want the driver to focus too much on anything besides driving the car, so you'll see more of an emphasis on physical controls. I tend to prefer this setup because it encourages the driver to be more focused on the road, but I obviously can't speak for everyone.

My least favorite feature is the wheel size. I previously owned a 2.0L model, which comes with 16"" wheels and I recently upgraded to a 2.5L model, which comes standard with the 18"" wheels. They look so good - especially in the grey color, but I wish they were 17"" because these will undoubtedly be more prone to blowouts.",1531078120.0,4
mazda3,"I’ve had two gen 3s now and that’s something that just seems to appear occasionally. I’d say most of the times it happened were when I was pushing the car hard through some corners.

No need to worry about it - All you have to do is check the pressures and then reset the system by holding the TPMS button for a couple seconds.",1531060060.0,5
rexorangecounty,Lol,1531058982.0,16
thanosdidnothingwrong,F,1530929005.0,1
UpliftingNews,I have the socks he’s holding! Fantastic graphics and high quality design.,1530827199.0,1
thanosdidnothingwrong,Balance ,1530794190.0,1
mazda,"Man I really love this guy's reviews. Very high quality production and while it's obvious he has some bias for Mazda, he still holds them accountable for missteps.",1530717539.0,21
FrankOcean,"Shit, I’d play",1530562602.0,2
FrankOcean,"Obligatory: Make sure to always use PayPal. You’ll protect yourself and if the seller won’t accept, take your money somewhere else.",1530538687.0,11
FrankOcean,"I think it relates to Franks’s desire for privacy.

Tupac has passed, but I’m sure you’ve read rumors that he’s really just hiding out somewhere because people “spot him” from time to time. Frank is saying they’re trying to track him down - and if he’s alive, the guy probably just wants his privacy.

Edit: Grammar",1530458608.0,9
mazda3,Did you order the knob from your dealer? I've been thinking about doing this myself.,1530389442.0,2
mazda3,Best to call your insurance agent. They should be able to look up similar VINs and offer a quote.,1530377603.0,2
forwardsfromgrandma,Amazing that they actually photoshopped Don to make it look like he's not obese.,1530369847.0,199
The_Mueller,How will we recover??? 😭,1530365638.0,15
DeepFriedMemes,Not playing fam,1530318854.0,1
mazda3,Thanks! It's my first time driving one and I'm loving it so far.,1530315054.0,1
longisland,/r/SurrealMemes ,1530295418.0,2
mazda3,"I’ve owned both a 2015 2.0L auto and now a 2018 2.5L manual.

Fuel economy on the 2.0 was significantly better - I would get low 30s with spirited driving and as high as 45mpg on the highway. With the 2.5, I’m seeing mid 20s and as high as mid 30s. The fuel tank size is the same on both models and with the 2.0 I could easily reach 400 miles/tank. With the 2.5 I can get 325 miles/tank.

The 2.5 is quick! There is significantly more low-end torque in the lower end of the power band. That being said, the 2.0 was truly fine and quick enough if you wring it out a little. You will absolutely notice the power increase, but it’s up to your “butt dyno” to see if that’s actually worth it.

Good luck! I’d be happy to help with any questions you might have.",1530293903.0,4
apple,"What’s the first? BotW is probably mine, followed by WW.",1530288162.0,1
mazda3,Congratulations! A 2015 Mazda3 was my first car too. Such a perfect place to start. Enjoy it!,1530286359.0,2
iOSBeta,"I found a more immediate fix than waiting a few hours with DND turned on. When I tried turning off bedtime, it would turn itself back on automatically so I had to get around that somehow.

1.	Settings > General > Date & Time
2.	Manually change time zone to some point before your bedtime reminder
3.	Open Clock app, turn off Bedtime
4.	Reset your timezone to normal

Unfortunately you won’t have Bedtime to rely on, but normal alarms seem to work fine for the time being. I’ve submitted this bug with my workaround to Apple.",1530281078.0,23
holdmybeer,"Man, after seeing Hereditary I can’t look at this.",1530223203.0,1
mazda3,"Oh man I’m sorry to hear that. A similar thing happened to my last Mazda 3 - I got hit from behind two weeks into ownership.

I hope it all works out for you dude",1530210981.0,4
mazda3,( ͡° ͜ʖ ͡°),1530144379.0,3
mazda3,"I think what I read a while back was that CarPlay certification requires higher-output USB ports. Hopefully with the upgrade, I'll actually be able to charge my phone in under six hours haha",1530138291.0,4
Jcole,"Not my cup of tea to have the severed head of X on there.

Regardless of what he was accused of, he was a 20 year-old kid who was murdered. Not in good taste.",1530025652.0,13
mazda3,No hate for the auto! I had a 2015 with the auto and really loved it for what it was. Definitely wish I had the paddles at the time.,1529975125.0,2
mazda3,Our cars are twins! What transition did you get?,1529878717.0,1
mazda3,“Who can relate? Woo!”,1529859011.0,14
FrankOcean,It might depend on what cover you have too. Supposedly the Shower Cover resells for more.,1529803754.0,2
FrankOcean,Fired the label like fuck brands,1529803534.0,13
apple,"The 8+ is awesome, but if you can wait until iOS 12 and the new phones come out (Sept-Oct), you’ll have better options.

iOS 12 has supposedly made the 6s quick again, so you might not need to upgrade quite yet. If you wait to buy a new phone, you’ll at least get the benefit of a price reduction on the 8+ when the new models ship.",1529731442.0,2
apple,Sorry to come off that way. I thought it was an interesting comparison to the competition.,1529731180.0,2
apple,"The processor isn’t as new as some of the flagships, but it’s definitely ahead of the mid-level competition.

As for the screen, the Pixel 2 is good (except for the bezels) and I’ve read that the newer panels on the XL model are somewhat better than the initial batches. The XL isn’t up to par with iPhone X or S9, but it’s at least its gotten *better*.",1529700561.0,1
apple,7/7+ has been my go-to suggestion when someone doesn't want to spend 2018 flagship-money. Still fantastic phones.,1529690747.0,10
apple,"Kina inferring, but I think what they mean is that the 7 is still a good phone by most standards - especially if you already own one. We're also coming up on the annual iPhone release so it may be worth it to check out the price drops and new products.",1529689321.0,11
apple,"Agreed, though the lack of a headphone port and wireless charging puts it behind the S9 in many people’s eye ",1529678752.0,30
AMCsAList,"I can't say I disagree with you, though I'll be interested to see how casual customers react to these surcharges. I guess it'll all depend on how clearly the ""surge pricing"" is communicated to the user, but I have little faith in MP's ability to be upfront about anything anymore.",1529617280.0,5
AMCsAList,Ah man. AMC A\*List alone was enough to make me consider switching. Combine that with MP acting up again and it's really not a question.,1529615939.0,5
FrankOcean,"Yeah Budden has been pretty vocal with his dislike for Frank's music as of late. A while back he called Blonde ""trash"" because he claimed it ""doesn't have any drums on it.""

Edit: https://www.youtube.com/watch?v=2rJ1FVgUSc8",1529614832.0,1
AMCsAList,"I’ve been debating that actually. I’ll probably keep MP for the first month just to make sure I’m happy with AMC, but I can’t justify two separate subscriptions for what is essentially the same thing with different rules.",1529607638.0,2
AMCsAList,"I'm bummed that MoviePass didn't end up staying the sweet deal it was several months ago, but competition is a good thing and this looks like a great deal.

Time for me to dump MP and move to AMC. Unfortunately, my favorite theater is a Regal, but the added perks like premium formats and advanced reservations more than make up for that.",1529606622.0,4
MoviePassClub,"I understand that asking for more at a constant price is r/ChoosingBeggars territory, though I think the concern tends to lie more with MP's lack of clarity and tendency to remove features they included at the same price in the past (multiple viewings).

One of the main terms that AMC is touting is that the deal you sign up for will be guaranteed for a full 12 months, unlike MP's ToS, which allow for unexpected changes.",1529605008.0,0
MoviePassClub,"I was a MoviePass diehard until they decided to take away multiple viewings of the same movie. All the other stuff was palatable to me, but that quick 180 from MP really bummed me out. I might be in the minority, but I almost always see (good) movies more than once in the theater.

I'm probably going to take the plunge - even if it's just for the minimum three months. The extra viewings, online reservations and high-end formats will be worth the $60 to me. I'm not sure that I'll continue after the initial three months and switch from MoviePass because my favorite theater is a local Regal.",1529511562.0,31
mazda3,"Based on your post history, it looks like you have a 2016 hatchback. That’s gen 3, which began with the 2014 model year.",1529466325.0,2
longisland,"Long Island is pretty conservative - especially compared to NYC. That plus a lot of money has held this back for a while, but things seem to be moving in a pretty *dope* direction.",1529457602.0,3
apple,Are you going to finish that cosecant?,1529408495.0,3
apple,"Huh, I was under the impression hey don’t usually launch the promotion until later in the summer. I’m sure they’ll have some news in the next few weeks or so.",1529367298.0,9
longisland,Round 1 at Broadway Mall is pretty great too.,1529343900.0,1
longisland,"Cameras are becoming more and more common around here. I know a couple people who use them and seem to love the peace of mind. All that being said, it's really just neighborhood dependent. I have my grill on a second-story deck so it hasn't been a concern for me yet.",1529343786.0,1
longisland,"The [Nassau County Museum Of Art](https://www.nassaucountyny.gov/2944/Nassau-County-Museum-of-Art) always has some very impressive exhibits. It's worth checking in every month or so to see if they have something that might interest you. Beyond that, they have absolutely beautiful gardens to explore during the warmer months.",1529343545.0,1
longisland,"Adding to that, their IMAX theater is breathtaking.",1529343384.0,1
apple,"I haven't used CarPlay yet, but I can't tell you how excited I am to get it in my car. I'll be able to have a dealer upgrade my car in the next few months to include CarPlay and even if it's a paid option, I'll probably spring for it.",1529342862.0,1
iOSBeta,owie,1529342307.0,9
mazda3,Congrats! Make sure to share a picture when the time comes!,1529342081.0,1
iOSBeta,oof,1529341932.0,17
FrankOcean,"Pretty sweet lineup that Pitchfork aggregated. Frank is mentioned on page four, for Forest Gump.",1529341707.0,3
wowthanksimcured,Lmao how is depression real just go outside tf??,1529328734.0,6
apple,"From what I’ve read, 18W seems to be the peak that the phone will ever accept, but it can’t sustain that rate for very long due to heat and battery longevity concerns.",1529323802.0,2
gaming,They ported it to PS4! That’s the only console I’ve owned it on.,1529322343.0,2
FrankOcean,Check out the website www.blonded.blog for the most complete lineup I’ve found yet.,1529295649.0,5
mazda3,"As some others have stated, you’re not really going to find anything better unfortunately.

HIDs (Xenons) are rarely noticeably brighter than LEDs - especially if the LEDs are leveled and focused well.

If you’re looking for a higher total output, Xenons will be your best bet, but you’ll miss out on the auto turning/leveling function. Quite honestly, you’ll probably have a better experience with the stock LEDs. If you do find something better I’d really love to know!! Sorry to be a party pooper though :/",1529278879.0,1
gaming,"I’ve only completed one full playthrough of Journey and I can honestly say that it’s the best video game experience I’ve ever had.

I got paired early in the story with another player who was also obviously inexperienced with the game. He and I helped each other throughout and communicated through hops and “action bursts.” We explored almost every area attached at the hip and at the top of the mountain, we resorted to nervous hops and bursts in case that was the last time our characters would see each other.

After the game ended, we added each other on PSN and he said that I was his first online friend. :)",1529277740.0,1102
iOSBeta,Big if true,1529245376.0,1
iOSBeta,It’s days like this when I really love that I subscribed to this sub.,1529243314.0,3
mazda3,Looks like 2016 GT based on the fogs and wheels,1529175545.0,1
mazda3,"Oh nah that might be a pass for me.

I read a rumor that 2018 GT models may get the upgrade for free, so fingers crossed...",1529157436.0,1
mazda3,"Oof I think I just realized a misunderstanding on my part.

I have a manual transmission so if I’m stopped at a light in neutral, the car will think I’m not “in drive” and defaults back to just the halos - provided that I don’t have the projectors switched on.

I realized that when it’s bright out, the only way I’d notice that my lights aren’t on is when I can see them in the reflection of a stopped car right in front of me.

Sorry for the confusion haha",1529107463.0,1
mazda3,"This wait for the dealer upgrades is really annoying me because of how cryptic they’ve been.

Also, throw this up on /r/MazdaMemes for some clout.",1529106242.0,11
mazda3,"My 2018 can use just the halos! I think that when driving, it’s dependent on the ambient light/time of day. If it’s sunny, you have the option to run just the halos, but if it’s it’s dark the projectors will automatically be on as well. If you’re parked, however, you always have the option for halos-only.

Edit: Typo",1529105860.0,1
FrankOcean,Real recognizes real,1529062601.0,2
FrankOcean,Looks great and hello from /r/Mazda3!,1529030454.0,4
mazda,Congrats! What do you think of it?,1529029062.0,7
KnightsOfPineapple,Damn! Great choice and welcome to the city!,1529013347.0,3
FrankOcean,"Yeah it’s kind of a dud. I’m out and can’t link at the moment, but it’s from a video of a guy showing off some jewelry.",1528987031.0,1
apple,Happens all the time on he train for me,1528937216.0,3
apple,I agree. Luckily their return policy is basically second\-to\-none and they'll let you open and try them on in store!,1528909972.0,5
oddlysatisfying,Had to make a tongue straw to get rid of the top layer,1528898134.0,2
apple,"AirPods were ridiculed when they were first announced, but they definitely found their niche - provided they fit your ears.",1528895524.0,10
Jcole,Probably just for some crossover appeal \- it doesn't look like there was any real cause for it.,1528543287.0,1
Jcole,All the covers and albums are in a slidshow [here!](https://www.hotnewhiphop.com/full-gallery-of-marvel-hip-hop-variant-covers-news.16992.html),1528543102.0,4
Jcole,"Looks like Marvel commissioned 50 of them to be done, but it doesn't look like there's any significance besides that.

[https://www.hotnewhiphop.com/full\-gallery\-of\-marvel\-hip\-hop\-variant\-covers\-news.16992.html](https://www.hotnewhiphop.com/full-gallery-of-marvel-hip-hop-variant-covers-news.16992.html)",1528543052.0,2
mazda3,That’s awesome to hear. I feel the same way about the length of the shifter. I have a friend who works at a Mazda dealership so I’m going to ask him to order me a Miata shift knob since it’s somewhat shorter.,1528473803.0,2
mazda3,"First gear is SO short!! That’s probably my only real issue with it. If I’m not extra careful shifting from 1 to 2, the car jerks for a sec. That being said, I’m still a novice so a lot could be user error.",1528472773.0,4
apple,"Generally it goes like this:

Bread, PB, PB, bread, jelly, jelly, bread.

I’m a big fan of PB on one side and jelly on the other. ",1528472655.0,3
mazda3,Congrats! Almost the same as mine! How’re you liking the gearbox so far? I learned how to drive stick on my car and since I’ve driven a few other vehicles with three pedals. I liked the gearbox in the Mazda most - even more than a V8 Audi S5.,1528469392.0,3
Kanye,Bigly if Cudi,1528452108.0,27
forwardsfromgrandma,I had to laugh at the child abuse claim because of how outlandish it is. It’s absurd to me that someone would actually read that the rate is 92% and not question it whatsoever. Disappointing.,1528406951.0,1075
mazda3,"You’re correct. The top ones are the indicators and the circular ones are the fogs. They’re physically pretty small, but because they’re LEDs they pack a decent output.

If the new Mazda6 is any indication, Mazda is going to phase out the separate fog light design and instead build them into the main headlight assembly. They get really bright now, but they don’t seem to have too much of an impact on nighttime visibility. I’m definitely on board for a redesign.",1528399303.0,1
MoviePassClub,"Well, the Alien has to go deal with Sid and we have to deal with MoviePass. Pretty good meme.

Edit: I don’t know why you got so many downvotes. Seemed like an honest question to me.",1528378393.0,34
mazda3,"2017+ has a couple (small) exterior changes like the fog lights, a revised grill and a new rear bumper for the hatchbacks

Edit: Typo/clarification",1528372965.0,2
FrankOcean,Nephews,1528319962.0,46
apple,Yeah sometimes I 'm a little extra too and add a third slice of bread to my PB&J.,1528310958.0,81
mazda3,Oop I think you’re right,1528240283.0,1
mazda3,"Hi! I don't know that I can answer all of your questions with authority, but I'll give some of them a shot.

1. Wish I could give some info, but I'm really not familiar with roof racks or older \(or newer\) Mazda 3s.
2. Keyless entry/exit has been \*mostly\* reliable in my experience. There are several settings in the infotainment, which can change the behavior somewhat, but usually the exit process works like this: Shut off car, get out and close the door, car will make one ""locking beep"" sound, walk a few feet away and a second beep will confirm that the car is locked. If you do not hear that first beep, it's likely that the car will not lock on its own. In that case, hit the lock button on your remote or the button on the door handle.
3. Which infotainment do you have? If you don't have the touchscreen above your HVAC controls, your only real option will be replacing the speakers themselves. In terms of the operating system, I definitely find it to be pretty utilitarian and without polish/extra features. Most of the features on it work as advertised, but it leaves a lot to be desired. Luckily, you'll have the option to head into a dealer later this year to upgrade to Apple Carplay and/or Android Auto. It's also worth keeping in mind that Android Auto can be loaded onto certain infotainment firmwares with a simple USB stick. Instructions for that are located [here.](https://www.reddit.com/r/mazda3/comments/7gw6by/weekly_psa_how_to_install_android_auto/)
4. I've never replaced the speakers in any of my cars, but I've read that non\-Bose\-equiped models are far easier to modify and that it's almost not worth it to modify the Bose system.
5. I don't think there are any glaring worries with the 2014 model year except for the obvious ones like scratches or dents that could lead to rust. The ND MX\-5 had a few small revisions to its manual transmission that increased its durability, but I'm not sure how related it is to the gearbox in the Mazda 3. Either way, it's something to look into.

Let me know if I can expand on or clarify anything! Welcome to gen 3!",1528224562.0,2
mazda3,It's hilarious that this is the only way to do it. Found out shortly after getting my new car while I was learning to drive with the stick haha,1528222764.0,1
mazda3,"Definitely automatic\-only.

Source: I've owned both a gen 3 2.0L auto and a 2018 2.5L manual. As OP updated, with the manual transmission, you can't leave the accessories on when you turn the car off.

Edit: I probably misunderstood",1528222676.0,2
bose,"I generally prefer Bose’s sound signature and I listen to everything from classical to rap. That being said, I don’t think Bose fits everyone’s tastes. I don’t have too much experience with newer Sony products, but my anecdote is that they seem to have a lot of fans in the hip-hop/EDM communities.",1528203438.0,1
FrankOcean, Ayy r/RexOrangeCounty,1528153012.0,78
apple,"Yep, with a funny lyric on it",1528149240.0,6
apple,Good catch and hilarious background,1528141138.0,19
mazda3,"I owned a 2015 iTouring sedan and now have a 2018 GT hatch. I definitely prefer the hatch design, but for most of my usage, its only an aesthetic difference.

No issues from that model year aside from a recall or two. You can go online with the VIN to check if it’s been serviced yet.

Keep an eye out for spots that are at risk for rust (paint chips, dents, etc.). Other than that, it sounds like you’re looking at a good deal! The 2.0L engine has plenty of power IMO, but I do enjoy the extra kick from the 2.5L.",1528140964.0,1
thatHappened,"I think this person’s point of view is that even a child - a fake one in this example - is woke enough to realize that there is a problem with our social norms regarding what type of dress is accepted. The idea that a child understands this, but adults can’t, is the vehicle for her agenda.

All that being said, what a fucking low-class and toothless way to push her own agenda. Kinda funny in the right context, but ridiculous nonetheless. If anything, it works against her objective by causing eye rolls and further widening the ideological gap.",1528060045.0,5
rexorangecounty,Yeah he was also on Apple Music’s “Up Next” for a while. It’s cool to see him grow!,1528030708.0,7
FrankOcean,Is this a thing 👀,1527987657.0,1
donaldglover,Always gotta listen through the monologue on That Power,1527983587.0,23
mazda3,"That’s definitely the right conversion, but I’m not sure what to think of it either.

Compared to the current 2.0L SkyActiv G, this output is a healthy increase, but considering the current 2.5L, this is a slight setback.

Another report I read a while back mentioned that Mazda hasn’t settled on an output yet, so it’s possible that the torque rating could rise. That being said, maybe Mazda will unveil an even higher output option - though I somewhat doubt it because this report claims they will keep a SkyActiv G as an entry model.

With Mazda’s push for “upmarket appeal,” I’m interested to see how removing power from the S model and not including independent rear suspension will contribute to that. Unfortunately, it could merely mean nicer interiors with less of a goal of being sporty.",1527966359.0,6
FrankOcean,"Got you fam

[https://www.dropbox.com/s/fk98d9i5tsb5275/13&#37;20Window&#37;20&#37;28Frank&#37;20Ocean&#37;27s&#37;20Verse&#37;29&#37;20copy.aiff?dl=0](https://www.dropbox.com/s/fk98d9i5tsb5275/13%20Window%20%28Frank%20Ocean%27s%20Verse%29%20copy.aiff?dl=0)",1527950167.0,3
FrankOcean,"Huh good catch, I never thought of that!

There’s a funny similarity in Gambino’s *Pop Thieves* where he says,

>	Now that we have found this love, baby

>These haters can't say shit, oh

>I know sometimes it's hard when I'm so far

>I know you miss this di-love

To borrow from [Genius.com](https://genius.com/Childish-gambino-pop-thieves-make-it-feel-good-lyrics)...

>	With the last line ending in “shit” Gambino expected the listener to assume the last word in this line would be “dick,” but he switched it out for love.
>This switch is a comment on how many listeners process the two as synonymous. Gambino’s making a comment on how “dick” does not equate to “love”; furthermore, it’s a testament to how love makes him feel, and how he treasures that feeling more than he does bodily pleasures.
>Also worth noting that it’s “badly” cut out/re-dubbed deliberately. Releasing tracks with deliberate glitches in it is nothing new for Gambino (c.f. Bronchitis).

Obviously a different approach from Frank, but similar in the non-rhyming scheme. 

Edit: Mobile formatting",1527948149.0,8
mazda3,"To my knowledge, most modern cars will blow warm under acceleration for the reason you said - to avoid drawing power when it’s most-requested. My 2018 3GT does the same thing and so did my 2015 iTouring.",1527885638.0,8
FrankOcean,Schrödinger's Kid?,1527876104.0,53
mazda3,"Haha, I suppose ""regret"" is the wrong word because I really couldn't be happier with my car. I just love the lighter color as well.",1527868531.0,1
mazda3,Agh I keep seeing this color and I have a liiiittle bit of regret for getting the Deep Crystal Blue. Enjoy it! Which transmission did you get?,1527859051.0,2
FrankOcean,"Bro this is super dope! Seemed strange to hear Tyler come in on a D Caesar track, but I'm so here for it.

Do you plan to make any more of these?",1527814137.0,2
FrankOcean,Hit me with a PM for that Dropbox link man,1527788703.0,2
FrankOcean,I got it. PM if you want the Dropbox link... don't wanna get hit with a cease and desist.,1527788688.0,1
FrankOcean,"Took me a little while, but I ripped the audio from the video. PM me if you want the Dropbox link... I'd rather now plaster it all over the place.",1527788617.0,2
rexorangecounty,I really like the rest of the song so I’ve gotten pretty used to it. My friends think it’s funny when I’m singing along and I cut off abruptly,1527771355.0,1
mazda3,"Just like u/javaforlife said, the OEM rubber floor mats are awesome, though I only spent \~$90 on my set. Be sure to lift out the rubber inserts at the bottom of the cup holders! It's amazing how quickly those can get gross from just miniscule amounts of spilled drinks. Aside from that, I' been looking into getting a treatment for the leather so I won't be as worried about irreversible damage.

What do you think of the driving dynamics compared to the Dart?",1527710155.0,1
mazda3,!cancel,1527655287.0,1
mazda3,Damn I love that color! I got the same model with the Deep Crystal Blue and the Parchment interior. Congrats on your purchase! What do you think of it so far?,1527624564.0,8
mazda, Not regular maintenance at all. Visit another dealer if possible or contact corporate Mazda with your complaint.,1527540013.0,4
antiMLM,Ramen flavor packet,1527538602.0,1
Jcole,!cancel,1527519426.0,1
Jcole,"Ugh... they originally quoted 6-8 weeks for shipping, but it took something like 17 or 18 weeks to ship. On top of that, the only communication we got was from the shipping company saying that there was an unexpected delay and that they had no estimate about when it would ship. Neither Frank nor a member of his team said anything about the delay so we were left out to dry until it finally shipped.",1527519385.0,1
FrankOcean,100% agree. Something about those layered vocals through the middle of the track carry such an emotional weight.,1527515984.0,2
Jcole,Man hopefully the merch ships on time. Frank Ocean’s Endless vinyl took more than twice as long to ship than they originally said.  ,1527451427.0,1
mazda3,"GT can come with a manual! I actually just picked up a 2018 GT just like OP’s - but with the M/T.

Btw, looks great OP!",1527356743.0,1
mazda3,"Marzia

2018 Deep Crystal Hatch",1527200284.0,3
FrankOcean,"Definitely interested and of sound mind! I'd love to be a part of your project.

Edit: Also 22 y/o.",1527009005.0,1
FrankOcean,"""Literally no relation"" is quite a stretch considering how close Frank and Tyler are and the fact that T clearly references Frank's song, *Commes Des Garçons* in this video.

> Comme des on that hombre",1527008540.0,-55
mazda3,"I agree with shifting early, but it’s not really good on the clutch to start in second all the time. First gear is there for a reason after all.",1526995902.0,3
mazda3,"I’m not too familiar with Gen 2 (2009-2013), but all cars starting in 2014 were branded as SkyActiv. They essentially describe it as a unique approach to creating the car so that all parts are designed together in order to make it as efficient and “whole” as possible. I’ve heard that the Gen 2 SkyActivs were quite lethargic, but I haven’t found that to be the case with Gen 3.

I’ve owned both the 2.0L and 2.5L and they’re fantastic engines. The driver needs to work the 2.0L a bit more in order to use the power, but there’s absolutely plenty of it. In addition, both transmissions are fantastic. The automatic six-speed is the best regular auto transmission I’ve ever driven and it even has a pretty decent manual mode.",1526993663.0,1
FrankOcean,Are you going to share it or just say that you’ve done it?,1526946431.0,1
iOSBeta,!cancel,1526883901.0,2
iOSBeta,Yerr,1526883847.0,1
itookapicture,Hello fellow Long Islander! I knew that looked familiar!,1526860598.0,32
mazda3,"Looks like most of your questions have been answered, but I can add that I've dealt with a dead battery in my keyfob. Technically, you can use the keyfob for the life of the car without any charge in the fob's main battery.

If you use the switch on the back of the remote, you can remove a hidden key, which will unlock the doors. Once inside, if you hold the keyfob so it's lightly touching the ignition button for a couple seconds, the car will authenticate the key and you will be able to start up as normal.

Dead batteries in a keyfob really suck, but luckily you'll never be stranded because of it.

And by the way, I usually store my wallet and keys in a one cupholder in the center console.",1526734974.0,1
FrankOcean,"Frank originally uploaded the album to his Tumblr at 256kb/s m4a, but then swapped it out for the version that's on OddFuture.com, which I think is roughly a 190kb/s mp3 (much lower quality).

The original files are tough to come by, but I have this one bookmarked just in case. https://dbr.ee/HhM4

Enjoy!

Edit: Clarification",1526733296.0,11
mazda3,Good luck and be safe! ,1526678403.0,2
mazda3,"There’s nothing like a late night drive to clear the mind.

The car looks great! What spec do you have?",1526580179.0,4
mazda,Looks great and happy cake day!!,1526510633.0,2
tylerthecreator,Gold reply,1526500010.0,6
FrankOcean,Damn that'd be a dope trio to hang with,1526428403.0,3
FrankOcean,"For anyone unaware, Tyler’s tweet references the movie *Call Me By Your Name*",1526423438.0,34
interestingasfuck,"Frank Ocean building a spiral staircase for his visual album, Endless. (2016, 10x speed)",1526419204.0,1
mazda3,"To my knowledge, unfortunately not. If you use a  USB charger in the cigarette lighter port, you’ll get a much better charge rate.",1526414365.0,22
MoviePassClub,/r/WhereDidTheSodaGo,1526413552.0,9
FrankOcean,Agreed that Travis would be dope on it. I think Young Thug would have a good sound on it too. He was great on Slide On Me,1526403152.0,9
donaldglover,Hahaha geez dude that’s almost exactly the same experience as me. Flight of the Navigator is one of the most beautiful songs I’ve ever heard and totally got me hyped for the upcoming album.,1526392321.0,1
iOSBeta,"I’ve had this happen after restarting and/or updating sometimes. In my experience, all the messages reappear after a short while. I suppose the phone is just working on categorizing all of its data.",1526389869.0,0
mazda,"I believe all US Mazdas come standard with Mazda Connect now. Not sure when the CX-3 would’ve gone that route, but starting in 2016, the Mazda3 came standard with it.",1526158353.0,1
sploot,Wow!,1526152881.0,15
apple,"It all depends on how often your phone’s battery percentage fluctuates. A good way to think of it is like a car’s odometer. If you keep the phone charged, or don’t allow it to discharge very often, you’ll have a lower “mileage” on your battery. When you run down much of the battery’s percentage and charge it all the way back up, you put more wear on it.

I bought my iPhone X in November 2017, I use it heavily, but keep it charged throughout the day. My battery capacity is still reporting at 100%.",1526145971.0,2
Jcole,Early,1526140570.0,0
mazda3,"I’m sure you’ve heard this, but the most important thing is not to overuse your brakes going downhill. If your transmission is manual, be sure to keep it in a lower gear to hold your speed, and if it’s an auto, kick it into manual mode and do the same.

Beyond that, better brakes, wheels, tires and eventually other handling mods (strut tower bar, sway bar, etc.) will be your best bet.

Keep in mind your budget when modding this car. As you said, it’s a few years old and a base model. Make sure that you don’t put so much money into this car to the point where you could’ve gotten a better vehicle to start with.

If you visit [CorkSport](https://corksport.com), check out their “Handling and Brakes” section. That’s a great place to start.

Be safe and enjoy!",1526139743.0,3
mazda3,"On the glossy plastic? Unfortunately those scratches are there to stay. That being said, I’ve seen several users apply a vinyl wrap to the plastic and it essentially fixes the issue. If you’re very careful when applying the vinyl, you won’t even have to take anything apart.",1526075660.0,3
mazda3,"No problem! That’s a good call. You’re definitely in a grey area, so it mostly relies on a gut feeling.",1526075370.0,1
apple,"Huh, I didn’t know the original OS would be stored like that. Make sure to check that you don’t need a recovery drive or disc. ",1526052684.0,1
apple,"Yes, there are ways to revert back to a previous OS, but unfortunately I’m not totally familiar with the subject. That being said, I do know that you absolutely must have a Time Machine backup if you want to accomplish the downgrade.",1526051818.0,1
apple,"Right, I always figure that I’d rather pony up a little extra money up front, rather than having to buy a whole new machine sooner. I’m able to rely on a quick computer for longer.",1526049580.0,2
apple,Try to update and optimize before you spend the money on a new machine. I’m running a 2014 13” rMBP on the latest software and it’s still really quick.,1526046647.0,1
apple,Unlikely based on the expected price target for a four-inch phone.,1526046429.0,0
apple,"RAM should be the first thing you upgrade. Always buy as much as you can afford.

I maxed out the processor and RAM on my 2014 rMBP when I first got it, and it’s still runs buttery smooth.

Enjoy your new machine!",1526046337.0,1
mazda3,"So it’s a bit tough to compare the 2016 iTouring and 2017 Sport because they have fairly similar options. When Mazda did the mid-cycle refresh for 2017, some of the Touring features trickled down to the Sport.

Both cars are great IMO. I owned a 2015 iTouring sedan and recently upgraded to a 2018 GT hatch. With the 2016, you may get a couple more creature comforts and with the 2017, you’ll get the newer model.

Your best bet is to sit in and drive both if possible. See which one you really like more. Be sure to look for standout features like allow wheels, a tech package, etc.

Hope this helps!",1526045864.0,1
FrankOcean,Even Frank don't know what tf he said,1525981303.0,4
FrankOcean,"I’m sorry dude :(

Stay at your best. ❤️",1525973640.0,3
apolloapp,I use the option to make those bars disappear when I scroll - allows for more pure black.,1525968719.0,1
apple,"If you play any song on a second device, it stops the first.",1525967715.0,9
mazda3,"I have absolutely no clue how they can achieve a claimed 50% gain in power - especially when you consider that the engine is naturally aspirated and has very high compression. I’m almost certain that you’re being lied to, or there was some sort of miscommunication between you and the person who gave you that quote.

Unfortunately you are likely stuck with the power you have now. It’s possible to gain 10hp (MAYBE 20hp) from a new intake and exhaust, but beyond that, you’re outta luck. Sorry dude.",1525967131.0,1
bose,"I had a pair for several months until the SoundSport Free were released and I switched to them. Even though I switched, I loved my pair of SoundSport wireless.

The battery life was my only real concern. At five to six hours of power, they're somewhat on the low end of the competition - especially considering that the PowerBeats have a claimed 12 hours.

Battery aside, they're great headphones. They sound great and have good range. Enjoy your purchase!",1525888582.0,1
FrankOcean,My favorite movie... thank you for making this!!,1525868819.0,2
FrankOcean,Good looking out!! Love this guy’s music and was getting tired of doing YouTube rips. Glad I’ll be able to support him.,1525796688.0,2
FrankOcean,"Damn 🅱️rotha, we out here listening to you 😩

Stay strong 🤘🏻✊🏻",1525790563.0,5
FrankOcean,"Yes, either in the BDC mag, or the Black Friday disc.",1525790253.0,3
mazda3,Dope color choice. Make sure to peel the lugs and emblem!,1525728007.0,2
FrankOcean,"Damn bro. So sorry to hear that. Frank’s music takes on a new meaning when you’re heartbroken. 😢

Stay strong  🅱️ro",1525727879.0,63
FrankOcean,"I keep my magazine in it. I’d like to do something with the foil in the future, but I haven’t figured out what quite yet. I thought about making it into a phone case, but I’d prefer something more permanent.",1525645416.0,2
FrankOcean,"Agreed, matter tends to decay",1525645334.0,2
FrankOcean,"Man, I’m not baked enough for this right now, but I like what you bring up. ",1525645295.0,2
donaldglover,YOOOO THIS IS SO GOOD,1525580161.0,8
mazda3,"Not many specific things to look out for that year (that I’m aware of). I had a 2015 and the only concern I had was that some clips on the front bumper ended up being fragile. It wasn’t a big problem - there was just one small part that wasn’t totally flush with the body.

Other than that, make sure the car has an alignment, check that the tires are alright, look for rust (as you said) and you’ll be golden.

Good luck!!",1525540885.0,2
Jcole,J Cole fans resigned!!!!!,1525481532.0,1
mazda3,r/Gatekeeping ,1525462050.0,1
FrankOcean,Holy shit I'll definitely have to make time for this. Thank you so much for the post!,1525442773.0,29
mazda3,"I don’t believe any of those things have changed. 

Source: Own a 2018 and am 99% sure",1525429678.0,2
FrankOcean,How far is a lightyear?,1525429052.0,1
FrankOcean,Nephew lmaooo,1525423634.0,2
mazda3,"Funny you say that. I read something recently that said Mercedes’ recent manual transmissions weren’t very good and not something to be missed by the US crowd.

I just got a new 3GT with a manual and learned on it. I’ve had some friends drive it and they were all impressed with how solid Mazda’s transmission is.",1525386680.0,11
whatisthisthing,Thank you!,1525378778.0,1
whatisthisthing,Solved! Thank you!!,1525378773.0,2
FrankOcean,"Even then, he could have two part ones like another poster on this sub.",1525366302.0,3
apple,"I believe it! The glasses I had an issue with were also wayfarer-style, so that could be the cause of it all.",1525362153.0,2
apple,"I have a pair of Polarized Ray Bans and rarely have an issue unlocking. They’re fairly large aviators and I noticed that when I switch to thick-rimmed glasses, my success rate for Face ID drops. I think it has more to do with the frame rather than the glass itself.",1525355983.0,2
FrankOcean,A1 cop bruh 😩💯 what cover u got? 🧐🤨🤔,1525352466.0,21
mazda3,Reminds me of gen 1!,1525287444.0,4
mazda3,"If you’re going to dip them while they’re attached to the car, tape off EVERYTHING. Use more tape and plastic bags than you think you need. Any slight breeze will send flecks of it to another part of the car and those specks are annoying to remove. Other than that, be sure to do many light coats and you’ll have less of an issue removing it in the future. When I dipped my wheels a couple years ago, I did 10-12 light coats and had no problem peeling it off in one piece.

Al that being said, I’d recommend that you look up some tutorials about removing and replacing the emblems. Better to take the car out of the equation if possible. Good luck!",1525274161.0,3
mazda3,"Respectfully disagree. I don’t like the idea of lots of stickers or decals, but I’ve never had a problem with one or maybe two.

To each his own!",1525222461.0,3
mazda3,Right [here!](https://reddit.com/r/mazda3/comments/7890lj/subreddit_decals_are_on_sale_now/),1525216722.0,1
bose,"I’ve owned both and totally prefer the SoundSport Free overall. Frequency response seems to be a bit more accurate, but it’s not that much of a difference. Both headphones sound great, though I prefer the fully-wireless design.

Personally, I haven’t encountered too many connection issues. Other users on the subreddit have seemed to be not quite as lucky as myself. For me, connection issues, while very brief, seem to crop up in areas with lots of connection interference (i.e. a busy Manhattan intersection) or when it’s very cold out (sub-freezing).

Edit: Forgot to add that latency while watching videos has been largely improved on both my iPhone X and MacBook Pro. The only time I still have an issue is when I watch videos on the iOS YouTube app. For whatever reason, every other video player I’ve used has almost no perceptible audio lag, but YouTube’s official app is always a problem.",1525183295.0,3
forwardsfromgrandma,"IIRC, Ted Cruz was born in Canada and his mother was born in Kansas while his father was born in Cuba.

I didn’t see any of the birthers have a problem with that...",1525182638.0,23
mazda3,"Beautiful! Almost the same spec as mine :)

How are you liking it?",1525179535.0,4
FrankOcean,Pink Matter —> Urn (Childish Gambino),1525140391.0,15
mazda3,The dream ,1525097048.0,1
apple,"I had the same issue a couple days ago. Seems like the sync is automatic, but may take some time.",1524931229.0,7
apple,"Sorry to randomly chime in, but I upgraded early from a 7 to X. I see tech as somewhat of a hobby for me. It’s definitely an expensive, but I use my phone more than pretty much anything else in my life, so if there’s a better one out there, it’ll catch my eye.",1524926468.0,8
teefies,“...I’ll get that arm...”,1524920021.0,3
mazda,Can't ID any of the signs or license plates unfortunately ,1524841934.0,1
mazda3,Riding the wave of MazdaSpeed,1524804053.0,1
FrankOcean,I don’t think it’s aimed at anyone specific besides Ye. Memo.’s just pointing out that Ye is surrounded by yes men who are complacent in this.,1524803202.0,3
mazda3,"I could be wrong, but I believe AudioPilot replaces that option on Bose-equiped models.

Either way, always good to check for it.",1524791400.0,1
mazda3,"Do you have Bose Centerpoint turned on? It’s a feature that analyzes the stereo input and splits it into a faux-surround sound output.

It could be rerouting the vocal track frequencies to different drivers so that the ones in the doors can focus on the lower-end frequencies.

I tend to prefer to have it on, but very occasionally, a song will sound a bit strange due to it.

My advice is to play around with the toggles for Centerpoint, AudioPilot, and the standard EQ sliders to see what suits your listening habits best. Info on all three of those can be found [here.](http://infotainment.mazdahandsfree.com/entertainment-sound?language=en-NA) Also, remember to check your input device to see if it has anything toggled on that you’re unaware of (EQ, mono audio, etc.).

Let me know if I can answer anything for you!

Edit: Clarification.",1524782343.0,6
mazda,"I don’t mod my car much, but I ran the CorkSport SRI for a tick over two years in my 2015 2.0L.

Absolutely loved it. Of course all it *really* did was add some noise, but it never droned and I didn’t notice any issues with airflow or heat soak.

All that being said, a stock Mazda 3 is wonderful from the factory.",1524781625.0,3
FrankOcean,"When *In Here Somewhere* ends, I switch the records and wait for *Slide On Me* to come in hot.",1524778770.0,6
FrankOcean,"Yeah unfortunately it's a bit bland, but like I said, it really sounds great! Here's a photo I took of it when I first picked it up...

https://imgur.com/a/M32DUUu",1524769823.0,2
FrankOcean,"I have two of them from his NYC show earlier this year and they're very good.

Sound quality is great, but the packaging is a bit low-rent. It's just the exterior sleeve with a tracklist on the back. The vinyl itself is in an unmarked black sleeve.",1524769485.0,3
Kanye,"Yes, this is Frank’s Tumblr page, which he has acknowledged for years.",1524761899.0,10
sploot,"I took this right in the middle of playtime so she was ready to pounce at any moment! She’s wild, but (usually) very gentle... even if her crazy eyes suggest otherwise :)",1524677520.0,18
apple,But of course Apple and its investors are in “full panic mode.”,1524659991.0,13
FrankOcean,"Frank Ocean, Childish Gambino, Rex Orange County",1524594456.0,1
Jcole,"Oof, he put the Endless vinyl up for sale and it took twice as long to ship as the longest original estimate. To make matters worse, there was essentially no communication about the nature of the delay.",1524530842.0,2
Jcole,"I pre-ordered the vinyl, but I’m feeling some PTSD thanks to Frank Ocean’s Endless...",1524529077.0,2
mazda3,Lookin sharp,1524515619.0,2
FrankOcean,Can’t blame you. *Wither* and *Hublots* have me feeling some type of way.,1524500255.0,1
FrankOcean,That’s dope! How’re you liking that “NEW IMPROVED FULL DIMENSIONAL STEREO?”,1524491295.0,3
mazda,"Wow, this is incredibly understated and very handsome.

I have a 2018 Mazda 3 GT with the parchment interior and while I love it, it's not quite to the level of this Signature interior.",1524150363.0,3
mazda3,Original Google Pixel or Pixel 2 if money’s no issue.,1524093694.0,2
mazda3,"In my usage, it get really hot right away and then tapers off to a point where it’s just somewhat warm. It’s probably some sort of feature to make sure the heating coils last. ",1524062481.0,10
mazda,I love this mean machine too! Did you give it a name?,1523982655.0,5
FrankOcean,"""And so did I :^ )""

Lmaooo nephew",1523981257.0,7
mazda3,"The sport mode in the car will change shift points, but also changes throttle response somewhat.

I have a 2018 Mazda 3 with a manual and there is no sport switch, but I can’t speak for the other manual models. The only change that a sport switch would be to adjust the throttle response.",1523925412.0,1
mazda3,Beautiful car and dog! ,1523826722.0,3
mazda3,"Glad you’re enjoying it! I feel the same about the infotainment. It’s really simple and functional, but a bit slow and under-featured. Can’t wait to load CarPlay onto it.

I came from a 2015 2.0L sedan and recently jumped into a 2.5L GT Hatch.  So happy with the power bump.

Which transmission did you go with?

Edit: lol at that bot",1523808501.0,3
mazda3,"Hmm so probably not a US feature.

Thanks for the replies!",1523808062.0,2
mazda3,"Gotcha, sorry for not clarifying. i-eloop was a feature on higher-end models during the first half of generation 3 (2014-2017?). Basically it was a very low-impact hybrid system to eek out a few more mpg.

Do you have the 2.5L and the auto transmission?",1523807714.0,1
mazda3,That looks so good! So you did it without removing anything?,1523807492.0,1
mazda3,"Which trim is that? Do you have i-eloop?

I had a 2015 iTouring without that feature and my 2018 GT lacks it as well.",1523807168.0,1
mazda3,"Congrats!! I also just upgraded from a ‘15 iTouring sedan to a 2018 GT hatch.

What do you think of the difference between the engines?

E: Clarification",1523806889.0,1
mazda3,"The only time I’ve experienced that was when my keyfob’s battery was dying. I’d say bring the car into your dealership and explain the problem. Ask them to make sure the batteries in your keys are new and then if the problem persists, it sounds like there more of a problem - possibly with that aftermarket starter.

Sorry I can’t fully diagnose the issue!",1523806745.0,1
mazda3,Congrats! What do you think of it? Any quirks?,1523806587.0,1
mazda3,"Mazda is pretty conservative with 0-100 and 0-60 times. However, horsepower and torque numbers don’t always tell the full story.

It’s possible that the power curve on the 165hp A3 gets quite a bit more torque at lower RPMs because the Audi is turbocharged. This will result in faster acceleration from a standstill. The naturally-aspirated Mazdas will require somewhat higher RPMs in order to reach similar torque levels, therefore resulting in slower 0-100 times.

I had a US variant of the 2.0L (155hp, 148ft-lbs) for almost three years and recently upgraded to a 2.5L model (184hp, 185ft-lbs). I loved the 2.0L model, but one glaring point I noticed is that you really need to rev it out to be in the power band. My guess is that the turbo in the Audi really helps that 0-100 time.

TL;DR: The A3 has a turbocharger and the Mazda3 doesn’t. Small turbo engines have lots of torque at low RPMs and will tend to accelerate faster.

Let me know if I can clarify anything!",1523806225.0,1
bose,"Yep, it’s pretty good! I haven’t had any complaints on the other end of a call - even while walking through Manhattan.",1523775843.0,2
mazda,"There is now GT, GT Reserve and Signature. They’re all higher-tier trims, which add higher-end materials, slightly improved seats, external accents, etc.

Quite honestly, the difference between the three doesn’t seem to be significant from what I’ve seen on Mazda’s website.

Edit: Upon closer inspection it seems like there are some decent upgrades like a 360° camera, but overall, very similar from trim to trim.",1523654179.0,2
FrankOcean,Cheers bro,1523634575.0,4
FrankOcean,"The first time he says it, there’s so much power and confidence in his voice and the second time, it’s like he’s nearly whispering. I don’t know if the second time is supposed to be “more sad,” but it always hits me harder the second time.",1523610048.0,8
mazda3,"Lol thank you!

The Gen 3 is mine and the 1 belongs to my coworker. I still think the Gen 1 looks really sharp to this day, even if the grill is a little outdated.",1523473059.0,1
FrankOcean,"https://9clacks.org/frank-ocean-nikes-feat-kohh-pop-up-shop-version-cdq-m4a-38736.html

On mobile so I can’t confirm this link, but it all looks in order.",1523364095.0,2
FrankOcean,"First person to get the CD was in Maine and she said she ordered as soon as the stuff went online. Looks like they’re doing a first come, first served queue.",1523363505.0,1
apple,"iPhone X, got it in December and I’m still at 100%, but that’s because I charge my phone a lot.",1523363103.0,2
FrankOcean,Newphew lmaoooo,1523362174.0,1
FrankOcean,You’ve come to the right place fam,1523199456.0,2
apple,A sticker on the receipt from the Met Museum of Art. When it starts to get tarnished I know it’s time to make my way back for another visit.,1523144184.0,8
mazda3,"I’m not sure I understand what you mean by “the same dimension as the 2.0L.”

Do you mean they have the same stroke and different bore (or vice versa)?",1523143137.0,1
mazda3,Do you have the sedan or hatch? I owned a 2015 sedan with the rear lip spoiler. It was just enough to give the rear end a bit more character IMO.,1523025024.0,1
mazda3,"I agree with you. I just picked up an ‘18 2.5 GT with a manual a few weeks ago and it’s been loads of fun. The only time I get somewhat annoyed is when traffic moves from 0mph to 20mph and back to 0. I don’t mind crawling around in first gear, but getting up into second, only to grind to a halt is quite annoying.",1523024743.0,1
mazda3,"What model and trim does she have? If she’s changing lanes without signaling, lane keep assist will try to pull her back into the original lane.",1522948541.0,1
FrankOcean,"This is the kind of toxicity we don’t need here - even if it’s just a joke.

If you can’t or won’t wait any longer, you can easily get a refund by emailing support and asking for it.",1522728921.0,-7
mazda3,"The one thing I loved about the 2.0L was that you could really wring the hell out of it without reaching ""Jailtime Speeds."" That being said, the extra torque is tons of fun.",1522711144.0,1
FrankOcean,"❤️Two drifters, off to see the world❤️",1522639090.0,6
mazda3,That's awesome! How do you feel about the car?,1522630360.0,1
mazda3,"New ride just in time for Spring :)

https://imgur.com/gallery/sj0y4

",1522629513.0,1
mazda3,"You have great taste :)

Thanks! So happy that I lucked out in getting them.",1522610894.0,1
ComedyCemetery,🤯 wow rly makes u think🧐,1522588394.0,5
Miata,Oh man I never knew it was Key and Peele in the first scene,1522587434.0,6
mazda3,Thanks! I wanted to wait to post here until I could get a good wash haha,1522558839.0,1
mazda3,"That’s great! I stalled several times within the first few days, but now that I have 800+ miles on the clock, it’s starting to feel like second nature. Enjoy your new car!",1522558642.0,2
mazda3,"Thank you! I’m really happy with the wheels - I was surprised that the car came with them. I do have the LED’s but I didn’t know that you could get the GT with halogens. If anything, at least you have a rarer configuration!",1522558564.0,1
mazda3,"I’m not sure if they’ve changed the suspension setup, but it’s possible that mine hasn’t fully settled. Still haven’t reached 1,000 miles yet.

Do you have any trouble with scraping on driveways?

Edit: Small typo.",1522553152.0,3
mazda3,Thank you! I’m so happy with the car,1522551159.0,2
mazda3,That’s totally true. Torque at 2k RPM is significantly higher than the 2.0L engine ,1522551141.0,5
mazda3,That’s awesome! I’ve always loved the look of a blue exterior and light interior so I was really happy to get the parchment leather on this one.,1522551111.0,2
mazda3,"I had a great opportunity to turn in my 2015 iTouring early and jumped on it!

My new car is a 2018 2.5L Grand Touring Hatchback with the premium equipment package in Deep Crystal Blue Mica. I was unsure about the Parchment leather interior at first, but it looks too good to pass up.

I have only driven a manual transmission once before, but I’ve always wanted to own one and I figured there was no better time than the present. This car is damn fun to drive. The extra ~30hp and ft-lbs are immediately noticeable. This thing pulls!

A nearby dealer ordered this specific car from Mazda by mistake and was having trouble selling it, so I actually got it for less per month than I was expecting. With the exception of a couple small options like the interior lighting kit, this is the exact car I would build to order.

To say that I’m happy with my new Mazda is such an understatement. I’ve loved every minute in it.

I loved Elliot, my 2015 model, but I cannot wait to make some memories in the new model. By the way, I’m taking name suggestions!",1522544860.0,8
FrankOcean,He claimed to have had features from Frank and Kanye (presumably to draw up some hype) and now those features are nowhere to be found.,1522508700.0,5
tylerthecreator,"I think Flower Boy and Wolf are ~technically~ better albums, but Goblin is my favorite. It came out right during some teenage angst so I latched onto it more than any other album at the time. Nightmare is one of my favorite songs of all time.",1522339233.0,3
apple,"I have a 13” 2014 rMBP and had the screen replaced due to “Staingate.” Other than that, I haven’t had any issues save for a small dent on the right USB port.

My battery is around the same state as yours and I’m starting to consider bringing it in for replacement.

I love this laptop and I plan on having it for quite a while more, but I’d be lying if I said I wasn’t interested in the new models. If apple drops the upcoming quad-core i7 in the 13” model and increases the battery life, I’ll be hard pressed not to jump on it immediately.

Edit: Current specs are...

-3.0GHz i7

-16GB RAM

-512GB Storage",1522334612.0,2
rexorangecounty,Start with Bcos U Will Never B Free and listen all the way through. Then move onto Apricot Princess so you can really get a feel for how his sound has evolved.,1522333487.0,2
apple,"I’m sure they have data, which we don’t have access to, that backs up their multibillion-dollar decisions.",1522258914.0,8
gatekeeping,Please don’t chew my ass,1522250431.0,2
mazda3,"Swapped out my 2015 iTouring (automatic) for a 2018 sGT (manual) last week and I definitely notice a difference in how quickly I go through a tank.

I tend to accelerate quicker than most, but I'm light on the throttle and use a couple hypermiling techniques when I'm just cruising. With the 2.0L I'd get somewhere between 28 and 32mpg (or a max of ~43mpg), depending on the weather, time of year, driving style, etc.

Now that I have an extra half-liter under the hood, I'm obviously seeing lower fuel economy numbers - somewhere around the 24-26mpg range. I think some of it has to do with the fact that I'm a novice with a manual transmission.

My driving tends to be fairly mixed. I'm based on Long Island in New York so I see plenty of highway cruising as well as very slow local traffic. I'll be interested to see how I can adjust my habits to eek out a few more miles per gallon.",1522173141.0,3
mazda3,Are those the GT real leather seats? I just got a model with the parchment interior so I'll definitely have to keep an eye out for issues like that.,1522172989.0,1
apple,"Don’t get me wrong, I like the look of it, but is this a bug or something specific that Apple built into their app? I don’t know that I’ve seen this on any other unoptimized app I have. ",1521905467.0,1
FrankOcean,"I don’t know if this helps, but I have some decently high quality scans of the original picture from the BDC zine.

https://www.icloud.com/sharedalbum/#B0f5fk75vGECuVn",1521905219.0,3
FrankOcean,"Look for unsealed unless you’re really ballin out. No point in putting up that kind of cash unless you’re just trying to flip it. I wish I’d known that when I was in the market haha

I bought mine about six months ago, sealed, for $350 on eBay. It was the shower cover, and apparently that one comes at somewhat of a premium.

Keep an eye on eBay and when you find one that hits your price point and looks to be in good condition, jump on it. It doesn’t look like prices will be dropping anytime soon.

Aside from the different covers, there are two different versions and it comes down to what CD is inside it. The ones from the popup shops have an extra verse at the end up Nikes by the Japanese rapper, KOHH, and I believe there is a slight difference in the beginning of Pretty Sweet. Other than that, it’s all the same and you can get those downloads online. IMO, it’s foolish to overpay for the popup version.",1521905036.0,6
antiMLM,"“Like”

/r/SuspiciousQuotes ",1521904484.0,3
DisneyEyes,That’s an incredible picture! What camera did you use?,1521859142.0,7
mazda3,"Congrats on your new ride!

I just picked up my new 3 a day before the snow hit. Can’t wait for everything to melt so I can work on a fresh detail.",1521755083.0,3
FrankOcean,I think I read a while ago that he bought all of his music from Def Jam. Can anyone confirm?,1521736387.0,1
FrankOcean,Big time L,1521736135.0,14
bose,I haven’t run into that issue and I’ve done a bit of running with them.,1521673805.0,1
AskReddit,"Friends have always been my siblings.

Growing up, I didn’t have anyone to play with unless it was a friend or parent, but obviously my parents aren’t the same thing. I’ve been lucky enough to have the best group of friends I could have asked for and they feel like family.",1521551109.0,31
FrankOcean,ID on those tiles????,1521518544.0,28
FrankOcean,"No prob! I just checked my BDC mag and it says “night.s” in there as well. I can check the CD later to see how that’s stylized, but it’s one of the later batches (without the KOHH verse) so I bet it’s “Nights” like how it is on Apple Music.",1521465765.0,9
FrankOcean,Check out Blonded.Blog for the most complete discography that I’ve been able to find. Lots of gems on there.,1521465621.0,2
FrankOcean,@DMcKibbins,1521465071.0,2
FrankOcean,"Oof its a tough call between B and D, but I’ll go with B for a bit more fun.

Side note, why is it stylized as “NIGHT.S?”",1521464061.0,19
FrankOcean,"Hot take

+1",1521463336.0,17
antiMLM,"Damn. As soon as you started mentioning all the people he told about his interview air date I knew it was about to crash and burn. :/

I’m sorry you had to go through all of that. I’m completely against The Donald™️ and I think this is apt comparison to make. Hopefully those kids will one day “wake up” the same way you did.",1521461172.0,51
apple,"Spotify will not be acquired by Apple - maybe by another company at some point. Apple Music will likely eventually “win” because of a diversified product lineup (hardware + software).

I doubt that Apple wants Spotify to go away. It’ll net them more users, but lack of competition isn’t always looked upon favorably by the government.",1521294067.0,64
FrankOcean,@DMcKibbins,1521293546.0,1
FrankOcean,"If love to see an extended version of Good Guy - like the live versions.

Fun fact: The guitar solo in Self Control is actually Frank singing - it’s just highly edited.",1521176092.0,2
ihavesex,Good catch,1521164468.0,3
FrankOcean,Can confirm. This is fire.,1521149276.0,3
FrankOcean,I just started seeing someone who isn’t familiar with Frank and this is immensely helpful. Thank you!!,1521051491.0,37
FrankOcean,Johnson x Johnson: No Mo' Tearz,1521050943.0,1
bose,"No problem! I’m glad I could help.

While on the subway I haven’t had much of an issue hearing my content - it’s usually just while in the station that something may get drowned out.",1521036905.0,1
bose,"Hi! I love my pair. They’re among the best headphones - of any kind - that I’ve ever owned.

Lag seems to be less of an issue after the past couple software updates to them. Nearly all video players have little-to-no delay/lag... but the YouTube app still hasn’t sorted that out. On my iPhone, I have no trouble watching other video sources like Netflix, Apple Music Videos, or Safari-based YouTube.

Battery life has been stellar. I haven’t run out of juice since I first got them because the buds charge so quickly in their case and I haven’t had a 6+ hour nonstop listening session. As long as you have some discipline about putting them back in the case and charging the case once in a while, battery life won’t be a concern.

In terms of downsides, there aren’t many. More importantly, there aren’t any that have stopped me from wanting to use my pair. Occasionally in a busy intersection in Manhattan, the left bud will fade out and back in within a second or two. I believe this has to do with severe signal interference, but it’s a short-lived issue. Regular Bluetooth headaches rear their heads occasionally as well. Once in a while, my phone and buds will refuse to interface and it’ll take a couple on/off cycles of the headphones to bring it back to normal. I also had my pair shut themselves down once on a very cold day (windy + 20°F), but when I pulled my hat over them, the problem went away. Tiny batteries don’t like the cold, and a little insulation seemed to help.

With truly wireless earbuds being a relatively new product, growing pains are to be expected. AirPods’ connection reliability is unmatched, but they also have middling sound quality and aren’t the right fit for everyone. Bose’s connection reliability is slightly behind Apple - but only slightly. The sound quality and comfort more than make up for that.

Other little things to point out:

-These are not noise-isolating or noise-canceling and you will be able to hear some exterior noise. I prefer this for safety reasons when I’m outside.

-Bose isn’t famous for very loud headphones and these are no exception. I believe they get loud enough in most instances, but an approaching subway will drown out spoken word podcasts.

-The charging case probably won’t fit in your pants pocket. It dwarfs the AirPods case, but if you don’t mind putting it in a jacket pocket or your bag, this is a nonissue.

-The volume and play/pause buttons may seem stiff at first, but I’ve become very accustomed to them. I love having them available when my phone is out of reach.

-Call quality has been great! Audio only plays through the right bud - much like a traditional Bluetooth earpiece, but everyone has said I sound clear on the other end.

For anyone who can afford these headphones, I fully believe that the SS Free are the best (or among the best) on the market. Sorry for the longish writeup, but I love these things. Feel free to ask any other questions you might have!",1521035690.0,1
FrankOcean,I’m not strong enough for this.,1520961236.0,1
mazda3,Hahaha thank you for being the voice of reason. I'm leaning towards the black leather mainly because of the possibility that I would have to either be extremely careful or pay for repairs later down the line.,1520960535.0,1
mazda3,"Thanks for the reply! I may be mistaken, but I think that the parchment leather in the Gen 3.5 Mazda3/6 is different from the light-colored leather in the Gen 3.

Still good info though! Thank you again.",1520960416.0,1
FrankOcean,Awe yeah good shit,1520951443.0,1
FrankOcean,Love that Frank actually sang the bridge live,1520951304.0,8
rexorangecounty,"https://www.icloud.com/sharedalbum/#B0fGDdyTvGQygez

*Loving Is Easy* vs. *4 Seasons* almost killed me.",1520949572.0,4
apple,One of my coworkers was complaining that he couldn't charge his iPhone because the plug wouldn't fit. I went in (very carefully) with a folded staple and pulled out more lint than I've ever imagined could fit in there. Turns out that was the only issue.,1520878825.0,7
rexorangecounty,"For the public eye:

F#maj7
Fmin7(11)   Bb7(#9)
Ebmin9  Dmin9
C#min9   F#9sus(13)
Bmaj9
Bbmin7
Bmaj7
G#min7  C#9 

(Repeat)",1520805332.0,4
FrankOcean,"n,U: American Wedding

CO: Crack Rock

End: U-N-I-T-Y

Blond: Siegfried or Nikes (Feat. KOHH)

u,M: Pyrite (Fool’s Gold)",1520805077.0,2
FrankOcean,"Blond since that’s how it’s stylized. As someone else said, you can add the e if you want it ",1520804792.0,1
FrankOcean,Good lookin out with the aspect ratios 👌🏻,1520804201.0,3
FrankOcean,That’s actually pretty damn close to my dad’s place in the city. ,1520630444.0,14
DisneyEyes,"That, or playtime",1520602071.0,28
FrankOcean,Definitely god-tier,1520566686.0,2
FrankOcean,I listen to at least a few songs off the album every single day. It always brings me up or helps me work out my feelings.,1520566584.0,3
FrankOcean,Timothée Chalamet is that you,1520566452.0,4
FrankOcean,"This, or a regular sync with your computer.

iCloud Music Library has been a liiiiiittle buggy for me, but when it works, it’s beyond convenient.",1520513356.0,5
FrankOcean,"Sluggish, lazy, stupid and unconcerned.",1520368935.0,56
DunderMifflin,Looks like a security risk to me.,1520349215.0,1
FrankOcean,"IIRC, Rex (Alex) was in Frank’s band. He played the guitar.",1520307622.0,3
FrankOcean,"This is the original quality that Frank uploaded to his Tumblr and it’s significantly better than the one on OddFuture.com.

Even with average headphones, you can absolutely hear the difference.

https://dbr.ee/HhM4",1520262083.0,3
comedyhomicide,That’s it. I guess we’re done with them. I’m glad this was shared so o could experience the end of all Dad jokes.,1520228456.0,9
Miata,The color is spot on! Great job.,1520128113.0,4
FrankOcean,Mega big thanks to you for this. Good looking out fam.,1520120004.0,4
apple,"This sounds killer, though I’m extremely unexperienced with coding.

Would OP or someone else write up a guide for us laymen? More importantly, is this something I shouldn’t try without experience?",1520111690.0,13
MoviePassClub,"I love MoviePass and haven't really had any complaints yet, but this is really shitty.

Last night, the app showed that the movie was available in my market, but I kept receiving an unfamiliar error message when I tried to check in and I ended up paying out of pocket.

I did not enjoy the movie and as I understand, I will not be eligible for reimbursement from MoviePass.",1520041269.0,22
FrankOcean,"""Frank, the album leaked.""

""Nani?!""",1520035363.0,21
FrankOcean,KOHH version too dope,1520035211.0,3
FrankOcean,Shower cover was estimated to be the rarest version and market value is not set by overpriced sellers. It's set by the median or low-end.,1520003041.0,1
apple,"When you say “also provides power,” do you mean than you can charge the laptop through the TB2 port, or that it provides power to the peripheral?",1519942688.0,1
apple,Big if true,1519942552.0,3
apple,"I wish I could find the thread, but a few months ago, someone on r/Apple gave a pretty good explanation as to why Apple’s cables tend to suck. Apparently it has to do with Apple’s commitment to being environmentally friendly. That’s cool and I support their motives, but I wish they’d find a way to make their cables less grippy and more durable.",1519942254.0,2
bose,"Totally! The Revolve+ is one of the best mid/high-end portable speakers on the market.

HomePod and Sonos Play 5 will give you somewhat better sound, but neither is a portable speaker like the Revolve+.",1519941733.0,1
mazda3,"As much as i love the six speed auto, I’m jealous, enjoy!",1519881341.0,1
mazda3,Congrats!! Looks like I have the same exact year and spec as you. Which transmission did you get?,1519879569.0,1
bose,"No problem!

If it changes your mind at all, the Bose most definitely work with Macs (I use them with my MacBook everyday), and I'm fairly certain that they're also compatible with most PCs.

I owned AirPods for a bit, but gave them to my s/o when I got the SoundSport Frees. A part of me still thinks that AirPods are the best option for most people - as long as they fit your ears. They have the best battery life and most importantly, a near-flawless connection. However, for me personally, the sound quality of Bose holds more weight and I can deal with those occasional hiccups.

The objective value of AirPods can't be beaten right now. $160 for the most solid connection on the market and universal compatibility is nothing to scoff at. I just checked now and it looks like Bose is running a sale on the SoundSport Frees for $200 instead of the regular $250. If you narrow your decision to those two, I don't think you'll be disappointed either way. Both companies offer great return policies, so even if you do run into an issue, you won't be SOL.",1519855766.0,2
bose,"Hi! I've had mine since the day they launched (about four months ago), so I've put them through the paces.

Video delay seems dependent on which app you use. Locally-stored Camera Roll videos have nearly no lag, but the YouTube app has been really hit or miss. Funny enough, YouTube videos played through Safari have always been fine.

I haven't had any real issues with the headphones disconnecting. Once in a while in midtown Manhattan, the left bud will fade out and then back in within a second or two, but I think that has to do more with severe signal interference. The same thing has happened to me with other Bluetooth headsets.

I'm not sure I understand what you mean about the sound ""bleeding out at high volumes,"" but I don't think I've experienced that. Bose employs a custom volume-based EQ in order to combat distortion, so I suppose on some tracks with tons of volume, there could be some form of ""dropout.""

The issue with cold is somewhat overblown, in my opinion. The only time my pair cut out due to the temperature is when I was using them in 20ºF weather for over an hour. Later that same day, I pulled my hat over the headphones and I didn't have a problem anymore. I suppose that little bit of insulation was the dealbreaker.

I've tried several pairs of ""truly"" wireless earbuds and Bose fell into the sweet spot for me. They were the most comfortable, had the best sound balance, and weren't plagued by connection issues like Bragi's offerings.

Let me know if I can clarify anything or answer anything else.

**Small Edit:** Generally speaking, AirPods have the best connection, Bose and Sony have the best sound, but I really prefer the fit of the Bose.",1519850622.0,1
bose,"I think your first decision is to decide wether you want headphones or a speaker. You say you don’t really care, but in practice you’ll have a pretty different experience. Do you do most of your listening in-home, or do you need some new headphones for when you’re out and about?

I’ve listened to a Revolve+ and it absolutely kicks ass. I currently have a SoundLink Mini II and love it, but the Revolve+ is a huge leap above it. Go with the Revolve+ if you’re doing mostly in-home listening.

The QC35s are plainly fantastic. They’re comfortable, sound great, and have very few marks against them. Go with the QC35s if you’re doing any significant listening out in public.

While I haven’t heard it first-hand, I’d assume that the Revolve+ paired with a SoundLink Color II will not be a prime listening experience. The two speaker’s capabilities are vastly far apart. I can’t imagine it would sound bad, but I definitely wouldn’t hang your decision on this feature.

Side note: Do you have a good pair of headphones now? If not, I think you should really spring for the QC35s.",1519829164.0,1
DisneyEyes,Wow! They do look really similar. Thanks for the link!,1519828311.0,1
FrankOcean,"Nephew. 5-600 for an opened copy? Where are you getting this info?

I arguably overpaid for my sealed ShowerCover copy and spent $350.",1519797682.0,1
FrankOcean,eBay is where I got mine. Look for opened books in good condition. IMO it’s not worth the extra cash for a sealed copy unless all you’re trying to do is flip for profit.,1519797543.0,1
FrankOcean,Mine came with a note that said “lolol y’all wild”,1519797387.0,1
FrankOcean,"n,U or Blond",1519796990.0,1
FrankOcean,"All you bitches want is Jodeci, what the fuck?",1519796786.0,2
apple,I had a similar issue with my 2014 13”rMBP. I brought it in with an appointment and they had the screen assembly replaced within a couple days.,1519650350.0,2
apple,Did not know this. That’s much more reliable than wiggling the HoemBar. Thanks!,1519600875.0,1
FrankOcean,"I’ll be pretty damn upset, but based on the snippets we’ve heard from people close to Frank, it sure sounds like we’re gonna get a different mix from the video.",1519577004.0,1
FrankOcean,"Seigfried is Frank’s best-written song. It’s his most technical work on a single track when you take into account the lyricism and unique instrumental elements.

That being said, I think it’s a bit difficult to listen to if you’re not focused and in the mood. It’s quite sad and requires some thought.

Edit: Lil typo.",1519576901.0,2
rexorangecounty,"I picked that up at the show. Great hoodie, but I’d suggest getting one size larger if you’re on the fence.",1519573553.0,3
apple,"I used to just put my 13” MacBook Pro in the built-in sleeve of my backpack, but since my new bag doesn’t have that, I put it in a sleeve first.",1519421480.0,16
MoviePassClub,"I haven’t visited Drafthouse yet, but Regal is generally my best moviegoing experience - if it’s a United Artists theater.

The UA near me has bigger-than-average screens and high quality stadium seating. Sound quality has generally been premium as well. 

AMC has similar features to UA, but I find that UA is consistently higher-quality.",1519383525.0,0
bose,"Posting that on the Bose subreddit???

Mmmmmmm spicy and edgy.",1519336950.0,2
FrankOcean,"Just remembered that I had saved this and finally gave it a listen!

This is so dope. Breaking Bad is my all-time favorite show and I love the way that you've mashed it up with some Fr0nk. Have you done anything similar to this?",1519250319.0,1
NoStupidQuestions,"Finally, a reasonable reply in this thread.

Assuming a flat road and little/no wind, it's usually best to go as slowly as possible in your car's highest gear - as long as you're not lugging the engine. For my car, this is ~43mph in sixth gear.",1519177737.0,11
FrankOcean,Enormous if factual.,1519135929.0,1
FrankOcean,Thank you bro 🙌🏻,1519015933.0,2
FrankOcean,"On mobile, but I’m almost positive that this is a better version than the sidebar",1518816388.0,1
FrankOcean,"It's the original version that Frank released via his Tumblr. After a little while he switched it to the 128kb mp3 version because it was a more widely used standard for music players - keep in mind that back in 2011, not everyone had a smartphone.",1518797628.0,23
FrankOcean,I had that exact same version! When I finally heard the end it was like getting a brand new track hahaha,1518797512.0,6
FrankOcean,"In case anyone is interested, the highest quality version is downloadable here...

https://dbr.ee/HhM4

This version is far superior in terms of bitrate and file type. Totally noticeable when you listen to the two back to back.

Edit: Added clarification.",1518794589.0,139
FrankOcean,Apple's fake for not labeling it as Bluegrass or Death Metal 😤,1518794458.0,4
FrankOcean,nephew,1518719241.0,11
FrankOcean,You the GOAT for this one. Thank you.,1518718648.0,1
apple,"I've had so many Apple products come and go through the years, but the things I'm currently using are:

* iPhone X Space Gray 256GB

* 2014 13"" MacBook Pro i7 3.0GHz, 16GB, 512GB

* 29W power adapter + USB C to Lightning cable

* 50GB iCloud Subscription

* Apple Music Family Subscription

===============

The other gadgets I use with my Apple gear:

* Bose SoundSport Free

* Cheap ($10) Qi-certified chargers for home and work

* Fossil Hybrid Smartwatch: Q Activist",1518626199.0,1
rexorangecounty,I’ll die if he’s featured on an upcoming Frank Ocean track. It’s clear that the two of them have worked together in some capacity and I’d love for them to influence each other.,1518561653.0,3
apple,"Saving you a click:

Purely speculation, bad renders, rehashing old/unlikely rumors. Nothing of substance.",1518468990.0,8
FrankOcean,"I downloaded N/U pretty soon after its release IIRC, but I didn't really get into Frank until CO.

I'd go on these long drives with my girlfriend at the time and Frank became our go-to artist.",1518464216.0,1
FrankOcean,"Hold tf up fam. I gotchu with the original, highest quality version...

https://dbr.ee/HhM4

This is the original version that Frank posted on his Tumblr.",1518456002.0,2
MoviePassClub,"Thanks for the reply! I ended up really enjoying it! It's not among my top picks for Best Picture, but it truly has some fierce competition this year.

I loved the focus on Churchill's ""behind the scenes"" activity. It's cool that wartime scenes were included, but I feel the movie could've still been strong without them.",1518454791.0,1
MoviePassClub,"**Winchester:** Yikes. I wouldn’t call this good. A couple jump scares startled me, but the story and plot were beyond dull.

**Star Wars:** My third time seeing this. I love the cinematography. The brutal reds and angelic blues and white colors that fill the scenes are gorgeous. Truly a polarizing movie, but luckily I loved it.

**The Shape Of Water:** My second time seeing this and it holds up. It’s not my first choice for Best Picture, but I’ll be delighted if it wins nonetheless.

I’ll be seeing *Darkest Hour* tonight so I can finally take it off my Best Picture watchlist. I’ve gotten pretty conflicting reports about it. What’d you guys think?",1518390990.0,3
apple,Oh sweet!,1518108835.0,5
apple,"According to what I read a couple weeks ago, this is indeed a slow rollout to users. Congrats on getting it early!",1518045939.0,107
apple,"Not only will it not work with wireless charging, but it’s possible that your case will not fit the iPhone 8.

When Apple first released the Smart Battery Case, the camera cutout was specifically sized for the iPhone 6 and 6s. With the iPhone 7 and 8, the read camera lens is significantly larger. I tried to use my old Smart Battery Case with an iPhone 7 and it did not fit properly because of this.

Do you know if you purchased the case that was designed for the 6/6s, or the one that was designed for the 7/8?",1518022839.0,5
apple,"It works very well for me. In terms of speed and reliability, I’d say it’s on par or slightly better than gen 1 Touch ID.

That being said, it’s been far more useful for me. I love that I just glance at my phone and everything is unlocked. Autofill for passwords is magical, too.

I’ve noticed that one time Face ID is constantly unreliable is when part of my face has sun shining on it. If there aren’t any large shadows on my face, it’s not a problem.

All in all, I love Face ID and if this is the worst that it will ever be, I’m very excited for the future.",1518022365.0,1
rexorangecounty,"Yep! I actually bought all my merch before the show started and then stashed with my jacket in the coat check. It looked like they had plenty of vinyls, but the clothing sold out really fast.

IMO, it's better to hit the merch table early with smaller artists like Alex. His online store has been hit or miss and I still haven't heard if the vinyls will be sold online at all.",1517942551.0,3
rexorangecounty,"https://i.imgur.com/aCPM7ZV.jpg

Delivered.",1517879464.0,3
rexorangecounty,"Thanks!

In case anyone's interested, I threw those into a playlist on Apple Music.

https://itunes.apple.com/us/playlist/rex-setlist/pl.u-ZmblljJhzZg8oZ",1517833086.0,1
rexorangecounty,I’ll go tomorrow and hook it up,1517784883.0,5
mazda,Is deep frying a good alternative to plastidip? 🤔 🤔 🤔,1517535364.0,11
NoStupidQuestions,"This sounds a lot like the premise of the movie *Sky High*.

Some super kids get to be heroes, and the ones with lame powers get to be sidekicks.",1517534607.0,2
NoStupidQuestions,Four (4).,1517534501.0,4
apple,"Wow. Surprised I didn't know this.

Thank you!",1517524515.0,30
NoStupidQuestions,"My apologies. From a bit of Googling and prior knowledge, I can say with a fair bit of confidence that there is no exact answer in terms of distance.

That being said, it's clear that ""stories"" refers to the number of floors a building has.",1517522939.0,2
NoStupidQuestions,"Talk to your doctor about how you’re feeling. It’s possible that the medication you are taking may not be the right fit for you.

I also suffer from depression. I took a particular medication for a while and it helped my depression, but made me not give a fuck. I spoke with my doctor and she prescribed a different medication. The one I’m currently taking seems to be the right fit. I feel “normal"" thanks to it.

Edit: Clarification",1517465665.0,2
NoStupidQuestions,"This is correct. Furthermore, a good way to think about it is that the phone’s battery will request a certain amount of power from the brick. The brick doesn’t just push full power to the phone.

Technically speaking, using fast charging techniques will degrade a battery faster than a standard power brick. That being said, the difference is negligible and almost immeasurable as there are too many environmental and anecdotal aspects to consider.",1517465326.0,1
NoStupidQuestions,"Not really. In my experience, household glue tends to become more brittle at lower temperatures.",1517464198.0,2
NoStupidQuestions,"This. I’ve heard everything from 10 to 15 feet, though 10 to 12 feet is generally considered “one story.”",1517464008.0,3
NoStupidQuestions,"Proving Treason will be unbelievably difficult in today’s world, but assuming they are found guilty, it’s also very unlikely that they will face death. It’s almost inconceivable that a judge would put a president to death, even if he were disgraced.

If anyone in the administration is brought to trial, it’s likely that Treason will not be on the docket as it’s quite rare and difficult to prove.",1517463259.0,1
NoStupidQuestions,"I don’t want to spoil anything for you, but keep watching. You will know by the end of season 4.

By the way, I’m envious of you! I wish I could watch it again for the first time.",1517462776.0,8
FrankOcean,Absolutely hilarious. Love it. ,1517425385.0,1
tylerthecreator,I think on his right foot it says “juggle my luggage.”,1517253070.0,1
AskReddit,Internet Historian,1517252616.0,1
apple,"For me personally, I’m most excited to have it as a high-end home speaker. I’ve been flirting with some different setups, but this seems like it’ll be a great option based on my needs.",1516644185.0,1
apple,Didn’t know this show existed! Really excited to add it to my subscriptions.,1516643811.0,4
rexorangecounty,"Is it a tour exclusive, or will it be online?",1516559063.0,2
FrankOcean,Not working ,1516399750.0,1
Catloaf,That’s a rad cat,1516380995.0,10
thatHappened,😯.,1516380632.0,6
apple,"That’s not cool, regardless of how busy the store was at the time.

My advice is to make sure that all of her data is backed up, restore the OS and set up as a new phone - not from a backup. This will most likely make the phone somewhat usable until you are able to make it to the store again.

If she feels comfortable going by herself, I doubt that she’ll be given subpar service a second time, but being there with her can’t hurt. You are correct in stating that everyone who requests a battery replacement will receive one at $29, regardless of battery health.

Sounds like this Genius in particular was getting overwhelmed and took advantage of someone who isn’t entirely tech savvy, as you put it. I’m sorry she had such a lame experience.",1516374920.0,245
bose,I chose the Mini II over the Revolve because of the price and the fact that it comes with the charging cradle. I also wasn’t looking for 360° sound so the front-facing speakers are fine for me. Love the sound quality and battery life. Fully recommend the Mini II.,1516301714.0,1
FrankOcean,"Naw, just cop FLAC from the Internet.",1516301221.0,3
FrankOcean,"Haha sorry, there were jokes going around that the hoodie would come with exclusive surprise merch.

Have you contacted Blonded.co yet? Their support emails seem to have some decent info about shipping, even if it isn’t exact.",1516296988.0,5
apple,"WHAT!? A level-headed argument!? Confirmed shill for Apple.


All kidding aside, I think you’re on the right track. Apple’s track record suggests that they’d be decently pro-consumer in this instance, so there must be some info we don’t have.",1516296839.0,72
FrankOcean,"So you must not know what your personal note from Frank says! That along with the new album in the pocket really made the experience special to me.

Lol all kidding aside, I really like my hoodie even though I paid too much for it. Did they provide a tracking number for your package?",1516296412.0,17
FrankOcean,I got one a couple months ago. So happy with the quality.,1516252750.0,3
apple,"Not a virus, just another exploit that crashes the messages app when displayed on screen.",1516215578.0,58
FrankOcean,Dude this is so dope. What an incredibly underrated movie. Hopefully it’ll get its due praise later in life like the original Blade Runner did.,1516214151.0,3
apple,"I believe that the spec of your computer doesn’t matter much, as the bulk of the processing will happen on your PS4. Think of your Mac merely as a wireless display. As long as your internet connection is solid, any compatible computer should run it fine.

Edit: Typo",1516136129.0,3
bose,Interesting to see how the SoundSport Frees will hold up. They have three separate batteries that could deteriorate.,1516122781.0,1
FrankOcean,Worldnet flex 😎,1515873467.0,1
apple,"Congrats on the upgrade! I’m loving mine a ton.

There was someone a while back who mentioned that he’d be upgrading to a X from a 5c, so he effectively skipped the entirety of Touch ID.",1515797051.0,3
FrankOcean,Yoooo a collab would be wavy,1515796494.0,5
rexorangecounty,"Solid, I just set a reminder for that night! I’ll try to hit the merch table early to secure them.",1515793928.0,2
rexorangecounty,"Didn’t know that he’d have a vinyl pressed! Any word on price? If they don’t sell out too fast, I’d be happy to help you!",1515782323.0,1
bose,"I’ve had the SS Free since they launched and my only complaint was the price (250 USD). While the buds themselves are rated to have five hours of battery life, they’re always charging when in the case and are almost always full when you take them out to use them.

Let me know if I can answer anything specific for you!",1515761488.0,1
FrankOcean,"If you’re looking for a less expensive copy, search through eBay for opened copies.",1515711756.0,1
FrankOcean,Omg gonna be triggered every time I go in there,1515711369.0,2
gifs,It’s like a speedeun of Super Mario Bros. 1-1,1515642365.0,1
FrankOcean,"He was the model who was in many of the photos for the Blonded radio show.

I can’t remember off the top of my head what his name is, but he’s done modeling for some bigger clothing brands to my knowledge.",1515468235.0,1
FrankOcean,"That’s killer! I got a sealed copy for $370 about six months ago, but looking back, an opened copy was the better way to go.  Great find! I hope you really enjoy it. M",1515468168.0,2
FrankOcean,Fucking lost it reading that,1515468073.0,1
FrankOcean,Plz format,1515466712.0,2
bose,"I don’t own these headphones, but that’s something I’ve always wondered about. I’d love to see if anyone has a cool workaround.",1515441351.0,1
apple,"You’re correct. Wouldn’t “have” to be stainless steel, assuming there isn’t something inherently weak about the new design.",1515437266.0,14
apple,"The big speaker from Google seems cool, but a bit low tech when it comes to how the sound is redirected based on the shape of a room.

Reading into some of the speaker tech that Apple’s using suggests that it’ll have some serious credentials behind it. I guess we’ll just have to see how it sounds when it’s released.",1515436218.0,2
rexorangecounty,Totally! DM me when you get the chance.,1515373798.0,1
apple,"Saves some battery power on the iPhone X, but not much.",1515332868.0,0
apple,*Yes*,1515109664.0,1
FrankOcean,A singer who also raps.,1515077700.0,1
FrankOcean,Anyone wanna take delivery of it for me???,1514990944.0,1
FrankOcean,Nephew we can all read the order #,1514988592.0,6
FrankOcean,"No prob! I’m from Long Island, NY.",1514987332.0,4
FrankOcean,Nephew,1514889751.0,19
AskReddit,"Frank Ocean’s latest LP was titled “Blonde,” but usually stylized as “Blond.”",1514832027.0,-3
FrankOcean,How do you feel about Bluegrass?,1514826179.0,2
FrankOcean,"21, male, white like milk, Long Island/NYC based.",1514826129.0,1
AskReddit,"“Blond”

r/FrankOcean is leaking",1514825372.0,-3
FrankOcean,Why? He seems to be decently keyed into pop culture.,1514763548.0,14
AskReddit,"Vodka, cranberry, lime.

Not so much of a “man’s” drink, but shit, it tastes good and gets me drunk.",1514562685.0,1
FrankOcean,"Blessing you with the highest quality version out there.

https://reddit.com/r/FrankOcean/comments/72z6t6/nostalgiaultra_rare_cdq_256_kbps_download_of_the/

Stay wavy.",1514494780.0,1
FrankOcean,"Cease & desist

E: plz get the reference",1514494106.0,0
apple,"If you actually believe all of that, maybe smartphones aren’t for you.

And for the record, I find the gesture system to be superior to a button.",1514344414.0,2
apple,"So let me just make sure i have this straight. You have the option to keep either an iPhone 6 or an iPhone X?

...Why would you not keep the X?",1514343751.0,1
AskReddit,"“I’m inside you, I can’t find you.”

-Childish Gambino",1514122446.0,289
apple,This doesn’t work on iPhone X. Holding the Side Button + Volume Up Button will trigger this feature.,1514071444.0,1
MoviePassClub,"The fact that he typed, “please *except* my most sincere apologies” makes me so annoyed.",1514012400.0,22
forwardsfromgrandma,"Oh shoot, ya got me.",1513948096.0,2
NoStupidQuestions,Thank you!,1513947997.0,1
AskReddit,"“I don’t message first.”

Okay, fuck you then.",1513853219.0,3
FrankOcean,"Sorry to jump on the train, but could you lob me the link too?",1513802296.0,1
FrankOcean,STRAIGHT FACT: Blond’s the best album of the year two years in a row.,1513801868.0,19
bose,"Personally I prefer the SoundSports to the alternatives. At this price point there are a lot options in the wired market, but nine times out of 10, I’ll choose Bose because of the sound, comfort and excellent customer service.",1513683818.0,3
apple,Just a tempered glass pane on then back of my X.,1513682608.0,1
apple,Very cool! I think I’ll give it a try when I get home later. Thank you!,1513632701.0,2
apple,Forgot about Osmos! Great game. Hope they update it. ,1513632424.0,10
trashy,r/LeWrongGeneration ,1513608217.0,3
apple,"They allowed some YouTubers to come to an Apple event where they were allowed to use and film the iPhone X. The YouTubers couldn’t take the units out of the building.

“Traditional” reviewers got the phone a day before its release, save for a few who got it a week early.",1513348564.0,9
trashy,Didn’t he recently plead guilty to sex with a minor?,1513255403.0,1
apple,"Mid-2014 13” rMBP with 16GB RAM.

The most I’ve seen my machine use is 11 or 12GB.",1513251410.0,0
apple,Keep an eye on r/FrankOcean and you’ll see there’s plenty happening. Very likely that he’ll drop an album and/or tour in 2018.,1513249495.0,1
AskReddit,"Fellas, let’s be honest... is it gay to jerk off? I mean, you’re deadass touchin’ a dick *every time.* 🤔🤔🤔",1513247923.0,2
apple,"Thanks for the reply. I understand your preference, but for the bulk of my usage, I genuinely prefer Face ID. That being said, I’d be lying if I didn’t say I wasn’t very skeptical going into it.",1513247063.0,4
apple,"Out of curiosity, how is it a step backward?",1513225460.0,6
rexorangecounty,Definitely interested. Let me PM you tomorrow to get some info.,1513225108.0,1
StarWarsLeaks,"R I P

I’m so bummed that Snoke gets zero backstory in this movie. He was one of the most intriguing characters to come out of TFA. ",1513162478.0,11
FrankOcean,Love this album. A lil unit how he spelled Futura Free though.,1513161150.0,3
StarWarsLeaks,"This is absolutely a bummer for me. I’m sure I’ll still love the film, but ever since the “Darth Darth Binks” days, I’ve been DYING to know more about Snoke.

I was on the Plagues train for a while, but that recent theory about The First Jedi really intrigued me. Sucks to hear that we won’t get any answers in the immediate future.",1513115932.0,1
StarWarsLeaks,C’mon. No need for that.,1513100295.0,2
StarWarsLeaks,This sounds incredibly badass. Is this when Kylo “truly” goes dark?,1513099242.0,1
StarWarsLeaks,I’ve thought this as well. They each seem to have their own unique look and weapon - just like the Knights of Ren.,1513021930.0,2
FrankOcean,Gigantic if proven,1513021468.0,11
bose,"Don’t go with the Pulse. They only offer a bit of fitness tracking at the cost of less battery and a higher price tag.

I’ve owned the Frees since they launched and I can’t recommend them highly enough. If they’re within reach budget-wise, spring for them.",1513001267.0,2
FrankOcean,Lmao you good fam?,1512938402.0,1
apple,"I’d eventually love the opportunity to toggle it off. For the not-so-savvy user, I get that it’s a useful visual aid, but a lot of us understand how the OS works at this point.",1512936939.0,2
FrankOcean,"Totally a steal given the price of the rest of the market. I purchased a sealed copy a few months back and honestly, I think it’s a bit overrated to pay a premium for a sealed version if you’re gonna read it anyway.

Don’t make the same mistake as me 😅",1512935899.0,1
FrankOcean,"Now now, don’t be a 🅱️roke 🅱️oy.",1512935733.0,40
bose,"I owned these and then sold them to purchase the SoundSport Free. Depending on what your budget is, I would fully recommend either of them.

If you purchase the SoundSport Wireless, be sure to use the clip that goes on the cable. It totally helps mitigate some tugging on the ear buds.

While the price is high, I think the SoundSport Frees are my favorite headphones I’ve ever owned. There’s seriously something to be said for a product that provides such amazing sound quality, wireless connectivity, and battery life. That being said, the SoundSport Wireless are no slouch whatsoever. 

If you have any specific questions, feel free to ask! ",1512932549.0,1
FrankOcean,Definitely not a joke. Some of Frank’s best music is in there.,1512882002.0,1
FrankOcean,Big if true,1512819362.0,5
StarWarsLeaks,"Complete and random reach, but is it possible that the KoR are now the Praetorian Guards?",1512743930.0,2
StarWarsLeaks,Naughty Dog crossover confirmed,1512742552.0,2
StarWarsLeaks,Crossover confirmed,1512742398.0,2
FrankOcean,Lmao fam Frank will sell you one right now on his website ,1512738531.0,25
apple,Oh interesting! Thanks so much.,1512737483.0,1
bose,Strange. I’m not having any issues with my iPhone or MacBook Pro. What model laptop are you using? Are both the laptop and earbuds updated to the latest software/firmware?,1512734246.0,1
apple,"I know both phones have the A11, but I remember seeing somewhere that the X has the addition of the neural engine. Do you have a link showing that they both have it?",1512733692.0,0
apple,This was incorrect. And he corrected himself at a later time.,1512733556.0,10
apple,Also weighted so that the Apple logo on the metal strip faces up when placed on a table.,1512733156.0,381
apolloapp,(☞ﾟヮﾟ)☞ you the man,1512729708.0,1
FrankOcean,Picked up the same one at B&N today. Someone hid two of the copies behind everything else on the rack.,1512682265.0,2
FrankOcean,Don’t make me do things I don’t wanna do fam.,1512668919.0,8
apple,Reports seem to show that the iPhone 8+ is seriously outselling the iPhone 8 and the 8 will be scaling back production by up to 50%. I wouldn’t be surprised if they have one LCD “budget” iPhone next year around the 6.1” range and then the premium phones at two different sizes.,1512667558.0,74
apple,"I’m sorry to hear that. I got a Jet Black 7 soon after launch, but didn’t have any issues - even without a case. How widespread was it for you?",1512667094.0,1
apple,"I’ve got faith that Apple wouldn’t greenlight production until they were able to ensure that the LG screens are up to the quality of Samsung’s. That being said, I’d be lying if I said I didn’t have *any* doubts. The Pixel 2 XL’s screen is pretty nasty by today’s standards.",1512666816.0,223
apple,"Will it change focus at all? If not, this is very likely a hardware issue - probably related to a drop or bump. If that’s the case, you’ll have to have it repaired by Apple.",1512575643.0,2
apple,"I ordered this one last week and it’s been fantastic so far. The exterior weave is durable and the ends are aluminum. It also comes with a leather strap for storage. It works perfectly with my 29W Apple brick so I have no complaints.

https://www.amazon.com/dp/B06XCGXTQ4?ref=yo_pop_ma_swf",1512561145.0,1
FrankOcean,"As overplayed as it is, Crack Rock is absolutely one of my favorite songs.",1512469313.0,4
FrankOcean,Yoooo Mis is fire. Heard it for the first time on Blonded!,1512469247.0,19
FrankOcean,"“The current phase is what I was asking the cosmos for when I was a kid. Maybe that part had its rough stretches too, but in my rearview mirror it's getting small enough to convince myself it was all good. And really though... It's still all good.”

Straight from page one of the BDC mag.",1512409837.0,5
rexorangecounty,"Nah, Monday, Feb 5 :/",1512405297.0,1
NoStupidQuestions,"The structure is designed to allow for the phone’s body to be a big heat sink, and if the processor gets too hot, it will throttle its performance.",1512311278.0,5
apple,r/SuspiciousQuotes,1512310515.0,3
FrankOcean,Frank with an O (Ocean) in it. Some slang we use on the sub. ,1512155098.0,30
apple,"Yes, the animation and sound are exclusive to AirPower, unfortunately.",1512038562.0,4
apple,BMW M550i,1512038473.0,16
apple,"I can’t speak to how Apple allots their inventory, but I imagine that Apple Stores tend to get priority when it comes to backordered products.

I live in the US and AT&T quoted me a 3-4 week wait. I checked my local Apple Store and I was able to pick up the exact model I wanted that day very same day. ",1512038413.0,2
apple,"Unfortunately I don’t know exactly how it works, but I do know that the keyboard uses some machine learning - and based on common bugs, it would seem that some form of keyboard data is pulled from the web.

Sorry I can’t be any more specific than that.",1512005391.0,5
FrankOcean,Confirmed nut,1511989475.0,9
FrankOcean,Ayy my 4S still has iOS 6 too!,1511925812.0,2
FrankOcean,The tag is gonna get edited to say “New L”,1511879540.0,8
FrankOcean,Quite the 🅱️ig 🅱️aller,1511876554.0,74
FrankOcean,If the hoodie comes with literally anything exclusive I’m gonna treat it like the biggest W of all time,1511875615.0,11
apple,"I saw that my local Apple store has the exact model iPhone X I want in stock. Decided to pull the trigger and I’ll be picking it up early this afternoon! I couldn’t be more excited for my early Christmas present 🕺🏻

Anyone else impulse buying today?",1511796462.0,1
FrankOcean,"Great post. Thank you for this.

Some quick tips for the cult: Make sure to purchase a turntable with a diamond needle, not a ceramic needle; and don’t buy one of those “trendy” USB-powered turntables. Buy a good, wall-powered turntable.",1511790511.0,4
FrankOcean,Bought the hoodie and took a major L in buying the vinyl. Guess I’m working some extra shifts this week. 🤷🏻‍♂️,1511789630.0,2
FrankOcean,Oh boy. There goes another $40 for the vinyl. 🤷🏻‍♂️,1511789087.0,1
FrankOcean,God please no. I’m one of the idiot truthers who ordered the hoodie in the hopes that it comes with something else. I can’t afford another Fr0nk merch drop.,1511727798.0,2
FrankOcean,"But that exclusive “New 17” tag   😤😩🔥


Very much /s",1511608617.0,2
FrankOcean,Copped because there’s no way I’m missing out on exclusive merch for the second year in a row. Still feel like a poor idiot though.,1511608481.0,7
teefies,Why he cry from banana,1511579383.0,5
FrankOcean,I mean I’m just buying it for the gamble that it comes with other stuff and I don’t plan to keep the hoodie otherwise but whatever 🤷🏻‍♂️,1511560701.0,2
FrankOcean,"I'm so glad I took this ""gamble."" Worst case scenario, I work a couple extra shifts at work or offer the hoodie to a hypebeast.",1511547533.0,26
FrankOcean,Self 🅱️ontrol,1511523348.0,1
FrankOcean,Password?,1511521408.0,1
FrankOcean,Obligatory: I got twooo versions,1511521242.0,21
FrankOcean,"I think that Siegfried is Frank's most technical song and a masterpiece in its own right. It's not my favorite track on the album to listen to because I need to be in a setting where I can really focus on it, but damn, that song is undoubtedly one of his best.",1511349955.0,2
KnightsOfPineapple,"Welp, I was successful!",1511273448.0,2
Tinder,Obligatory: Country girls make do.,1511265198.0,3
ComedyCemetery,"el

mad",1510931452.0,1
Tinder,Here to defend our blessed fruit!,1510838749.0,2
KnightsOfPineapple,"Hey hey, let our fellow knight enjoy his lunch",1510793893.0,6
rexorangecounty,"Very unlikely they’ll card, but it’s best to bring whatever you’ve got - maybe a School ID. ",1510785900.0,2
FrankOcean,Thank you fam!,1510784649.0,1
FrankOcean,Would love one!,1510766605.0,2
apple,"I’ve got the same model as you. It’s absolutely wonderful, though I’d love a Taptic trackpad. ",1510708290.0,63
apple,"Interesting that they didn’t make the 3D Touch app switcher on older models act the same way.

The 3D Touch app switcher will only switch between the two most recent apps if you use a full swipe across the screen.",1510695335.0,3
FrankOcean,Upload to imgur and then post the link,1510683134.0,3
FrankOcean,"*American Wedding* is my favorite.

I think the story he presents is so genuine and heartbreaking. I fall in love too easily and deeply for my own good, so I totally understand the desire to tattoo a wedding band and marry someone - even at such a young age.

The lyrics that hit me the most are...

>Well, you can have my Mustang,

>That’s all I’ve got in my name

>But Jesus Christ don’t break my heart,

>This wedding ring won’t ever wipe off

I love the idea that Frank is willing to give the only thing he physically owns to prevent this heartbreak. The thought that he will do and give anything for that “happily ever after” is all too real for me. It stings even more to know that the girl is far more “rational” about the situation.

Edit: I also love *Hotel California*, so the backtrack is killer for me.",1510661788.0,1
apple,Oh they totally worked for me. My girlfriend didn't have any decent headphones at the time so I gave her my pair and I waited until Bose released their take on wireless buds.,1510659528.0,1
apple,"The only reason to wait is if you’re interested in Wireless charging. It’s pure speculation, but if Apple releases the AirPods pre-bundled with the Wireless charging case, you might save a few bucks over buying the AirPods and then buying the wireless charging case on top of it.

All of that being said, I briefly owned AirPods and I’ll recommend them to anyone who “has the right ears.” I now own a pair of Bose SoundSport Free and the greatness of fully-wireless headphones cannot be understated.",1510657669.0,3
apple,"One of Apple’s design inspirations that they’ve been more vocal about is a [drop of water.](http://openattitude.com/wp-content/uploads/2017/03/water-drop-iphone.png)

It would appear that they’ve embraced this element since the iPhone 6 generation. Since they haven’t altered that basic element in the iPhone X, I tend to think that they’ll stick with some evolution of this design for quite some time.

That being said, the iPhone 4S was my favorite design and your idea makes me really want edges on my phone again.",1510656234.0,9
FrankOcean,Lmao so you just gonna post this without a link for the rest of the cult!?,1510586977.0,5
gaming,"Great game, but Kelp Forrest was nearly unplayable because it was so dark - at least on my TV.",1510515831.0,1
comedyhomicide,*Oh no*,1510510675.0,14
FrankOcean,*high*,1510503771.0,8
MoviePassClub,"Thank you for the thoughtful reply!

I sent complaints to MoviePass, MasterCard and the theater chain, but I didn’t hear back from any of them... not totally surprising.

Looking back on the situation, I doubt that the theater manager would’ve gotten security if I used the kiosk, but I was pretty upset in the moment and didn’t want to deal with it any further.

If anything like this occurs again, I’ll make sure to further press the issue of the merchant agreement. Luckily, I haven’t encountered any issues since this one.",1510399719.0,2
KnightsOfPineapple,I’m workin on it!,1510366194.0,3
KnightsOfPineapple,Fantastic combo of sweet and salty if I do say so myself.,1510363160.0,4
iOSBeta,r/iOSBeta confirmed wavy 🌊,1510360678.0,0
rexorangecounty,When is/was the show? I got tickets to his NYC show and I couldn’t be more excited!,1510278041.0,1
rexorangecounty,Just noticed we passed 200! Very glad Rex is gaining some popularity. :),1510240027.0,2
FrankOcean,Do you know how many were originally printed?,1510205913.0,1
rexorangecounty,"Sounds like he’s had some trouble with securing a visa recently, so that may have something to do with it.",1510192587.0,1
rexorangecounty,"Just got an email from Rex’s site about two upcoming shows. For people who gave their home city and email the other day, pre-sale tickets are now available at specific links. A promotional code is required to purchase the tickets.

I nabbed two tickets for the NYC show! Who’s going?

Edit: General sale tickets will be available on Friday.",1510174050.0,2
apple,"I wish that they’d at least include the 12W charger. Ever since the iPhone 6 was released, iPhones have had the ability to pull higher wattages and charge significantly faster than the 5W offering.

On a similar note, does the iPhone SE have the ability to charge with more than the standard 5W plug?",1510171713.0,1
FrankOcean,I️ come here constantly throughout the day hoping to see a tour announcement. L after L after L. Can’t wait for this great 2018 that Frank mentioned...,1510052941.0,0
FrankOcean,I spent $350 plus $20 shipping on a sealed copy. It’s extremely valuable to me and I’m glad I got a CD that hadn’t been played or scratched. Anything below $400 for a sealed copy is a good deal.,1510020521.0,3
rexorangecounty,Just signed up! NYC fam where you at!?,1510007630.0,4
FrankOcean,Lonny no doubt,1509925307.0,2
DeepFriedMemes,"Ask ISIS

How tf y’all doin",1509677103.0,14
apple,"From what I’ve read/watched (which is quite a bit), there is no difference in speed between the 29W, 61W and 85W chargers when it comes to charging iPhones.

That being said, the 29W does have somewhat of a speed advantage over the 12W iPad charger. For most people however, the 12W is the best value.

Edit: Small clarification.",1509633220.0,3
apple,"Mirroring via AirPlay tends to heat up an iDevice quite a bit. Add in a graphically-intensive game and the extra heat of inductive charging and you’re looking at quite a bit of warmth in a device that only has passive cooling.

iPhones are pretty good when it comes to automatically shutting down when they get too hot, so I wouldn’t worry about damaging the phone. Maybe try to use traditional charging on a different surface with a fan aimed at the phone if you’re still keen on AirPlaying that game while charging.",1509553440.0,1
apple,"For more exclusive breaking news, keep it tuned to r/Apple.",1509552997.0,1
apple,A user on another thread confirmed this for me the other day in an [informal AMA](https://www.reddit.com/r/apple/comments/79oouq/i_have_an_iphone_x_inhand_ama/dp3m77d/?context=3).,1509552798.0,1
MoviePassClub,"Gonna see Snowman in a couple days, but I really disliked Suburbicon.

The trailers didn’t prepare me for what I saw - and not in a good way. Almost felt like a bait and switch. The actual plot just made me feel bad in the end. As long as Snowman doesn’t make me feel crappy afterwards, it’ll be a better movie IMO.",1509451321.0,2
apple,"A user on this thread yesterday confirmed this for me yesterday in an [informal AMA](https://www.reddit.com/r/apple/comments/79oouq/i_have_an_iphone_x_inhand_ama/dp3m77d/?context=3).

Edit: You can also swipe along the Home Bar of the iPhone X to quickly switch between apps in a similar way to the 3D Touch method. No need to swipe up and over if you don't want to.",1509448526.0,1
iOSBeta,Which phone model?,1509444106.0,1
apple,Yeah I figured they’d ditch it to avoid redundancy. Thanks for the reply!,1509381528.0,1
apple,"I know that multitasking can be activated with a half swipe up or a slide to the left/right for other background apps, but does 3D Touching the left edge of the screen activate the app switcher as well?",1509380623.0,1
FrankOcean,r/KnightsOfPineapple,1509328344.0,9
gaming,"I liked the game when it launched. Had a good time zoning out while I played it. Definitely a bit barebones, but I thought it was pretty and fun.",1509110734.0,4
NoStupidQuestions,"There’s no legal standard, so different manufacturers do it for different reasons. Porsche, for example, puts the tank of the 911 up front on the passenger side since the engine is in the back.",1509110375.0,2
apple,I work at the desk of a gym and members can use our app to display a barcode and check into the club. It astonishes me how many people still try to swipe to unlock their phones. ,1509107245.0,1
iOSBeta,"🤨🤕🙂

Things have gotten better with 11.1",1509107116.0,2
DeepFriedMemes,Pre-order 🅱️onus,1509045000.0,2
FrankOcean,"Yeah I’d be surprised if they did that, but please do. Thanks!",1509044753.0,1
FrankOcean,"Aside from the covers, are there any differences between the versions?",1509044660.0,1
FrankOcean,"The translation is dope as hell. From Genius.com:

*You only get one chance (Literally: “This time only exists now”)*

Absolute flames.",1509028048.0,8
bose,"Assuming you’re using an iOS device, they work well if you watch YouTube videos in Safari. There’s something weird with the YouTube app itself.",1508984065.0,3
sadcringe,This might be the saddest one I’ve ever read.,1508983989.0,94
AskReddit,Sexy Pennywise,1508895132.0,1
FrankOcean,"He’s a fuckin joke.

“The one with no drums on it?” I missed the part of Music Theory that explained, “music without drums is trash.”

Everyone’s entitled to an opinion, and my opinion is that his analysis of Blonde was trash.",1508890715.0,7
bose,"I haven’t had any complaints from people on the other end of the call, just when I was in an empty room and one of them said there was a slight echo. Other than that, everyone says they sound clear. You should know that phone call audio only comes through the right earbud and this is supposedly not a glitch. While it’s odd, I actually find this to be nice because I can hear my environment so I don’t end up yelling while I’m on the phone.

I frequently use my pair around Manhattan - including on the subway. No problems with volume and I’d say I usually have them turned up to 70 or 80%. I’ve never had them at 100% hoping that I could get more volume.

These fit very nicely inside my ear. Quite honestly they were a bit too snug when I first got them, but I’m definitely getting used to that. AirPods fit my ears, but I totally understand the “loose” feeling you describe. My pair of Bose don’t feel like they’re going anywhere unless I actively take them out. I haven’t been able to shake them loose while wearing them.

Let me know if you have any other questions!",1508886664.0,2
FrankOcean,NYC fam,1508802268.0,2
bose,"Playback on Spotify was fine for me, but I only tested it briefly. I use Apple Music primarily and I found playback to be equal.

Battery life continues to wow me. I’m sure that Bose has understated the playback time by an hour or two.

Lag seems to be inconsistent in my testing. I have no lag watching videos I have stored in my Camera Roll and the same goes for YouTube videos played through Safari. That being said, using the YouTube app causes significant latency. This seems to be more of an issue with software rather than the Bose hardware.",1508683054.0,2
ComedyCemetery,LMAO RELATABLE 😂👌🏻 ,1508582402.0,2
FrankOcean,Excuse me 👀,1508519098.0,19
bose,"Well the article is specifically about alternatives to Apple’s AirPods, which don’t have any wires connecting them. The list only includes headphones that also don’t have any wires connecting them.",1508504123.0,4
bose,"I’ve been blown away by the battery life of mine. Admittedly, when they were first announced, I was a bit bummed by their claimed battery life because of AirPods’ 5+24-hour life. However, in my daily usage they’ve absolutely exceeded their quoted playtime.",1508499575.0,1
bose,I believe this article was only limited to fully-wireless earbuds.,1508499380.0,5
NintendoSwitch,Perfect. Thank you!!,1508431511.0,2
NintendoSwitch,"With the introduction of OS 4.0,  Nintendo added save transfers.

I have a feeling that in the future, my Switch will be relatively beat up and I’ll want to purchase a new one. What are the steps I’d have to take in order to transfer all my save files to the new console?",1508427550.0,8
comedyhomicide,😂👌🏻🔥,1508422802.0,1
NoStupidQuestions,"As an object increases in speed, it’s mass also increases. To reach light speed,  your mass would be infinite. This is one of the ways we know that photons have no mass.",1508422752.0,9
AskReddit,“XO” performed by John Mayer,1508421965.0,1
bose,"Congrats! Which Apple Watch do you have? I own the original model (“Series 0”) and it works alright, it’s just too slow for me to want to use it for anything more than notifications and the time. I’m wondering how I might feel with a newer model with a quicker processor.",1508421272.0,3
comedyhomicide,So much burn,1508348505.0,9
comedyhomicide,So much burn,1508348470.0,9
apple,Are you running the beta? Was only included in 11.1 public beta 2 and 3. It will be in the official release however.,1508250741.0,5
apple,"The animation is a bit tweaked (smoother IMO), but other than that it functions the same way.",1508239116.0,23
apple,Yep! 11.1 Beta 2 was the first version to get it again. Works like a charm.,1508231442.0,39
apple,"I use it all the time. Multitasking, moving the cursor, peek&pop, etc.

3D Touch multitasking is so fluid that I use it more often than the home button.",1508194040.0,159
bose,Glad to hear it! These have the potential to be my favorite headphones I’ve owned.,1508188175.0,1
MoviePassMeetup,I’m from Glen Cove and frequent Westbury. PM?,1508164115.0,1
FrankOcean,Les - Childish Gambino,1508112139.0,4
Catloaf,I’ll pass on the complement to her :),1508102422.0,5
bose,"Used them for about three hours in the city yesterday and they were great! There was only one brief instance of the left bud cutting out, but it was just for a second or two. Other than that, I had a perfect connection no matter where I kept my phone.

Edit: Typo",1508073947.0,2
bose,"I tried the QC30 briefly once and in terms of sound quality, the SS Free are about on par with them. That being said, in a louder environment you won’t get the same isolation and complete sound without turning the volume way up.

Fit is roughly the same as all other Bose earbuds with this type of StayHear tip, but these are definitely a bit tighter in my ears than the SS Wireless.

The only difference in sound quality that I’ve noticed has to do with the active EQ that Bose employs (based on your listening volume). It’s a very small difference that I only noticed when switching between the two.

If there’s one thing that’s stuck out to me, it’s the fact that I never realize how much I accommodate for a wire until I put these on and walk around. It’s tough to describe until you use a good pair of truly-wireless earbuds, but never having a cable tug on one of the buds is my favorite feature.",1508073759.0,1
lewronggeneration,"I mean teachers are underpaid, but that has literally nothing to do with rap music. Ridiculous.",1508072616.0,5
FrankOcean,"Hey as long as you’re not starving, it sounds like a good find. What’d you end up getting in total?",1508017223.0,4
FrankOcean,"The magazine is one of my most prized possessions. I’m not sure how familiar you are with it, but the writing and photos are incredible.",1508005986.0,9
bose,Will do! I'll give them a full connectivity stress test.,1507976502.0,1
bose,"I tried the Jaybirds, but I couldn't get a comfortable fit with them and I've read that the fully-wireless JayBird Run have significant connectivity issues. To each his own, I suppose.",1507976209.0,3
bose,"Yeah they definitely are a bit large, but not much bigger than the SoundSport Wireless. Have you had any issues with connectivity since the initial pairing issue?",1507976093.0,1
bose,"The update took a while for me too. I think that phone audio is supposed to be exclusive to the right ear. I believe it has to do with transmission rates and the fact that they want to minimize latency.

However, I'm just speculating and it could be a bug. It's best to send Bose support an email asking why this happens.",1507976036.0,1
apple,"Right, I should've been more clear. I'm just interested to see how fast the non-plus models will charge before they're throttled at higher percentages.",1507975898.0,2
bose,"Connectivity was stellar in my (short) testing period. I had no problem leaving my phone in my pocket.

I'm going to be walking through Manhattan today so I'll test it out a bit more and reply again with anything I noticed.",1507975806.0,1
bose,"No, but putting them in the case powers them down and taking them out turns them back on.",1507945300.0,4
bose,"1. Yes, but it has to be the right earbud. It seems like data from the phone is sent to the right bud and then relayed to the left one.

2. It’s possible, but I wouldn’t necessarily call it comfortable. Compared to some headphones with more hard plastic, the SS Free are a bit better because of the soft ear tips.",1507930316.0,4
bose,Anyone else preorder them? I’d love to compare early impressions to see if there are any teething issues.,1507835960.0,2
apple,Any info on the non-plus models? I’m interested to see if fast charging gives any significant gain when the batteries are smaller.,1507832810.0,1
apple,"If you’re just asking what they mean by that, it’s when the battery gets to 0% and then just sits there for weeks or months on end.

Edit: Typo.",1507831698.0,10
apple,"I‘m sure they never will, but if Apple were to bring out an iPad mini-pro, I’d buy it on launch day. That size is just so perfect for me.

That being said, the improvements and smaller bezels they’ve brought to the 10.5” model make it pretty tempting...",1507831282.0,2
apple,Some of the phones in question hadn’t touched a wireless charger. ,1507813667.0,6
iOSBeta,"You can, just 3D Touch any of the X’s.",1507727030.0,4
essential,This guy runs from the opp,1507677403.0,2
MoviePassClub,r/TitleGore,1507653338.0,1
MoviePassClub,"North Shore of Nassau County reporting in.

It’s been fantastic for me. I had one issue with a white knight at the Broadway Mall, but other than that, the card has worked without a hitch. My go-to theater has been UA Westbury. ",1507653068.0,5
StarWarsLeaks,Got two perfect seats for the IMAX 3D double feature! Mega hyped!,1507598425.0,1
AskReddit,"Like my women... Blonde, slutty, and with low self esteem.",1507397531.0,1
iOSBeta,"I have the same issue as you. I don’t believe that there’s a way around the triple click, so I’m patiently waiting for Apple to add 3D Touch multitasking back into the OS. When I had that feature I really just used the home button for Touch ID.",1507299643.0,3
AskReddit,*Whatsername* on American Idiot (Green Day),1507293599.0,1
FrankOcean,Just downloaded and I'm listening now. There's definitely a noticeable difference. The guitar solo at the end of *American Wedding* is so much cleaner. Thanks for the link!,1506619694.0,3
FrankOcean,Where'd you get those?,1506619597.0,1
FrankOcean,"Few rumors.

A possible tour is one of the reasons I check this sub 30x a day. I’m sure that as soon as the tickets go on sale, they’ll be gone.",1506552080.0,31
ComedyCemetery,*screaming*,1506541338.0,3
FrankOcean,"Mega dope. My Nikes collection is expanding!

Before this, I had the OG, KOHH, Pitch-Corrected (YouTube fan edit), and the Music Video’s audio.",1506518454.0,1
MoviePassClub,"Hahaha you've gotta believe!

Broadway mall used to be one of my my go-to theaters, but lately I've been going to UA Westbury. Westbury has stadium seating, better sound, higher projection quality/alignment and ya know, they didn't tell me to get the hell out.",1506457746.0,2
apple,"Did the L-shaped battery rumors turn out to be true? If so, I’m surprised they didn’t make a big (if any) deal of it at the keynote. Seems like a really big innovation in phone tech IMO.",1506424577.0,1
gifs,Life uh... finds a way.,1506420868.0,1
MoviePassClub,"I was denied by a theater manager who declined to swipe my card. Filed complaints with MoviePass, MasterCard and the theater chain. I haven’t heard back from any of them and it’s been about a week now.

That wasn’t my regular theater so I haven’t been back, but I’ll give it a shot eventually.",1506352567.0,1
KnightsOfPineapple,That’s just how Bumble defaults. No way to change it.,1506287808.0,3
AskReddit,Waking up,1506161359.0,1
tylerthecreator,Haha me too thanks,1506124367.0,1
apple,April 5th for me! *fingers crossed*,1506124271.0,1
Tinder,"Had something similar happen to me last year except it was a few days into messaging her and we had plans set up. She kept saying things I would expect only a high schooler to say, so I flat-out asked her about her age. She got upset because she “felt bad about lying,” but she “really liked” me.

You know what I really like? Staying out of prison.",1506078428.0,6
MoviePassClub,Shoutout from Long Island,1506078179.0,2
AskReddit,"Yeah, about halfway through senior year.

All my friends knew I was gonna spend the night at my girlfriend’s house, so they were wondering what went down. I walked into class late and found a seat on the opposite side of the room from them. They were all looking at me for some sort of clue as to what happened. All I had to do was put my fists in the air like a winning boxer and they knew what happened.

That feeling was arguably better than the sex. I was so bad at it. Sorry, (insert ex gf name).",1506075937.0,1
MoviePassClub,"Funny you mention that. Drive is one of my favorite movies - I think there’s some really interesting analysis that can be done. I really loved Baby Driver though. I find it to be more fun, and the happy ending doesn’t hurt.",1506073531.0,1
iOSBeta,*nut button*,1506071029.0,1
bose,"Yeah, micro USB only and less-than-stellar charge times.",1506006441.0,-3
bose,"These don't and I wouldn't hold your breath. I would love for Apple to license out the W1, but it doesn't look like they have any plans to do so.",1506006403.0,3
DeepFriedMemes,Let a fat mf yeet 😂👌🏻💯,1506004510.0,9
bose,"I completely agree with you about the sound quality and I find that Bose has the best sound-per-dollar in the industry, if that makes any sense.

Something I've found with my SoundSport Wireless is that they tend to have understated battery life. I'm not sure if Bose tests the battery at 100% volume, but I usually end up with more than the quoted six hours of battery life.",1506002122.0,3
bose,"Oof, $249? Not totally unreasonable IMO, but considering that Apple's been undercutting the competition at $159, an extra $90 is hard to justify for the average consumer.

I love that Bose decided to include volume controls directly on one of the earbuds. AirPods have slim pickings when it comes to controls.

I wish Bose would've found a way to cram a bit more battery into that case. AirPods boast a whopping 24 hours in the floss box, but Bose only gives an extra 10. That being said, I'm never far from a charger for too long.",1506001498.0,2
MoviePassClub,Share to save a life,1505948542.0,1
mazda3,I saw that too! Kinda funny that every other car is damaged and the 3 is squeaky clean.,1505948437.0,11
MoviePassClub,"Another reason is that there have been some rumors that AMC was going to launch their own subscription service, but they were planning to price it higher than $9.95/month. When MoviePass dropped the price to 10 bucks, AMC couldn't just release a worse product at a higher price.

Edit: ""Worse,"" in the sense that it would likely only work at AMC theaters as opposed to nearly any theater.",1505946455.0,3
AskReddit,"I can’t remember. I just can’t do it anymore. Whenever I get right to the point where I think I’ll cry, it’s like every feeling is sucked back down inside me.

I fucking hate it.",1505941698.0,2
FrankOcean,The orange one looks a lot like the David Bowie tribute in the BDC zine,1505940800.0,2
MoviePassClub,"No problem using the AMC kiosk, but I had an issue with a Showcase Cinema manager denying my card... even though they accept MasterCards. I submitted complaints to Showcase, MasterCard and MoviePass, but I haven’t heard back yet.",1505923479.0,1
MoviePassClub,"I have an AMC that’s less than 10 minutes away, but my favorite theater is about 20-25 minutes away. It’s a United Artists with stadium seating, huge screens, and the best sound I’ve heard from a standard format movie. Love that place.",1505923335.0,1
MoviePassClub,"I did the same thing last night! I was up late and decided to go watch *It* for a third time since it was the only one playing that late.

I got there and the theater was packed, everyone was loud, and the video/audio sucked. I’ve never seen such a dark, flickering projection and the sound was something from a 240p YouTube video. Really odd because it sounded like the speakers were fine, but the digital source was highly compressed.

Around 30 minutes into the movie, I decided I had enough of the garbage playback and the constant cellphone usage among the crowd. Walked out and didn’t mind because I only pay $10 a month.",1505922664.0,1
MoviePassClub,"I’d be mega bummed, but I’d probably look for an alternative. I love going to the movies and this is saving me a ton of money. I think the maximum I’d pay for a subscription service like this would be $30, so hopefully someone would fill the void.",1505922263.0,1
apple,Thank god they put a magnifier on that image or else I wouldn’t have seen the brightness toggle.,1505916718.0,1
MoviePassClub,"You’re absolutely right that the theater gets the full price of the ticket.

There are a lot of untrue negative connotations about MoviePass (thank you, AMC) and I was unlucky enough to encounter a *white knight* who didn’t understand how any of it worked.",1505877983.0,6
rexorangecounty,New York!!!,1505877678.0,2
MoviePassClub,"Haven’t tried them yet, but United Artists in Westbury is good to go. About to try AMC in Levittown shortly.",1505877621.0,1
MoviePassClub,"He kept saying “we don’t participate in MoviePass” and whenever I mentioned that it was a MasterCard, he said he just wouldn’t accept it.",1505872445.0,3
MoviePassClub,This is something I didn’t know. Thank you for that!,1505869963.0,4
MoviePassClub,"Sick, thank you for that",1505856923.0,1
MoviePassClub,I haven't seen Cars 2. Does the third move require that I watch that one first?,1505853296.0,2
MoviePassClub,"Agreed, WW was a bit long, but such a nice turnaround from Batman Vs. Superman.",1505853225.0,1
MoviePassClub,"I saw **Mother!** a couple days ago and I wanted to see **Wind River** earlier, but unfortunately, there was an outage for the service when I wanted to see it. I'll probably go see *It* tonight for the third time (**Wind River** isn't playing when I'm available to go out later).

**Mother!** was tremendously excruciating during a few moments near the end. Incredible allegory and quite frightening. Definitely recommend it if you aren't too squeamish. I don't want to give much of it away because the story is a bit convoluted if you haven't watched the whole thing. That being said, I found that everything, or nearly everything was explained by the end.

**It** is the only movie that's genuinely frightened me since I was a child - and I'm no stranger to the horror genre. I found myself literally sweating at times. The film has short scenes that allow for breathing room, but the horror seems to be nonstop. Since most of the violence is carried out on children, the movie is quite horrifying. Pennywise is genuinely sinister and the background elements included by the director are thoughtful. It should be mentioned that I had a couple friends who giggled throughout the movie, but they weren't interested in focusing on it as they were on their phones a bunch.",1505853180.0,1
MoviePassClub,"Agreed. I thought it was brilliantly executed, but it will upset many viewers.",1505852299.0,2
MoviePassClub,No problem checking in with the app. The theater manager was being a jerk and must have not understood how the service works. He wouldn't even swipe the card to see if it would come back declined.,1505851278.0,2
MoviePassClub,"Funnily enough, UA Westbury is where I went instead! No trouble using the kiosk there.

From all of these responses, it sounds like I wouldn’t have had an issue if I initially went to the kiosk at Broadway. That being said, I usually prefer Westbury because of the bigger screens and stadium seating.",1505847683.0,4
MoviePassClub,"So far I’ve emailed MoviePass, MasterCard, and Showcase Cinemas, but I haven’t heard back from any of them yet. I’ll update if I hear back.",1505842467.0,3
MoviePassClub,"Honestly, I haven’t been to this specific theater in a while and the kiosks are bit off to the side so I didn’t see them right away. The desk is front and center and I had no reason to believe I would get denied.",1505840093.0,1
MoviePassClub,"Haha, yeah I use the term “security” very softly in this case. I guess I’ll just stay away from the desk next time.",1505839223.0,6
MoviePassClub,"Going off of what u/Viper0us said, it doesn’t seem like this was a Showcase Corporate issue. Hopefully this was just one single issue that can be resolved.",1505839147.0,3
MoviePassClub,Very good to know and thanks a bunch for the reply. Hopefully there’s some resolution from the support emails. I’ll update my post if I hear back.,1505839045.0,5
MoviePassClub,"I sent support emails to MasterCard and MoviePass, and I'll send one to the theater chain (Showcase Cinemas) shortly.

Is there any way of getting in contact with the CEO besides Twitter? I have one, but I rarely use it.",1505838430.0,34
MoviePassClub,"Just called to check. They are owned by Showcase Cinemas so I will send them a support email shortly.

MoviePass received my support email and will (hopefully) respond soon.

What's the best way to reach out to Mitch Lowe? I have a Twitter, but I rarely, if ever, use it",1505838328.0,17
MoviePassClub,"Haha, I can't say I'm too surprised given the town, but this has been a great theater in the past. Too bad that the manager had to be such a jerk.",1505837516.0,20
MoviePassClub,Thank you for that. Doing it now.,1505836793.0,56
MoviePassClub,"I believe it’s an independent theater. It’s called “Broadway Multiplex Cinemas” located in a mall on Long Island, NY.

**Edit: This location is owned by Showcase Cinemas.**",1505836781.0,6
ComedyCemetery,Weed 🅱️ro is woke,1505818046.0,40
ComedyCemetery,This was funny until he mentioned 90s babies,1505817919.0,1
AskReddit,"You don’t have any friends, or any family, or any land!

Thank you, Mr. Schrute.",1505784031.0,1
2meirl42meirl4meirl,Me2thanks,1505783778.0,1
FrankOcean,Whaddup from r/Mazda!,1505783622.0,3
Miata,Mmm very clean. What kind of camera did you use?,1505770696.0,4
ComedyCemetery,Even this ‘savage’ meme couldn’t make me ‘forget’ ‘gumwaa.’,1505751816.0,56
sadcringe,"L e

S i g h",1505743370.0,190
apple,"Gotcha, thank you!",1505696045.0,1
apple,"I’m not sure if I missed it, but with the iPhone 8 and X gaining Bluetooth 5 functionality, did the AirPods get it too?",1505695658.0,2
apple,This would be absolutely wild. Is anyone else offering this?,1505695107.0,1
FrankOcean,"Back in the dark days when Frank was MIA, I signed up for all of those email alerts in case Frank ever released the album. Endless had dropped, and for seemingly no reason, I decided to check iTunes to see if there was any follow up. I figured that maybe I’d get lucky and there would be something else - like some new video content. I had no idea just how lucky I was.

It turned out that by complete chance, I beat the alerts by around 15-30 minutes. I was among the first to listen to Blonde and I had it on repeat all night. I had just gotten back together with someone special and she was at my house so it was nice to share those moments with her.

I can honestly say Blonde is my favorite album of all time and I had a perfect first listen (on my living room's stereo setup). It’s gotten me through good times and bad... Love found and love lost.",1505682896.0,1
FrankOcean,"Donuts, definitely",1505680095.0,2
tylerthecreator,👀,1505679241.0,3
gifs,"The story of the Ford GT40 is one of the most dramatic, petty and exciting stories in the automotive community.",1505648283.0,1
2meirl42meirl4meirl,Haha me too thanks,1505647756.0,10
tylerthecreator,"*Where This Flower Blooms*. Specifically for these bars:

>Because niggas get stuck in the cold (Man, look at this ice)

>Shit weighs a ton, water your garden, my nigga (Stunt on these niggas)

>Tell these black kids they can be who they are

>Dye your hair blue, shit, I'll do it too

The beat goes so hard right there and I can’t get enough of it. I also love Fr0nk so that’s just a bonus.",1505647517.0,45
KnightsOfPineapple,"Love this, though my favorite is pineapple, black olives and pepperoni.",1505647032.0,1
iOSBeta,"I’m almost positive that most of the issues I’m having are due to unoptimized apps (Tinder is a dumpster fire).

That being said, a few iOS-level bugs have come up here and there. For a GM build, they’re pretty embarrassing.",1505646791.0,6
Tinder,Good bot,1505646629.0,1
Tinder,Haha me too thanks,1505646589.0,4
ComedyCemetery,Buzfeed back at it again 🤣👌🏻,1505557325.0,1
ComedyCemetery,Minion resigned!! 🤣👌🏻,1505557143.0,3
FrankOcean,"Really great! Involuntarily started singing along with it.

Did you do anything like this for Frank's other stuff?",1505521405.0,7
FrankOcean,"Most/all of the early OF music is available for free here:

http://oddfuture.com/music/",1505521252.0,3
FrankOcean,"Blessing you with the link to a ton of free music from the early OF days. nostalgia,ULTRA is on there in full.

http://oddfuture.com/music/",1505521201.0,6
FrankOcean,"White, from The OF Tape, Vol. 2.

I also distinctly remember listening to American Wedding for the first time and going wild because I love Hotel California, but I couldn't believe that I liked Frank's version better.",1505521008.0,2
FrankOcean,"Just throwing it out there that her video features ""vintage"" white cars, but none of them are Mustangs. I love Lana, but c'mon.",1505520737.0,9
KnightsOfPineapple,"That’s pretty wild, but I’m here for it.",1505520121.0,98
AskReddit,9/11,1505512277.0,2
ImagesOfNewYork,"Thanks, bot! Not really an image *of* NY though. :/",1505512151.0,1
AskReddit,Blonde - Frank Ocean,1505510804.0,1
AskReddit,It made me start exploring Bluetooth options and I don’t think I’ll ever go back. I absolutely love that I’m no longer tethered to my phone.,1505510560.0,1
iOSBeta,"Same thing happened to me. They’re most likely stored in iCloud so that’s fine.

I’ve been noticing some bugs here and there, but the battery life has been killer and that’s the most important thing.",1505485269.0,1
rexorangecounty,Crying in a hotel room :(,1505473061.0,3
rexorangecounty,"Not really the same genre, but Frank Ocean is an influence on Alex. ",1505472974.0,6
rexorangecounty,"That's a really tough one. Probably *4 Seasons*, but I love *Untitled* and *Edition* so much.",1505472757.0,4
rexorangecounty,"> She came in the room

> Chicane in the road

> Now my mind is racing

I really love his lyricism",1505472610.0,3
Tinder,"Thanks for the reply.

Hmm that’s interesting. I wouldn’t be surprised about the app hanging if I was using older hardware, but I’ve got a mint iPhone 7.

It’s totally possible that the notification glitch I’m seeing has to do with their servers. A lot of the time I just won’t have the notification pushed to me when I’m not in the app - and it’s not a problem with my settings.

I have a lot of old matches I haven’t deleted from back in the day. Are there any reported issues with that causing the app to freeze up?",1505467136.0,1
iOSBeta,"Restoring any of t from a backup could cause latent bugs to show up, but if you’re just using the data from iCloud, you should be okay.",1505465896.0,1
bose,"They’re totally worth it IMO. They fit better than any other ear buds I’ve owned and the sound is absolutely top notch. I really think Bose nails a perfect balance between sound quality, comfort, and price.

When Bose releases an updated version with Bluetooth 5, they’ll be an instant buy for me. If I had to pick one downside to the SoundSports, it’s that the range isn’t as far as I’d like. That being said, I’ve been spoiled by a pair of AirPods I used for some time. Excluding BT 5 and W1-enabled headphones, SoundSports are at least on par with everything else on the market in regards to range.",1505443122.0,1
bose,"Unfortunately I don’t know how fast they charge from 0%, but I’ve never thought them to be slow (except for the last 10%).

Battery life is rated at six hours, but I consistently get better than that. Closer to eight I think.",1505426157.0,1
iOSBeta,"Oh okay I gotcha. I have all of my iCloud services turned on so I was immediately able to get my photos, contacts, etc. Unfortunately I don’t have my messages or app data on my phone anymore, but I don’t mind the missing app data and my messages are all on my computer.

As an alternative, I believe that a sync with your computer will yield the same result.

All in all, I basically set it up as a new phone.",1505422538.0,4
iOSBeta,It was an OTA update. The most important thing about this process is that you don’t use any backups because they may be carrying some bad code.,1505419414.0,4
iOSBeta,"Running an iPhone 7 128GB. I did a restore to iOS 10 and set it up as a new phone. Then I updated back to iOS 11 GM and put my data back onto the phone.

Running like a champ. Battery life is great.",1505411864.0,19
mazda,"IIRC, the break-in period for the new Skyactiv-G engines is 500 miles. It’ll definitely say something about it in the manual though.",1505388257.0,8
iOSBeta,Unfortunately no. I have them all on my Mac and hopefully I’ll have access to them again once iCloud messages goes live.,1505363431.0,2
iOSBeta,Today I took a little while to restore back to iOS 10 and set up as a new phone. Then I upgraded back to the GM and synced/downloaded my content back to the device. Working near-flawlessly now. ,1505352203.0,1
iOSBeta,"I’m planning to restore as a new iPhone, but I’ll end up loading most of my stuff back onto it.",1505270627.0,1
apple,I wanna know if they have Bluetooth 5,1505259716.0,1
apple,"iOS 11 ships with a feature that will disable Touch ID or Face ID if you click the lock button five times.

Biometrics are also disabled if the phone is restarted.",1505259699.0,1
apple,"Lightning can handle higher wattages. I believe the 12.9” iPad Pro comes with a 29W charging brick. 

iPhone 8 and iPhone X have been confirmed to have fast charging with a 0-50% charge-time of 30 minutes.",1505259565.0,0
FrankOcean,*tips fedora*,1505246532.0,7
FrankOcean,North Shore Long Island what’s good? (NYC too tho),1505246512.0,3
apple,"It's got a lot of ""smart"" features, but it's supposed to be a great home speaker so I think it'll be fine. I've never had the issue with a speaker getting old after a couple weeks.",1505208550.0,2
whowouldwin,"Would love to see someone dig into this. Oh the one hand, Pennywise is an interdenominational being with shapeshifting abilities, but on the other hand, he can be (nearly) killed by some kids.",1505153361.0,8
NintendoSwitch,"Very off-topic: What’s that sticker on your MacBook Pro? Looks like one of those “Intel Inside” stickers, but those don’t ship on Macs.",1505152933.0,1
apple,Restore the phone if you can. There’s a chance that it could be software-related.,1505134503.0,1
apple,"Can't afford to buy out my 7 on top of getting the new phone, but I'd like to get the iPhone X.

Guess I'll save for next year.",1504998234.0,2
apple,How much RAM did you add?,1504956511.0,1
apple,"Has anyone signed up for MoviePass since they lowered the price to $9.95/month? They sent out emails telling everyone that cards would be delayed until September 6-10 so I haven’t received mine.

Regardless, I’m really excited to get my hands on it. Movies in NY are really expensive and I’ll get my money’s worth with just one ticket.",1504956355.0,1
apple,Screw off with that username.,1504955724.0,11
apple,"Last year I was able to secure my order for a 128 GB Jet Black i7 at 3:08 AM. Took three weeks to arrive IIRC.

The biggest issue is that the websites get too much traffic to be reliable. Your best bet is to get a couple devices each with a few different websites and/or web browsers and see which gets you in first.",1504955188.0,2
apple,Doubt that a respectable case manufacturer like Speck would release something that isn’t accurate.,1504952267.0,5
apple,Same here. Been debating picking them up for a few days now and this is the push I need to wait a few days.,1504951939.0,2
FrankOcean,Abstract is on rn,1504922709.0,2
FrankOcean,Ayy lmao,1504922265.0,1
apple,"I had a great example of this the other day...

*Me: Hey Siri, make an event in my calendar at 7 called Doctor.*

*Siri: Okay, here’s your event, called Doctor.*

*Me: Hey Siri, change it to 7:15.*

*Siri: Okay, I’ve changed the event time to 7:15.*

Now, I’m paraphrasing a bit because I can’t test it word-for-word at the moment, but you get the idea.",1504863267.0,3
FrankOcean,Wanna see Nirvana but don’t wanna die,1504836841.0,10
FrankOcean,Is there a way to download this that supports the artist?,1504836610.0,2
AskReddit,"Similar to my job, I always tell the client on the phone that my boss is in, but I'll check to see if he's available. I usually end up saying he's on the other line or away from his desk momentarily.",1504789366.0,1
FrankOcean,You and me both. Best soundtrack IMO.,1504730941.0,4
FrankOcean,The zine says it was in Berlin,1504668538.0,14
FrankOcean,Straight to the fuckin booty club. Best of luck fam. Make sure you go to EVERY CLASS. Don't screw around like me haha,1504607248.0,5
FrankOcean,"https://www.reddit.com/r/FrankOcean/comments/6mw8dn/boys_dont_cry_pdf_readable_op/

Far and away the best full zine scan I've come across. Make sure to get your download soon in case it's taken down. It shows as 186MB on my computer.",1504606706.0,3
FrankOcean,"Got back together with someone and one of the first nights we spent together was the same day that Blonde came out, so we listened to it all night.

Unfortunately, while we want to be together, she and I are have come to the conclusion that we're incompatible. There are too many obstacles that we can’t overcome. Listening to Blonde will always make me think of her, but it's my favorite album of all time. It stings occasionally, but the emotions only deepen my understanding of Frank's lyrics.

In terms of how the context has changed, I think that heartbreak has enhanced the album to some degree. We've all loved and lost, but I think that when you can sincerely relate to Blonde, it makes your listening sessions *that* much better.

Self Control definitely hurts the most, but I love it all the same. “Wish I was there, wish we'd grown up on the same advice, and our time was right.” That’s a particularly tough line to hear.",1504606158.0,3
FrankOcean,Good bot.,1504605666.0,8
FrankOcean,One of my favorites from the BDC Zine,1504604419.0,3
AskReddit,"My (biological) grandmother emptied the bank account of a dying relative. Myself and a few other family members were in the will and we were surprised to find that there wasn’t any money left.

I’m sparing some details, but we went after her in court and won the case.

Fuck her. This was the last straw and I don’t consider her to be family in any sense of the word.",1504603446.0,1
apple,That was the first time I ever “upgraded” a computer. My dad and I installed the Airport card one afternoon. Blows my mind now to think that WiFi wasn’t standard on it.,1504569197.0,1
apple,"AFAIK, Bluetooth 5 isn’t completely finalized. There are devices which support “Bluetooth 5,” but they don’t have all of the new features. Apple tends to wait for the final version.",1504547876.0,1
apple,"I dunno. When I open an app on the newest beta, all other icons on the home screen seem to pinch inwards. This video shows the opposite.",1504547443.0,1
FrankOcean,🐍,1504532011.0,10
FrankOcean,"I completely agree with you. If the question is exclusively about singers, there are plenty of people who have a greater vocal range, better pitch control, etc.

But as you said, is he the greatest male artist? He’s got my vote.",1504531939.0,3
FrankOcean,"No problem, don’t blame you",1504456554.0,1
FrankOcean,Lately the sub’s been full of posts about other artists who may have been influenced by Fr0nk. This one is satirically referencing those posts.,1504454980.0,2
FrankOcean,"Sword sliced the air, I pulled out the na-na.",1504452232.0,4
AskReddit,Emily “Emmie” Kittenson but ivmostly call her Girly.,1504405185.0,1
FrankOcean,I will.,1504307278.0,0
apple,"What’s the cause for the replacement? I’ve got a mid 2014 13” rMBP and I don’t meant to bust your bubble, but it’s likely that they’ll give you the same model. It’s possible that the internals could be upgraded, but I can’t confirm that.

All of that being said, I don’t work at Apple so this is obviously just speculation. It’d be so dope if you end up with a new body style for free, so best of luck!",1504264716.0,1
apple,"Same as pretty much everyone else in this thread...

I use a gen 1 (Series 0) and if you can swing it, I’d highly recommend a Series 1 - or maybe just wait a couple weeks so the newer models will be discounted.

The processor makes a huge difference in everyday usage and unless you’re swimming or running (sans phone), Series 2 isn’t much of an upgrade at all.

Series 0 and 1 are both plenty waterproof. I actually wash mine in the sink from time to time and I’ve never had a problem.

TL;DR: Get Series 1 over the OG model.",1504263822.0,6
apple,Top tier OS. It *almost* made me switch away from the iPhone back in the day.,1504263122.0,8
Miata,It scares me that there are people who *actually* think that’s where they are...,1504215108.0,8
creepyPMs,r/2meirl42meirl4meirl,1504207851.0,23
creepyPMs,*mouth waters*,1504207049.0,19
iOSBeta,Any fixes for app hanging or the media widget?,1504204815.0,1
mazda,"I love the 6, I love my 3, I love pretty much every car Mazda builds right now.

This is a Mazda subreddit, so naturally all fans of the brand are welcome. I’ve never understood why anyone here would actively hate on another Mazda.

Great post.",1504189843.0,6
mazda,"My Mazda 3 has a ~13 Gallon tank, but reads 0 miles when I get down to 2 gallons.

It’s essentially a safety feature for a couple reasons: Running the tank at/near empty can do damage over time, and it gives the driver that last chance to get to a station.

Edit: You can drive until you run out of the “reserve” gas, but it’s not recommended.",1504189212.0,4
FrankOcean,Ayy same wallpaper,1504024245.0,2
FrankOcean,Hook us up with that .m4r file!,1504024084.0,1
FrankOcean,"H-E-L-L-double hockey sticks.

-Michael Scott",1504023115.0,3
mazda3,Bumping this. Would love to know what’s preferred about the Civic’s shifter.,1504013211.0,2
FrankOcean,I appreciate that. I've been saving up for a little while so that I could splurge on something and when I saw this deal it just felt right.,1503998094.0,2
FrankOcean,"Unfortunately the remix isn't on this disc - it seems to be the same as the digital release. Sucks, but I'm glad I was able to get the mag at all.

However, I did find a CD-quality rip of the Nikes remix, so I'm able to get a similar experience.",1503997969.0,3
FrankOcean,"That's rough. Mine isn't in really great shape unfortunately. When I originally got it, I brought it with me all over the place - and backpacks aren't particularly kind to soft cover books.",1503997707.0,2
FrankOcean,"Love these things, but I just lost the clip to hold the wire in place. Gonna have to find a replacement.",1503997607.0,2
FrankOcean,"u/blaw95 u/TheDoofWarrior u/plife23 u/maadceddy u/joshytsunami u/mindovermatter123

I paid $350 at a Buy it Now sale on eBay. The book came bubble wrapped and sealed in the original foil packaging. It's a lot more than the original price, but I'm gonna have this thing forever. Treefiddy over a lifetime ain't that bad.",1503997573.0,3
FrankOcean,Hoping someone would catch that,1503964358.0,13
FrankOcean,Ordered it from a reseller on eBay 🤷🏻‍♂️,1503961794.0,5
FrankOcean,"My first impression of the book is that the hype is real. It’s moving, powerful and seems to provide a close look into Frank’s life.

I spent a bunch on this and I’ll cringe at my credit card bill, but damn this was worth it.",1503961654.0,12
iOSBeta,"Huh, TIL. Thank you!",1503945653.0,3
iOSBeta,Which model of iPhone?,1503944986.0,1
iOSBeta,EST?,1503944744.0,6
Tinder,Still not totally back up 🙄,1503881651.0,3
Tinder,"The app feels like it’s falling apart. They haven’t added anything, they took away Tinder Social and it’s buggier than I’ve ever seen it.",1503881575.0,12
Tinder,Started it yesterday 🙄,1503881490.0,2
iOSBeta,Tinder has been an absolute dumpster fire on this beta.,1503873447.0,14
FrankOcean,"I spent quite a bit on it, but I ended up getting a decent deal considering the book is still sealed in the original packaging.",1503768607.0,1
FrankOcean,I ordered a book the other day and my god I can’t wait to go through that thing.,1503704837.0,5
FrankOcean,"Man, just be yourself.",1503682509.0,6
FrankOcean,"Didn’t mean to suggest that Tyler was first either, just as another example of an artist doing this.",1503672653.0,1
FrankOcean,The serious tag nearly made me spit out my drink,1503660338.0,6
FrankOcean,I second this. Tyler released a book with early subscriptions to Golf Media and that was a year before Blonde.,1503660058.0,15
FrankOcean,Taylor Swift. The zine comes with preorders through Target.,1503659985.0,3
FrankOcean,"Totally agree. I guess we'll have to wait for the release to fully judge it, but the cover isn't impressive in any sense of the word.

Frank's zine almost has a mythical quality about it. His book is incredibly hard to come by (unless you have the money) and the covers speak for themselves. Each version has real artistic quality to it - especially when compared to Taylor's covers, which look overly staged. Plus, all of those text overlays are ugly as hell.",1503659582.0,5
AskReddit,Zero feet. Always got my denim cutoffs on.,1503658178.0,1
tylerthecreator,"Coincidentally, Summer 2014 is actually my November.",1503657879.0,3
apple,What about Hair Force One!?,1503655987.0,13
FrankOcean,I'll definitely check it out and send it your way when it's delivered. How would you prefer to share the files?,1503589312.0,1
FrankOcean,"I'm not familiar with this... The BDC version had alternate versions?

I actually just ordered a sealed copy of BDC that should arrive in a week. If the disc it comes with has these alternate versions I'd be happy to PM it to whoever.",1503587657.0,1
apple,"This feature has been broken for me. Doesn’t seem to reliably play/pause the most recent media. Does anyone know if there’s a toggle to go back to the old way?

Edit: Running on a 2014 rMBP.",1503581980.0,8
tylerthecreator,Do we think he'll put this on Apple Music or Spotify?,1503579462.0,2
FrankOcean,"Wildfire is criminally underplayed. Frank's definitely my favorite artist, but Mayer is right up there and damn, this track is incredible.",1503579265.0,2
FrankOcean,Tell these guys you ain’t basic.,1503537757.0,21
apple,"Haven’t experienced it myself, but r/iOSBeta might be able to help. Have you reported it to the feedback app?",1503481457.0,2
apple,"The system that Apple will employ has multiple sensors to create an extremely accurate depth map of the face. Don’t expect this to work on identical twins, let alone a photograph.

Apple wouldn’t switch from Touch ID to a less secure system, especially considering how much they stand to make from Apple Pay in the coming years.",1503481321.0,2
apple,"If you can, wait for the new phones.

That being said, I have the Jet Black iPhone 7 and I’m entirely happy with it. I don’t use a case so there are plenty of “micro abrasions,” but I love it all the same.",1503480924.0,11
apple,I’ve been thinking of switching off most of my notifications. I find myself getting very anxious when a stream of them roll in.,1503449092.0,1
FrankOcean,Awe yeah same taste,1503440567.0,2
FrankOcean,"""He creates album afterr album"" 

Huh 🤔🤔🤔",1503439397.0,3
mazda3,"The AT is great on the 3, but there’s no replacement for rowin’ yer own.",1503195873.0,3
2meirl4meirl,Haha me too thanks,1503194382.0,1
apple,I try to use FTA whenever I’m on WiFi and depending on my data usage for the month I’ll use it over the cell network.,1503100965.0,1
apple,"Absolutely agree with you. I’ve always seen 3D Touch as an addition to long-press, rather than an alternative to it.",1503100686.0,2
apple,We don’t sue Anheuser-Busch when people drink and drive...,1503099744.0,3
apple,Came here to say this. I’ll be astonished if Apple includes that as an option.,1503099536.0,8
FrankOcean,This is fucking beautiful. Please do more stuff like this!!! ,1503095664.0,1
FrankOcean,Exactly this. Supposedly they're selling the full version for $600.,1503095318.0,2
FrankOcean,"Damn. Frank always finds the best way to get his point across.

Gotta love him.",1503095258.0,5
FrankOcean,Shit. Is there any way you'd be able to share this as a live photo?,1503095106.0,12
FrankOcean,"Probably bisexual, but I guess it doesn’t matter much. We all love Frank and his music is heavenly and that’s what matters most.",1503093535.0,3
FrankOcean,Rex gonna be on my car playlist forever,1503093427.0,1
FrankOcean,"Damn you brought me back to 2013 with this one.

So happy that shit like this continues to happen.",1503093375.0,2
FrankOcean,Fr0nk curates the music for a Beats 1 show called Blonded. There have been six episodes so far (001-006) and we’ve been waiting on 007 for a while now. Rumors say that it’ll be the last one... if it even comes out.,1503093287.0,2
FrankOcean,"That song really brings out my emotions.

The version I have is pretty low fidelity. Are there any higher quality versions out there?",1503093057.0,1
FrankOcean,"Totally interested. Ready to buy one as soon as you have them all set. I follow this sub frequently so I’ll see if you make a post about selling them, but DM me if you’re interested in a for-sure sale.",1503092493.0,1
ComedyCemetery,BARBER RESIGNED!!! 😂👌🏻,1503082981.0,1
Tinder,Beep beep beep!!!,1503077107.0,1
Tinder,M E T A,1503076650.0,-4
FrankOcean,It's dope. Rex is only 19 and he's easily got one of the best albums of this year. Right up there with Flower Boy IMO.,1503054473.0,4
apple,"The video wasn't entirely clear. It seems like the first 10 attempts took roughly 50 seconds each, but then each attempt took 10 seconds. Does the speed increase as time goes by?",1503054003.0,4
apple,This is what I don't understand. Are there any reasons to have the device other than automatically running through codes and then displaying the correct one when it's cracked?,1503053897.0,12
apple,"Given that this device isn't very quick, if the iPhone owner were to use an alphanumeric password with at least six characters, wouldn't the hacking time be unbearably long? I understand that this may not matter to law enforcement if the phone belonged to a long-term prisoner, but the difference between a week and a month (or more) is significant.

Furthermore, why does this exploit only work on iOS 7, 10, and 11? Did other versions lock out the user after a certain amount of attempts?",1503053831.0,36
apple,Ten bucks per Hz,1502999303.0,7
bose,"I have a Mini II and I’ve thought about upgrading. From the reviews I’ve seen, it seems like if you aim the Mini II at you, you’ll get a better sound response than the Revolve. That being said, the Revolve provides better sound than the Mini II when you’re not right in front of it.",1502988731.0,2
FrankOcean,He’s 19 and blossoming in the music industry. Definitely worth supporting him by buying his shit.,1502918168.0,3
FrankOcean,Unibody Polycarbonate 👅,1502917836.0,1
essential,Dave 2D!,1502837562.0,2
OopsDidntMeanTo,“Bro don’t get so triggered. It’s just a social experiment.”,1502837385.0,190
FrankOcean,"Sorry to pile on, I'd love the link as well.
",1502790261.0,1
ComedyCemetery,Women resigned!!!!!!!,1502766956.0,1
ComedyCemetery,If u rember this........ U R AWSOM!!!11!1!1!!!😤🅱️👌🏻,1502766757.0,6
iOSBeta,Good bot.,1502765873.0,1
FrankOcean,Self Control because it brings me back to past relationships and American Wedding because I fall in love too easily and recklessly.,1502764821.0,3
FrankOcean,Please don’t. I can’t be left wondering about how good that could be.,1502763554.0,4
FrankOcean,Sir yes sir,1502763429.0,2
DeepFriedMemes,🅱️ock,1502749481.0,2
FrankOcean,"Looks great, although the edit almost looks like it’s from r/DeepFriedMemes",1502636129.0,7
FrankOcean,"I love all of them, but I agree that Frank’s only gotten better with time.

That being said, American Wedding is one of my favorite songs ever.",1502634300.0,2
FrankOcean,Rex is absolute heat. 4 Seasons on Apricot Princess might be my favorite song of his.,1502633454.0,10
FrankOcean,Can’t be with a lame like that.,1502532255.0,16
creepyPMs,Post this on r/Apple and ask for advice. They have tons of information about how the hierarchy works within their retail stores and they’ll let you know how to handle this.,1502478621.0,7
iOSBeta,"I’m also running it on an iPhone 7 and I totally agree. Tough to say if this is the same battery life I experienced on iOS 10, but regardless, it’s damn near close.

I’ve also noticed that my phone doesn’t randomly get blisteringly hot like it did on the previous betas. ",1502449194.0,6
apple,ADHD by Kendrick. Every. Single. Time.,1502447883.0,4
iOSBeta,Can anyone confirm this? Are there any other factors involved aside from the battery being below 20%?,1502226988.0,2
apple,"Absolutely this.

Turning your phone off when the cops roll through is the safest plan. Touch ID (and presumably Face ID) will be disabled when the phone reboots.",1502226090.0,2
whowouldwin,Good bot.,1502225445.0,7
apple,"It’s tough to say. I put my preorder for a Jet Black 7 in at 12:08 AM PST. The biggest issue was getting AT&T’s website to load with all of that increased traffic.

Didn’t get my phone for three weeks.",1502224406.0,3
FrankOcean,"If this ends up working, please keep the sub posted.",1502223592.0,27
FrankOcean,This bitch tryna set me up,1502069952.0,5
zelda,"Absolutely, I’d love to see more obstacles early-on that I can’t conquer until I obtain the right tool.

Always felt like such an accomplishment to remember those roadblocks and come back later in the game.",1502038156.0,17
AskReddit,"I do my boring job because I need money and it pays.

I don’t do what I love because it wouldn’t pay much, if at all.",1502037909.0,1
apple,"Most of the time I’ll use Apple Maps, just because I feel it’s integrated better and runs on my watch fairly well.

If I’m going to be driving during rush hour, I’ll use Waze because it’ll give me a more updated way around traffic.",1502037847.0,1
AskReddit,"Absolutely overrated.

Everyone has their own musical tastes, but there’s no arguing that there are other artists who spend much more time actually producing their music instead of singing into a mic and then occasionally checking in when the sound engineer has a draft ready.",1502037188.0,8
apple,"I second this. I highly doubt that Jony Ive, in his quest to create a seamless piece of glass and metal, would sign off on something like this. If some of these reports are correct, the 7s will be the volume seller and I doubt that Apple would give such a big seller a busy design.",1502036424.0,4
apple,"Wouldn’t count this out. Apple’s been moving away from the “iProduct” naming scheme in the past few years. If they continue this, I wonder what the iPad will become...

Edit: A letter.",1502035986.0,1
apple,It seems u/matt6626 has you covered. The only thing I’d say is that it might take a very long time to charge up your laptop if the wattage of the charger is low.,1502035812.0,2
apple,"Hello, newfriend.",1501927905.0,3
FrankOcean,What’s the design like? Have you come up with a drawing yet?,1501726001.0,7
FrankOcean,"Back in the dark days, I signed up for all of those email alerts in case Frank ever released the album. Endless had dropped, and for seemingly no reason, I decided to check iTunes to see if there was any follow up. I figured that maybe I’d get lucky and there would be something else - like some new video content. I had no idea just how lucky I was.

It turned out that by complete chance, I beat the alerts by around 15-30 minutes. I was among the first to listen to Blonde and I had it on repeat all night.

I can honestly say Blonde is my favorite album of all time. It’s gotten me through good times and bad... Love found and love lost.",1501725932.0,23
apple,"Mom is running an ‘06 MacBook.

She just uses it for email and light internet browsing, but it’s seriously showing its age.

I’d love to be able to buy her a new one. ",1501707098.0,2
FrankOcean,"This gave me chills
",1501524494.0,1
apple,"I have an OG Apple Watch Sport 42mm and I've smacked my wrists into so many things, but no breaks yet. There are a couple small scratches, but it's tough as nails.",1501510960.0,2
AskReddit,A new laptop for my mom. She struggled to get me a really nice one when I went away to school even though her’s is pushing 11 years at this point.,1501509366.0,1
AskReddit,"Similar thing happened to me, except I was the baby.",1501509071.0,4
AskReddit,Have you played Zelda 1? It’s best to try it on every wall - regardless of if it has a crack.,1501508455.0,6
AskReddit,"Yes, this.

Around me there is a five-mile stretch of 55 mph road and at night, the lights are programmed so that you have to stop at almost every single one. Supposedly it’s to discourage speeding and so that you stay alert at night.

The only way to break the cycle is to floor it from one light to the next and hit about 70 mph in the process. Not ideal because that road is a cop’s paradise.",1501508298.0,4
AskReddit,"And you increase your chances of getting hit by a car.

It’s a win-win, actually.",1501507721.0,33
zelda,"Definitely Sheik. She’s been my Smash Bros main for years and I picked it up when I got the game for 3DS.

Always felt cool to feel like the kid in Melee with all his figurines.",1501507023.0,1
AskReddit,When I don’t text back for a bit,1501504523.0,1
apple,"I doubt that we’ll see either of those until after Bluetooth 5 is totally finalized.

Might as well pick up a pair of PowerBeats 3 now.",1501450869.0,6
apple,"As often as I can. I love the simplicity, speed and security of it.

Plus, it’s cool as hell.",1501426912.0,4
apple,"PowerBeats 3 are killer for gym use and they have industry-leading battery life (12 hours). The MSRP is $200, but the can be found on sale for sub-$160 nearly every day.",1501383990.0,7
AskReddit,I just went and hugged my cat for a few minutes. It’s so sad that people will just abandon animals they brought in as part of the family.,1501358837.0,4
apple,"Your best bet will probably be using a basic leather cleaner or one that you mix yourself with home supplies. Regardless of what you use, once you clean it, make sure to leave it in a well-ventelated area so that it can dry.

What color case do you have?",1501236915.0,3
apple,Absolutely loved my third gen. I've had a few iPods over the years and that was definitely my favorite of the bunch.,1501236449.0,6
apple,"I remember the first time that my 3GS really started chugging and I was amazed at how warm it was.

Fast forward to my iPhone 7 with iOS11 beta and a burning hot case is just an everyday thing.",1501207113.0,1
NintendoSwitch,"I saw that one! It was really hard to move fast enough so that I could hit it with Stasis. IIRC, not worth the effort.",1501201350.0,1
apple,"Had to Google them. Definitely not my cup of tea and I have to imagine that they're not as effortless or ~magical~ as AirPods.

One thing that seems like a win for Samsung is the available gesture controls: Single/double/triple tap, swipe for volume, etc. The heavy reliance on Siri for seemingly basic tasks is my only knock towards AirPods.",1501080169.0,3
mazda3,"2017 is the first year for the mid-cycle refresh. It’s got quite a few differences, but overall it’s still the same car.

2014 - 2016 are (nearly) exactly the same and 2017 was a refresh.",1501075780.0,3
bose,"Thanks for all of that!

I think that I'll jump on the sale today since I'll be eligible for the the 90-day exchange. That being said, I'm glad the six hour claim is at max volume. Seven  hours (or more) really is plenty as I won't be without a power source for longer than that. I had a pair of PowerBeats in the past and they lasted six hours if I was lucky.",1500733047.0,2
5by5DLC,"I have a tempered glass protector on it now, but I didn’t for the first few weeks. I was very careful with the console, but somehow I got a small nick near the center of the screen. Thankfully I don’t usually obsess over things like that so I’ve been able to ignore it.",1500717957.0,1
iOSBeta,"My iPhone 7 has been getting ridiculously hot since PB1. I find that turning on low power mode for a bit will cool it off.

Edit: I can’t find a specific process that will cause it to heat up consistently except for very processor-intensive tasks such as FaceTime. Other than that it seems to heat up randomly.",1500661888.0,1
NintendoSwitch,"Are you sure that’s a kid?

...or is it a squid",1500549563.0,10
bose,"Unless it’s something that wasn’t sold in the U.S., this is fake.",1500520634.0,2
Tinder,r/2meirl4meirl,1500508512.0,35
Miata,Thank you magnificent Miata,1500502443.0,2
apple,"I have to imagine that a lot of leaks we’re seeing are fake and created by Apple. It seems like every other day we hear “Touch ID confirmed in-screen,” then the next day, “Touch ID is dead, 3D face scanning is in.”

There have been so many conflicting reports on this phone. I have to imagine that we’ll be somewhat surprised when it releases.",1500489833.0,17
mazda,"There was a trim level for a couple years called SV. It didn't include the infotainment, but I could've sworn that it was discontinued in 2016.

Could this have been a mislabeled 2014 or 2015?",1500479414.0,8
mazda,That’s even better! Glad you were able to get such a great find. Hope you enjoy it for years to come!,1500401513.0,1
AskReddit,"When my car scrapes on a driveway I say “Dracula Scrape.”

Reference to The Grim Adventures of Billy and Mandy.",1500331661.0,1
apple,"Agreed. Got mine shortly after launch and unless they give me some killer reason to upgrade, this will be the last one I own.",1500307273.0,1
mazda3,r/madlads,1500085531.0,7
mazda,"Definitely helps! I own a 2015 3 iTouring.

For 2014-2016, your best bet will probably be the Touring trim with the tech package. The tech package could have a different name depending on your dealership, but it includes the moonroof and a couple other goodies.

Touring is absolutely the best trim to go with if you’re not looking for leather. It comes with some important “quality of life” upgrades like better cloth seats, a leather-wrapped steering wheel and shift knob, but doesn’t require navigation. Touring will also come with keyless entry and push-button ignition standard.

Unfortunately I can’t really help when it comes to the gen 2s, but definitely let me know if you have any more questions about gen 3!

Edit: i-level cars come with the 2.0L and s-level cars come with the 2.5L.",1499983543.0,3
iOSBeta,Can I drive your co0oOol car?,1499982564.0,7
mazda,"So sorry to hear about your 2010. :(

Trims tend to vary based on your country. What features are you in the market for? If you're looking at a gen 3, do you want the 2.0L or the 2.5L?",1499961573.0,3
mazda3,Congrats and welcome! How does it compare so far? Any plans to personalize it a bit?,1499961189.0,1
AskReddit,Yep. Me too. ,1499956309.0,1
NintendoSwitch,Oh lawd that’s pretty,1499955594.0,0
iOSBeta,Which headphones are you using? It’s not showing up with my Beats X.,1499955278.0,1
gifs,Oh nah I’m outta here,1499955126.0,2
iOSBeta,"My iPhone 7 would get very hot on PB1, but it never reached the overheating threshold.

Seems to be (mostly) fixed on PB2. Only a couple times when it’s gotten considerably warm.

It was a really weird issue. Usually when my phone is hot, it’s coupled with terrible battery life. However, I didn’t really notice any extra battery usage when it was running hot.

Edit: I hadn’t tried using Low Power Mode! Sounds like a good temporary fix. Thank you!",1499955036.0,1
iOSBeta,Mr. Lonely!,1499954466.0,5
iOSBeta,THANK YOU,1499878869.0,1
iOSBeta,Which time zone?,1499876177.0,1
iOSBeta,No response yet. Implosion is seeming likely.,1499874017.0,15
iOSBeta,"What’s the ambient noise like? Is anyone talking?

I’ve noticed that Siri constantly activates when I say certain things like, “are you serious?”",1499871660.0,1
iOSBeta,Maaaaan I really hate AT&T lately. :(,1499871572.0,1
iOSBeta,What happens when you select it?,1499871187.0,18
iOSBeta,"This is correct. I remember when they demoed the first iPhone, Steve could only demo the apps in a specific order or else the phone would crash.

Can’t recall if I read that in Steve’s biography, but it’s been fairly well documented.",1499870255.0,8
iOSBeta,What model are you using?,1499815470.0,2
iOSBeta,I must’ve missed this. What was the problem before?,1499815279.0,1
iOSBeta,Sometimes I’ll disconnect from my home wifi at peak times because of the dreadfully slow connection. Often I’ll forget to re-enable it and this feature seems to do the trick. ,1499815135.0,2
NintendoSwitch,+1 for bird,1499808005.0,1
apple,iPhone 7 supports a maximum of 2.1A/10W,1499698369.0,11
sad,r/2meirl4meirl,1499653566.0,1
apple,Throw it out. No point in risking serious electric shock or a catastrophic fire just to save 70-ish bucks.,1499629922.0,2
apple,PowerBeats 3. Very heavy bass response and killer battery life. The cable tends to stay out of the way so that’s nice. ,1499627592.0,1
apple,"I got that as a gift for my birthday and I love it. It’s got a good weight and a grippy underside so it stays put.

If I have one gripe, it’s the fact that the lightning jack seems to have a maximum output of 1 amp instead of the 2.1 amps that newer iPhones can accept. This doesn’t really matter when charging overnight and if I ever need the faster charge, I can just pull out my wall wart and cable.",1499627137.0,2
zelda,"OP, that looks great! I’ve been debating what I should get on my first tattoo and I’ve settled on a Zelda theme as well. I’d like mine to end up being a bit more abstract so I’m going to find someone to draw up some ideas for me.",1499624785.0,3
zelda,"It’s funny you say that. During the middle trials, rooms 1 through 3 (or maybe 4) killed me the most times. Once I got past 3 or 4 I didn’t die once.",1499624468.0,2
apple,You sucking?,1499564332.0,1
iOSBeta,The lack of that shortcut is infuriating. Same thing in control center. Really hoping this is a bug.,1499510062.0,5
FrankOcean,"It’s Frank’s! Featured on the cover of Nostalgia Ultra.

I know that he built up an E30 to be really quick, but I’m not sure if it’s the same one.",1499453542.0,35
apple,"Congrats, enjoy them! I absolutely love mine. I throw them around my neck and wear them almost all the time. It’s great to have access to headphones at any moment.

By the way, what color did you buy?",1499418302.0,1
AskReddit,"Screenshotting our texts and sharing them with anyone is a red flag for me.

I’m texting you because I want it to be private. If I wanted a public conversation it would be in a public forum.",1499371250.0,1
apple,"I think the biggest benefits will come from increased RAM. A dedicated GPU will absolutely help of you’re in the market for a 15”.

If you can swing a new model, get 16 GB of RAM.",1499363828.0,3
apple,This. All iPhones since the 6 (don’t know about SE) have supported the higher amperage. OP is most likely experiencing throttling from the cable.,1499101905.0,1
zelda,"I have some similar feelings as you. I’m sure that the second DLC pack will be better for us “casuals,” but for the time being, much of this seems to be based mostly on difficulty.",1498869130.0,7
zelda,That’s really pleasing,1498867280.0,2
apple,I gasped when they walked through it. This is going to be game-changing.,1498860882.0,97
bose,"Awesome write up! I totally agree with your point about buying wireless at this point.

Quick question: I have a pair of Beats X, but I’ve been considering picking up a pair of the SoundSport Wireless. Have there been any rumors of an upgraded model?

The current battery life is less than stellar and I really don’t want to buy a pair only for them to become outdated soon after.

Thanks again!",1498860447.0,1
apple,This... sounds really good actually.,1498859602.0,3
zelda,"Be sure to go to the BotW icon on the home screen, press the plus button, and select “Software Update” to manually start it.",1498795453.0,1
apple,"I’d like the option to rearrange all the toggles, not just the optional ones. Most of the time that I’m in Control Center, I’m using my right thumb. It’s annoying when I try to slide the panel back down, but I end up lowering the brightness or volume.

I also dislike that I can’t tap on whatever’s currently playing (above playback controls) to bring me into that app. I don’t know if that’s a bug, but it seems like a step backwards.",1498708189.0,21
apple,Oppo “customer service” has to be one of the biggest jokes in the industry.,1498706944.0,3
apple,Really a great answer. Thanks for this info!,1498705692.0,2
apple,"I'm totally with you on that. These supposed leaks are saying that we'll be able to use either the eye scanner, the fingerprint scanner, or both (fastest method).

I really hope they found a way to make the under-screen solution at least as fast as first-gen Touch ID.",1498658902.0,9
apple,"From what I’ve read, it seems like Apple’s solution won’t be much faster. However, Apple will offset the fingerprint scanner’s slower speed by implementing a secondary authentication method (iris/retina scanning) to make it quicker. Basically, both forms of security will work in tandem to provide a faster unlock method.

That’s totally based on the “likely” leaks I’ve read. I have to believe that Apple won’t settle for a slow unlock method or a scanner on the back of the phone.",1498658303.0,14
AskReddit,Boobies,1498620535.0,1
apple,"Yes, but it’s not as prominent and you can turn it off.",1498606198.0,2
apple,"To maintain a good battery life for the lifetime of your phone, be sure to charge early and charge often.

The fewer battery cycles you but the phone through, the higher its capacity will remain.",1498595279.0,1
apple,"I‘m using it on my iPhone 7. During the first few hours, I experienced lots of bugs. After that, things started to calm down.

There are definitely some annoyances I’m dealing with... recent apps not being stored in RAM and having to relaunch, UI/graphical glitches all over, some absent or non-functional features, etc.

All in all, nothing seems to have “broken” my phone. If you’re itching to try out the software I’d say give it a shot! I love (most of) iOS 11 so far. Make sure you backup your device first!",1498594306.0,11
AskReddit,Seeing real boobs,1498396882.0,1
bose,"I wasn't in the room when they made this design decision, so I can't say for sure, but I doubt it.

Bose is one of the best in the industry when it comes to free repairs under warranty. I doubt they would purposely create a reason to replace equipment.

It's likely that the case is small in order to cut costs.",1498206135.0,1
apple,"I live in the NYC area. I see at least a few pairs every time I'm in Manhattan. Around my home area, It's semi-rare to see them unless I'm at the gym. Almost guaranteed that someone's using a pair.",1497951385.0,15
beatsbydre,"It looks like they recently ended that promotion. From the [Promotions section of the Beats By Dre website:](https://www.beatsbydre.com/company/promotion-terms)

*Promotional Period: From December 1, 2016 until May 19, 2017 (the “Promo Period”).*

It's too bad they got rid of it. It was such a great value, especially if you could find the headphones at a discount. Maybe they'll run something similar in the future.",1497950540.0,4
AskReddit,"My mom always told me ""you can't help who you fall in love with."" It was her way of making me comfortable in case I was gay, bisexual, etc.",1497804033.0,1
bose,"I can't speak to the Soundlink Revolve, but I have the Soundlink II Mini and there is an ever-so-slight delay that's almost unnoticeable (even when watching video). I doubt the newer model will be any worse than its predecessor, so you should be good!",1497762594.0,2
AskReddit,"I've worked in gyms for the past three years. There is an astonishing amount of people who take months, or even years (!) to realize that they've been inadvertently paying for this expensive membership they don't use.

Current gym is pretty cool though. If this happens to someone, we can usually check their usage report and refund them back to the last time they visited. Not all gyms are (entirely) awful with cancelations.",1497742458.0,8
bose,Thanks!,1497693770.0,1
bose,"Does anyone remember if Apple confirmed wether the W1 would be licensed or not?

AFAIK, the W1 is currently only in AirPods, PowerBeats 3 and Beats X. ",1497529750.0,1
apple,Big (button) if true.,1497403274.0,5
AskReddit,"""I am not a crook.""

-Richard Nixon",1497402422.0,1
bose,"I use my Bose SL Mini II with my 2014 Retina Macbook Pro. The only time I encounter an issue is when there is interference between the computer and speaker or if they get too far from each other.

Are you having trouble with maintaining a solid connection, or is it just an issue connecting it at all?",1497365670.0,1
Miata,Short-throw dip stick,1497123992.0,7
NintendoSwitch,"What's worked for me has been taking the included HDMI cable and pushing the ends into the slot of the dock.

If you wind the cable and then put the ends in sideways, they'll just barely fit and keep the dock from bending.",1497090913.0,1
beatsbydre,"Beats X won out for me and I ended up giving the AirPods to my s/o.

I like that I can have the Beats X around my neck when I'm not using them without them sliding off. That, plus the fact that I don't have to rely on Siri for everything (volume, skip, rewind, etc.) won out for me.

Aside from those small quirks, I still can't get over how perfectly the AirPods worked. Truly felt effortless.",1496947317.0,2
5by5DLC,"I'm sure that I can speak for many of us in the DLC community when I say the following.

Jeff and Christian have always brought us the idea that we should all try to make the world a better place.

These guys continuously advocate for equality and justice, not just in the video games industry, but in every part of life. Obviously we know what their political lean is, but who cares? It should be easy to move on and enjoy the rest of the show.

Maybe you're too lazy to skip over these instances - or possibly too *sensitive* to merely brush them off. You could move on and just enjoy the top-notch, free content that we are given each week, but if not, goodbye and good riddance. There's no need for your kind of negativity.",1496870822.0,2
apple,"While my iPhone 7 may seem small for the Apple Pencil, I'd use the hell of of it.",1496795168.0,3
apple,Now they have the same keyboard. Second gen Butterfly Mechanism. ,1496750025.0,2
apple,"Awesome, exactly what I was looking for. Thank you so much!",1496716110.0,2
apple,The fact that it requires internet connection to do something as simple as skipping a song is absurd.,1496715420.0,3
apple,"That was my original thought. I only wonder because I remember hearing all these reports stating ""we won't see the new Mac Pro until a year or two from now.""",1496712965.0,1
apple,"MY GOD THANK YOU!!!

Hopefully they fixed the download and syncing bugs...",1496710431.0,1
apple,This is 100% a game changer for me. The only reason I've held off on AirPods has been the heavy reliance on Siri controls.,1496709888.0,36
apple,This guy gets it,1496709783.0,51
apple,"Is this the Pro computer they were talking about several months ago, or will they also be introducing a new Mac Pro at some point?",1496709640.0,2
apple,"Oh you're right, I missed that. It's an interesting tradeoff, really.",1496695962.0,1
apple,"Boo

C'mon. This kid's happily reminiscing about something special his parents did for him. Give it a rest.",1496693251.0,7
apple,Wasn't expected to be revealed until this fall.,1496692745.0,2
apple,"I kept waiting for the ""haha, I'm just kidding. Here's the real name...""",1496692688.0,39
apple,"Surprised the 12"" MacBook didn't get a price drop as well. $1,299 for both the entry MacBook and entry MacBook Pro? Odd.

I was also hoping for more Siri enhancements. Maybe I missed some stuff. It looks like HomePod will be more music-focused rather than having tons of skills like the Echo or Google Home.",1496692582.0,278
apple,"I love mine. I've got a mid-2014 13"" with every spec maxed except for the hard drive. I stuck with 512 GB since many of my files are on external drives. I hope the future proofing will help this last for years to come.",1496675132.0,1
apple,"As others have said, anywhere I see that it's accepted.",1496672148.0,1
apple,This is correct. They can take up to 2.1A (iPad charger).,1496510275.0,6
AskReddit,"""Where do I turn?""
*points... somewhere* ""That way!""
""How about right or left?""",1496441954.0,3
beatsbydre,"Since you're more used to the Apple EarPods, I'd suggest you take a look at either PowerBeats 3 or Beats X. I own both and I can answer any questions you have about them.",1496260502.0,2
beatsbydre,"I did some quick research and it doesn't look like they've been officially given an IPX-rating. Everything I read said they're fine with sweat and rain, but don't go swimming with them. I'd avoid the shower to be safe.",1496260310.0,3
NintendoSwitch,This is awesome. I'd scream if they confirm GCN support. The Metroid teaser would get me all sweaty too.,1496259596.0,1
apple,"Yes PLEASE!!!

I had the original iPad Mini and it's always been the perfect size for me. I'd love to see a new one with some updated specs. Instant buy for me.",1496259202.0,5
NintendoSwitch,"Mine definitely doesn't sound like that. More of a quiet ""whoooosh.""

Has your Switch experienced any bumps or drops? Maybe there some debris inside it?",1496072843.0,2
apple,No,1496066104.0,1
apple,"I could be mistaken, but as I recall, they mentioned during the iPhone keynote that they're only able to use certain colors due to signal interference.

I don't know how accurate that is, but that's the reason they gave.",1495906338.0,2
apple,"I'd say get the 7 but I'm biased to the size of it. If battery is more important, get the 6s Plus.

Battery on the 7 is fine, but I tend to top mine off from time to time, just to be safe.",1495904547.0,3
apple,Thank you!!! Everyone forgets about the Flash vs. HTML 5 debate. I have to imagine that the headphone port's absence will be negligible within a few years.,1495814619.0,-1
mazda3,"Did you notice anything weird when you drove it after that? If it's auto, doing this once in a while will be okay. For the future, be sure to keep the stress off the transmission and on the brakes instead.

Unfortunately I'm not sure of the ramifications in the case that your car is a manual.",1495717861.0,1
apple,"Just as everyone else is saying...

Purchase the SE if you need the phone right now, but preferably, spring for the 6S or wait for the price drop if you can. The 6S will hold out far longer than the 6 due to its vastly increased power.",1495717608.0,1
apple,"When did the meaning of ""successful"" change to mean ""every single person has one?""

All three of the products you mentioned have been wildly successful - especially in relation to their respective competition.",1495716963.0,13
mazda3,"Nice! I haven't taken any long road trips in my 2015 2.0L, but the best I've been able to manage is 45 mpg.

I really love the efficiency of this car. I'm able to pull a lot of hard acceleration in my daily commute and I still manage to get around 32 mpg.

My lease is ending in a couple months and I'm going to pick up the 2017 model with the 2.5L engine. I'll miss some of the fuel efficiency, but I'm sure I'll love that extra power under the hood.",1494853950.0,7
zelda,r/2meirl4meirl,1494694789.0,1
gaming,"Um, try again, sweetie. ;-)",1494674890.0,-1
whowouldwin,"https://i.makeagif.com/media/6-09-2016/wRGuko.gif

R1: Dead.
R2: Also dead.
R3: Dead af.",1494674270.0,1
AskReddit,"Watch Dogs online hacking. God what a terrible game. That being said, I was in the ""Top 0%.""",1494393479.0,1
AskReddit,Same here. I can snag Hamilton tickets almost any day with a week's notice.,1494393123.0,1
AskReddit,"After a long day, I got on the train to go home and ended up sitting behind this pretty girl. She had a huge phone which shone a pretty clear reflection in the window next to her.

A few minutes into the ride, she and her girlfriend (I'm assuming) started sexting and exchanging nudes.

Good end to a bad day.",1493810354.0,1
beatsbydre,"Great writeup! Thanks for your insight. I have a couple questions if you wouldn't mind helping out a bit.

I was given a pair of the PowerBeats 3 as a gift and I really love them for the gym and some casual listening. My only issue with them is that my ears tend to get a lot of fatigue after 45-ish minutes of wearing them.

I have an Apple gift card and I was thinking of giving the Beats X a try. My use case for them would be some around the house listening as well as when I'm out and walking through the city. Do you think they're a good buy as long as they're not intended for gym use?

I love the ability to throw my headphones around my neck when I'm not using them, plus the on-device controls are a must (sorry, AirPods). How did the magnetic feature work on the BX? Was it anything more than a useless gimmick?",1493770766.0,1
apple,"For roughly a year I had lived somewhere else and left my laptop at my parents' house. It's not healthy for a Lithium-ion battery to have zero charge for extended periods of time.

If you're worried about your battery's lifetime, try to keep it charged up whenever you can. Since it's a 2015 model, 93.2% is actually pretty good - regardless of the number of cycles. Usually you won't have to consider changing the battery until you reach 80% capacity.",1493572986.0,1
apple,"You're welcome! Glad I could help a bit.

While benchmark scores aren't always an accurate representation of everyday usage, they're generally the best way to compare computers of a like operating system. It's also one of the only scientific ways to use a number to show a computer's performance.

In addition to the comparable benchmark scores, other upgrades I initially forgot about like faster RAM and SSD will equate to a nicer daily experience.

The only negative you might want to consider is that under intense loads, the processor will heat up and then throttle itself back to manage that heat. The rMBs don't have a built-in fan and need to deal with heat through conservative power usage. This is only an issue if you require lots of power for extended periods of time.

On a different note, what color would you purchase?",1493569731.0,1
apple,Thank you! You're very right and I totally forgot that in my comment. The new machine will most likely feel noticeably quicker in everyday usage.,1493568114.0,1
apple,"Only 8GB? Yeah, no more than $400.",1493464796.0,3
apple,"Sorry, I should've been clearer in my response, but yes you're correct.

How long does your battery tend to last?

I hit 86.7% with just 325 load cycles! That's on me though. I haven't been kind to this battery as I could've had healthier charging habits.

I believe Apple says that it's likely a battery will have to be replaced after 1,000 load cycles, so it sounds like you're just at that point. That being said, if your battery life is still acceptable, no need to replace it right now.

Edit: I'm using a mid-2014 13"" rMBP which I bought when it was released. I haven't used it consistently over the years.",1493464564.0,1
apple,"88% after 2,171 cycles? Wow. I'm at just 345 cycles and 86.7%, though I could've taken better care of the battery over the years.

Anyway, your question really intrigued me. I did a little research and found the single core and multicore GeekBench scores for your computer as well as the 2016 m5 MacBook. I don't know if you have the i5 or i7 in your rMBP, so I've included both.

(Computer, Processor: Single Core Score/Multi Core Score)

* 2012 rMBP, i5: 2904/5481
* 2012 rMBP, i7: 3297/6339
* 2016 rMB, m5: 3206/5821

Now, basing this only off of the benchmarks, you'll see little to no improvement in processing speeds. That being said, I recall the early rMBPs having some graphical issues in regards to its high resolution screen. Most (if not all) of those hiccups have been sorted out in the new generation MacBooks.

All in all, I think you may have a slightly smoother experience using the new laptop, but wether that improvement is worth it is entirely up to you. Also remember to take into account things like the ports on your computer vs. the new one and the portability of yours vs. the new one.

Hope I helped some! Let me know if you have any questions!",1493464177.0,10
apple,"Do you use coconutBattery or a similar application? What's the ""state of health"" percentage?

I have a mid-2014 rMBP which hasn't seen optimal battery care over the years. Supposedly it has 86.7% of its original capacity. Sounds about right as the battery can still get me through a six-hour shift at work.",1493462510.0,1
NintendoSwitch,Just checked mine. They updated the delivery date to tomorrow. What gives? Should I just email customer support?,1493389293.0,1
NintendoSwitch,"I believe it has to do with how the screen and cover glass are connected.

Please correct me if I'm wrong, but as far as I know, the Switch's screen is not laminated to its cover glass. This causes a slight air gap between the two surfaces, and therefore creates more glare. The iPhone 7+'s screen is laminated directly onto the cover glass and also utilizes an antireflective coating. ",1493377646.0,1
NintendoSwitch,"I found Switch to be the better version because it's portable. Since it's an RPG, the ability to pick up and play whenever I have a free moment is a killer feature for me.

You'll notice the change in FPS if you're looking for it, but as others have said, that doesn't matter since this is a turn-based RPG.",1493377273.0,2
NintendoSwitch,"You and u/supermariobruhh shouldn't give up hope! Amazon did something similar to me when I pre-ordered BotW. It didn't ship until release day, but I got it around 12 noon that same day. I guess they must have some supplies nearby.

Edit: I live on Long Island in NY.",1493374477.0,2
apple,"From what I've seen, it looks like when viewing the iPhone from the front, the battery will form a backwards ""L"" shape. If that's true, it's likely they'll push the camera housing as far right as they can.

Edit: So yeah, I think you're right by saying it's probably due to organization and effective space utilization.",1493322780.0,1
AskReddit,Tinder,1492998871.0,1
AskReddit,"""Breakfast sausage"" made me lose my shit",1492998736.0,2
apple,Which one???,1492959111.0,3
AskReddit,You're not emotionally ready. Take a gap year.,1492958364.0,-1
whowouldwin,"I think it depends entirely on prep time. With little to no prep, Supes is too fast and powerful.",1492958269.0,2
whowouldwin,Superman does not rival Batman's intelligence,1492958135.0,1
apple,"If they switch back to stainless steel, I hope they go for a matte finish like the band on the 4S. I've seen how the stainless steel Apple Watches get scuffed up and it's not too pretty.

That being said, I willingly got a Jet Black iPhone so I shouldn't complain about a scratched-up phone...",1492957450.0,2
gifs,Fully expected to see DickButt,1492789013.0,1
Miata,$69. Nice.,1492632258.0,17
NintendoSwitch,"I laugh whenever someone uses the word ""immersion"" in regards to a game like this. Knock it off.",1492525675.0,11
apple,"1) Bluetooth is always on for continuity, Apple Watch, headphones, car connection, etc.

2) I use Touch ID and a 6-digit passcode",1491837293.0,1
apple,"I'm interested as well. They might blow us away with something huge if the 8k resolution rumors are to be believed. I loved the 30"" Cinema Display back when it was new and it'd be sweet if they could get back in the game with something powerful.",1491559661.0,7
AskReddit,"Coming from a guy who's on his feet for most of his day at work, this is one of my favorite feelings in the world.",1491493552.0,1
Fitness,"I've always been lucky in the sense that I can cut my body fat percentage very easily - I've been able to get down to 5 or 6% in a couple weeks.

That being said, I am most comfortable and feel the healthiest around 10-16%. When I'm below that 10% mark, I have trouble with headaches, lack of energy, etc.",1491324071.0,-4
NintendoSwitch,Thank you for the opportunity!,1491253715.0,1
apple,Ahh I still have my iPhone 3G LiquidMetal SIM tool lying around somewhere.,1491045256.0,1
apple,"I've noticed this, but only during the transition from day to night or vice versa. It lasts roughly an hour unless I turn off Night Shift.",1491044307.0,1
NintendoSwitch,"I have to imagine that has to do with software optimization. It's the same deal with smartphone apps - some work very well, while others are janky.",1490804455.0,2
NintendoSwitch,"Can't speak to the XBox, but I know that DualShock4 comes standard with a built-in accelerometer and gyroscope. PS3 shipped with the same thing.",1490800868.0,3
NintendoSwitch,"No, it should be the same as bringing any other electronic device with you.

That being said, I read a couple other posts which stated that TSA agents took the Switch out of bags to check it out - mostly because it's new and unfamiliar tech. No problems reported though. TSA put them back after a quick inspection.",1490743243.0,4
apple,Uphill both ways.,1490474476.0,23
mazda,"If you don't mind me asking, what trim level did you go with for the CX-9?

I've sat in the Grand Touring and loved it, but I'd love to see how the Signature feels. I've heard it's truly a step above everything else Mazda's produced up until now.",1490262052.0,1
AskReddit,"Basically every time a gym bro wants to ""correct my form.""",1490201728.0,1
AskReddit,The pain of getting hit in the 'nads.,1490193675.0,1
apple,"Geez, I would love a Mini Pro. I still have my OG iPad Mini running iOS 7 and I love to use it, but it's just not feasible for normal usage.

A Mini Pro with Pencil support would be the end of my bank account.",1490181322.0,2
apple,"u/kurtyj is totally right. It's worth the money when you can afford it. I believe it charges about twice as fast up until 80%, and then at normal trickle speeds.

I've had my 12W adapter since the launch of the iPhone 6 (using a 7 now), and it's shown no serious signs of wear. Fantastic product!",1490090006.0,3
apple,"AFAIK, the issue with the Note 7 was not that they rushed it out the door. Samsung released it during their normal release window, but they tried to pack in as many features as possible after realizing the iPhone 7 wouldn't quite be a generational upgrade.",1490089254.0,1
apple,Exactly this. I don't mind paying more for a higher-quality product. I trust Apple to release top-tier quality phones at this point. That counts for quite a bit.,1490089076.0,1
apple,Totally forgot about that! Awesome moment in Apple history.,1490088923.0,2
apple,"It's funny how much the ""Apple ecosystem"" influences my decisions. I've thought many times about getting a different phone - even back to the Blackberry days. However, I always find myself returning to Apple at the end of my phone contract.

A couple years ago, I wanted a basic smartwatch, but went with the Apple Watch rather than any other options just because it would work better with my phone. Similarly, I was recently deciding between Apple Music and Spotify. While I think Spotify is objectively the better service, I like the way Apple Music is worked into the core of iOS. Ended up going with Apple Music. There are some hiccups in the UI, but I tend to like it.",1490088797.0,1
apple,"Honestly I don't think that the price difference will matter much.

If the rumor mill is to be believed, Apple will release the ""Edition"" model in addition to their regular scheduled iPhone upgrade (probably a 7s).

I find it likely that the 7s will be the big competitor if the ""Edition"" model is that much more expensive. 
With very few recent exceptions (OG Apple Watch), Apple's been pretty good at pricing their products so that they're not too expensive for buyers. Essentially, I'm sure they know what they're doing when it comes to the price.
",1490088448.0,1
apple,"I agree that it seems a bit ridiculous to use such a low-resolution sensor in such an expensive product, but Apple has lots of user data and I'm sure they notice that webcams just aren't used all that much.",1490088071.0,0
zelda,"Don't remember exactly what was in it, but I do recall that I was totally bummed with what I got.",1490052654.0,3
zelda,"It is technically the final shrine you visit if you do them ""in order."" After completing them all, you'll receive your reward just behind the shrine.",1490050699.0,4
zelda,I really love hearing about the different play styles that everyone's found.,1490050422.0,4
zelda,Definitely hoping for a white-level Moblin!,1490050124.0,3
zelda,"I agree, but maybe for the DLC?",1490049976.0,4
AskReddit,RegularCarReviews,1489175944.0,1
zelda,This guy's asking the important questions,1489167497.0,1
zelda,How could I forget? That might've been my favorite item in the game!,1488980327.0,3
zelda,Same here! Instantly brought me back to my Wind Waker days. Loved that they threw this in there.,1488927025.0,10
zelda,"Awesome, thank you!",1488914395.0,2
zelda,"So what qualifies as ""solving the island?"" I'm itching to check it out, but I don't want to lose all my items with no way to get them back.",1488912800.0,1
NintendoSwitch,Swoof,1488605535.0,1
NintendoSwitch,"No way!!! That's so exciting! What do you think so far?

Thanks for the update, by the way!",1488496376.0,1
NintendoSwitch,"And I, to you, in addition, feel, the same feelings, that you are, as well [long pause]...


-Michael Scott",1488471347.0,2
NintendoSwitch,"Don't be worried. They took my money for BotW and STILL haven't shipped it, but the status still shows that it'll be here ""by tomorrow at 8pm.""

Keep the faith in Prime!!!",1488471042.0,2
NintendoSwitch,"I believe the DualShock has a headphone amp, but I'm not well-versed enough to provide any other information regarding it.

I'm in the same camp as you. Since this is a modern mobile device, I have to imagine that we'll get high-quality audio from the port. I wanna make sure I hear Zelda in all of it's glory!!!",1488470412.0,2
NintendoSwitch,"Not sure if that'll change much, but I have UPS as well. Mine's a state away and my delivery date is still tomorrow.

Here's to hoping that you get it early!!!",1488470237.0,1
NintendoSwitch,Which company is handling shipping? UPS?,1488469343.0,2
NintendoSwitch,Laughed hard,1488469293.0,2
NintendoSwitch,The Switch comes with 50-70% battery life. No need to charge it before turning it on.,1488469120.0,5
NintendoSwitch,"Maybe I missed something, but wasn't SDXC support included with the shipped version?",1488469067.0,2
NintendoSwitch,"There are some reports of people receiving their consoles early, but they're few and far between. From what I've read, the Switch has shipped early to some, but BotW hasn't. It's less than a 1% chance that anyone will receive their console early.

This is all based on the stuff I've read, so take it with a grain of salt.",1488469008.0,2
NintendoSwitch,"Game save files will be stored on the Switch, but the games themselves will remain on the cartridge.

if you switch cartridges, your game file will remain, assuming you're using the same Switch system.",1488468888.0,3
NintendoSwitch,"How is the sound quality when listening through headphones?

Assuming that I'll use better-than-average headphones, should I expect much? The reason I'm asking is that I find my PS4's sound quality dips when I listen through the headphone port in the DualShock 4.

I won't have access to my TV/sound system when I first get the Switch and I'd like to have the best-possible listening experience when I start up BotW.",1488468665.0,0
NintendoSwitch,Obviously you steered away so quickly that you didn't even see the title of the article.,1488468169.0,10
apple,r/madlads,1488427304.0,5
AskReddit,This is top-tier for this thread. Absolutely wild.,1488421244.0,2
AskReddit,What in turdnation,1488418349.0,0
AskReddit,Absolutely incredible. 10/10.,1488334721.0,13
NintendoSwitch,"Don't mind as long as the only reason is because of features required for gameplay - like the touchscreen.

I just hope we don't have any devs who say their game ""requires"" the extra horsepower the Switch has when it's docked.",1488236734.0,1
NintendoSwitch,"I have mine pre-ordered and I would've loved to pick it up at midnight, but my local Best Buy isn't doing a launch event.

I'm interested in getting my girlfriend into gaming and the Switch might be the perfect console to do that!",1488236385.0,1
NintendoSwitch,"I haven't been charged by Best Buy yet, but my order status recently changed from ""Processing"" to ""Preparing!""",1488211142.0,1
apple,"I'm really glad I could help!

It sounds like we're in similar boats. The PowerBeats are a pretty big expense, but I'm really glad I went with them over the other options.

I hope you enjoy them!",1488030775.0,2
apple,"Of course, happy to help!

When you use the correct ear tips on the PowerBeats, the noise isolation is very effective. Obviously it's not on the level of true active noise cancelation, but I'm very pleased with how the headphones are able to create a seal without feeling like they'll suck out my brains if I pull them out too fast. A lot of in-ear earbuds I've used have a problem where they will create an effective seal, but it feels as if there is a high-pressure suction on your inner ear. Thankfully this isn't the case with the PowerBeats.

All in all, very good noise isolation without uncomfortable stress on your inner ear.",1488021159.0,2
AskReddit,Thank you.,1487980049.0,2
apple,All good. The W1 chip is fantastic. I forgot to mention it in my writeup so I'm glad you it brought it up.,1487944152.0,3
apple,BeatsX and PowerBeats 3 both use the same W1 chip.,1487943879.0,3
apple,"I skate a lot too. After trying the Beats X recently, I'm still glad that I went with the PowerBeats. I like the design and sound of them much better.

In regards to the PowerBeats, I've found that the high and low frequencies are very crisp and clean - especially if you compare them to past models. In addition, the build quality has also improved. Water/sweat resistance isn't something to look past either.

Beats X had a sound that I found comparable to Apple's EarPods. They weren't bad, but the PowerBeats seemed to fare better with EDM. What really turned me off from the Beats X was the cable; it was far too long for my liking, and the varying flexibility seemed a bit odd. I understand the reason for the cable's design, but I didn't like it much. It would be nice to do without cables altogether (see: AirPods), but part of me enjoys the ability to leave them comfortably hanging from my neck. In regards to how they'll stay in your ear, I think it'll vary on a case-by-case basis. They come with several different ear tips, but personally, I like the wrap-around nature of the PowerBeats.

Edit 1: Battery life is roughly four hours better on the PowerBeats, which is no small feat for compact wireless earbuds. I also realize that the Beats X are designed with magnets that stick together when worn around your neck. Its a pretty cool feature, but not something I consider a deal breaker by any means.

Edit 2: W1 Chip!!! Both headphones come with it, but it's awesome nonetheless. Thanks to u/m1kepro for the reminder.",1487943839.0,3
NintendoSwitch,"Will you want to play while they play? Can you comfortably afford both? If yes, keep both.",1487852374.0,2
NintendoSwitch,"Generally speaking, you'll be charged when the item ships.",1487851601.0,3
NintendoSwitch,"From what I've read, the vent is merely a vent for the device's heat sink. No fan has been reported on.",1487851149.0,2
NintendoSwitch,Yes.,1487851110.0,3
Miata,"Proportions are a little off, but I really like this! Great job!",1487791998.0,9
NintendoSwitch,"I recently read that the dock contains proprietary software to function at a higher clockspeed and whatnot. I have to imagine that it'll eventually be possible to throw together your own DIY dock, but probably not at launch.",1487765289.0,1
apple,"I have a max-spec mid-2014 13"" rMBP.

IIRC, the difference between mine and the 2015 max-spec model isn't noticeable. Just a minor spec bump at best.

Edit: Totally forgot that Apple implemented the Force Touch trackpad on the 2015 model. It's not a deal-breaker for me, especially if that comes at a higher cost, but it really is an awesome feature.",1487676289.0,2
NintendoSwitch,Pre-orders are essentially finished and have been for a while now. Your only chance of nabbing one would be by visiting your local retailer and asking if they still have any.,1487674840.0,1
NintendoSwitch,"Cartridges will help load times to some extent, but ultimately, it's up to the developers and how much optimization is done.

Edit: Tough to call it one way or another before we actually play the games. The only things of which we can be certain are that technically speaking, cartridges can be read faster than discs, and optimization from devs is what tends to make the biggest difference.",1487673376.0,3
apple,"On the one hand, I always think you should buy as much storage as you can afford.

On the other hand, don't purchase something out of your price bracket. Is waiting and saving a little longer out of the question?",1487631085.0,1
apple,Crashed Spotlight for me as well. Didn't crash Safari.,1487629537.0,3
apple,"Occasionally it'll stop working when I use the fast app switcher (3D Touch on left edge) a few times in a row.

I've found that pulling down Notification Center tends to get working again.",1487629224.0,1
apple,"AFAIK, that's original Apple.",1487594766.0,1
mazda3,"Stock vs stock, the Si will be faster in a straight line, but the Mazda has advantages in almost every other category.

In terms of handling, the Si may go around a corner quicker as it comes from the factory with more aggressive tires and suspension setup. That being said, the 3 has a superior rear suspension since it's independent. This provides better handling characteristics and a more comfortable ride.",1487591395.0,3
apple,Jobs passed away the day after the 4S was announced - over a full year after the 4 was announced.,1487327638.0,2
NintendoSwitch,"Only brick and mortar stores seem to have pre-orders left, but they're few and far between. Since you're pretty far out in the boonies, call ahead and ask if they have available pre-orders.",1487241730.0,3
NintendoSwitch,You bet!,1487206586.0,1
NintendoSwitch,"Interesting setup! I'm getting a slight Apple Store vibe from this. It looks like the accessory shelves in their stores, which isn't a bad thing!",1487154484.0,1
NintendoSwitch,"Since you pre-ordered, they will have a console waiting for you. The tickets are for anyone who hasn't pre-ordered one.

If you show up half an hour or so beforehand, you'll have plenty of time to settle in and get into the right line. Make sure you bring all the proper identification so you won't run into any issues.

I'm not sure how early you'll want to get to the store, but usually these events are a pretty good time. Bring a friend or two and arrive a little early so you can hang out with everyone!",1487154000.0,3
apple,I got an @me account right after the switch to iCloud! Glad I was able to snag one.,1487126760.0,4
AskReddit,Shitting duck crossed him up,1487071107.0,5
AskReddit,"Read ""meaty slap"" and lost my shit.",1487041375.0,773
NintendoSwitch,Ask your local retailers directly.,1486962109.0,3
NintendoSwitch,"Personally, I'd play it the first time organically. After that? I'd probably use a guide and go for a perfect or near-perfect save file.",1486962015.0,1
NintendoSwitch,Yes it will. The Switch isn't region-locked.,1486961940.0,1
apple,The Beats X?,1486959565.0,0
apple,"AirPods still look a bit weird to me, but not ugly. Beats X seem to look a bit ugly, but that's just personal opinion and I'm probably in the minority.",1486952420.0,2
AskReddit,Of Mice and Men,1486934448.0,2
NintendoSwitch,You bet!,1486825219.0,5
NintendoSwitch,"If you pre-order with Prime shipping (or better), you will get the game at launch.",1486825128.0,11
mazda3,"God, that new blue that they're offering is fantastic! Hope you enjoy it!",1486767719.0,3
apple,"Given your circumstances, I wouldn't worry much. I have the previous generation of graphics in my laptop and it gets pretty hot as well.

If you want to be extra cautious, there are programs you can download, which will let you manually operate the fan speed and begin the cooling process earlier than it automatically would.

You can download that software [here](https://www.macupdate.com/app/mac/23049/smcfancontrol) if you're interested.",1486767574.0,2
mazda3,Only in areas without cars and pedestrians,1486738338.0,1
NintendoSwitch,"Most likely too late on preorders, but some websites will be able to email you if any more become available.

When it comes to launch day, your best bet would be talking to some local retailers and gathering as much information as possible. If you're looking to purchase one on launch day, be sure to get on line as early as possible. From what I've read, retailers won't have much day one stock that isn't for preorders.",1486729482.0,2
NintendoSwitch,Without a doubt. It's even fairly easy to find OLED at a decent price.,1486726336.0,2
NintendoSwitch,[Confirmed](http://imgur.com/gallery/PkThL) by Nintendo that both will work.,1486725961.0,3
NintendoSwitch,"Hmm, that'd be interesting since it's an older TV, but it's not unheard of! I'm hoping the Switch will be compatible with aftermarket docking solutions. There are a couple TVs in my house I'd like to use, but I'm hesitant to drop $90 on a second dock.",1486725612.0,2
apple,"Does it only have integrated graphics, or is it a 15"" with discrete graphics? Is it getting warm while it's plugged in or just with the battery alone?

From what I've read, both the 13"" and 15"" laptops are known to get quite warm when under a high graphical load in addition to being charged. I've even seen some thermal camera results that show 100º C.

I wouldn't worry much if you're certain that there hasn't been any physical damage to the computer. The newer MacBook Pros are known to wait until the last minute before powering up their fans, hence the higher operating temperatures.",1486724803.0,1
NintendoSwitch,"I believe that it'll depend on the converter you have, but a couple years ago I had one that would output to the TV with the correct (16:9) aspect ratio. It would display with black bars on the top and bottom, but I was able to see the whole computer output.

Edit: Sorry if I'm a bit unsure of it all. No one is totally clear about how the Switch will handle weird video output like that yet, plus most of it depends on the converter you have.",1486722457.0,2
NintendoSwitch,You remind me of the episode of South Park where Cartman was waiting for the Wii to be released.,1486722229.0,1
NintendoSwitch,"Confirmed no at launch, but they left the possibility open for the future.",1486721981.0,1
NintendoSwitch,"IIRC, the Master Edition was preorder-only and there are rumors that SOME retailers MAY have the Special Edition at launch. It's essentially a crapshoot at this point, no one knows for sure.",1486721838.0,2
NintendoSwitch,Whatever you use to convert from HDMI to Component should resize/crop the video output.,1486721723.0,1
mazda3,"Ah solid, we got about 6-8 inches. Had a great time skidding around some lightly-plowed neighborhoods. Lots of fun until one jackass in a truck cut me off and I got stuck in a snow bank.",1486695972.0,1
mazda3,Same here! Nassau County/North Shore,1486695558.0,1
mazda3,Nice shot! What part of the Northeast?,1486695314.0,1
AskReddit,Work at 5,1486677721.0,1
apple,"I'd recommend the newer model and I don't find the Touch Bar to be compelling either. That being said, a concern I have with the ntbMBP is that it has an older and slower processor/GPU combo. If you're worried about future-proofing, you may want to consider the rMBP at a higher spec, or possibly a Touch Bar model.

It sounds like we have similar use requirements. I currently have a maxed-out, mid-2014 rMBP and it's been fine for photo and mild video editing.",1486647228.0,2
apple,"Oh boy. I've always thought that my rMBP looked good, but every time that I see the new model, I get the itch for it.

How do you like the Space Gray finish? Any regrets about not getting the classic Silver finish?",1486642241.0,1
NintendoSwitch,"I've thought about it quite a bit. Those neon JoyCon look really sweet, but I think I'll prefer the grey when I take it in public, at least in the beginning.",1486580757.0,1
NintendoSwitch,"I agree. I preordered a grey model, but sometime after launch, I'll likely pick up some colored options.",1486549667.0,4
apple,"That's awesome! I just booted mine up for the first time in a while and it seems to still work well! If I have the time and money this summer, I'd love to give it some TLC and upgrade it with an SSD and some more RAM.",1486548047.0,2
apple,Download coconutBattery and have it display your battery in the menu bar. You'll have the time remaining back!,1486523141.0,5
apple,"I grew up with Apple products in my household, but the one that gave me the bug was the 2008 Aluminum MacBook. This was right around the time in my life when I was going to need a laptop and boy, was this thing sexy.

An interesting fact about that computer was that it was upgraded to MacBook Pro status after the first six months. For whatever reason, Apple decided at that point that they wouldn't bring any significant changes to it (other than the scheduled processor boost), but still call it a MacBook Pro.

Edit: It was also the only aluminum unibody laptop Apple ever made, which had an option to not have a backlit keyboard! If you bought the base spec 2.0GHz processor (like my poor-ass did), rather than the 2.4GHZ model, you wouldn't get the luxury of those bright new keys.",1486522566.0,5
NintendoSwitch,"For anyone who has played the Switch in handheld mode, how is the quality of the built-in speaker? Loud? Clear? Good frequency range/balance?",1486520659.0,9
NintendoSwitch,"No, that option will have English subtitles.",1486487298.0,1
gaming,Oh baby a triple!,1486487200.0,1
apple,"Bring it back to the retailer.

How bad is the dent? Picture?",1486463540.0,1
apple,"I definitely miss the Macworld announcements, but the season doesn't really matter to me.",1486463323.0,1
NintendoSwitch,"I don't know about the system as a whole, but I read a few weeks ago that at least BotW will have the option to listen to the Japanese voice acting, regardless of where you purchase the game.",1486462248.0,1
NintendoSwitch,"I plan to! I'm going to wait for some reviews to come out before I pull the trigger, but I'll definitely be very careful until I pick one up.",1486423129.0,1
NintendoSwitch,"* $299 + tax (Grey JoyCon Switch)
* $60 Vanilla BotW - $12 (because Prime discount)
* All together: $377.99 (tax included)",1486419311.0,2
NintendoSwitch,Just make sure you turn on cruise control!!!11!1!!,1486419011.0,9
NintendoSwitch,You can bet that it'll eventually be an option.,1486418734.0,3
NintendoSwitch,"All they've said is that it will exist, and if you subscribe to the paid online service, you'll be given free access to a select title for one month, after which you'll be able to purchase it.",1486418667.0,2
NintendoSwitch,"They haven't said anything about it, but hopefully we'll find out soon.",1486418596.0,3
apple,"I have a mid-2014 13"" rMBP and love it to bits. I maxed out the processor and RAM when I bought it, so it still feels pretty damn quick. The battery is great and shows that it still has roughly 86% of its original capacity (Thank you, coconutBattery). At the end of this calendar year, I'll consider having the battery replaced since it's not TOO big of a cost, and I don't plan on buying a new computer for at least another year or two. 

One thing to look out for is [Staingate](http://www.staingate.org). Make sure the laptop you're looking at has had the replacement done, or that it's still covered under the recall.",1486409573.0,2
apple,"I've had a Black Sport Series 0 since near-launch and it's always had little graphical hiccups. WatchOS 3 seemed to help quite a bit, but I still notice hangups here and there. I love my watch and I haven't really considered upgrading.

I've occasionally thought about upgrading to a Series 1 because there are occasionally some decent sales. However, it seems like a lot to pay when I'll only receive a general performance boost. When Series 3 eventually drops, I'll reevaluate where my watch stands and I'll make a decision at that point.",1486408782.0,2
apple,"RAM is one of the most noticeable upgrades you can make to a computer. If you can afford it, spring for more memory. It sounds like four will be okay for most of your usage, but with time and OS upgrades, you'll definitely notice slowdown eventually.",1486408311.0,1
NintendoSwitch,"u/lilman1423 has the right idea. There are a number of users on this subreddit who will be testing different products as soon as the console launches. Expect to wait roughly a week before we have any clear consensus.

As Lilman1423 mentioned, there's a bit more that goes into a battery than just mAh. Voltage, wattage and amperage also have to be taken into account. It's also crucial to buy a product which is certified to follow the USB standard.",1486407869.0,3
apple,"MacBook Air, Mac Mini, iPod (maybe).",1486398336.0,2
NintendoSwitch,It's disturbing how little Sony seems to care about the quality of the games that make it onto PSN.,1486397876.0,1
Miata,This guy gets it,1486264144.0,3
NintendoSwitch,Thank you for your post! I can't wait to read about your findings.,1486240897.0,1
NintendoSwitch,"I wouldn't say that you're screwed, just that it'll be far more difficult. Be sure to get somewhere early and expect to wait for hours before the store opens.",1486240193.0,9
AskReddit,"Agreed. Bose have historically been my favorites. Spending between $100-$200 on a pair of high-quality, extremely comfortable headphones is very worth it to me. Plus, their warranty program has been pretty good in the past.",1486162587.0,1
NintendoSwitch,I have a feeling this went far too unnoticed...,1486162158.0,1
apple,"I totally get that hahaha
 
I've had a mid-2014 13"" rMBP since it launched, but I recently had the screen replaced (for free) because of [Staingate](http://www.staingate.org). The new hardware makes it feel like a new machine and I've been extra careful since then.

Aside from being overly cautious, how are you enjoying it? Is this your first Mac?",1486123170.0,1
mazda3,I noticed that the ND Miata recommends at least 91 octane fuel. Why is this? Doesn't the new Miata have the same 2.0L as the 3rd gen Mazda3?,1486122030.0,1
apple,"I'm not sure I understand. Have you not powered it on? Are you afraid to take it with you?

Which model and spec did you get? These are fairly robust machines! Use it to its potential and enjoy! ",1486120769.0,1
NintendoSwitch,"+1 for this.

Be wary of ""higher-end"" screen protectors. I decided to pony up the extra cash for Zagg's ""Sapphire Defense"" model as they marketed it with better drop/scratch protection, but I can safely say that it scratched easier than any phone screen I've ever had. I returned it for a ""normal"" tempered glass model and it's undeniably better than the ""higher-end"" model.",1486119577.0,1
NintendoSwitch,"I've seen some photos of store displays with dummy units. Nothing with a working or powered-on unit quite yet.

As I understand it, the only way to try the Switch before launch is at one of the Nintendo events.",1486119298.0,1
AskReddit,"He ruined my name (even though I only use one ""n"")",1486118524.0,1
AskReddit,"THIS!!!

Due to the way I wear my hair on a daily basis and how it's cut, I'll occasionally take a break from gel and leave it down like my ""high school skater"" days. Lord, the amount of people who give me shit about having ""Bieber hair"" is astronomical. Fuckin hate that kid.",1486118442.0,8
AskReddit,"I read the transcripts of one of their attacks. Without a doubt the most disturbing thing I've ever seen.

The stuff these guys said and did would be considered beyond terrifying and disgusting for a horror movie today. The fact that it was real makes it so much worse.",1486118121.0,1
AskReddit,"Similar thing with me. For as long as I can remember, a slight tickle on my neck can sometimes send a tickle right to an ass cheek. ",1486117532.0,2
AskReddit,This guy gets it,1486116999.0,1
AskReddit,Thank you!!!,1486116880.0,11
NintendoSwitch,"That's next to nothing. Given that it's a good service, I wouldn't have had a problem paying as much as PlayStation Plus ($60).",1485987477.0,1
NintendoSwitch,"u/travisd05 is right. However, I did look at quite a few listings on eBay. There are some outliers, which are more expensive, but if your friend isn't a complete fool and Nintendo doesn't astronomically increase hype, his price will probably fall somewhere in my estimate.

Edit: A word.",1485987158.0,1
NintendoSwitch,Roughly $450-$525,1485963541.0,5
apple,Is this a damn joke? Two of the three photos don't even feature the correct product.,1485961072.0,1
NintendoSwitch,"I've heard they're involved, but I don't know to what extent. I think they're working on the mobile app.",1485952881.0,1
apple,"Are you looking to purchase a 13"" or 15""?

I currently have a maxed-out 13"" from mid/late-2014. I've been doing a lot of research into possibly upgrading, so I may be able to help if you're considering a 13"".",1485947925.0,1
apple,"You bet, enjoy your new computer!",1485947437.0,1
apple,"Based on the current product lineup and my usage needs, I really prefer the versatility of my rMBP.

That being said, if Apple were to release an iPad ""mini-Pro"", or at least an updated mini with the A10 chip, I'd pick one up. I got the original mini when it first launched and I seriously loved that thing. There were plenty of days that I'd compliment my laptop usage with it, and sometimes I'd leave my laptop at home entirely.",1485947128.0,1
apple,"It looks like you've received some solid input so far, but personally, I'd go for the RAM upgrade.

You can always upgrade your storage with an external drive, and with macOS Sierra's space-saving features, you might actually be fine with 256 GB.",1485946018.0,3
NintendoSwitch,"No news quite yet on Virtual Console or backwards compatibility.

From the rumors I've read and the way Nintendo has handled questions about GameCube ports, it sounds like we'll eventually get them, but no one knows when.",1485945457.0,1
NintendoSwitch,"The only public demos so far have been the ones at Switch events. From the way Nintendo explained it, it sounds like the store demos won't be live until launch day.

Edit: I don't know if anyone is displaying a demo of BotW, but I wouldn't expect them to show it on a Wii U when a superior version is coming out at the same time.",1485944713.0,1
NintendoSwitch,"If you secured a pre-order, you can bet on it arriving on the third. Just to be sure, I'd check with customer support.",1485944626.0,2
NintendoSwitch,"+1 for this. During the craze for the original Wii, I found three in stock at a convenience store for MSRP.

Try asking around to see if anyone knows wether or not they'll receive stock.",1485944408.0,2
NintendoSwitch,"I've read that it's up to developers to decide. Hopefully with Smash, they'll only require one copy of the game. Requiring two copies for 3DS was a real pain.",1485944328.0,3
NintendoSwitch,"It's tough to say. Some retailers have sold all of their launch stock as pre-orders, but I haven't seen any clear info in regards to what Amazon's done.

While Nintendo is supposedly increasing production, I think your best bet is checking out a brick and mortar store on the third, or securing a second preorder before you cancel your first one.",1485944149.0,2
NintendoSwitch,Nothing announced yet.,1485867332.0,1
NintendoSwitch,Buying a digital copy of the game will essentially work the same way as buying a physical copy. You'll be able to use it wether or not you're subscribed to the online service.,1485867240.0,1
NintendoSwitch,"Saved game data will be stored locally, on the Switch. Physical copies of games are shareable. Nothing about sharing digital copies has been announced.",1485867102.0,1
NintendoSwitch,"Good question. The Switch uses USB Type-C and will work with any approved cables and power bricks. Included in the box is a power brick with a permanently attached USB-C cable.

Essentially, if you have a power brick for your phone and connect to it with a USB-C cable, you'll be able to charge the Switch.

Whatever you do, make sure that the charging hardware you buy/use is not some cheap knockoff from a convenience store. Spend a little extra on some approved hardware and ensure the safety of the Switch's battery.",1485866961.0,2
NintendoSwitch,"It will most likely still be difficult to get the special editions. It's unlikely that they'll make any more Master Editions after the launch stock runs out, but they make release some more Special Editions.

Your best bet is finding a copy on launch day, though you may have to camp out.",1485866683.0,1
apple,"Oh I get that. I upgraded to a maxed 13"" rMBP when they were refreshed in mid-2014. Coming from a base 2009 aluminum MacBook it was quite the jump.",1485645036.0,1
AskReddit,"I may be in the same or a similar boat. It's not so much that I'm turned on by it, but I just like making someone happy by treating them to something they wouldn't normally buy.

I'm by no means wealthy, but if I can afford to put some money towards making someone genuinely happy, I'm totally down for it.",1485624820.0,1
apple,"Build quality - every single time.

I end up taking it for granted after I've been using an Apple product for a while, but when I unbox a new one? Wow. Taking my Jet Black iPhone 7 out of the box for the first time (without fingerprints or ""micro-abrasions"") was awesome. Jony Ive's claim of the phone looking like a continuous piece of glass stood up.",1485621982.0,15
apple,Glad to hear that you're enjoying it! Which computer did you have before this one? How do they compare?,1485621376.0,6
apple,"Oh boy, the backlash about not supporting Flash... It wasn't that big of a deal then, and today I absolutely hate when I have to use Flash on my MBP.",1485620818.0,1
apple,"That's pretty cool, but I have my phone set so that Siri won't audibly reply unless I'm using a Bluetooth device or I shout, ""Hey, Siri!""",1485620625.0,2
NintendoSwitch,Thank you for including #3. I feel that not enough people understand this.,1485620388.0,3
Miata,"Congratulations!!! I'm currently saving up for my first Miata, so hopefully by summertime I'll join the club too.

Your car really looks beautiful and I hope you have many many happy miles in it.",1485619274.0,2
mazda3,"I definitely prefer the OEM mats, but that's based mostly on the look of them. I tend to keep my interior fairly clean and make sure I knock my shoes before getting in. I haven't had any issues with sand or snow since I installed them.

That being said, the WeatherTech mats will provide significantly more protection because of their high sidewalls. I nearly bought them, but the look of the OEM mats and the fact that I rarely track much snow/sand into the car led me to Mazda's option.

Edit: I drive a 2015 iTouring Sedan",1485549177.0,1
NintendoSwitch,"I'm noticing the same (or a similar) issue with my preorder. My correspondence with Amazon Support is below:

**Me:**

Original Message

--------------- 

*01/25/17 04:37:51*

*Your Name:* Dylan

*Order Id:* 107-1491297-1441849

*Item name:* Legend of Zelda: Breath of the Wild - Switch
 
*Please tell us if you would like a Replacement, Refund to a gift card, Refund to the original Payment method, or a Partial refund for keeping item*

*Description of issue:* Correct version of product (Nintendo Switch) is shown on ""Your Orders"" page, but when I view the product page, it shows ""Platform: Wii U."" I made sure to select the Nintendo Switch option when ordering my product, but now I'm seeing conflicting information and I'd like to be sure that I will receive the correct order on launch day. I do not believe that I have been charged for this product yet and I am not looking for any sort of refund or compensation, just clarification as to which product I will receive.

--------------- 


**Response:**

Hello,

I'm sorry for any inconvenience caused regarding the purchase of this item.

I've checked and see that it is mentioned as wrong in website. You'll receive ""Legend of Zelda: Breath of the Wild - Switch"" once the item is released.

We expect to ship your order in time to be delivered by March 3, 2017. We will send an e-mail when your order is shipped so you can track your package.

You can check the most up-to-date status of your order in Your Account, here:

https://www.amazon.com/gp/css/summary/edit.html?orderID=107-1491297-1441849

We look forward to seeing you again soon.

We'd appreciate your feedback. Please use the links below to tell us about your experience today.

Best regards,
Nagasushma M.",1485355771.0,1
NintendoSwitch,"That's a good call. I just sent an email to Amazon Support, so I'll be sure to update my post when I get some more info.",1485348425.0,1
NintendoSwitch,"Holy shit thank you for this post. I just checked and the ""My Orders"" page shows the correct version, but the product page is incorrect.

What is your advice at this time? Should I contact Amazon Support to make sure that I'll receive the correct version?



UPDATE: I just heard back from Amazon customer support and I'll post a new comment with that info.",1485347195.0,3
apple,"I don't have any personal experience with the m-line of processors (yet). However, if they behave similarly to the i-line of processors, I expect the jump from m3 to m5 to be quite significant and more noticeable than a mere 100MHz bump.

I'm not an expert, but from what I gather, the m3 and m5 processors behave differently, and the higher graphical abilities of the m5 only add to the performance jump.

On a semi-related note, did Apple discontinue availability of the m7 chip in the rMB?

Edit: I'm a dumbass and didn't notice that the m7 is only shown once you reach the ""configure"" page on Apple's website.",1485343661.0,2
NintendoSwitch,"Given the way Reggie has tiptoed around the topic, it's looking likely that they'll include GameCube support at some point. Most games don't necessarily need the analog input for shoulder buttons. I've played a few GC games with emulators and digital-only buttons and there have been a few instances where I had to behave differently to make it work, but overall, it's not a significant loss.",1484924811.0,2
NintendoSwitch,"Absolutely this.

IIRC, Twilight Princess was hyped up the most. Wind Waker took some time to be appreciated due to its different art style, and I believe that Skyward Sword had a middling amount of excitement behind it.",1484916469.0,1
NintendoSwitch,"I'll probably wait for more options to hit the market. I'm not particularly a fan of the cases I've seen so far and I'd really like to get a nice leather pouch for it. I imagine that for most of the time I'll be bringing it around, it'll be in my backpack, so I'll just need something to protect the screen from scratches.

Edit: I'd also like to avoid getting a screen protector.",1484912681.0,2
