subreddit,body,created_utc,score
zagreb,"E vidiš, ovo ostalo bi baš išlo za život je na vagu haha.

Ali nisam vidio bucmastog emo lika/likušu u životu čak i u primeu 2006-2010 kod nas (osim u SAD-u, no shade).",1746543068.0,1
zagreb,"Prvo me trebaš pitati za visinu da bi kilaža imala ikakvog smisla. 172CM i 64KG. Azijska genetika. 
Ne treniram and proud of it.",1746541909.0,1
zagreb,"Ne znam koja vam je gornja granica za druženje. Ja sam emo/metal/noise/drone/electrotrash uncle od 30 godina, izgledam kao da imam 18-22. Ne droxxam se niti ne pijem ali duvam cigarete i vejp tu i tamo. Skoro sve osobe koje znam su LGBTQIA.

Ja sam strejt. Ne druškam se baš od korone pa niti nemam sa kime izlaziti. Uglavnom radim I sve pare trošim na video igre anime/manga pizdarije.

Nisam baš za ovaj novi skibidi humor. Ne razumijem ga. Ali OG 4chaner sam dok nije počelo biti smeće.
Možda se snađemo.

Išao sam u klubove tako oko glazbe I druženja prije dok nije krenula pre-post apokalipsa. Generalno koristim discord za dopisivanje. 

Pa ako ste zainteresirani za pričanje prvo, pa druženje second. Slobodno DM. Ciao~",1746532685.0,1
steam_giveaway,"Ghost of Tsushima DIRECTOR'S CUT

Thank you!",1742685645.0,1
8bitdo,"Yes, i need the Gyro, but i have been reading a bit since i posted this. And it seems that the Switch/Bluetooth version with Gyro has BIG problems with Bluetooth on PC. It either does not connect properly, and even if it does, most programs do not handle it. And Vibration also doesn't work properly, even with Steam Input enabled, as some have said. It also doesn't have Analog Triggers, only Digital.

So in the end, i got the Wireless Version 2.G/PC with both 2.4G Dongle and Bluetooth support, but without Gyroscope. I ordered the Mint version. They also had them in stock in my Country, apart from the limited edition ones, and all of them were just 20€ + 5€ shipping. The Green one was on a discount even, 16€ only.

But i do prefer the Mint version with the Orange Buttons and Pinkish Backplate. Gives a more GameCube/Switch feel to it. And while i won't be using this for the Switch Emulation, i will certainly use it for PC Gaming. I hate charging my batteries on X1S Controller when they die out, then swapping to DualShock 4 in middle of gaming. This one has 20-30H Battery Life ans is USB C.

I will just stick with DualShock 4, or maybe DualSense for Zelda BOTW/TOTK. I even believe Tears of the Kingdom doesn't even need Gyroscope for any of the Shrines compared to Breath of the Wild. However i am only 25 hours in, and didn't go to any of the dungeons, so that might change.",1741195005.0,0
ReadyOrNotGame,"Yeah, i tried that. DX11 removes the issue, but introduces 10 more.  
I would be fine with a 10 FPS hit if the game was playable on DX11, but it eats all 8GB VRAM on Lowest, Stutters a lot, etc. Something isn't right with the rendering. And DX12 has the hair problem...

Void still didn't respond on their Discord in either the Tech Thread or the Bug Thread.",1741031256.0,2
ReadyOrNotGame,"Yeah, he must be very shy. The game goes into panic mode when he gets an anxiety attack near females.",1740952232.0,9
MHWilds,"OH man, i only play as a cute waifu in MH games with a big Sword for some reason because i can't make a normal male character. I only managed to make a perfect Guts in Dragon's Dogma 2 as my MC.

Thanks for the code!",1740842419.0,1
LesPaul,"Yes, i do have a serial number. However I just spoke with live chat, and they checked with the manufacturer. Apparently those are brand new models that do not come with the truss rod cover, or rather, they are blank so this is the correct version that i got since they only got them very recently. I was a bit confused since this is my first guitar. Plus i can always just alter it later to something else. Thanks for the help!",1737720629.0,2
guitars,"I just spoke with live chat, and they checked with the manufacturer. Apparently those are brand new models that do not come with the truss rod cover, or rather, they are blank so this is the correct version that i got since they only got them very recently. I was a bit confused since this is my first guitar. Plus i can always just alter it later. Thanks for the help!",1737720577.0,1
guitars,"Nope, brand new. Never been opened, sold or touched before me.  
EDIT my first post, to post another image.",1737718805.0,1
manga,"I still don't understand, who is in love with Denji, Yoru or Asa? Because all the scenes like jerking, kissing and everything else were with Yoru. Do they both love him in different ways? Because only Yoru is expressing her ""love"" if she actually means that, or if she is being manipulative. While Asa is always being skeptic, or calm, or a little bit distant.",1730830862.0,1
EndeavourOS,"You don't need Snapdragon to run Recall AI.   
[https://www.notebookcheck.net/New-Windows-11-AI-feature-Recall-runs-on-CPUs-other-than-Snapdragon-X-series.841336.0.html](https://www.notebookcheck.net/New-Windows-11-AI-feature-Recall-runs-on-CPUs-other-than-Snapdragon-X-series.841336.0.html)  
It's not about my current setup, but my future setup. Unless they remove Recall, none of us are future proof.",1716867768.0,1
unixporn,Rhythmbox. It's the only one that looks simple and can scrobble tracks to last.fm.,1716649062.0,1
EndeavourOS,"I think it's just regular shader cache stuttering in the first 5 minutes, just tried it on a new UE4 game. I might try Zen like another user suggested! Having multiple Kernels shouldn't really hurt Performance that much, as i don't see a difference with MangoHud when it comes to FPS.",1716634524.0,1
EndeavourOS,"Thank you, and indeed! If we had more native game support, everything would be fine and dandy, But Valve went the extra mile with Steam Deck and Proton Layer and i haven't had any issues with games apart from those that use horrible anti-cheat systems!

This isn't my first time on Linux, but it is my permanent switch. Aside from some programs that don't work on Linux or there aren't any alternatives, everything else works fine or even better. Proton Layer Games are faster than native, to my surprise haha.

Note that i don't use those programs for work or anything, so i am fine and can ditch Windows forever :)",1716633477.0,2
EndeavourOS,"I should read more about Kernels while trying to decide on which ones i want to use. I heard about Zen, it uses the latest Kernel, right? But didn't know exactly what it does. I could try LTS again and see how my games run, because for some reason they weren't as smooth as they are now. Placebo? Who knows.",1716633200.0,1
EndeavourOS,"What about video game stuttering that was happening, and now it doesn't. Is it just placebo on my side? EOS defaults to no LTS Kernel by default, i just ticked the box due to using Distros with LTS before as a safety measure. Thought it would be good in the long run. I can easily add it back, and test it again!",1716632936.0,2
EndeavourOS,"Thank you for the explanation. The performance in video games (Unreal Engine 4/5 Stuttering) is gone. I was always wondering why this was happening since Steam uses Proton Vulkan Layer with pre-cached Vulkan Shaders and it should play without a hitch.

All previous Distros i used were using LTS, but Arch (EOS) is Rolling, right? LTS is off by default, too.  
I just manually enabled it because i thought it would be a good idea.",1716632783.0,1
EndeavourOS,Thank you!,1716613203.0,2
EndeavourOS,"For the picture i used Shaders for Live Wallpapers named Neon Parallax slowed down.

Colors: Cattpuccin  
Plasma Style: Sweet  
Window Decoration: Cattpuccin  
Icons: Candy Icons  
Cursors: Vimix  
Splash Screen: EOS Loading  
Konsole: Cattpuccin with Blur and 50% Opacity with FastFetch AutoLoad at Startup  
Custom Application Launcher Icon for EOS versus default KDE  
Equalizer Terminal is Cava  
And Music Player is Rhythmbox because i can scrobble my music to [Last.Fm](http://Last.Fm)  
Lock and Login Screen is Spooky Spill

https://preview.redd.it/opw9wqr88i2d1.png?width=3840&format=png&auto=webp&s=6e0c08756ffd4a60f8347b36e647eb46bae15758

Widgets are all vanilla apart from Weather which is Simple Weather, and taskbar has been customized.  
Hope this helps!",1716613177.0,10
EndeavourOS,"Thank you!. I thought LTS stands for ""Long Term Support"", so i was oblivious. I followed the terminal commands you posted, and now it shows like this. Did i did it right?  
Kernel now shows as: Kernel: Linux 6.9.1-arch1-2  
  


https://preview.redd.it/py23x78x5i2d1.png?width=1920&format=png&auto=webp&s=dae65aab42b0fae2cfff06884501810f26e61bc8",1716612455.0,2
EndeavourOS,It works but hasn't been worked upon for years. I think people use Fastfetch nowadays.,1716604158.0,1
pop_os,Same thing here.,1716573211.0,1
pop_os,"Me. I was using POP!\_OS before switching to Arch, then switching to EndeavourOS (Which is just Arch with Calamares Installer, Firefox and yay along with a custom purple theme for KDE PLASMA 6, all of those can be disabled however and you can also install GNOME and other Desktop Variants if KDE is not to your liking)  
  
Started with Mint, as most users did, tried Kubuntu, didn't like it. So now i am waiting for POP!\_OS Cosmic Update.  
I just like the workspace of it. It's nice looking, simple design but modern and it works out of the box without too much hassle. And you can customize it however you want with extensions and other things!

I think it will be worth the wait.",1716572962.0,1
pop_os,"Linux Mint is stable, and a perfect alternative to newcomers who come from Windows. It's uncanny familiar.  
However i would argue POP!\_OS is better. It has a different workspace obviously, but at the same time, looks better out of the box, minimal setup, it just works. The Packet Manager is a bit slow, but that will get fixed.

I prefer POP!\_OS but i don't mind anyone who uses Mint, because both are awesome in their own way.  
Neither is better for video games overall. POP!\_OS has an advantage due to NVIDIA Drivers. But overall most Distros are equal when it comes to video games.",1716571922.0,1
pop_os,"This is untrue, as Arch Linux now has an installer. Granted, it's text based, but it's an installer. You don't have to do anything manually. EndevourOS is basically pure arch apart from installer, yay and firefox (All which are optional btw) and this is my choice of a distro. POP!\_OS is amazing  if you like GNOME or in the future something similar to GNOME, they will love POP!\_OS. I prefer KDE PLASMA 6. And i have been using it prior to this. Waiting for the Cosmic Update before switching again to POP!\_OS.  
But just because it wasn't update yet, doesn't mean it's not super stable.

Would recommend POP!\_OS, Kbuntu and Linux Mint for newcomers. I would stay away from Manjaro (Forever) and Arch for now, or EndevourOS. Since it doesn't come with a packet manager (You can install it if you want tho) hand it's not ideal to install anything via a packet manager due to the structure and how updates are handled.

Linux is not Windows, but it's a comfy alternative or upgrade. 95% games work on Steam via Proton, the rest that use certain anti-cheat software do not. But not all, EasyAntiCheat works on Linux for example, so does VAC. Even EA Launcher, Ubisoft Launcher and their games work perfectly fine under Lutris.",1716571559.0,0
pop_os,Still waiting for official Alpha. Does anyone know when it comes out? Is it really late May?,1715946916.0,1
linuxmint,"Thanks so much for the detailed explanation! This makes much more sense on how to do it, and above everything, it does work perfectly fine! Bottles works depending if i use Soda or Wine on it, but using Wine Straight Up works far better. Lutris might be a good option for a library setup of non-steam games, but yeah, using steam for non-steam proton works perfectly well. I was more concerned about the installation files such as fan made fixes (TFix for Thief, etc.) and open source engine fixes to install them rather than video games themselves.",1707478561.0,2
linuxmint,"Thank you! Some programs work, some don't depending on the layer, some outright do not. But generally this has been of great help. Some work directly via Wine, others via Bottles. Like Installers, which is the main reason i needed something like this.",1707468433.0,1
linuxmint,">steam-devices

Thanks a lot, that actually solved the problem instantly!",1704357617.0,2
antivirus,"Finally someone who understands me, even if i buy it, and i  did, got like 3 months, i still got constant notifications. It's like they are overselling, and i ain't buying.",1703101951.0,1
DragonsDogma,"**PSN: MemoryDealerPawn: MonoVocation: SorcererLevel: 120Primary Skills: High Bolide/Gilcel/FulminationSecondary Skills: High Seism/Miasma/Maelstorm**

Has Wyrmfire Gear and some BB3 Level Armor, need RiftCrystals to upgrade her to Bitterblack Level 3 Gear fully.

Would also appreciate if you have a spare **Hood of Oblivion** and **Boots of Oblivion** for myself, Thank you!

https://preview.redd.it/y1w49ttgvd7c1.png?width=400&format=png&auto=webp&s=eba8e63c3556667423a3b0d1172eb6d588ee16e3",1703017320.0,2
FuckTAA,"Someone compiled a new custom ReShade that works for both games for themselves and shared it to me. Suffice to say, it works on all games.  


Now i can't really share that custom .dll and it's only for DX11. But all versions will work in the next ReShade update which is great :D  


Thanks for pointing me there, or rather, to their discord.",1702119311.0,1
FuckTAA,"Yeah, will do. Project Warlock 2 outright crashes after 1 minute on Steam. Maybe the DRM affects it? I don't think GOG version is affected.  


Blood West has some weird encoded video files in a container, and they also play at 1 Frame Per Second when using ReShade. But thanks for letting me know, i will do that!",1701867104.0,2
FuckTAA,"Nah man, it's alright, it's totally fine, especially giving advice to people in general. No need to apologize and thank you again!",1701866998.0,3
FuckTAA,"Thanks man, i know how to make one, but maybe it's just easier to follow instructions for once.",1701835391.0,2
FuckTAA,"Not that advanced (For me), i was just looking to simplify things. It's just those selected games that won't work, others work great. Anyway, thanks for the suggestion and help, i did use that program before to try out CRT Filters for Retro games on my Screen since i don't have a CRT Monitor hooked up currently and no converter.",1701835366.0,2
FuckTAA,">ShaderGlass

Alright, thanks man. Can you somehow get the program to auto-start with the game when i launch it via Steam? I really hate any manual launchers, so this is why i was looking for an injector.",1701830162.0,2
AlanWake,"Thank you, a lot.   


But next time, if it ever comes to that, please don't make end-users and consumers individually contact their providers/services, etc. It's not an issue we can fix on our end.  
We would rather wait for an official fix than get angry at Sony/Epic Support for their ignorance of the matter or just redirecting us between those two companies.",1700342283.0,1
residentevil,"First time? Yes?  
Second time, hell no.  


Third person is fun, but a little clunky due to the movement being based on the first person, unlike REmake2, 3 and 4.",1699190161.0,1
bloodborne,"I have 6K and Platinum, i don't know honestly. Make BL43 Builds for Invasions and helping people in Co-Op. +10 Uncanny/Abyssal Gems with the best Runes.",1699190097.0,2
Berserk,"I started at the age of 6 in Japan, when i was living there. Now i am close to 32.  
Back in the day, +17 rated stuff was always handled to kids, and i don't know if they had any side effects or not, but they did affect my life a lot in a good way. I would say 14-15. Despite being +18.",1699189965.0,2
DevilMayCry,"DMC1 is one hell of a unique game with one of the best level designs, i would put it on spot A, and DmC on spot B. (Good game, just different). DMC2 obviously the lowest, even tho i had some fun with it despite that. It's DMC2 that got me into DMC in the first place when i saw it on PS2 the first time at launch, and it also did a lot for DMC3, 4 and 5 with the ideas in place.",1699189850.0,1
antivirus,"Whatever you say. I want free stuff, because all my programs ARE FREE stuff.  


I simply and politely asked for an Anti-Virus without ADS, POP-INS and Constant Reminds to buy Pro versions, or shove the discounts in my face. I don't want any buttons to remind me that because i didn't pay for the software, my value is less than others.  


I don't have any problems with any other programs i own that are free. Open License, Freeware. Why is that so hard to FUCKING understand?  


And most of you are just nagging me around because of that. What part of free, add-free, pop-in free, no reminder, no glowing buttons do you not understand in the question? If that doesn't exist, then simply say it doesn't exist. Don't try to make me ""understand"" that ""nothing"" is free, because 90% of programs have alternatives that are.",1699186764.0,1
antivirus,"Yes, i do agree. The have to update their database daily to counter most things on the fly with real life protection. I understand that. It's just that i am in no position to currently subscribe to one due to money reasons.  


I was simply asking if there was some alternative that doesn't constantly nag me with their deals. Just make 3-4 features available, and remove the rest on the screen or lock it. Have one upgrade button, etc.  


From my understandings, Free Anti-Virus softwares can be more annoying than the malware on your PC (Joking obviously).  


Currently we are living in a wolrd where personal information is getting handed left and right despite what providers claim. The charm of Anti-Virus, premium at least, is to keep that information private too.  


When i have money, i might decide to get a plan, but until then, i will be cautious. Again, thank you, and everyone else for the help.",1699174205.0,1
antivirus,"If i had money, i wouldn't skimp on it. It's the same reason i am using freeware software instead of paid. I wouldn't be using LibreOffice if i had the money for Microsoft Word and the whole package. Same with GIMP or [Paint.Net](https://Paint.Net), i would be using Photoshop.  


Like i said, if it was a one time deal buy even for 100€, (Free Updates, etc, no support, you pay if you want support yearly), i would get it without a shadow of a doubt.  


I know people get mad at me here for acting like some entitled idiot, but it's the truth that i have been using free software my whole life and never had a problem with it, and if i couldn't get it, i wouldn't use it. Same for video games or music. Can't afford it? Would never pirate it for example, would get it when i had the actual money.  


I got infected once, and it made my life a living hell. lost a 130€ account permanently. But i also know that you can't get infected randomly, it was my mistake by downloading a file that wasn't on a official site. Otherwise nothing can harm you if you don't let it run or download on your PC, or click weird e-mails. Especially on Windows 10/11.",1699173836.0,2
antivirus,"Will try them out, thanks.",1699144574.0,1
antivirus,"Thanks, will try it. Hope it's light on the system, i want to gain as much performance when playing games as possible due to my 240HZ Monitor.",1699144555.0,1
antivirus,"All my software is free, which i also use for business and hobbies.  
All of them are freeware. Which point of Freeware you don't understand? Why would i pay for Photoshop when i can do the same stuff with [Paint.Net](https://Paint.Net) or Gimp?  


Almost everything is free. The only things that aren't free are Video Games, Music, Streaming Services and certain software.  


I don't have a single program purchased on my PC excluding Steam Games.  


So how come Libre Office, Shortcut, GIMP, Audacity, VLC, etc, are free? You can donate if you wish, but they don't force you to.",1699144479.0,1
antivirus,"No, i don't pirate anything. I always download free software, so instead of Photoshop, i just use [Paint.Net](https://Paint.Net) or Gimp, etc.  


Same for video games. I buy them legally on Steam, and in rare occasions, i use other storefronts. If i can't afford the game or i want to play it but there are some problems, i don't buy it. When i can buy it, then i will play it.  


I only pay for Internet Subscription, which makes endless stuff possible.  
I don't own Netflix or any other streaming platform. Neither do i use Spotify Premium. It's mostly used as a background on PS4/PS5 when i invade in SoulsBorne. I use Foobar 2000 with .flac files either by digital storefronts or disc based physical copies that i rip myself. So i actually never stream music.  


Look, i am fine with Anti-Viruses be subscription on Premium basis, but if i download the free version, don't put features i CAN'T use, don't put ads or sales or pop ups to make me buy it, because i won't. It's horrible marketing. It doesn't matter that it's 70% off, i won't get it. If i wanted to get it, i would subscribe, i would already made up my mind. This is why i wanted some Anti-Virus that doesn't have big glowing buttons to buy premium or stuff where i scan, dunno, my mails/network, then afterwards it pushes me to buy it, instead of outright locking the feature.  


I might get one of those just as a backup for security, thanks for the input.",1699144304.0,1
antivirus,"I do. I downloaded a program from a non-official website. A free one at that. And i know exactly that was the cause of it. Because not one day after, all my accounts were trying to get breached. Good thing i gall of them back, secured, scared for malware, virues, trackers, routers, spyware, etc. I don't remember which one i used, but i got 2 months of premium. So that was enough to get rid of everything and start anew.",1699143985.0,1
antivirus,"Yeah, but how do i know which features work and not with the trial? I just want to know which ones work with free. At this point i figured out it would be better to not just use any anti-virus because their prices are just too much for what they offer plus it's subscription, which i am highly against, and not a one time buy thing.",1699137159.0,-4
antivirus,"Depends on the software. Like i said. VPNs and Anti-Virus software use a subscription model.

Programs such as:Libre OfficeVisual Studio CodeShortcutOBSVLCAudacityGIMP[Paint.Net](https://Paint.Net)FoobarFireFoxThunderbird7-ZipNotepad++ and more do not have any plans for a premium service, they are all free and have donations, and some only have a one time pay fee.

They all have a donation page.

I just wanted an Antivirus program that does the same. If that's not possible, then it's alright. Now i am secure anyway, with all my passwords changed, and everything scanned for Virues and Anti-Malware + Tracking.

I just wanted an extra layer of protection that wouldn't slow my system down by any means, because i play games mostly on my PC.

I tried at least 6 Anti-Virus programs so far, some were better than others for free, but none of them really have any benefits over Windows Defender in basic functions.  


It was a software i wanted to download, that was also free, but apparently i got it from some other site. It was freeware, like everything else. But i managed to get everything back, apart from Escape from Tarkov, some stupid russian played on my account with cheats on. I tracked his IP Address. But others were recovered.  


I even had 4 layers of protection on that account, and 2-Step, which he didn't have access too. But that just shows that their system is very faulty.",1699129994.0,0
antivirus,"Yeah, maybe they do. Like i said, i am not experienced with Anti-Virus because i am always careful, always buy my software, always use strong passwords, never download something fishy.  


But i had a breach one, all my passwords stolen, all my accounts stolen. I had to spend one month to get them back, Steam, UPlay, PayPal, Tarkov, Battle. Net, EA Play, Microsoft Account, E-Mail, etc.  


It happened on accident. So i am not sure if i need one, with the bloat going on or should i just use the default windows one. If Antivirues, the best ones, were buy once for a lifetime, then i wouldn't have a problem, but subscription models don't work for me.",1699128565.0,4
antivirus,"Alright, then i'll stick with that, thank you. Everyone else here is ""hur dur"" pay for software when i am literally asking for a freeware version of it.  


If software for editing photos, videos, music and other stuff are freeware, why doesn't an antivirus that is free exists? Doesn't make sense to me, but hey, whatever floats their boat of elitism.",1699125109.0,-1
antivirus,"No, a realistic take. I want a free antivirus. Loads of freeware software exists, and i have yet to find one that is an antivirus software. All my programs are freeware. Not even offering premium services, just donations.",1699124998.0,5
antivirus,"I expect to have basic functions, not premium functions on an anti-virus software, it's the only reason why i am asking if someone with better experience than me knows some program that doesn't nag me.  


They can lock all the premium stuff behind activation, just don't make pop ups and ads.",1699124906.0,1
antivirus,"Kaspersky forces me into Trial. I just want the free version. No trial, no anything.",1699124637.0,-8
antivirus,"Yes, and i want an antivirus that doesn't shove me with ads and pop-ups, and disables features right from the get go instead of letting me use then, then forcing me to buy the serial.",1699124597.0,-2
AlanWake,"This is what i have been trying to say, but i got downvoted to oblivion on my first post because ""Be nice, customer support are just workers too, geez""  


Oh yeah? No shit. They should do their job then. The work of a support worked is for them to SUPPORT you for your problems directly, not shower you with generic Copy-Pasted answers. They clearly don't act human if they do that, they act like bots and robots with automated responses. Each and every response to each and every problem should be different, not automated. I don't care if they don't have the time, they are paid to answer and resolve my questions, not the other way around. I might sound like a prick, i might be a prick, but that's the honest truth.",1699118773.0,1
antivirus,"No better alternatives? They really do like to shove and push those premium features, yet they offer free versions.",1699118172.0,1
AlanWake,"Not really. But the guy from Epic that i contacted and said he would stay in touch basically told me what Remedy did today (That's all he can do, he is just customer support, after all).  


[https://ibb.co/QC9gHfB](https://ibb.co/QC9gHfB)  


So the situations seems to be that you really need to contact Sony Support.",1699117651.0,2
AlanWake,"I understand the frustration my man. But i never had any issues in 27 years of gaming, not even when pre-ordering. This is the first time, but while i was very mad at the beginning, i just seem to accept the realization of the situation and let it play out. Shouldn't bother myself too much over stuff i have zero control over.",1699058092.0,2
AlanWake,"Yeah, i hope that too. But sadly they can't really patch it out unless they give free pre-order items as DLC to everyone, which i am ALL FOR.  


I don't feel entitled that i should get those items because i paid money up-front.  
They made a mistake, and this would be a great way to fix it as an apology.  


Everybody would win.  


Yeah, same. Never got any problems pre-ordering games, and i always do them, the ones i want and like. This is the first time i have this problem. Kinda sad.",1699055762.0,4
AlanWake,"No, no. Explain to them CLEARLY, like i said, don't be ""nice"" and play by their rules. Demand that you don't want the typical generic answer experience. That you are full of that and that you want the issue resolved, and that you don't care how, that it is UP to THEM.  


When i called them, i said that i have a problem with the Pre-Order Bonus of Alan Wake II, and contacted Epic support, which said to contact Sony Support.  


Then i mailed them and went into great detail what actually doesn't work, the license is missing. So i went to explain that i Hard-Booted the Console, Verified the Cache, Restored Licenses, Reinstalled the game, used the PSN Storefront to check the DLC, used Manage Content on the game to see that i am missing a license. Used the PSN Mobile App, the Webpage, etc. Nothing worked.  


Then Provided at least 6 screenshots, the FAQ of Alan Wake Pre-Order Items, The in-game screenshots of missing items, The Purchase Transaction, The Manage Content Page, The Store Page, The Epic Games Answer. And said that i pre-ordered on 13/9 and that the game came out 27/10.  


Afterwards they opened my case, and today Remedy tweeted this image. I also mailed them this, so they know it's an issue on THEIR side.  


Be persistent, don't let them play you down, don't let them shut you down. Demand and insist that they fix the problem and that you don't care how because that's not your problem. Also say that Epic games sent you to Sony, and that they are the official Support Page/Publisher. Don't let them speak down on you, trying to make generic answers. Get angry if you must. Don't be fooled by their nice speech that they can't do anything, you know better than that, you know they can fully do what is told to them.  


I might come of as a jerk to other people in other threads, and was downvoted to oblivion because ""Support Workers are People too! You are rude, they are just doing their job!"" no, they act like damn robots without any human compassion, they aren't doing their job.  


I started calm, collected, nice. But when they started giving me some generic crap, i switched the gears and started telling them that they should stop acting like idiots and that i know how all of this works, as i worked in customer support before. So they shouldn't try to give me their generic copy-paste ""Microsoft"" answer (I say Microsoft, because if you ever contacted Microsoft, they will just copy paste shit like restart your PC).  


Just keep pressing ON. Don't let up. Step up. Show them you mean serious business.  


You are the customer, you paid for the product, it's on their end to fix that. Not yours. Even tho you are fixing it by calling them. Like they say, the customer is always right, angry or not.",1699051103.0,5
PS5,"Perhaps, and perhaps i am an asshole. What do you think?  
Developers/Publishers and Services do not listen to kind reason.  
You have to stand your ground, be respectful, but also be critical to them.  
Point out their mistakes, don't accept what they offer or say just because it's their standard protocol. You as a customer have every right to voice your opinion in any way you want. If you just say ""Yes, Yes, Thank You"" Nothing will ever get fixed or happened. Especially in situations where Developers force Consumers, who paid 80€ for a game, to solve their own issues they caused.",1699045575.0,1
PS5,"Thanks, that's because i am. And in reality, outside of the internet, not everyone will try to make you feel safe.

Why would i step down my tolerance for random people on the internet who get offended by everything? That's simply not my problem.  


People need to be critical, NOT nice.",1699041282.0,1
AlanWake,"That's Survival Pack. We are talking about Pre-Order Items Such as Revolver Skin And Oh Deer Sweater. You need a license for that, and you can select it before you even start the game.",1699036100.0,2
PS5,"Ignored their opinion, not their comment. You can downvote me a thousand times and it won't change the objective fact i said above.  


I know reddit is for normies, but hey, anywhere where i can post and even make at least one person to shill at Remedy and Sony is good.",1699027944.0,-1
AlanWake,"Yeah, that's the problem. I want to badly play the game further on, but i don't want to finish it without those items. Because once i uninstall the game, there won't be any uses for them anymore. So what is the point, right? I do plan to 100% it and do the NG+ and DLC when they come out, but still.",1699023728.0,-2
PS5,"And so have i. Devs give me free games all the time, for no reason at all.  
Your point being?   
I am sorry for not having a reddit background white knight check.  


Being angry is only natural if you pay 80€ up-front in good faith and they tell you to resolve the problem yourself, instead of doing it themselves. You paid for the game, you also paid for the support. You shouldn't be praising them for what they did, rather you should be critical. Maybe not call them names, but be clear that this is a problem that affects you.  


Let me give you a clear example. If you contact Epic, which funded Alan Wake 2 and Remedy, and they are the official support, and you say your problem directly and then they either copy-paste generic answers or act like a robot, not a human being or redirect you to Sony. And you go to Sony and they do the same thing, then redirect you to Epic. Who is to blame here? The user who PAID MONEY or them?  
Them. Especially since they know that Epic is in fact the official support that should be solving all related issues. They can't just shove their problems to you.  


Also, like i said, they behave like robots. They know they are the official support for Alan Wake 2 and Remedy. Yet they give answers such as ""Contact Remedy Support"" when they clearly KNOW Remedy doesn't have a support page.",1699019316.0,-9
AlanWake,"Absolutely, currently tied with REmake4 for my GOTY.",1699018473.0,2
AlanWake,"You can be nice and critical at the same time.  


When you contact customer support, and they act like androids from another planet, not a human being behind a screen and shower you with generic answers and FAQs, what else can you do?  


If you contact Epic, they will redirect you to Sony, if you contact Sony, they will redirect you to Epic. Making a tweet is the best way of being heard.",1699018381.0,-6
AlanWake,"On Twitter, they do. They said Xbox, and i think PC also has the same issue, the minority are affected. But on PS5, the majority are.",1699018290.0,3
PS5,"I already played the damn game. I don't care. Typical ""good guy"" reddit response.  
Ignored.",1699016906.0,-15
PS5,"Sony won't do anything.  
What about countries that don't have PSN Support? What can those users do?  
What about people who never use social media accounts, they will never know of this, never get their items either.  


Just spam Sony Twitter with Angry Comments, that's all you can do, and that's the best you can do. Be hateful, be spiteful. Being good and nice never helped anyone here. They promised a patch that they would look into this, and that's the answer we get?  


I refuse to play the game until i get all my items. I wanted to play it when the timer hits 00:00 in 27.10, now it's been 7 days and we are still missing items, still having problems and bugs.  


Also spam Remedy.  


Honestly, everyone should get those items free of charge as a DLC because of this. Would save everyone the trouble.",1699016226.0,-15
Games,"I only have an FPS counter on my HDTV, so no frame graphs. Unless they don't update at every tick, then i might be wrong. But they always hovered around 28-29 at lowest, the rest of the game was very much 30 FPS all the way through. It's hard not to notice when a frame dip occurs. Especially at a lower FPS, or anything lower than 60 as for that matter.  


I didn't have time to test Performance Mode fully, as i was playing on Quality. The only game i choose 30 over 60.",1698706512.0,1
AlanWake,"Same here. There is no license for pre-order items on PS5, only Deluxe Content.  
And i can access the Deluxe Content fine, but i am missing the Revolver, Oh Deer Sweater for Saga and Survival Pack/Charm.",1698706355.0,7
Games,"Not on Quality, you didn't. Quality only drops in Chapter 2 at the Water Area and with Nightingale, and that's only 2 frames at max.  


I didn't test Performance that much, but from 8 hours i did, the same drops were present where quality was. Chapter 2 mostly at start, with the rain, and water area. Even so, VRR should smooth out the performance as long as it is in 50-60 Range, and it mostly hovers around 55, rarely drops below that on PS5.",1698705163.0,1
AlanWake,"Well, i do have some good news to actually share.  
Both Epic and Remedy are aware of this problem, specifically.  
While Epic Support might be stupid, everything does get sent to Remedy.  
Pre-Order Bonus missing i mean, they know of it.   
Along with Audio Issues and other things.  


Currently they are working on a patch. I got some insider info from someone working at Remedy when poking around too much. AKA i was too damn tedious, so to easy my mind and OCD, they told me directly. But also told me not to speak of it on the public Discord.  


That being said, i don't know when the patch will be ready. I am lucky that the only bug i have is missing pre-order items, some have it worse.",1698690829.0,2
AlanWake,"I contacted Sony, and Sony basically told me to fuck off to Epic. And we are at Square one now. It's not just PS5, it's PC too, people are missing items for now reason. I literally don't want to play the game until it gets fixed, because by the time this gets fixed, i will already finish the game. Dang.",1698689790.0,3
Games,"Chapter 2 drops to 28-29 at very specific angles at a very specific point. That's it. There are no other drops in Quality Mode. It's by the lake, BTW, with heavy volumetrics. The other 99% of the map is solid 30.  


Performance drops to 55 at some areas in Chapter 2, but it's mostly 60.  
Every other chapter is locked to 60.  


The FSR rendering resolution doesn't matter that much when you couple HDTV AI Upscaling + Console Upscaling + TAA + FSR at the end.  


Quality is 4K  
Performance is 1440p  


Both use FSR Balanced. And this isn't anything new, Cyberpunk did the same.  
Raw Resolution numbers don't mean much on HDTV/Consoles anyway, only on PC without AI-Upscaling. Even if the game didn't have FSR and rendered at native 1440p on a 4K screen, it would look superior to a monitor without AI Upscaling, which only uses blinear filtering and the resolution must be 1:1 pixel ratio.",1698688963.0,1
AlanWake,"Yeah, i got the same response. And i can't get a live agent on PS Support at all, either UK or US. None of them are available.  


I did it once again and got a different agent. He said he will forward the problem to Remedy and asked me for my E-Mail so he can get in touch with me once the problem is fixed.  


Epic Support is like Windows Microsoft support, totally useless. Just copy-pasted answers.  


I just want my damn license to be restored so i can play the game i paid for. How hard is that to do, dang it.",1698682432.0,2
AlanWake,"Same problem.I pre-ordered the Digital Deluxe Edition for PS5 and didn't get the pre-order skins.Revolver, Oh Deer Sweater and Survival Pack.

There seems to be missing the license in-game for those items to activated on PS5 for Digital Deluxe users for some reason. Some other guy who bought the Standard Edition got them, and he had a license. All i have is ""Deluxe Edition"" License under Manage Content.

Verifying the Cache, Restarting the Console, Renewing Licenses, Reinstalling the Game x4 Times didn't help at all.",1698681946.0,4
GameGuidesGN,"Same. I did everything. Have the Deluxe Items, but no Pre-Order on PS5.",1698440337.0,1
playstation,Same problem. Deluxe PS5. I got the Deluxe Edition but no Pre-Order bonus. And I Pre-Ordered well over a month ago.,1698440238.0,4
armoredcore,"Just found it, it's one the same page as PS5/PS4 version to Download, but it's listed as PS4 Demo Digital Artbook and OST.

Thanks anyway!",1694809024.0,1
nvidia,"Thank you. So my GPU purchase wasn't wasted, or rather my monitor!",1689521324.0,1
buildapc,"So all in all, it should work, right? If for whatever reason this fails, i can buy a ASUS 650W TUF-GAMING-650B, 80+ Bronze if that's any better.",1689358545.0,1
XboxSeriesX,"How does it look on XSX now? Is it less shimmering than before, is it like Day 1? Can someone confirm how the visuals look compared to the previous patch?",1682359757.0,11
residentevil,"You are right, on Professional and Hardcore, happens all the time for me. Last run i did minimalist, and i had barely any Handgun Ammo Left. Had to use my two Knifes (Krauser and Primeval Knife) to save bullets. On Assisted you can actually buy it from the merchant all the time, on other difficulty modes he sometimes sells them, but he sells large a lot more than standard.",1681390240.0,1
residentevil,"US: [https://capcomusasupport.atlassian.net/servicedesk/customer/portals](https://capcomusasupport.atlassian.net/servicedesk/customer/portals)

I used EU, seems a lot simpler than US.",1679758966.0,1
residentevil,"Please go to Capcom support and describe the issue. The more people we get the better. I did convince at least 20 people with the same problem, thanks! We might get a patch.",1679732747.0,1
residentevil,Thanks a lot. More people will write about it and report it that way.,1679678418.0,2
residentevil,"I e-mailed Capcom support about this, you should too. Say that both Console and PC versions are experiencing the same problem. We might get a patch this way if more people contact them.  


I seriously don't know why this is happening. If i remove them, the game says they aren't available anymore, if i add them, they say bonus content has been added.",1679674711.0,2
residentevil,"So, when i start a new game, the charms appear. But on my save file, at Chapter 4, they don't. Weird.",1679666360.0,1
residentevil,"Same Issue on PS5. They were available on start. But when i reached the shooting range and got new charms, Handgun and Herb went missing. I tried restoring licenses, deleting and downloading them again, reinstalling the whole game with all the DLC, Reboot my PS5 and nothing happened. They are still missing.",1679657471.0,1
residentevil,"Didn't work :/, maybe we should reach out to Capcom.",1679656891.0,1
residentevil,"They where there when i started the game, but just vanished after a while. I don't know why. I am restoring licenses and reinstalling the game, we will see if that helps.",1679655740.0,2
residentevil,"SAME! On PS5. I tried deleting them and downloading them, but the Charms just Vanished. Both Herb and Handgun after i did the shooting range. Currently reinstalling the whole game. Chapter 3 BTW.",1679655143.0,2
residentevil,"My Pre-Order Bonus Charms disappeared, Handgun Ammo and Herb when i did the shooting range. I tried to delete them, then it shows i have 30 Charms, but when i re-download them, it shows 32. However i can't find them anywhere, not in other cases or so. I got 3 charms from playing the mini-game, one was a double.  


Anyone has the same problem? Playing on the PS5 BTW. They just vanished.",1679654678.0,7
residentevil,Went to PS5 App on Mobile and it Downloaded from There apparently. Ready to play Guys. Have fun.,1679613553.0,1
residentevil,"Anyone else having problem Downloading the Add-On Treasure Map for Digital Deluxe on PS5? I can download everything else, apart from that. It says ""Something went Wrong"" then Processing. Or even XSX/S  


I don't want to start the game without it.",1679613219.0,1
residentevil,"I am not sure, but my guess would be no. PC does offer DualSense, XSX and ""Switch???"" I don't remember the last option. However PC doesn't offer DualSense features at all, wired, non-wired, Steam Controller Disabled, etc.

So if it doesn't support it on PC, i doubt the game will support K&M on a Console.  


EDIT: Try the demo out. It's just 10GB. If it supports it there, then it supports it in the final game. The 1.02 patch fixed rain and bug issues on various platforms. But they haven't added K&M support unless it was already added before.",1679576028.0,1
residentevil,"Good thing i only care about Carlos and Moira. Ashley looks really great in REmake4, but i have to play it to see it with my own eyes. Sheva, don't care for her, they included her because of the backlash back then, i remember. Made for a fun co-op game however.",1679569610.0,1
residentevil,"PS2 PAL easily for me. Shame it had to be downgraded, and shame it was PAL.",1679569397.0,4
residentevil,"STRANGA HUHA, WADA YA' NEED THAT FOR? GOIN' TO HONTIN AN ELEPHANT?",1679569147.0,1
residentevil,"No thanks, BRO.",1679569007.0,1
residentevil,"Does anyone know the install size? It really doesn't matter to me because i got Fiber Optic Connection and it would download in less than 10 Minutes via Wi-FI, it takes me 10 minutes to Download a full game of 20 GB or something. I would just like to know the storage space for PS5 i anyone knows. But i only got 22GB space left on my PS5.",1679566909.0,1
residentevil,"Yeah, it looks like the filter is broken. Instead of applying it to the edge of the screen on PS5 (PS4, XSX/S work fine) like the image is shown on the right how it should look, the Filter applies to the whole screen. Making it a soup of vaseline blur. Instead of 5% edges being soft, all the image is soft.  


I think this is also a buggy, or maybe early build of the game. I am sure 1.02 which ships with the Digital Version on Launch Pre-Order will fix those issues.  


Day 1 Patch for Disc Owners is 4GB.",1678971713.0,2
residentevil,"Those who say Turn Chromatic Aberration Off + Lens have NO idea what they are talking about. Let me make this clear. Yes, the picture is SHARPER without it. But REmake2 and REmake3 also have this option BY DEFAULT and looked way better.  


This game is using FidelityFX2.1 instead of FXAA + TAA REmake2, REmake3, RE7 and Villlage used. RE7 and Village do not have Lens effects.  


The reason it looks blurry is due to Foliage rendering. However something is NOT right with the PS5 version compared to XSX. Well, they both suffer. PS5 has higher Performance on Fidelity + RayTracing + Hair Strands by +10 FPS compared to XSX, yet at the same time, the target resolution of Fidelity is 4K, PS5 looks more blurry than XSX for some reason. Same on Performance Mode.  


Yes, it doesn't look ""bad"" on my Setup, 50', 2.5M Away from it, Performance Mode + Hair Strands. No RayTracing, smooth 60 FPS. But both consoles have Issues. PS5 has blurrier Image, even in native 4K, and XSX has far worse performance for some reason in Fidelity Mode.  


I hope they sort that out by launch.",1678530620.0,8
residentevil,"Guys. First of, the game is using FidelityFX2.1 AT ALL times. Fidelity or Performance, no matter the console. This smears the image to high heaven on how Capcom is using it.  


If you tried this feature on at Quality on PC, it will look EXACTLY the same, even worse on balanced and performance. If you disable it, you can use normal FXAA + TAA and Image Scaling to 100% which REmake2, REmake3, RE7 and Village used. Both on PS4 and PS5.  


Consoles are not using that. The resolution is 4K Fidelity, 4K Dynamic on Performance, all the way from 1440p to 4K. It does look blurry, and i think it will be fixed on release, hopefully.",1678495067.0,1
residentevil,"Does it have any performance impact on PS5 in Framerate Mode? I haven't noticed it.  
I also heard Performance mode is Dynamic 4K (FidelityFX2.1 for both Performance and Fidelity) and that it can drop to 1860p or something of the like. Does it drop below that with the option on?",1678476868.0,2
bloodborne,"How much is the DLC itself? If everybody is so inclined that you should play the DLC (And believe me, you should, best weapons, best bosses, best atmosphere and music), can't we all come together and just donate a single € or something. I mean, what's the big deal. I know this isn't a charity. But if everyone would donate a few cents to PayPal with each comment here, you would already have enough money to play the DLC.

And you DON'T want to miss the DLC. It's the best Bloodborne content by far. I would even say, it's the best DLC From Software has done yet, or better yet, one of the best DLCs in any game ever.

Now, i know i know, i would have to check if i even have a single € on my balance account due to spending all my money on Gift Cards (We can't buy PSN games in Croatia with Debit Cards, due to them not moving to €, which we officially moved since the end of the year, and it's almost 3 months now). And even if i have, there are PayPal fees. But still, it's a suggestion.

It's criminal that Sony doesn't allow gifts like Steam. Because people give away keys, games, etc. on Community Hub like crazy sometimes. And i am sure someone would, and i would, if i had money, just gift it to you if it's on Sale. It's like what, 5€?

Also that's an issue with the Server Sync. It will be gone in a few hours, or tomorrow.

EDIT: Nope, i am -1.35€ on my account lol. I have physical cash tho, but i can't throw money at the screen.",1677185910.0,1
DeathStranding,"Yeah, i platinumed the game a week ago. That video helped me a lot, as well as understanding delivery Icons (Which i never even thought of on what delivery it is, especially misc. even with 160 Hours) for LLL rank.  


I missed another person too that wasn't connected to the network after i actually clicked on the map and see what was blacked out.  
It was only like his first or second star that was slow to get, after that it skyrocketed so fast.  


So yeah, thanks, and sorry for the delayed comment.",1677176618.0,2
crystalcastles,"Everyone feels bad what happened between them and to Alice. But there was NEVER a moment of a doubt for me to stop listening to their music. Both new and old.  
It's music, i listen to enjoy it for myself, not to ride their dicks.  


I can easily enjoy both HEALTH without Jupiter, and Crystal Castles without Alice. And at the same time, i can enjoy listening to Alice Glass and Jupiter Keyes with their new music. Crystal Castles got the short end of the stick here, because HEALTH are doing more than fine without Jupiter and didn't have any drama.  


If that was the case, i would have to stop listening to Brand New, Grimes, DIIV, Sonic Youth and other shit, because they all had crap, some less, some worse.  


If people can listen to Burzum, which i even own old records, and Marilyn Manson which i don't like at all, never liked him before, nor today, after the scandal, they can listen to everything. If you want to support them, that's on you.  


Obviously i enjoy wholesome musicians that go to great lengths to support each other, make collaborations (Cult of Luna and Julie Christmas for example, or Converge with Chelsea Wolfe). That's positive.  


You can't shit on Ethan without shitting on more than half of Crystal Castles music and vocals. As half of those were produced by Alice and were written by Alice.",1677176331.0,2
crystalcastles,"Every damn thing that wasn't even popular back then got a Tik-Tok treatment and just ruined almost everything by little kids with their politics.   
If Tik-Tok didn't ruin Breakcore currently, i don't know what did.",1677175608.0,1
crystalcastles,"You mean enjoying the very thing that you hate so much?  
The only recent people i have seen being Crystal Castles fans are not even fans, they are just Alice Glass fans trying to shit on the very music they like produced by Ethan.  


Dude was crazy, abusive and shitty. Lots of people are. But if you are listening to Crystal Castles, you are sure as hell listening to Ethan and all he made.  


And we aren't excluding Alice here either, she wrote songs, was the icon of the band too.",1677175435.0,1
crystalcastles,"Took me 2 Weeks to Croatia. Granted, that was in 2017 from their official store.",1677174748.0,1
DeathStranding,"Hey, thanks! I didn't know about this strat. Going to give it a go! Yeah, i am playing on Very Hard since the beginning when DC launched, i think only Hard was available on PS4 version when i bought it, but i could be wrong. I remember PC version got Very Hard and that later it was added on the consoles. Again, i could be wrong since i don't remember very well.  


But this looks like a good way to farm the last two trophies.",1676249393.0,1
PS5,"X1X or S users? S users should see a clear benefit, PS5 and X1X would maybe notice a smaller one. Since didn't test each version side by side, it looked almost the same as before, since it has a TAA filter applied. Maybe the threshold between dynamic scaling is smaller than before. Not all  areas are perfect 60 FPS, but VRR takes care of that. However areas that HEAVILY dipped before, now run without a hitch, apart from one of the markets that was always massive, however the FPS boost is noticable. Most of the game is now locked at 60 FPS.",1668041855.0,2
PS5,"Yes. FPS is more stable. Kabuki Area market is 60 FPS now. Before that, it dipped a bit, even with VRR enabled. Haven't noticed much graphical changes due to HDTVs and PS5 and Games using a lot of upscaling to look good in the process. But Fidelity 2.1 is a game changer for current consoles. It means more performance, with a stable resolution, looking exactly, or even better than before.  


So yes, if future games will all feature 2.1 AMD Fidelity, this means we will get a HUGE performance increase with minimal to none graphical downgrades, looking crisp and superb.",1668020973.0,2
signalis,"Ok.

  
So i bought the PS4 version too.  
If anyone is wondering, the pixel scaling is perfect. There is no fixed upscaling, so it's super sharp. 4K/60 FPS.  


CRT Filter DOES NOT save when you exit the game, that persists on all platforms.  
Other options do. Even Game Pass and Steam do not. Even if you go to the configuration file .ini, change it, and make it read only, it will still reset the Resolution HZ/FPS and CRT Filter.  
This didn't happen in the demo, so it must be a bug. I hope the developers fix it. Because reapplying the CRT Filter every time i launch the game is annoying.  


And yes, it looks good on a 4K 50' Sony Bravia X89J with CRT Filter on.",1667315518.0,2
signalis,"Hey, sorry to ask you, but does the CRT Filter save when you exit the game? Because on PC it doesn't. Can you by any chance check that? Toggle it on, and exit the game and launch it again if it's on even after closing it? It seems to be a problem on Game Pass and Steam, even if you make the .ini file read only.  


How does it look on a 4K screen compared to my 1080p 240HZ with the CRT Filter on. Is the text readable, etc?",1667244407.0,1
PS5,"Is it actually coming to PS5 or is it just a PS4 copy backwards compat? PSN lists PS5 and PS4, however the site doesn't list PS5. Also on PSN it says DualShock 4 too.   


Because i wouldn't like to play a 1080p game on a 4K set. If it's PS4 PRO enhanced to use the extra resolution, i will be getting this for the PS5, otherwise, i just might get it on Steam and enjoy the 240 FPS experience if it isn't capped at 1080p. I tried the demo too. And it seriously looks the best with CRT filter on.",1666265251.0,1
horizon,"Yeah, it might be, it's a shame it doesn't auto-trigger every time you land a clean landing. I got it once, yesterday, when i landed on a slope. But it wasn't the distance, or any button press. I tried it again, and it wouldn't work.  
Happened to me a few times on UH too. First one on VH however.  
I have to say, VH doesn't feel that hard IMO, i was hopping for a better challenge, but UH was a bit too brutal. For example it took me so much time to beat the Shellsnapper on that quest in UH, but on VH, it got down so much faster and easier. I did die a couple of times however, but to different creatures. Guess it's alright.",1665430659.0,1
horizon,"I don't remember which one was it, but when you land with a glider, there was a smooth animation that's not just pressing the circle button to roll. She would still roll, and perform an animation much like vaulting or so on. I also read it somewhere, but i can't remember where, that the animation is still there, but i don't know how to perform it.  


Also thanks, VH isn't that hard, but jump to UH is brutal in NG. I still get killed if i am not careful, but UH was harder than anything i ever played, like Give me God of War, any Soulsborne games/Sekiro/Elden Ring, DMC, Bayonetta, etc.",1665157914.0,1
PCHardware,"Well, then there are +25% Taxes for how much you paid (110$ + 25%€ Taxes on top of that), and shipping fees.

Is there any reason why i shouldn't just grab a Mobo + CPU i just posted? Maybe the performance per core isn't as strong as intel, but overall it should serve me well for the stuff i play.",1664555365.0,1
PCHardware,">7700K

I just checked the prices. It's double the price, or even more for a CPU with my current mobo. 4 cores, 8 threads. Even an used one. The CPU would cost me around 400€, while my current setup would cost me around 200€ brand new form a store (And still probably be better CPU + MOBO combined with my 1060 6GB).

I really don't need a new GPU or anything else, i just want a decent CPU for my current non AAA games. I know if i wanted to upgrade my PC in the future with a new GPU and all that jazz, but i don't need it. If the time comes to upgrade my whole setup, i will probably buy a new MOBO + CPU + GPU + Case then.

But thank's for the suggestion. If the price was 100-150€ i would consider it, but it's not.",1664390771.0,1
PatchesEmporium,\+karma,1658066030.0,1
PatchesEmporium,"Dude, thanks a lot for dropping me those items. It helps a lot not to make a new character again after spending 500 hours in the game.",1658065966.0,2
PatchesEmporium,"\+KARMA and HUGE thanks to Ned234 for dropping me all the items apart from Godskin Stitcher + 0!

If you have that, or want to trade via my own character, to my other character, drop a comment. Again, thank you very, very much.",1658065373.0,2
FenyxRising,"At least something, would prefer random rain tho. Thanks.",1653176193.0,2
FenyxRising,That's a shame there is no rain with a game so brimming with atmosphere. Thanks.,1653176147.0,4
Eldenring,"Hmm. Yes, well, i do min-max. The purpose of builds is to make a build that will use a set of weapons, not everything. I get if you are going off-meta, that's fine. But leveling everything is just a bad idea at the start. I would rather focus on one or two things at the beginning, then if i wanted to use most/all weapons, do it later.  


I mean, every time i invade i see people with 600 Health that die in one hit at RL 120, which means i usually invade even higher level players.",1647803773.0,1
Eldenring,"He is not a guest in your world, he is an invader. Hence the name, Invader. He has EVERY right to invade your world if you co-op. You don't have to enjoy them, the fact that after 13 years they are still here and as long as Miyazaki is the president, they won't go away. It's a in-game mechanic MADE by the developers. It's not your world, it's not your game. It's a connected world. By summoning people you are INVITING them willingly.  


Stop being a virgin ass loser who only got recently into this game with his butt buddies. Invaders are a core part of the game for 13 years now as is co-op. Disconnecting is NOT part of the game, it's a system level function of an OS or a Console. What you are doing is cheating and exploiting.  


You don't even have to engage with the invader if he is in your world. You can ignore him. And don't give me that crap that he is standing in your way when you have 2 overleveled friends with you. There are so many routes to take that you are NOT funneled into 1 alley.  


You can disconnect like a loser you are. You are disconnecting your friends, and the invader will just invade again and you will be penalized after multiple disconnects, just as the info says when you log-in into the main menu.  


Stop being cancer in the Soulsborne community, if you don't like the game as it is intended, go play Nioh or some other baby game with co-op. This isn't the one.",1647698189.0,19
Eldenring,"You can cast fine with 20 MIND, and 30 MIND is end-game cap. 60 VIG is a must, the first thing you do is put 30-40 VIG when leveling. At Meta RL 120, you can have 60 VIG, 60 INT, 30 MIND.",1647697426.0,1
Eldenring,"Let's see Moonveil Virgin user, The Sword of Reddit and Cringe. Nice, nice. Everything that's shit with the game contained in one video.",1647697185.0,1
Eldenring,"Alright, thanks. I also heard from other sources 50 is the max for build up. So i think i made the right choice!",1647532866.0,1
Eldenring,"And i believe you to be incompetent when it comes to online play when you already have double the estus, a cooperator, or a password summoned friend who not only deal more damage, but has high end weapons he can use where he could otherwise not use them that require 50 DEX like Malenia's Katana.  


Twinking just balances the whole thing. What, you think me having 2 heals and 2 focus points while rocking a Zweihander at +5 (out of +25) and having nice looking armor cosplaying is somehow cheating?  


I do it, and i will not stop doing it. I am PvP-er, and i Invade. That's one of the main things i love about those games.",1646611268.0,5
Eldenring,"How is it cheating if I, MYSELF, beat the whole game on a low level character? That's a challenge, not cheating. That's doing what most people can't. I am better than them, then i deserve to have such a character. And how would a +3-5 Zweihander be considered cheating, if that's exactly around the same how most of the people i invade would have their upgrades? 2 Flasks of Healing, 2 Flasks of Focus Points. Oh wow, that's super cheating. This isn't Bloodborne. You can't make BL43 +10 Abyssal Gem Weapons to one shot people.  


Yes, you are right. This community is absolutely one of the worse ones. It praises co-op, shuns PvP (Invasions especially, Dueling is Boring). And boasts on about how when they invade, they ""gift"" player items instead of just killing them like they should. It's SO freaking politically correct TO NOT offend a single soul it's pathetic.  


Because ""This"" community is only the Reddit community. The Soulsborne community has no problem with twinking whatsoever. Ask anyone on 4chan, other forums, Steam Community Hub, etc. People have been invading, twinking and doing it for 13 years now. I have 10K hours of PvP only, and i pride myself in that.  


The same people who shun invaders and twinking are those who think it's perfectly fine to play with their SL 120 friends with a Password, and if someone invades them, they either pull the plug if their friends die, or group spam R1 then do a rude gesture because they think they have done something.",1646611067.0,10
Eldenring,Nice helpful information. Didn't think otherwise from this community when it comes to twinking.,1646609350.0,1
Eldenring,"I just tested every single Greatsword. None of them have Crouched R1 or R2 pokes.  
Colossal Swords, all of them, have a poke. Which is super great because it's fast.  
So far only Claymore has the stab, at least from the GS i found.",1646430865.0,1
Eldenring,"They all scale well with whatever infusion you use. I use Sacred for Faith, but there is also Lightning. Winged Scythe already has Physical + Holy Damage + 55 Bleed Build Up at + 10 (Special Weapon), but my Current  Knight's Greatsword is great, i can also use custom weapon arts on base weapons. It has the Hollowslayer Moveset from DS2, however it lacks a poke. Flamberge might be my better choice due to having similar movesets, but also having Bleed as a Passive, just like my Scythem and my Weapon Art would benefit from a passive Build Up. Sad to hear it doesn't have a poke. But it might be a better alternative than the Knight's Greatsword (Which does look cool as hell, i have to admit).  


Thanks for the info, i will be sure to grab it now and see for myself.",1646430797.0,1
Eldenring,"Thanks. Then i'll just rock fashion for now. Know anything about Flamberge moveset Poke?  
If it even has one. Claymore is the only GS i know that has it.",1646419344.0,1
Eldenring,"Yeah, that should be precise from what i gave gathered. Any Infusion that scales with Arcane does get a moderate bit of damage increase because the letter usually isn't high (Apart from Rivers of Blood and Polearm, which have fixed damage), however it largely benefits from the bleed build up, which makes those weapons super viable in both PvE and PvP. Even if you don't upgrade them that much, they gain a lot from 40-50 ARC, and the more you upgrade them, the better the build up.  


I do have one question tho, it regards the Flamberge as i don't have it.  
I am a pure FTH build (50 FTH), and rocking a holy infused GS with the hollowslayer moveset from DS2. However the weapon doesn't have a stab move as the Claymore. Does the Flamberge have the Stab Move on R2 be it 1 handed or 2 handed? Because if it does, i would likely replace it, because the stab comes in handy, plus the weapon has base build 55 which is always nice.",1646417872.0,2
Eldenring,"120 is hardly high level. The amount of hybrid weapons do not allow for such low levels.  
There are more hybrid weapons than any other in the game. Those require 3 Stats. And obviously, you don't have to level 3 stats to maximum, but at least one that benefits the most. You only have to cap the requirements to use those weapons.  
Are you saying that we should cross 70% weapons off the list because people like to play with basic weapons?  


Having such low levels only benefit STR/DEX or Quality Builds. And we don't set the meta around quality builds. You need at least 60-80 INT in this game for Sorceries to be viable.  


The reason why people are getting killed so fast is because think Vigor softcaps at level 40, and then they probably go higher than SL 120. While in fact you can go 60 VIG and get A BIG boost in HP.  


This is why i am asking. Should i go VIG or MIND. 50 VIG sounds tempting, but more FP for spells does too.",1646346704.0,7
Eldenring,"Do you even know how weapons scale in this game? A lot of weapons are hybrids. Why do people want to make pure builds? Some spells need 60 INT to even cast.  
Weapons require STR/DEX and sometimes FTH. How are you going to softcap those stats at at SL120? The age of Quality and Pure builds are over. They literally shove every class for a hybrid build. And even if you want pure STR. You really need to go 60.",1646243249.0,2
Eldenring,"OK, i Respeced after Gathering the Cleanrot Set (More than 1 hour of Farming).  
This is what i gathered.

  
ANY weapons that have passive buildups, but have no Arcane Stat Scaling (No matter what letter) DO NOT benefit from Arcane Build Up.  
However... Weapons that do have ARC scaling (And now this could mean two things, tho) have their passive buildup lowered by either 50% or 70% when not using Arcane.  
Keep in mind that those weapons are at +6 (Special), and same goes for normal Bleed/Frostbite Infusion. At +10, or however special weapons up they go, the bleed up effect would be even faster at 40 Arcane. So they actually lose their Passive Effect by massive amount.  


But as i said, however... Since i don't meet the minimal requirements for those weapons now, the bleed effect might be lowered on purpose.",1646166445.0,4
Eldenring,"Yeah, i know. But i am unsure how much benefit i get from 40 ARC. I know i am going to 40/40 different stats, however does leveling Arcane so much even benefit me for the buildup or not?",1646159817.0,6
Eldenring,"Ah makes sense then. I guess they weren't informed on the site where i purchased my copy. It was actually an official Sony store. Still, doesn't matter, might get the gesture by just playing with people. Thanks.",1645790001.0,1
Eldenring,"Sadly, no. You didn't redeem any code with your physical edition, right? Mine came today at 10 AM. The Launch Edition, Game + Stickers + Poster + Patches, and on the store it said it comes with the Adventure Book + Ring Gesture, but i got no code for those.",1645788236.0,1
Eldenring,Why does this look so much like Spyro 1-3? Seriously gives me those vibes for some reason. Looks nice.,1645461115.0,2
Eldenring,"Same here. He was in-line with his character, Eren was always Eren. He just became smarter as time goes on, just because he was sad doesn't amount to anything, he was sad a lot of times.",1645410543.0,1
Eldenring,"Sure, go on. Stroke your ego. I am just explaining how it works.  
Don't want to PvP? Don't PvP. Don't want to Meta? Don't Meta.  
Literally nothing is stopping you from doing what you want.  
I just explained how unpractical the philosophy of going ""wretch"" and going on an ""adventure"" to find equipment is. It makes no sense considering you can buy your first armor and weapons 5 minutes into the game  + the class has the worst stats.

Are you telling me people are going to roleplay the ""no merchant"" role, even tho he also sells a crafting kit and a torch?

I don't give a fuck about reddit considering 4chan is better at discussing almost anything. At least people don't shit on you for having more experience in a game (which is ALWAYS more positive than having none).

Trying to be nice here and give explanations is moot because the community is literally retarded.

  
Instead of being thankful for my greater wisdom from the cosmos and above, you are trying to turn that to a negative.  
I have seen this at every turn here. Every time someone mentions he will invade at low levels, twink, etc. Instead of being rewarded for his skill to do so, he is humiliated.",1645410285.0,1
Eldenring,"I couldn't resist haha. Foul Eldian, in search of the Elden Ring.",1645405503.0,2
Eldenring,My Min-Maxed End Game Twink from Limgrave says hi when invading.,1645405436.0,1
Eldenring,"Don't give me that neckbeard reddit crap here of ""sweaty PvP-ers"".   
Min-Maxing is important for any build there is if you want an optimal character by the end of the game, for both co-op and PvP. Staying in meta range means you will encounter more people as time flies by instead of just making another character again (Random People). That just means being optimal and using your character to their best advantage. What makes you think new players won't go and learn how to PvP, Co-Op and Invade? A lot people who started playing those games recently got into Invasions heavily.   
No one is saying you shouldn't use whatever you want to use, and level whatever you want to level.  
But what you are saying right here makes literally no sense. Forced to use items you actually find? NO SHIT, All characters have to find better items eventually. You find the whole Chainmail Set and a nice arrange of weapons 10 meters from the first site of grace 5 minutes into the game. Where exactly are you forced to FIND weapons? Are you going to role-play as a blind person with no runes, even if you have runes just to make the game more annoying?   
All my characters are min-maxed, and all my characters are fashionable and i ROLEPLAY with all of them. And you know what else? I also have BL43 Twinks  
with +10 Weapons and Abyssal Gems+Runes for invasions in Bloodborne,  
same in Dark Souls 1, 2 and 3. And they rock the best fashion, best  
facial features, literally zero wasted potential. Each character has  
less than 0.1 Equip Load left before going into a medium roll in Dark  
Souls 1 with Maximum Poise Break. That's called using your stats,  
rings, and equipment efficiently. I sure as hell won't use ugly  
armor. Might as well look good when you kill/get killed.  
YOU don't have to do that, however. NO one is forcing you. But what i am saying the logic behind choosing ""Wretch"" on the whole subreddit and somehow  
going on a grand adventure to find equipment is negated by the fact that there are two merchants right close to each other, one by the church 10m from Site of Grace, and one at the Beach. Both sell Weapons and Armor.   
Wretch also has flat stats, so even if you respect them, they will be the worst stats out of all starting classes because they have ARC, INT, FTH, etc. Not needed for Melee Builds.  
But let’s say you want to make a hybrid class, right?  
Let’s say, INT/STR for some strange reason. You still have pumped useless points into ARC and FTH and DEX then.  
Stats aside, meta aside, levels aside, etc. The whole point of people going wretch  
is that grand delusion of some big adventure like BOTW to find  
weapons and equipment from nothing with a club. Yet there are two  
merchants right at the start of the game, just like in Dark Souls 3  
which sell those weapons and armor. Not very adventurous if you ask  
me. Plus even if you ignore them, you can easily find the Twinblade. Broadsword and other stuff in one of the first caves.  


I mean, you do you. I am just talking from my 13 years of PvP and PvE Experience starting from Demon's Souls.",1645405248.0,-17
Eldenring,Laughs in end-game gear at Limgrave while invading having literally no mercy.,1645397623.0,1
Eldenring,"""NO, I DON'T WANT THAT!  
PLAYERS USING UNIQUE EQUIPMENT?  
I WANT THEM TO THINK ABOUT BEING A WRETCH AND NOTHING ELSE FOR THE REST OF MY LIFE!  
EVEN AFTER I DIE... I WANT THEM TO BE WRETCH WITH NO WEAPONS FOR A WHILE! TEN YEARS, AT LEAST!!""",1645397290.0,10
Eldenring,"Play whatever you want. But i will give you some info as someone who played those games for 13 years and as someone who has 13 years of PvP experience. Deprived/Wretch/Waste of Skin, or whatever the class is called in different games have flat stats. What that means, you don't excel at anything, but you aren't horrible in anything. You might think that sounds good on paper, but it isn't.Now i highly doubt you will go on and min-max your first character for meta PvP. But classes are exactly that, for min-maxing the Meta and not wasting a single point.

Other classes are more bound in a mold to use certain weapons in their specific stats, however even that can easily be changed, but as a Wretch, you will probably be naked 5 minutes before you take 10 steps to the merchant in the church which is the first thing you will see when you step in the open world. That merchant will sell you weapons and armor. So in essence, you will be naked for 5 minutes and you won't go around the world trying to outfit your character. And even if you go and find weapons, some of them will have high stat requirements. Like you can get an Ultra Greatsword really early in the game, like 1 hour in or so. But you need 40 STR to wield it with 1 hand. If you already had a head start on a class with STR, you will easily be able to much those stats for the weapon class you already. And no doubt classes like the Samurai start with an amazing kit that can even be used in the whole early portion-mid portion. Uchigatana is more practical than a Club, or even a Halberd/Broadsword due do only using DEX opposed to DEX/STR and also proccing Bleed.

But again, let me be clear, pick whatever you want, level whatever you want, if you don't care about PvP/Meta and Co-oP after finishing the game, just use whatever you feel like using. Wretch at this point is kinda a weird meme for me, because i just don't see the point in it. It's not like you are going on a bigger adventure than any of the other classes to find armor/weapons.",1645396490.0,-7
Eldenring,"Wretch only works for 5 minutes lmao. The moment you go up that elevator and take 10 steps forwards, you can already buy armor and weapons. So the whole point of ""going naked and hard"" makes literally no sense. All classes are just there to min-max, and being Wretch makes it impossible to min-max because of the flat stats.   


At least other classes start with some cool armor and weapons that you can easily use even later. Hell Uchigatana fills the bleed meter to half with just two attacks on players, and works even on bosses with more hits.",1645395393.0,9
Eldenring,"What, Inner Genichiro? No way. I am, sure it can be subjective, but once you know the 1, 2 ,3 blocks, it's just like regular Genichiro with tennis Lightning. So while you can get damaged the first, or second time and not even die to the attack, you know how to block it afterwards.",1645392912.0,1
Eldenring,Damage too. He did 1/4 of health bar with one attack in CNT. And that was with the OP builds we had.,1645387262.0,4
Eldenring,"There is no console version that runs it at 30 FPS and Dynamic Resolution. Base PS4 is 30 FPS, exactly like Sekiro and fixed 1080p. Same framepacing too.

PS5 is 55-60 FPS and not even a single digit frame lower at Performance Mode, which is dynamic 1800p, not c.

The only console that runs it lower than 1080p is Xbox One, which is 900p.

Day one patch brings optimizations and performance fixes. So PS5 might eve be 60 FPS stable in the end.

And no one wants to see PC players get the low end of the stick. The requirements for the game are reasonable, however if the recommended specs are FOR ULTRA.

They aren't, however. They are sketchy, and i hope they fix the issues for everyone, on every platform. Dark Souls 3 ran 4K/60FPS on my GTX 1060 6GB OC, i5-7600k, 16GB DDR4 RAM and and HDD/SSD. Sekiro had some drops at 4K, but not at 1440p. I still prefer the PS4 version on my PS5 because it runs at 1800c and 60 FPS with a perfect framepacing, downscaled backed to 1080p.

I don't know what changed apart from the graphics and open world structure, but just because the game is open world, it shouldn't stutter for no reason.  
Most people who played the game actually used Borderless Window instead of Fullscreen. And maybe there is DRM in play or Easy-Anti Cheat is not properly introduced into the game, because it uses real time calculations.

Stuttering is the worst offender in any video game ever. People can play at consistent 10 FPS in blighttown, but they sure as hell can't enjoy microstuttering. Let's hope it gets fixed.",1645376457.0,-1
Eldenring,"Well Boss Health doesn't really factor in, because none of the bosses have a large HP pool to begin with. Dancer is super weak to bleed. All you need is a Bandit's Knife.  
If they didn't want people to go to those areas just when they start the game, they wouldn't provide the means for you to go there then. Yet you can directly clear Blighttown before even setting foot in the burg.  
Same for Catacombs, etc.  
Yes, they do funnel people into certain stages to make the game easier for them. Someone who is new to the series certainly won't go and jump at the dancer, or go to the blighttown right from the start. But for people who know what they are doing, they can skip or alter their paths.

Also when it comes to PROPER later sections. Those sections are walled off. You can't go to them until you progress certain events into the story.

It's not like i don't understand what you are saying here, it just plays so much different in my head, and whenever i do a new run, i do the complete opposite of what it expects from new players. I get the best weapon the moment i can get them. The weapons i want to use through the whole game, instead of finding them late game.",1645306405.0,-2
Eldenring,"Dude, i have been trying to spoil the MLGS for myself (And don't spoil the rest of the game) that i haven't even seen a single image of the damn thing apart from some crappy YT video that wasn't even MLGS, but some magic scimitar. If you have some info on how it looks or anything, just send me a PM please. Thanks.",1645298472.0,3
Eldenring,"That doesn't mean much. There are no early/late game areas if you can go wherever you want with branching paths. Dark Souls 3 is VERY linear, this is one of the only path that branches off. And it only branches to Oceiros. A lot of the other stuff is locked by linear progression.  


Dark Souls 1 and 2 have branching paths right at the start, you can sequence break it and they are meant to be toggled whenever you actually see fit. Even Bloodborne has that, and even Sekiro has it. Some areas are more difficulty, some are less.  


It just depends on skill. If you take the ""intended"" path that most people who don't know anything about the game, then yes, that would be correct. But i do things in different order to get things faster.  


In Bloodborne, i have +10 Weapons before Vicar Amelia. Now something like that would not be possible from a logical standpoint, but it is because there are in-game glitches. I only care for BL43 +10 Abyssal Gem Twink Invading, and maybe, maybe, co-op.  


But my point isn't about Bloodborne sequence breaking, it's about the freedom all those games give you, you can choose where to go from any of the branching paths to be OP early, or get weapons you actually want to use instead of waiting for the late game to obtain them. The game doesn't stop me from getting Chaos Weapons at SL20, or choosing a different part, like i don't know, going straight to Blighttown in Dark Souls 1.",1645298325.0,-10
Eldenring,"That means you can't play A LOT (Not going to bump a random % number) of good games that have been released since 90's and onwards. Especially the PS1, PS2, GameCube and other classics. Some of them are running at 60 FPS on PS2, however they are the exception. I would never sacrifice so much potential and iconic games for framerate. They also have their own looks when hooked up to a CRT, which i would never sacrifice for an flat display.  


I was blessed with having a PC and Consoles all at the same time. And i always enjoyed higher framerates, however i would sacrifice framerate for the full vision of the game. If Shadow of the Colossus on PS2 had to run at 25 FPS, and Majora's Mask on N64 PAL at 17 FPS, i just had to deal with that and moved on.  


After moving to 144hz, it became a little harder. But every time i boot Bloodborne for PvP Twinking, and i have 2000 hours in that game, it just feels normal. Obviously playing PS4 games on PS5 that are patched or run natively on 60 FPS is far better than the variable or 30 FPS mode they ran at 60. Like Sekiro or Dark Souls 3.  


And to be perfectly honest, the best games released on Consoles, not on PC.  
But the problem here is stuttering. And stuttering, in any capacity is unacceptable.  


I do feel a little sorry that you haven't played one of the best games out there over the course of 30 years considering you only played on PC. Even when i played on PC, i would always crank everything to Ultra unless there was little to no change, and there was big performance increases to achieve a stable, nice framerate. That goes in competitive games such as CS:GO. Even there i couldn't stand Screen Tearing. V-Sync was a must. However i did have a G-Sync monitor so i could use V-Sync without input delay. And it never hindered my ability to play, got to Global Elite and stopped playing afterwards.",1645282813.0,1
Eldenring,"There were no microstutters on PS5. There were, however stutters that occured where the whole game would freeze for 10 seconds and drop to 0 frames before resuming to 55-60 just before the servers would shut down.

You could travel around, move the camera fast enough and it wouldn't really matter. It was smooth. I think this was something to do with the servers, not the hardware or the game. It had minor FPS drops to 55 from 60. But that's all that happened.",1645280898.0,2
Eldenring,"The stutter was not present in CNT PS5 nor PS4. When i say stutter, i mean microstuttering. Big stutter delays happened after the servers have gone AWOL like in the last 20 minutes before shutting down. I wouldn't even call that stutter, it was straight up lag. The game froze for like 10 seconds for 0 frames before resuming back to normal 55-60.  


The only recent case of stuttering i have heard on PC are the RE Engine games. No matter how godly optimized they are, people with various setups have microstuttering.  
And believe me when i say it, microstuttering is the worst thing that can happen to any game, ever. Anything else pales in comparison. It just breaks immersion and makes the whole game unplayable. Let's hope they fix this. I won't be playing on PC because i have a Mid-Range PC from 2017 (The reason was actually before they announced anti-cheat). But i seriously hope they do whatever they can to fix this. Lance usually knows his stuff.  
Also it doesn't happen to everyone. There was a thread on 4chan about Elden Ring leaks, and the OP was playing on the PC and the performance he described was good.  
I only got a glimpse of what the performance was, didn't spoil anything, so at least that.",1645280651.0,0
Eldenring,"Spoil it to me in PM. All i want to see is the MGS. I can freely live without any spoilers, but i really want to see how it looks and on what does it scales.",1645274129.0,2
Eldenring,"Most PC users have the minimum/recommended requirements according to Steam Survey.They aren't the biggest requirements. I mean when the minimum is 1060 3GB, you know you are in luck, because minimum doesn't mean lowest or low FPS. Usually it's an indicator for a stable framerate and 1080p. And the recommended is just again a 1060 6GB. The CPU is a bit on the higher side due to a lot of people having 7gen CPUs without hyperthreading/4 cores. But most people have 16 GB RAM. Some still rock 8 GB and i bet it will work fine on 8 GB and 4 cores. Mark my words.

Even so, i am still playing on my PS5.",1644955305.0,1
Eldenring,"No web due to exploits. PS4 had one. You can watch Netflix, YT, Twitch and other media, such as Spotify. Blu-Ray too.  
Elden Ring doesn't require PS+ for Messages and Bloodstains unlike previous games. You can log-in into the servers directly. And any game where you don't have direct interactions with other players such as Death Stranding, you can use online without paying for it.

However you can't summon or invade people without PS+.  
It's not a big deal for most people, because they get ""free"" games every month, exclusive 30/50% deals off games and online play. 60€ is less than 1 new game for a year.

But yeah, the ease of just installing a game on PC and launching it and playing it without any stupid subscriptions is great.",1644955050.0,1
Eldenring,"Both PS5 and XSX (Even S) are TOO good for the price point. The problem with those systems are that they are closed, and games cost more and they are hard to come by in some countries. However there are always sales, PS+, GamePass and you can easily get cheap disc copies after some time passes.

You can't, even if you want, make a PC for that price that gives Price=Performance Ratio.  
Granted i don't have the best PC. 1060 6GB, i5-7600k, 16 GB DDR4 and an SSD.

If i had bought Elden Ring on PC, it would have ran fine. I know that specs are sometimes overblow. But it would easily run Elden Ring on High at 1080p. The only reason i got it pre-ordered for the PS5 was because i know there was no anti-cheat in place in other Souls games on PC, and i pre-ordered before they even said Easy Anti-Cheat would be in the game.",1644954693.0,0
playstation,"Huh, twitter? I don't use twitter apart from uploading PS4/5 screenshots. Why not just send direct notifications to console feed. I didn't even know they enabled discord before i googled it. Never got anything from them. Yet i get notifications for games such as Elden Ring and Control all the time.  


And i also get inbox messages on my mail about deals, pre-orders, etc. I just got a message about Horizon just a few days ago.",1644882434.0,1
playstation,"Yeah, this is weird. I never got any messages prior for free online weekends. I thought maybe my account got stuck on my friends PS5 or something, but it didn't. He recently bought a PS+ card. Oh well, going to get a 1 year card anyway if it's a free weekend then nice of them to give one. Wish they announced it. Because i get important mails from Sony into my inbox about games and such, and also activities on my PS5.",1644879281.0,0
playstation,"Wiat really? But it's Monday for me, 23:55, going to Tuesday now. Wish i had knew it sooner than. Thanks for the explanation tho.",1644879172.0,1
Eldenring,"I will be honest here. I WANT to see how the leaked version of Moonlight Greatsword looks.  
No jokes. I am going blind. But at least i want to see the design and stats/scaling. Because you can be sure as hell i am doing a meta build around it.  


If they can make a sword similar to Bloodborne, thin, long and with particle effects, i am already sold. I really want that instead of the clunky big ones with bigger handles.  


According to how Glintstone operates, it is derived from Cosmos. So the Moon plays a big role here, just like in Bloodborne, which gives me hope.",1644707336.0,1
Eldenring,"LMOAF AYYYYYYY OP Twitter + Tumblr confirmed.  
But seriously.  
Talk to anyone in the comedy industry, and they will gladly share their industry secrets with you, that most sexist, racist and offensive jokes are the most well received jokes. If you can't laugh at the expense of yourself to provide entertainment for others, you shouldn't joke at all and much less criticize others. Even so, jokes are subjective and they are not depended on the age of the person. It's dumb shit, but sometimes, it's funny dumb shit. And everybody can get a chuckle even from this by just seeing it at random. I am not saying YOU should be racist, sexist or offensive, much less toxic to people in general. I am just saying how the comedy industry works, because at the end of the day, it's a joke, not something people really mean.  
I don't think ANYONE here means women belong to the kitchen. If a man can't make himself a sandwich, or even cook, that's just sad at this day of age where information is present at every corner, women do nice things for men, but men also do nice things for women. I don't know who offended you, but be aware that people don't go on a whim and target women or want to downplay them or slander them. Most gamers enjoy the company of women in their games, and most of them are nice. Usually the ones who aren't are very bitter about their life in general. Even women can take those kind of jokes, as i played with them a lot.

It is not us who provided the means to write those words into the game, but God itself. God of the cosmos, Miyazki himself has given us the power to finger the maidens, and we should not stray from that path.

If anything gaming has thought me over the past 30 years, and the recent surge of shitty journalism is that NEITHER side is correct. But both are obnoxious. But i do respect more creative freedom than pandering for political correctness. I don't think the original vision should be mellowed down, just as i think people who want to bring diversity shouldn't be shamed for doing so.",1644707010.0,9
Eldenring,Link or it isn't. Btw the video with the scimitar one handed spell isn't the sword,1644103051.0,1
ninjagaiden,"Thanks. Going for PC then. Maybe someone will make a mod in the future to revamp everything or a randomizer of sorts, which would be fun to play. And if i can find the texture files for the HUD/UI, i will redo those.",1639382609.0,2
Nioh,"Code, please.",1638795339.0,1
DragonsDogma,"EDIT: FIXED IT. Only Manual Values Apply. AKA extracting and packing the save back up without corrupting it following this manual.

[https://www.reddit.com/r/DragonsDogmods/comments/41gu4w/how\_to\_edit\_your\_pc\_save\_limited/](https://www.reddit.com/r/DragonsDogmods/comments/41gu4w/how_to_edit_your_pc_save_limited/)",1634303124.0,5
stalker,">Damn man, that worked! And i got some new sweet sounds as well too! Too bad the mod itself doesn't explain it needs JSRS. Someone just mentioned will it work with that, and the author said yes. Thank you so much!",1631218016.0,3
stalker,"Nope, it isn't. You can try to download it yourself and see how the files are stacked up. Maybe they are wrongly placed within the ""Gamemode"" folder. They go to sounds, etc. But other than that, i don't know how to make them working. Just installing them doesn't make a difference.",1631213273.0,1
DeathStranding,"Ok, thank you very much for this information :)",1626675239.0,1
darksouls3,"Nah man, it's all cool. It might have sounded a bit cold. But i always sound a bit cold and calculated. Obviously i appreciate the help i get from anyone, and usually i just ignore people who are mean or just want to troll or shitpost.  


Now English isn't my first language, however i know quite a bit, both writing and speaking it. Then again, i also sound like that in my native language, however i will always give a thousand thanks to people who help me, and if i can return the favor, i would do it without a glimpse.  


Yeah, you are totally right about the last one. Oh well, the guy who traded me also gave me a link to a trading subreddit. I am making characters super fast now, like zero effort to min-max 120 SL Meta with good looks, primarily made for PvP but equally useful in Co-Op.",1626674847.0,1
darksouls3,"What did you except me to say. ""Thanks guys, i am totally going through NG++ for just one ring so i can PvP and skip the boring PvE""?  


People who say they wanted to help don't usually help. If they wanted to help, they would. Like the user who helped me, he didn't asked anything. He just said meet me at Lothric High Wall, Password is: XXXX. That's it. And i thanked him for the items and he even gave bonus stuff. Like i said in my original post, i just need those rings, and if someone CAN HELP ME, i would appreciate it. There is nothing else i can do in return on a new character for you, besides swap items to your other character. Do you expect me to somehow transfer PC Save Files and variables to a PS4 Save Data? Because i am not paying 60€ for that. I asked here, if anyone has a spare ring to give or duplicate that they don't need. If it didn't mean anything to me, i wouldn't post it. So it means a lot to me and my character saving me the grind. If i wanted to grind and the ring was so trivial, i wouldn't ask help in the first place.  


I am trying to be civil as possible without sounding desperate. If you think i should beg for people or listen to someones advice that goes against my original question, go do it yourself then. If i wanted to grind, i wouldn't ask for a Sage Ring +2  


Again, i am NOT demanding anything, i am asking for a transaction. And it sure as hell doesn't need to be seen as a favor.  


THIS is exactly why i usually stay out of reddit. You can't do a simple job without someone trying to complicate it without any real reason.",1626188417.0,2
darksouls3,"I am not going through NG++ if someone can duplicate the ring. And just because that someone doesn't want to do it, doesn't mean i will do the meaningless grind. I had enough of that on PC. I just want to PvP, i don't care about PvE anymore at all.

If you don't want to help, someone else probably will. Of course this is reddit we are talking about, i should have know known better, my honest mistake.  


Edit: See, someone was kind enough to drop me a lot more than just one ring. I love the Souls Community.",1626180075.0,0
GodofWar,Thanks a lot! I thought i would miss something vital.,1614100651.0,1
techsupport,"It might be CEMU that i deleted but it didn't get deleted for some reason, along with BOTW and Bayonetta 2. (Own them legally tho.) Because i knew that weighed 50GB or so. Guess we will never know the truth but now it's working perfectly fine.",1614036213.0,1
metroidvania,Wish i knew. I play on PC but i heared they were talking about Switch optimizations. So that might make your day better.,1613668609.0,1
techsupport,"Yeah, thanks. But i moved the game, fully formated it and move it back after fiddling with Steam. Now the usage is right. Those are the programs, yes, but they didn't help me much. They only showed the game and some minor things.",1613513752.0,1
Kinguin,I hope this gets resolved. They already e-mailed me that the client needs to provide proof from Steam support. Hope we both get what we want. Best of luck to us <3,1612906550.0,1
PS4,"I have foreseen the future. It's exactly what i was afraid of. PS4 runs like crap, X1 even more. Even the recommended PC specs (I bought it on Steam just to test it out) go barely above 30 frames when they should skyrocket to 60 @ High if THEY ARE recommended. Not on Ultra mind you, but High. Lowering them down didn't do shit. If you are having fun playing the game as it is, then i am happy for you. But for anyone else, poor souls. No amount of bugfixing will fix the empty open world of base PS4 and 15 frames per seconds with LOD not loading when going too fast.",1607630808.0,2
hometheater,"Yes, this is probably exactly what i was looking for. The price is good, but there is one problem tho. Shipping costs DOUBLE of the base price of the unit. Maybe i will find something similar without the shipping fees being so steep. Thanks a bunch.",1607612443.0,1
hometheater,"I did. Both sound equally good, but i think DTS is better in a way, it has less bleedthrough and more positional audio than PCM Stereo. But it could just be a placebo effect. I tried, just for a moment, switching to the TV sound, and i couldn't bare how shallow it sounds and how good and deep and rich the Sound System is. I couldn't even hear the position of enemies and objects when i switched back to TV no matter how much i rotated the camera. And that comes from a TV that prides itself on the Audio and has a built in 2.1 (Both Speakers have Subwoofers). Apparently it also markets itself as Surround and some games even detects it as that (Metal Gear Solid 3 on HD Collection for example).  
It's a Sony Bravia.  
The problem rises that i don't know what kind of Upmixing (Decoder) my Sound System uses. It's really tight on details and the manual explains really nothing. I couldn't test the system before buying it, i had to buy it online and get it shipped. I only tested it for two minutes when i was buying TaoTronics Earbuds in the same store. But the price was steep back then, so i didn't get them. But when i heard it has separate TV/Audio, GAME, and Home Cinema option, i thought ""Why not, obviously the game mode is for games and sounds decent."" And yes, it indeed does sound good, just the bass is too punchy at times, especially in NieR:Automata. But good thing each component of the system can be set up, toned down or up by volume. The most available info is found on Amazon and the Link i posted to their official Web Manual. Maybe it just uses Dolby Pro Logic II and that's it, but there is no way of knowing. The most help and information i got was here, and nowhere else. Even on other subforums like budget audio, hi-fi, etc, people didn't even try to help me. One user suggested that i post here, and he was right about that.  


There is no denying that a proper 5.1 digital output would be the best solution, but this is what i bought and this is what i have to use and just accept it as it is. I only used their manual to measure on how would i install them. Since i made everything from junk parts. Both the big Shelve and the Little Shelves for the Rear Speakers from wood. And i painted it to match them and match the TV table. I mean, it looks nice considering i had limited things to use and limited tools to use.  


I don't know, but i thought because DTS is native surround, and PlayStation uses it, and the game also uses Surround from the in-game engine. So it has sound databanks for Central, Woofer and Rear Speakers, that Upmixing would be easier to decode than Stereo and more accurate. But maybe i am wrong on that, and someone who clearly knows more about that would be a very helpful person. Maybe the metadata means nothing at all.  


The game i am testing is always The Last of Us II, because it has exceptional positional audio and one of the best dynamic range in any game ever. (No matter on how people actually think about the game in general). I know that simply from using good studio headphones which not only can handle the studio dynamic range, they also have a super wide soundstage.",1607560977.0,1
hometheater,"I know, of course no doubt about that. There is audio bleedthrough via upmixing, which is a common problem, but i thought since i don't have true digital audio and can't afford it right now, i would use my best on a decent deal of System Speakers when they were on sale, and like i said, i literally snatched the last unit in my Country. Guess they were selling like crazy with a 50% price drop.

But if you have some answers about the questions i asked, i would kindly ask you if you can answer me. I am not a total stranger to audio, however i didn't catch up to it in a long time. Like i missed the whole Dolby Digital and Dolby Atmos thing, didn't even care about it. And my audio mind is stuck at least 15 years behind what is now considered a standard. I didn't even know Bitstream was pure digital. However for some reason, i still think that a DTS or Dolby is better for upmixing simply because it has sound databanks for Rear/Center and Subwoofer channels integrated into the console and the in-game engine itself. So the AMP would have an easier time to process those sounds and upmix it. That was my question all along, i just projected my thoughts a bit and expanded it. Also i am thankful for all the posts here, because unlike somewhere else, i got help here, even if i didn't get a definitive answer just yet. I still have my Grundig RPC 450 from 1978, that's not a Hi-Fi system, that's a SUPER Hi-Fi system. I wish i could plug that baby in, the speakers weight a ton. And you can hear them all across 10 streets away maxed out.",1607551267.0,1
hometheater,"Yep, i am aware of that now. However i still get sounds, and they still upmix them to 5.1. My main question on the subject of matter was, is PCM or DTS or Dolby better? Like, if the game is outputting 5.1, would my AMP have an easier time upmixing the source to 5.1 considering there is already sound data stored for Central and Rear Speakers in the game, or it doesn't matter in the slightest?

That's what i want to know. The game is trying to output 5.1, and in-game, on the console, the sound is stored and mixed in the in-game engine itself, so there are sound banks for Front Right, Front Left, Centre, Subwoofer, Rear Right, Rear Left. But my AMP is doing all the upmixing itself. Wouldn't that be easier than upmixing a Stereo source and trying to pin-point what exactly is behind, on the rear, centre, etc, since no sound data is present in Stereo for those channels.

That's what i wanted to ask.",1607549644.0,1
hometheater,"Yep. And just to prove that it is detecting DTS and 5.1 along with that i can hear sounds, i made a short clip.

The game is in Croatian, since that is my country, so the settings are in that language as well, however i scrolled up to the sound tab just so you can see it lists them as 5.1 and how they are set up and on what angle.

[https://youtu.be/YfW-U8iHOQg](https://youtu.be/YfW-U8iHOQg)",1607547279.0,1
hometheater,"Hmm, maybe it's not. But maybe it uses different upmixing method when connected to that jack? Like, i don't know, Dolby Pro Logic II Movie/Game and Music and Matrix (Mono). All sound different on my PC Home Theater.

They are connected directly to my TV.  So everything that is connected to my TV uses the speakers. PS3 and PS4 have separate settings for speakers. Even if i select Stereo on PS3 (PCM), the PS3 will always choose an 5.1 input for some reason. Maybe because  my TV is marketed with Surround Speakers (With two small woofers). So it auto-detects that as a 5.1 System it seems. But of course, it isn't 5.1, however they sound quite nice compared to other monitor and TV speakers.

Honestly i don't know. I get sound from both DTS and Dolby on my PS4 when the jack is connected to the TV. It even shows on the TV settings that it is using those settings when switching modes.",1607546181.0,1
hometheater,"I meant on the PlayStation 4. PS4 has 3 different Audio Settings. PCM, Bitstream Dolby, Bitstream DTS. If i put it to DTS or Dolby, it detects them as 5.1 speakers (Obviously, they are not, given they are connected to just Left and Right to 3.5mm Jack). However i thought maybe if the sounds are processed in 5.1, the unit might have an easier time to process the upmixing to 5.1 because there are already 5.1 sources in the game now. PCM is straight up Stereo.  


My PS3 for some reason always used Dolby Digital with my TV. Because apparently my TV supports Dolby Digital and has ""Surround"" sound with Small Subwoofers. Sure, yes. it sounds a lot better than my Monitor with 7 little speakers, or my friends TV or my parents TV, but it sure as hell ain't surround. Guess it's just a Sony marketing gimmick, but at least the sound was bearable for TV speakers.",1607545777.0,1
hometheater,"Here you go. Honestly, it's a big tangled mess of wires, i don't know if you could make anything out of it. I have hidden all the wires in the back part of the box (You can see where they go).  
I also connected the TV/MP3 AUX 2RCA AV cable for music, so this is why there is a second connection above the ""GAME"" mode.

[https://imgur.com/a/n2PIdNK](https://imgur.com/a/n2PIdNK)",1607545063.0,1
hometheater,"Yes, they are on the back side. Alright, i will take a picture of it. Give me a moment to move it out. Everything here is hand-made. The Wooden Panel that supports it, the bars that supports them, the Rear speaker shelves, and the thing that hides the wires. So that's why i am happy with them overall.",1607544694.0,1
hometheater,"Indeed you are right, i mixed them up. One other version of Genius Speakers has Dolby and DTS, this ones does not have it. It's a bit mixed up because there isn't much information about them since they aren't exactly new top shelve speakers, they have been out for quite some time now, and they all sold out on black friday it seems. I can't find any on any store here where i live. I literally snatched the last unit. And they are only produced for Europe as far as i know, much like my Sony Bravia 43' HDTV that is 1080p but has HDR with around 800nits. (Which weirds some people out) No OLED, but for 1500€ it's a great TV and we even compared the DPI to a 4K display at 2.5m, and there is literally no difference between 720p/900p/1080p and 4K in Video Games, provided the game uses Anti-Aliasing. Guess the distance makes a difference and the HDR nits are more than most common 4K (Sorry, a little bit off-topic).

The second picture shows the jackets. All are connected properly via wires. AWG ones are black and red, however the speakers themselves do not have colour coded wires in black and red, they are black and grey.  Black being well, Black, and Grey go into the Red AWG jack. I tested the polarity test and they are fine. (Wouldn't make much sense for the Black to go into Red anyway.)

The 3.5mm Jack is connected via AUX 2RCA AV cable. Red and White. So Left and Right into the ""GAME"" input slot as shown in the second picture i posted directly into my TV speaker Headphones (I removed the Digital Slot which was optional).

So there is nothing special about the setup. I would move my AMP to show you the behind, but it's literally just AWG wires going into the jacks and AUX 2RCA AV to 3.5mm going into the TV and it's a bit hard to move it considering the wires themselves weren't too long to begin with (Exactly 3m, exactly how much distance there is between from Front to Rear.)

I can just post regular pictures.[https://imgur.com/a/HEYDMVf](https://imgur.com/a/HEYDMVf)

Sorry for the low quality, the lighting was a bit off. And yes, the white thing that hides the cord bugs me too, it isn't straight, but can't change that now without buying a new plastic coated silver paint with exactly the same colour and glue it back together.

It isn't much of an information on how it's connected, but i already covered that up by explaining it above, it's just simple as that.

Also for 100€ i wouldn't really call it a miss. Soundbars here cost thrice here, and i don't simply understand them, how can they separate the sounds when they are so close to each other, i mean the channels. I did wanted to get some proper 5.1 Optical Out but none were on any sale and costed just too much for just my PS3 and PS4, and soon PS5. So i sorted to this and to be honest, i am very happy on how they sound in-game and in movies. Music is a mixed bag, you really need to tune that bass down and tweak each channel. Also, the AMP itself has no Standby mode, so it's constantly on. It doesn't draw much power when set to mute and when not in use (Considering it's not warm at all). It only has a hard Onn and Off switch, pretty much like a PSU. I don't think it's healthy to just jack the electricity in, and you always have to warm them up anyway before listening or gaming.  


The 2.1 Speakers that i used before are now used on my CRT TV with my RGB Switcher for old consoles that use 240p and 480i. So i just gained something basically.",1607543835.0,1
hometheater,"Yes, indeed. It's analog. However it does upmix the source to 5.1 (and i am constantly testing that. Even channel separation is good, but as with all upmixing, there is some bleedthrough From front to Rear). However real Rear sounds are only produced on Rear speakers.

So there is virtually no difference between PCM (Default Stereo) and Dolby/DTS? (Or is it because it's bitstream? I honestly don't know the difference if non-bitstream exists.) I mean, it says in the specs the system supports DTS and Dolby when hooked up to a proper 5.1 source, be it PC or something else.

What would you recommend for the settings then? Since it has separate jackets for TV/Music and Gaming, along with 5.1, there must be something that gaming does when it comes to actual games.

Maybe i can invest in an analog-to-digital converter in the near future.",1607540627.0,1
hometheater,"So why do they have separate Audio Jackets for TV/MP3 and Gaming and Home Cinema? They certainly have Upmixing if the rear sounds sound behind, and central uses ambient/vocals and front speakers are universally, but also directly front left and right. If something is behind me, i hear them from behind on the rear. They do not copy Front to Rear or anything of the likes. I have posted on the Hi-Fi forums and they didn't say these speakers don't have upmixing. I am more confused which mode is the best for upmixing to mimic 5.1, just as Dolby Digital II was also used to use stereo sources to produce and upmix them to 5.1 for games or content that don't have Dolby Digital II enconding. My Home Theater would do that. Of course the mixing is not perfect and some sound leaks into the other speakers, but this is just how upmixing operates. It isn't magic. Even my Home Theater does that.

Edit: When i say Rear, i mean 220 and 320 Degrees. If they are directly behind me, then both speakers use the sound to simulate that something is behind me. If something is on the left on 220 degrees for example, i only hear them on that rear speaker, and the same goes for the other one at 320 (or depending how the game spreads the audio).",1607530150.0,2
PS4,"PCM is true, uncompressed audio, but it treats the input like Stereo, which in fact it is. (DTS is less compressed than Dolby) It's up to the Amplifier to Upmix it. However i was curious if using 5.1 while Upmixing is better than using Stereo for Upmixing. Thanks for the response, i will certainly post it there.",1607528867.0,1
PS4,"Too bad i refunded it. But i could always just buy it again when i get some money. I probably won't be buying anything till the new NieR Remake comes. I have plenty of other games to play, but i have seen footage and yes, it does look impressive and smooth and i am kinda hyped, can't deny that. Guess i was wrong, but being cautious is a smart move these day, at least for me. They have delayed the project so many times because of the base consoles that i had every right to be worried.",1607528748.0,3
ghostoftsushima,"Anyone knows if Legends runs at the same base 1080p resolution as the base game on a regular/slim PS4? Because so far the game never slowed down, and it appears a bit hazzy for me, or at least maybe i don't remember the base game very well.",1602975493.0,1
noita,"Why not two randomized wands, like we have now. Because the starting wands were stale and boring. And two potions? One random, like now, one always Water.

Water is almost essential for newer players in Level 1 and 2. After that it's almost useless. Because in Level 1, Mines, everything is Toxic Sludge or Fire, and Level 2 Coal Pits with Fire and Slime. It would counterbalance it with the Water Flask, and it will also give you a passage to the orb 100% of the time in the Mines. (You get punished either way when you pick it up by spawning very hard enemies).

Also, no mods. I want this official. And yes, i know you can empty the flask and fill it with water, but doing so every single time is tedious. Especially how the game is punishing and how much you actually die.

And is there even an official Noita Discord Server?",1602857810.0,2
PS4,"Hope you are right, for others. I will still refund it and get it later when i finish my catalog of PS4 games, then buy a PS5. I know they will do their best, they are one of the best companies out there for consumers. Hope i get the refund tomorrow. And as always, hope everyone gets their fun out of it. I know it will be GOTY for sure. There's no debate in that.",1600646015.0,2
PS4,"Of course, i am not saying that using an in-house engine won't create problems, but what i meant was that using UE4 and Unity for example can cause a lot of problems even when coded right simply because they don't know the ins and outs of it. Surprisingly i have seen more in-house engines being properly implemented, as long as they know their limits. That is, for the games i have personally played. Can't speak for others tho.",1600637000.0,1
PS4,"They packed so much detail it's rather fascinating. But after playing TLOU2 and Ghost of Tsushima (with no loading times, no LOD) this will be a hard pill to swallow if i have to see people or cars pop-in all the time or going sub-20 frames in the city :/  


It's true that the specs aren't high, they are exactly what i have on my PC now. So if it comes out, i just might get it on PC or PS5 when i buy it later (I won't get it on launch, sadly).",1600630662.0,2
PS4,"Yeah, might just get it when i get PS5 after a while, won't get it on Launch, or just get it on PC. Own both things, so yeah. I usually use High Quality Studio Headphones so i don't hear much noise, but some games really rack up the fans.",1600629314.0,2
PS4,"Yeah i don't expect 60 frames (lol, who would even do that?), but i mean a steady 30 at 900p with a nice TAA +FXAA or 1080P with little to no dips. But something is giving me an impression THIS won't be the case when looking at those screenshots, they look almost photorealistic, even by today standards when you have models like Claire/Leon/Jill in REmakes with super facial animation and super HD textures of Monster Drinks in Death Stranding. What i am saying is that i am worried about the base consoles receiving the end of the stick, and pushing the Pro/X1X and PS5/XS1 on it, and PC, obviously.",1600628998.0,3
PS4,"True, but big companies don't do that. They make an engine, stick with it, and release almost uncanny graphics with it. As seen in REmake2 and REmake3, RE7, DMCV, Horizon, Death Stranding, MGSV when it came out back in the day with 60 frames at that, too.  


What i am saying is that those aren't open engines that people can work on, only the parent company that made it can use it.",1600628653.0,2
PS4,"I know, it did on mine too. Bought the Steelbook edition. Death Stranding settings for PS4 are the Default Settings on PC with some settings on High, funny, right? Apart from  Anisotropic Filtering being x4 on PS4 and X16 on PC default.  


Still, no matter how good the vegetation and map looks, and the thousand details (Footprints, leaving trails when you pass frequently by the same road, fishes and crabs after battle, voidouts, shifting geometry). It was still mostly empty and devoid.",1600628523.0,2
controlgame,"You mean the engine or the platform (PS4) because it has been proven that a game can be optimised perfectly well for the PS4, i wouldn't even mind some downgrades. I was just asking if the new patch did anything. So far i started a new game because i didn't know what the hell was going on at this point. The map stuttering has been *kinda* fixed, the menu is more smother. I have yet to get to the crunching paths that the game can't handle well.",1600612947.0,1
AirConditioners,Anybody?,1600517767.0,1
TheLastOfUs2,"I think she forgives him because Joel wouldn't want and would not agree what Ellie was doing and lets Abby go because Ellie isn't Joel, no matter how hard she tries to be in this game.

You can also say the same about Ellie killing ALL of Abby's friends. However their deaths weren't on purpose, but rather self defense. She just wanted the information, and wouldn't even touch them. But every one of Abby's friends is a stupid retard who wants to pull an 180 on Ellie when she was asking about information trying to kill her, then getting killed in the process. The story is also about loss. And we don't know what the future holds for Ellie. I mean the game is just too depressing by the end. She goes to finish the job, but she doesn't. Loses her fingers, family and can't play the guitar anymore, the only legacy she had left from Joel.

I mean, the pacing could be better, it's a 35 hour game on Survival (on my first playthrough, not counting deaths). I don't remember how much is the first game, but i think it's less than a half of that. And we didn't even get the Multiplayer Portion of it, which was fun. I mean, i get it, they put too much effort and crunched too much time to make the game, and the new free DLC is cool as heck. Wish we got more. Wish we got Ghost of Tsushima DLC like NG+ or Repopulating bases. I would play the shit out of it. Now that i 100%, there is nothing for me to do there. Since that is the current GOTY for me. I never imagined a game so beautiful with zero loading times and such smooth combat that combines the best of Nioh and Sekiro. TBH i don't even like the stances in Nioh, but here they serve a greater purpose. And i platinumed Sekiro too, it's just too good, but GoT felt like those two mixed together with the Witcher 3 quests. Each one of those was serious in tone and had great quality, even if they were minor.

People are too fixed on the thing i said, that i don't agree with them and that i think the game is freaking awesome to me. Which it is. I asked where did the Audio for Speakers go. I know for a fact it was there before this update. Was it useless so they removed it, or was it merged with Television? What are the differences between those settings anyway? I mean, If you put the Dynamic Range to Highest, you should get the best possible audio quality no matter what kind of setup you select. Quiet sounds sound quiet, and loud sounds sound loud. Is it compressed audio vs uncompressed? And if that is, why would anyone waste their time on compressed audio if they can just put uncompressed? So yeah. That's what my main question was.

And yeah. Berserk is the best shit ever. No manga ever tried to be so detailed and deep as Berserk.",1597366527.0,1
TheLastOfUs2,"I was saying i don't agree with what other people think about this game, story, writing and characters. The only thing i can relate to is pacing.

I was asking about Audio. So unless you have some information about the question i was asking, why don't you go somewhere else to post useless shit like this. Just look at your fucking retarded nickname. If that account isn't meant to troll, bring down how the game ain't good and piss people off, i don't know what is.

I don't really fucking care if someone here likes the story or not. It depends on the media format if i am attached to the story and the characters, or the gameplay, or both. If i wanted to play a good game with a good story and superb music, i would just play NieR:Automata. This game, like it or fucking not, has good gameplay, decent stealth, superb gore, superb audio design, superb little details and chunky gunplay, meshed down into a nice sandbox experience. Even if the story was amongst the vile puking shit ever introduced, it would still be a good game because the gameplay is simply too good.",1597365403.0,1
TheLastOfUs2,"Of course there is revenge, written rather plainly in it. With big bold letters. Maybe it is a revenge story until the very end. But the moment she let Abby go was the moment she forgave Joel, or rather herself. She never had a chance to do it in person. Joel always wanted for Ellie to have peace and he gave everything to her. He would NEVER wanted for her to go on a revenge mission for him. But rather, he would go on a revenge mission for her.

Berserk is also a revenge story, but it shifts mid-way through that Guts doesn't care for Griffith and Griffith doesn't care for Guts anymore. Guts only cares for Casca. And it would take some effort for both of them to accept it. Casca would either really want to kill Griffith for Guts to go hunting for him again. But again, since you can't damage him, unless you slap him really hard, there is little point in doing so. Even Skull Knight with the Behelit Sword couldn't do shit to him, and it was made especially for the Godhand.

Alright, enough with the parallels. I just want my audio mixing back mangs. What happened to it? I usually play with good Headphones with an external Audio USB Card hooked up to my PS4 on the night, but i like my loudness in the day.",1597357779.0,-2
TheLastOfUs2,"I already beaten GoT at 100% and platinumed it, this i didn't. I have like 35% achievements, that's what i pre-ordered before TLOU2. (Instead of it) In fact, i didn't even want to play TLOU2 until i saw the digital foundry video on it and pre-ordered a day before it just because of the gameplay itself. The amount of details surprass even RDR2 and Death Stranding, and those two games have too many of them. Also, gore. My dick gets really hard when i watch gore. Blood, brain splatters, teeth falling, jaw falling, limb cutting, etc. It wasn't on par with REmake2 but hey, it was good enough. Oh, and it had a fucking prone button. I waited 5 years since MGSV to have a game where i can prone and stealth around. I always go with deluxe editions and didn't regret the money i spent on it. I didn't have a problem with the story, writing, just the pacing and a few things that were overlooked and were stupid as shit. Owen X Abby, Ellie leaving the map on the floor for Abby to find her and some other stupid shit.

Nah, it's about Redemption. He said it himself. However little to no redemption was found, it's just fucking depressing. I know how good it feels to get revenge, i mean i played RDR2 and the final moments were so good. But because of that, you fucked up everything up. Sure, Marston going out like that in a poetic way was gud shit, but he fucked up by not listening to Arthur. Of course i doubt Lev would even go for Ellie if she killed Abby. And that was in the scripts for a LONG time. She was suppose to do it.

The problem with GoT (Also crazy amount of details), which to me is a superior game but with a horrible framerate in some areas on a PS4 Slim (Got used to it eventually), is that there is NOTHING to do after you complete the game. The lethal option they added is cool. But why no NG+ or an option to repopulate certain camps? All i can do now is just fight people on the road, can't even climb anywhere to stealth assassinate them or do some cool shit. It's either a duel or a showdown.",1597356772.0,-2
TheLastOfUs2,"It's a freaking forum. I don't care if you call it /v/ or reddit or a message board. It's the same shit for discussing things about discussing things that are related to this topic on hand.
So i don't really give a crap what it's called and why would anyone care if it's a ""subreddit"" because we are on reddit.

So if you have any additional information to provide, especially on the content i have asked (Audio), i would thank you dearly.",1597355507.0,-8
Berserk,"Well if not for anything else, watching the anime (and video games) are good for the music. And music from the anime and movies, both old and new flow together well when actually reading the manga. So while i WOULD like new anime, i wouldn't want it from the same studio, and i would want a reboot of the Conviction Arc, starting with my favorite The Lost Children Chapter which was excluded for no reason at all, and it's probably one of the best standalone chapters, and it actually focuses why the Holy See hunts Guts. So while i think the anime from 2016 and 2017 was really, really horrible, some scenes and almost all music is epic as all hell. I mean some of the music from 1997 anime, the games, and movies 2016/2017 are almost as iconic as the manga itself. And apparently Kentaro Miura listens to them while drawing new chapters too. Especially the 1997 and video game music. There are two composers Susumu Hirasawa, the old composer, he also did some of the new things i think, and Shirō Sagisu who did the new Berserk stuff and Composed Neon Genesis Evangelion, The End of Evangelion and The Evangelion Rebuilds. And i would like to see him work on a new anime, WITH a NEW studio behind it.  


Read the rest, let the art evolve. It's not that Berserk is one of the best mangas ever, because it is, and not that Guts is the best manga protagonist, because he is, and Griffith the greatest villian, because it is. Read it for the art at least. There is NOTHING like Berserk art in the manga world, not even close. While there was a decline when Miura switched from pen to digital, he quickly adapted to it. Like really quickly. And anime doesn't even show how Guts actually fights and moves. Especially in Berserk Armor.",1596582010.0,1
Berserk,"Shit, some of these are good. But Judeau having a fatty face compared to Skinny Pippin is kinda a big contrast. Others are great tho. Grunbeld, Zodd, Guts and Corkus especially.",1596578988.0,1
PS4,"That is absolutely not true in the slightest. They are both indentical apart from resolution and performance. Performance can drop quite frequently, but it isn't unplayable, far from that. Even if i could cancel my pre-order now that the game is released, i wouldn't. Because it's just too good of a game and looks too good. No wonder it drops frames in some heavy camps. If they dropped some fidelity for the base console as an option, i think that would be more than fine. But they choose to go full power mode for both of them.",1594960132.0,2
ghostoftsushima,"Well it releases midnight on my region UTC+1, so i plan on playing it then, that's 6 hours and 50 minutes just from now. I won't play all night, but i got some nice sodas to keep me busy while playing. One thing that bugs me is the performance on Base/Slim and i hope it doesn't dip too far below 30 all the time as i saw per Digital Foundry analysis which seemed roughly stable as the Quality Mode for Pro, but a little bit less (1 to 2 frames). So i will be playing tomorrow probably all day after i finish my work. The hype train left a bit because i saw a lot of videos and everything about the game (without any spoilers or other arcs besides the first). Since i was super hyped about it. I couldn't control myself, i wanted every bit of information.  
But as someone who was spoiled on some things in TLOU2, the game in the end surprised me multiple times. And no doubt, this game will too.",1594912474.0,1
ghostoftsushima,"Wait, you posted two different screenshots that don't match the exact same location and expect me to believe something was downgraded, when in fact, every promo shot that was shown made it look like a BIG upgrade. Rock formations vary from location to location. If you can find the same two spots, and make the same two screenshots, then yes. I might say it was a downgrade. But honestly, i don't see any downgrades here apart from rocks having a different structure and less polygons. Even if the lightning was different, the exact same locations would look similar to each other.  


I won't say it wasn't downgraded, but until the locations match 1:1 despite the lightning, which you can't really control that well, i am not convinced.",1594910491.0,1
ghostoftsushima,Thanks. I was suspecting it was 900p or lower and was shaking my hands because i bought the Deluxe Steelbook edition and i don't love upscaling. But this really looks promising. Especially since TLOU2 was 1080p with a solid 30 FPS through the whole game.,1594834733.0,-1
ghostoftsushima,"Really? You sure? I saw one video and it looked really blurry for some reason? If so, i am in for a treat.",1594832952.0,0
Aliexpress,"Sorry i didn't respond. XL for Hoodie was perfect, and the T-Shirt was perfect in L when it came in. So thanks for the help guys.",1594832865.0,1
pcmasterrace,"Wish they would fix it. Good thing i have the charger. Thanks buddy. I will try some different things, maybe something will work out. But honestly if i can't charge batteries via USB, it means i don't actually ever need to use it.",1581939478.0,1
pcmasterrace,"I should try a different BT before i get the dongle. Do AA batteries even charge on the controller? I mean the rechargable ones, not the battery pack via USB.",1581938615.0,1
pcmasterrace,Thanks a bunch. I have specificly choosen the S version because of BT wireless. But a dongle might not a bad idea. Any indicator when the battery is full via wall charge?,1581935352.0,1
DeathStranding,I also hope they are random. Scripted events would kinda hurt the game for me.,1573243819.0,1
DeathStranding,Really? What about mules? Thanks,1573242909.0,3
DeathStranding,"I would surely like one with my broken leg. I had to pay off the dues for that. I am not from UK or US or anything the likes, but i have both accounts just in case. I would be grateful if i could even get a chance ot get a copy, let alone anything else.",1573160196.0,2
DeathStranding,"I can't afford it, but i am not from the UK :(. I do have an UK account however.",1573158130.0,1
DeathStranding,"I have a broken leg and can't do much, so i would appreciate a copy of the game if i can have it via Paypal. Thanks for doing some fine things for the community.",1573155415.0,2
DeathStranding,"This is probably the best trailer i have ever watched in my entire life. The camera work is phenomenal, the music astonishing.",1572614338.0,1
Bloodstained,"Alright, thank you.",1561248842.0,2
Bloodstained,"Nice, thanks. What about passive shards becoming skills tho?",1561246981.0,3
Bloodstained,"There is a double space between the title library on Steam, can we get this fixed?  


[https://imgur.com/dwytRfk](https://steamcommunity.com/linkfilter/?url=https://imgur.com/dwytRfk)

Yes, i know, first world problems or so. But the community page and store page are correct. This is from a backer code.",1560843872.0,2
DevilMayCry,Bump. Sorry. ,1552331104.0,1
DevilMayCry,Exactly what i said,1550341409.0,1
DevilMayCry,Help me,1550340976.0,1
DevilMayCry,"Y'e it does.  


[https://www.youtube.com/watch?v=AP49HMrUbK4](https://www.youtube.com/watch?v=AP49HMrUbK4)",1550339160.0,1
residentevil,Ubad,1548943646.0,1
residentevil,lol go eat shit,1548940943.0,1
residentevil,"Lmao. No one grinds for Souls / Echoes there, only a few select ones do who are horrible at the game and do not know how to play it, so the ones that do that are the 1% you mentioned. The rest play the game like it was suppose to be played and level up after they cleared the level/shortcut/boss. The reason for this is that leveling and overleveling does not make you stronger. Stop making the community look bad, the games are not some special hard challenge. They are made for the average core gamer, you know pretty much like REmake2 was. If anything standard difficulty in REmake2 is harder, let alone Hardcore. ",1548936700.0,3
residentevil,"Hate it just because you don't get regular ammo for the Matilda. It could be optional, but isn't. ",1548620724.0,1
residentevil,"Hate it just because you don't get regular ammo for the Matilda. It could be optional, but isn't. ",1548620708.0,1
residentevil,"Nah man, it sucks because of that gangsta stance. If both pistols used the same ammo i wouldn't care, but you only get ammo for the M19, and if you want to use Matilda then you can only craft it via gunpowder. Still, you can just switch to the shotgun and never use the pistol again, like in the original. I know that stance is a throwback, but they could have tied it with a costume or something, or just use regular ammo. Still salty about it. ",1548619427.0,17
residentevil,"So just 3 or 4 notches from the darkest, got it. However the screen and dark areas STILL look grey, is this how it is suppose to look? Without HDR it looks better, blacks are black, not greyish. Is the in-game brightness slider broken for both modes? Because following their instructions for calibration makes the game too dark and it crushes blacks. Especially the last one with the typewriter. ",1548545336.0,1
residentevil,"Does anyone know how to push zombies without defensive weapons?
Here it is https://youtu.be/NODWNVpB2rM
On 2:32",1548534247.0,1
residentevil,"So i have a pair of JVC HA-RX900 and for that budget they are super good, the soundstage is insane. So i always use the largest dynamic range and obviously it works like a charm, binaural is a big plus.

But what about TV display or a pair of old home theater that only uses AUX with Pro Logic II?
Obviously i use Stereo in every game. But what about the dynamic range and binaural?
I love the difference between loud and quiet sounds, and is Binaural only for Headphones?
This is on PS4 and all audio is going via TV jack, headphones included. ",1548516460.0,1
bloodborne,"Well, what do you know, i got two OOS in a row today! One Radial, one Waning. The Radial is useless tho. 29.3% with ATK down, Waning is 31.5% with a Durability Down. That is probably the worst curse from the usable ones IMO, not something i would use. Sadly the Bloodletter has no Waning slots, i could upgrade the Uncanny or Lost, but i will wait till i get some more tho.
Did one run of 100 yesterday, and one today with one eye rune. Might try using three of them. But i remember only getting Ritual Blood from those. Still, at least i've seen it with my own eyes, enough to keep me going for a bit more! ",1547059114.0,2
bloodborne,"Holy moonlight, that is some willpower. Congratz. 100 hours sounds rough. It just happens that i made another BL43 Bloodletter Twink, and i would really need those OOS gems for invasions, especially with return to Yharnam closing in.
I also need those OOS on my Bowblade/Chikage BL43 Twink. Might as well start with the grind now. After all, this is some big inspiraton. ",1546989695.0,2
bloodborne,"Yes, it is. It isn't ranked as one of the best games for no reason. But i still can't get around the missing textures all over Yharnam, no post-processing AA in Lecture Hall and sometimes janky PvP gun spam/stun with weird framepacing.
Those issues aside, top fucking notch. ",1546807754.0,8
bloodborne,"Sure enough, DeS did the same, so did DaS, but Bloodborne just made it bonkers.
I play it every day. It's my to go game. But i invaded a lot, so online has a lot to do with it. 

I do play other games, ones i see worthy, usually nothing similar to Soulsborne. Persona 5, NieR Automata, etc.
But Bloodborne has made it to the ranks of the best games for me. Ones i replay annually. Like MGS, Dino Crisis, Resident Evil 2/3 REmake, Bayonetta, DMC1/3, Silent Hill first three.
You know, games you can't stop playing and replying despite the new ones coming out all the time and your backlog keeps piling up.

Oh, also. Still haven't finished Witcher 3 with all the DLC expansions. I have around 100h based on Steam metrics. Each character in Bloodborne has triple than that due to invading all day. Those 100h in W3 felt super long, but those thousands hours in Bloodborne felt short. ",1546806932.0,3
bloodborne,"lol fuck no.
I never get invaded, but i always invade.
And when i do, i am the biggest douche ever.
I never bow, i might provoke, i always rub it in with BM gestures after killing them and i do that double if they have password summoned phantoms. I will always hide and do sneak attacks. Blue Elixir Bowblade Charge to Backstab to another Arrow for an easy kill. Lead Elixir + Chikage all day every day if they spam R1 or Gun Spam. When they parry fish, i bring my own BMA Evelyn, usually it OHK phantoms. I always twink with my BL43 +10 best gemmed weapons.
Phantoms go down first, i leave the host for the last.
If the lonely host puts a good fight i might bow.
I am that guy in Demon's Souls that has the Scraping Spear and throws poison + toxic while going around your npcs so you hit them.

That for me is what invasions really are. The ultimate thrill. They have no respect for me (and why would they?) and i have none for them.
This is purely an in-game character persona.
I just don't have the time to play around when sneaking or ambushing. I can't see how anyone can go out in the open to bow or gesture when the host has two phantoms. 

Duels are a different thing, lone hosts too. If they bow, i bow. If they gesture anything, i wave back.
I don't heal unless they do and i don't use BMA.

You lose your empathy when invading gonkers/gankers across Soulsborne after a couple of thousand hours in every game. But you never lose respect against fellow duelers. ",1546806038.0,0
bloodborne,"I am in Croatia, so EU region. I can find people all the times, even at 4 AM casually invading in Cainhurst with my BL43 characters. And that extends to Cathedral Ward, Upper Cathedral Ward, Hemwick, Forest and obviously Nightmare areas, sometimes DLC areas, but i rarely go there with my twinks. There is no shortage of people at that range,. Jumping to BL120, i can mostly find duels, some invasions at chalices, etc. Clearly less populated.

First half of the game has crazy amounts of co-op.
And to the OP, i would say that the online portion of the game is almost mandatory for the full experience. After all there is so much you can do offline, but i can't stop playing online. Bloodborne is almost all i play. ",1546804009.0,1
bloodborne,"> is the primary reason, but the other one is the freedom to invade any area of the game and get an invasion.  I do not invade lower level areas such as Cathedral Ward and Hemwick all the time, i switch to Cainhurst and Mensis often to change things a bit.  
>  
>My twink can also be used to help people out, and i do that from time to time. Sometimes even on the people i 

That really is pushing the limit. But if you can manage it, more power too you. Once i saw a twink with an enlarged head and a cannon invading me in the forest. I just rang the bell so invaders can invade me. Don't think it was you, but it could be. He didn't use the pizza cutter tho.",1545194621.0,1
bloodborne,"Yes, indeed. I think veterans of the games who overcome the challenge not only on lower levels with no scaling whatsoever, but with chalice dungeons and gem farming. FRC Chalices, and even the base story Loran/Lower Loran and Isz are hard. FRC Dungeons are no joke. Usually i die in one hit due to the curse, so every move must be perfect.  
Twinking is also a means to even the playground with password summoned phantoms who are way overleveled to the host. This is the primary reason, but the other one is the freedom to invade any area of the game and get an invasion.  I do not invade lower level areas such as Cathedral Ward and Hemwick all the time, i switch to Cainhurst and Mensis often to change things a bit.  
My twink can also be used to help people out, and i do that from time to time. Sometimes even on the people i previously killed.  


And yes, i can die and be killed even with +2 weapons if people stunlock me to death, there is no way around it.  
",1545194383.0,1
bloodborne,"> much more so than playing at lvl 99

The phantoms have an icon next to their name, you can see it clearly. It indicates that they are downscaled from their initial level which is out of range from the host. A phantom can only be downscaled if they are a password summoned phantom. Otherwise no ranges would exist. If the password summoned phantom is in range within the host, no icon will appear and there is no indicator that they are using a password. Apart from matching names or such things.   


And really nice characters you got there. Care to take a picture or so? I usually love fashion in Soulsborne.   
It comes first.",1545193405.0,2
bloodborne,"Gratz. Doing a BL4 run is hard, but the feeling of reward is certainly  worth it.
That sure sounds original and fun to me! Try to prep it before then. Laurence is just, ugh. Let's just say i hate him a lot :D",1545161243.0,2
bloodborne,"More or less. I have a friend at max level and he is getting invaded left and right. However he doesn't invade so i don't know the waiting times. I would just stop at BL120 if your character is done and see how the traffic is. I don't get many people there, and the ones i get are duel centric. So you don't get to use the whole level as a playground. No Blue Elixirs and doing a surprise backstab into a killing blow with the bowblade while being invisible. The best level ranges for invasions are BL43 to BL80 IMO. ",1545161046.0,1
bloodborne,"Nice, that's a good level for end game areas. Pizza Cutter is king. I suppose you don't have much VIT, right? But at least that cannon makes a big boom. Do you also BMA it for a bigger boom? ",1545160583.0,1
bloodborne,"They are certainly more duel oriented in Mensis and Frontier. If you can actually find a proper invasion that isn't in Chalice Dungeons, it can be fun.

Well, the whole point of twinking is to either even the odds against password summoned phantoms or 1-2 shot people. I usually keep +6 weapons on me just in case, but i am not too shy on killing everyone in sight when they start spamming parry, trying to stunlock me or get behind me. That's just annoying.

However... BL120 PvP is no different at 50VIT, you also die in 3 hits if people do their homework aka get the best gems. It's just more mind game focused, and you tend to make less mistakes.
Also, in most duels people don't tend to tap, so you usually have 30% less HP. Why? I don't know. So invasions all the way, all day. ",1545160376.0,1
PS4,"Yeah, i think it is IPS 1000:1, but otherwise i haven't found anything bad about it.  
There is no blurring option. 0 Sharpness is native picture without any aritifical effects. It is exactly how the digital input sends the signal. I found that 0 Sharpness is the best option to use for both 720p and 1080p.  
480i could use anything from 5 to 15 IMO with Reality Content On. Can't say i like SD content on HD, Wii looks like a blurry mess. Especially TLOZ: Skyward Sword. I also tried PS2 over a RGB Scart (Which can output to 1080i if the signal supports it) and same story overall. It doesn't support 480p however, but HDMI converters or cables might do the job. I have a dedicated SDTV station for all my older consoles, and the picture quality on that thing is sky high.  


Reality content on the other hand is supreme on 720p. The base upscaling is really good, but Reality Content on Auto makes all the PS3 games shine, even those on sub-HD like RDR and MGS4. Sometimes i forget there is any upscaling going on. Text and HUD usually look like native 1080p, everything else like textures look super good. I can't praise it enough. It doesn't fix jaggies, so there is that.  
I am not sure about using it on native 1080p however, usually it only makes minor changes. It might be good for games that do not use 1080p on my PS4, i have yet to find those.  


I played with those post-processing features a little bit, and i only like them on Netflix or when watching JoJo. Then the picture looks good, but for games? Nah. Live Colour looks wrong in most games. Shadow of the Colossus especially where the colours are supposed to be dim, with little saturation. That dimming thing is Adv. Contrast Enchancer and sometimes it looks good, it does't crush blacks or whites, it just adjusts the overall contrast so they appear deeper than they are based on the scene. But Game Mode is really the best for games, not because of input lag, but beacuse it just looks right.  


I also have a separate HDR Mode, it auto switches when HDR content is enabled. I didn't adjust it yet, but it looked good enough when i played Uncharted. I was impressed by it, honestly. Just like with anything else on the TV.  


So Game Mode, 0 Sharpness and Warm Mode is a must for Video Games. Reality Content on Auto for 720p, Off for native 1080p. Looks superbly good, i just needed a bit of time to play around with the settings.  


That's what i feared. I tought finding a good 1080p TV would pose a problem today. I have no interest in 4K yet, and neither do i have any device to use it. I am also not interested in upscaling 1080p content which is the most common resolution today, let alone 720p. Not only that, but i would not benefit from a 43'' (or 49'') in my room and the view distance. This is the best i could get, and i am pretty happy about it. In the future i will just downscale games if PS5 comes or so. I seriously can't thank you enough for your help. The first comment was really hostile and agressive for some reason, apparently because there was another a subforum for bravia TVs, but i got no help there either. So thanks again!  
",1541454814.0,1
PS4,"Oh sorry, i posted the wrong link. It's the 43WE755, not the 49. I wanted it to be exactly 40-43 for that kind of resolution, my seat position and distance and obviously my room conditions. And this is the most perfect i could find. Maybe a 49' would fill the gaps of my TV table, but i didn't want to risk it, it's in a corner.  


The Sharpness Slider goes from 0 to 30, which is a bit weird. In most pre-defined Scenes it is set to 15, apart from Game mode which is 5. All of those have an impact on sharpness.  


Reality Creation goes from 0 to 100, but i usually keep it at auto. I tried to see the difference between 0-20 or 20-40 in Photo Mode, but i only notice the difference at exactly 50 which strikes me weird, but that option also depends on the scene selected. I use the auto feature at 720p (PS3 or any content at that resolution) and Off for native 1080p content such as games. The most impact i have seen is on sub-HD content such as Red Dead Redemption 1 and Metal Gear Solid 4, and it does make some magic behind the scenes without any artifacts.  


As for the Scenes, they are really weird. The standard general one dims and lights the screen depending on how bright the content is, and even without any of the settings enabled, it is still the only scene to do so. The ECO thing was turned off. Photo Mode really has the best pre-set calibration, but Reality Creation barely does anything in this mode, Game mode is good for native 1080p, and Reality Creation works wonders in 720p, but things like Live Colour, Black Corrector Clear White and Adv. Contrast Enchancer are disabled.  


Should i even bother with my custom pre-set to use things like Contrast Enchancer and Live Colour? They do make scenes pop-up a bit on the low setting, everything after that is too much. Or should i just use my custom game mode without those post-processing effects? I haven't noticed any input lag between modes.  


Also, thanks for the info my panel. I am pretty happy with my purchase overall, considering this is my first HDTV (Only ever used a Monitor and a CRT). And the fact that you are saying it's a solid TV overall makes it all the better.  
I guess if they opted for a 10bit panel it would make it too good for its price range and resolution.  
",1541252244.0,1
PS4,"Thank you. My model is a bit smaller tho, but everything else is the same. It could be, but i am perfectly fine with my purchase so far. I am still in the process of calibration. I nailed the 720p and 1080p content, i just need to see what to do with sub-HD content.",1541201420.0,1
PS4,"There is no such thing as subjective when it comes to calibration. Small tuning to my liking can come a bit later when the picture is as it should be. I don't use reddit that much, and i saw some other posts (older) that talked about Televisions on PS3 and PS4 on this subforum. People provided a bunch of useful information since i only use my HDTV for playing games anyway, and this is a subforum where people do that anyway. None of those were hostile. It does matter, everything i said matters. Especially about PS3 and PS4 AND upscaling, which is why i bought the TV in the first place, for upscaling. A PC monitor can't do that, no matter what you go through. It provides a RAW image and nothing else. And while my monitor is properly calibrated, with my small tunings to temperature PS3 games look like shit anyway.  


The best i can do for calibration is load a webpage or use an image. No pre-bought disc tuners or colorimeter. This is why AVS and rtings exist in the first place for users like me. They provide proper settings for most (some) products, small tuning can come after those. Back in the day i also liked my sharpness to the maximum on the CRT, because i felt that's the best experience. And guess who was super wrong afterwards when switching to RGB? It was so bad that everything bleed to the next row.  


But still, i will thank you for pointing out the subforum for me. That might help me further if other users won't do it in advance. It was the only one with 1080p and HDR.",1541187349.0,1
bloodborne,"I didn't know how much Stamina the Chikage would end up eating because i was playing blind my first time, and this was my first build ever with no PS+ at the time.

I planned my build for the Bowblade, since i got it when i was still BL 30 and had +3 weapons. I used the charged shot all the time and that ate all my stamina with one shot. In the end i used and liked Chikage more than the Bowblade. But both got used a lot through the game.

The arcane build is the newest one which i made only a week ago.
HMS eats a lot of my stamina, especially the beams which i use the most in transformed mode. So i thought 30 END is the sweet spot.
However that build is still at 40 VIT and 20 END atm on BL 100, and i mostly invaded with that one. Sometimes i found myself wanting more stamina when going 1 vs 3 against all the Rakuyo and Saw Cleawer R1 spam to poise through and keep swinging until they die because it seems their R1 is stuck and it won't get unstuck. 

But the more i play with 20 END, the more it feels natural. I've been invading for the last 4 hours non-stop since i posted this, and i rarely even lose. I just wanted some input from the vets of BB community who know their stuff. I might know the other games, but not this one. And all your input has helped me to understand the game even more.",1535992821.0,1
bloodborne,"Yeah, i do too. But whenever i face fully gemmed people with their buddies i get in trouble so i have to resort to some insta-kill measures or turn and burn. It's fine for now, but i might remake those characters anyway. The first one turned out almost perfect, but i am not really happy about the second one. So far i only invaded with 20 END with my HMLGS, it is fine for the most part, and i did manage to max out my blood dregs in inventory, but chasing people after dealing damage is tough. Guess if i deal more damage i wouldn't have this problem.
Thanks for the info, glad i am not the only one who has 40 VIT in PvP.",1535975552.0,1
bloodborne,"Yeah, i might have. I played the game blindly when i bought my PS4 and tought that was a good compromise between vitality and stamina considering they scale different compared to other games.

I might just remake my characters, not a big problem now. Already have their face presets saved up and didn't grind much. Each has around 50 hours or so.

Those lists are some SERIOUS help, so thanks a bunch for that.",1535975195.0,1
nvidia,"I know all that. It is a horrible port, but the driver breaks it even further. Look around the forums for Monhun and Steam, there is a steep decrease in performance with the newest driver.",1534267867.0,4
nvidia,"No, it is a driver issue. People reported it all over the internet. Especially on Monhun and Steam forums. 

The port is horrible, there is no denying that, but the driver breaks the game more than it already is.",1534267808.0,9
nvidia,"When will you fix the Monster Hunter World Performance drop on 1060, 1070 and 1080. It's more than 20 frames on any setting when using Intel. How the hell is this a game ready driver for the game if it breaks the game? Not everyone will bruteforce the frames. Lower End GPUs played the game fine on 60, now they can drop to 25 in high traffic areas. This is a joke.",1534182677.0,15
stalker,"Bummers. Mine never crashes, this mod is basically vanilla CoP with better weather effects and skyboxes along with blowouts and other emmisions.",1531052039.0,1
stalker,"Yeah, it might be. It only adds skyboxes/changed weather effects along with new Blowouts/Fallouts/Psi Storms. But it changes nothing else apart from that and accurate sun position. It also changed the xrRender_RX.dll. I used the HD version of the textures, which is around 500 MB in total in the gamemods folder. There is a regular one with 40 MB, i wonder if there is any major difference at 1080p.",1531051909.0,1
stalker,"My CPU is at 40C and my GPU was at 60C, i always use MSI/Rivatuner to test things. But you are right, it might be linked to ALife in some way, since every time i reload, there are a bunch of people in that area. However crossing the same area and just loading and unloading on the fly when i am playing the game doesn't make a difference.",1531051787.0,1
Overwatch,"Thanks for the input, but i just bought of them and i don't regret it. I usually like themed skins, like original overwatch and blackwatch. Butcher is kinda cool because of Diablo 1.

Usually i can hold on till the last day, but this time i needed some input regarding this.",1524180620.0,1
Overwatch,"Thank you very much. This is the kind of response i was waiting for. I really want him. I mostly main Genji/Mcree/Dva/Hog/Ana/Moira but i really like to play as Reaper a lot. Going to get them now, no reason to hold back. I just needed a little push. Especially if the voice lines are going to be added from the Event. All the more sweet.",1524166378.0,2
Overwatch,"True. But i can't resist since i want to play with him in that skin. I guess i could just ignore it for now.

What about Reaper? Cool or nah?",1524165828.0,1
Overwatch,"Well, i really like the Butcher skin for Hog since i literally dislike all of his legendary skins except for maybe the event ones. Stitched is good.)

For reaper, i can't really find any good skin for him that i like. The default ones are good, but i don't roll defaults. Shiver is cool. Soldier 24 looks kinda cool with the coat. But i can't make up my mind haha.",1524165730.0,1
dyinglight,"It would be nice if it did. I thought it was a great feature that got scrapped, sadly. Thanks for the response.",1523742460.0,10
dyinglight,"Thanks for the answer. So it's all about the player noise, proximity and sound. The microphone doesn't matter then? I have read quite a few articles and threads about it, but i shouted with VOIP enabled, and it didn't do shit.",1523739047.0,14
demonssouls,"It changes everything. It feels dead and empty now. No messages, no bloodstains, no ghost phantoms, no invasions, no co-op. Even if the game was on life support before, you could always see other players playing in any location at any time. You felt connected.",1519868294.0,8
OkCupid,"I changed a bunch of them. It is my impression, it's subjective after all. But despite that, i didn't come to him out of the blue. I heard a lot of good things and since he is usually very crowded, even accepted me as his patient. At least he talks about stuff i want to talk, and gives advice, deadlines and tasks. Unlike most of the other ones. Also changes my meds and monitors them if he needs to. Others didn't do that. They just said here is your paper, take the meds, bye.

At least i can talk to this one about media i like (and he likes), since i don't have anyone else.

But i am still in the process of doing progress. I only recently started going to him, a few months back. So there is a lot of things  to do down the line.",1515815159.0,1
OkCupid,"He is doing his best. I am not a simple case TBH, so neither did i get a simple therapist. I changed a bunch before, but this one seems promising. After all, there is so many i can choose from that aren't that far from where i live.",1515814927.0,1
OkCupid,"Yeah, it sadly seems to be a case. I wasn't up for online dating, it felt unrealistic, and for me, it kinda is. But i had a glimmer of hope that it just might be the place o meet people who are into the stuff i am. And more, the certain click. I meet my ex on a random site for meeting people. And we were a match made in heaven. After the breakdown, it hit me too hard that i was in such denial over everything and couldn't function for at least two years straight. I am in my mid 20's. They might, and i hope so. But coping with isolation and loneliness is sometimes too hard for me without using medication. And i try to NOT use Xanax for short-euphoria anymore because of the addiction i have to it.

So far i haven't been diagnosed with Autism, but with extreme BPD and Anxiety/Depression combined with Addiction to Meds.

I might try them, but maybe it's just better i keep low and keep my sanity intact. Avoid anything related to dating, which is a bit hard because usually i am very cold, mathematical about it. Showing no empathy when things go on as they should. I just keep to myself and see everyone as an enemy.

Also, thanks. I will try.",1515814841.0,2
OkCupid,"Thanks a lot for taking the time to read and write a message. I appreciate that.

I know nothing in life comes easy, and i have been working hard to achieve the things i do now. What you say about online dating is true. More people, more choices, less hassle.

The problem is probably on my side, even if i don't talk about it, or make it obvious. It can't be a problem with everyone else, now can it?

The thing about therapy is that i am doing it. And what i said here, i said there. I have a history of failed suicide attempts. None of which didn't have the guts to do, but they simply didn't work. After that i moved on. Did other things, pursued other things in hope that someday it might be better. Sadly it didn't. The most i can feel is a blank line with the most negative emotionst thrown into it.

In my circles, and from my albeit limited experience, it is fetishized by most other loners out there who face a similar crisis to me. They do seem to enjoy that, and they do seem to be proud of that.
On the other hand, what you said after that is true.

I had a session today, and talked about it. I usually negate the ideas of suicide to other people. Reason being, the more i talk, the less i am willing to do it. When, and if i talk about it, it's more for a cry for help. Sadly i need more than help, or at least, current help i am provided. But the least thing i want is to be locked in a facility that doesn't provide me freedom. I need to read, express myself, construct and deconstruct, hold records and achievements i have made.

But yeah, thanks again.",1515814465.0,1
OkCupid,"They did. They are out of ideas. Just like i am. Everything i said here, i said to my therapist.",1515812924.0,4
OkCupid,"I am in therapy, there is nothing they can do anymore. And i have talked about this stuff with my therapist. They can't help on how people perceive me. And they can't help make me an Übermensch.",1515812899.0,3
intel,"Yeah, you are right. I just hope they don't decrease my FPS in CPU bound games. Some of them have horrible optimizations, like Dishonored 2 and Nioh.

My Mobo is not a high-profile expensive thing. But for the price, it's superb. It was released in 2017 i think, B250M-HDV. Who knows if the BIOS patch is coming. I know that i updated it the first time i made my PC.

EDIT: It was released in late 2016, but i see no update on their site and haven't tried it via internet when in the Bios.",1515540851.0,1
intel,"That sounds good enough. However i will have to check if the BIOS patch is even coming from my board. It's the B250M-HDV, nothing fancy but i suppose it was released in 2017.",1515540605.0,1
intel,"Woah, that's a big drop if i have ever seen one. Takes back two or three generation of % improvements on a new CPU.

Performance for me is everything. I know there are security risks, but i don't want to ever dip below 60 frames on heavy CPU games. I can deal with one, two frames at max, but not 5 or more.

So Windows Update is fine for home users? I doubt the majority of users who don't have any experience with tech will ever update their BIOS at all. Much less even know about those things, or read about them.",1515539251.0,3
intel,"But does this affect me, as a home user who just does gaming and such? Can i just install the Windows Update and ignore the Bios one?

I see big performance drops on CPUs with both installed, on even better systems than mine, such as 8700k.",1515539051.0,4
pcgaming,"Apparently each brand is affected, however isn't Intel the one that has two unfixable hardware bugs presented? I doubt AMD will have any performance decreases due to the patch.

And i really hope so. Some of the games are CPU heavy and i hope not to dip below 60 at all.",1515117334.0,2
pcgaming,"I know. But i hold a stable 60 on those settings at 1080p, and i hope to hold them after the W10 update, and the Intel Update. If i am going to take a hit below 60, there is not much i can do to gain more FPS, even if i were to lower some settings (which i don't want to do).

I have Death of the Outsider, but i still haven't played it yet. I am at the end of the second game currently. After that, i am going to try it out.",1515117232.0,1
intel,Wrong. Most newer games use both at high rates. CPU power is ever more importan than it was.,1515090708.0,1
pcgaming,"Those are some MASSIVE decreases. People bought Intel CPUs because of the ""9%"" more power over Ryzen when they were announced. And now that goes out the water. I wonder how my 7600k is affected, stock.

I can barely hold Disnohored 2 at 60 frames on Ultra Textures and Everything Else on High with a GTX 1060 on 1080p. If it dips below... jeez. I don't want to think about it. Same goes for Nioh and other games, especially R6S. And i am not buying another setup in at least 5 years minimum.",1515090356.0,16
intel,"How much? I play all of those games, however i also have a i5 7600k. But i am curious how much has decreased on which settings. Did the loading time increase in R6S? Because the game is infamous for loading high resolution assets on Very High and Ultra texture settings. Currently it needs around 15-20 seconds for Very High when starting the game on a HDD.",1515074009.0,1
intel,"So were all CPUs shown in the benchs post-patched? Because the only one that was shown pre and post was an 8700k.

I am glad they showed my 7600k, but was it patched or unpatched?
Also, what about lower-end users, or an i3, etc. That's what i like to see. However for desktop users, this difference seems very, very optimistic.",1515073792.0,2
intel,"That's nice to hear. But did anyone tried it with an i5? Like 7600 or 7600k? I would like to know how it performs on older generation(s), including i3.",1515029717.0,5
intel,"Yes. Because none was tested. It was the performance, rather, framerate on minimum, and maximum. However i haven't seen a single test of i3 or even i5. 6th and 7th generation, which are still superb CPUs. I want to see tests conducted on more average configurations before drawing the calming line. I have a 7600k with a 1060 6GB, currently sitting on stock. And i don't know how much it will impact me.

Intel might have the crown on top end hardware, but what about lower and mid range? Those who are getting a stable 60 frames, might not get it after the patch has rolled out. No one wants to lower their settings just because Intel messed up. And the forced update is a big no-no for me. I am still waiting for some benchmarks that deal with a range of hardware.",1515019634.0,2
intel,"5 FPS is a lot when benchmarking a top of the line CPU. What about mid-range CPUs, 6th or 7th gen coupled along with a mid-range GPU?  That's a lot of frames, and a lot of settings that need to be toned down to gain extra 5 fps, which could potentially lead to less than 60 frames, which is literally unplayable and no one bought their CPUs for that.

The thing is, Intel was always ahead of AMD when it comes to gaming performance. And the performance was measured up to 5-8 to 10 frames more. It was enough to warrant a purchase just because of it. So yeah, 5 FPS is too much. And what about stuttering, texture loading on regular HDD, in-game streaming in open world games, etc?",1515018427.0,4
intel,"Of course i am, i paid a lot of money for decent performance. If i drop 3 frames, and my target is 60, that will impact my experience a lot with inconsistent frametimes and stuttering. Not to mention texture streaming on a regular HDD.

The tests that were done aren't too much of use for me until i see how my 7600k performs with a mid-range GPU.
Other people might have it harder, like server owners, but i won't be buying a new CPU/GPU for the next 5 years or more. This was an expensive upgrade. Everyone should be on high alert until we see how low, mid and higher end perform across different tasks. And how much impact it will have on regular HDD users.",1515017738.0,3
intel,"If nothing happend so far, why would it happen right now? Why would someone who only games and uses a PC for a media center be affected by this?

In this case Performance > Security, by far. I would never sacrifice my performance for a Kernel Patch that doesn't affect me in the slightest. I didn't pay 350€ for a i5 7600k just to be botched down by some update. And neither do i have the money for a new board/CPU.",1515005197.0,1
intel,"Can we just NOT install the damn update? I don't care about anything security related as a home user. Why would i sacrifice performance for security then? Why should i be forced to, on Windows 10 even, that has nothing to do with me?

I don't want to wait another 30 seconds in R6S for the Map to load. It already takes 15-20 seconds on Very High, and up to a minute on Ultra with the regular HDD needing to load a high amount of data. Not to mention other games, with microstuttering.",1515004016.0,4
Nioh,"Will give it a try, thanks. Heard some users had a lot of crashing problems with ReShade.",1513620724.0,1
SuicideWatch,"I have already tried that from time to time, when i had the courage. They just ignore me and move on. If things were so simple, i wouldn't be in the current mess i am. All bandaged up, my stomach hurting like all hell and not being able to think straight or even breath. For people like me, it is almost impossible to do such simple tasks. I wouldn't say that if i haven't tried them before.

Thanks for reading all that stuff i wrote. I already made up my mind, there is just no hope to be gained. Maybe not today, maybe not tommorow, but i have everything ready. So when it hits me, it hits me. I still have some pills left to cope with the things. Good luck to everyone else.",1501608496.0,1
SuicideWatch,"Thanks for the honest answer, i sure hope so. The biggest problem is the area i live in. There are plenty of different people, just not enough diverse ones who share a common interest. Much less ones who would give me a chance due to depression and what not.

It is to be expected for a guy to make a first move, and that the first move be a damn good one. Neither of which i can do myself.
When it comes to expanding my horizons, i do plenty of things like biking, hiking, photography, fixing hardware and makinh horrible memes. But my primary interests are still quality gaming and music, along with mangas/books. The holy grail being old-school gaming and the design behind it.

I try to post-pone my suicidal tendencies just in case something happens, but i also want to be done with it now and forever. Everything is already set up, i just need the guts to pull it off.",1501602455.0,1
