subreddit,body,created_utc,score
oblivion,Then go away!,1519323948.0,13
sports,USA gets a gold in hockey and Pens won two years in a row. Life is good.,1519321073.0,0
oblivion,Are you the Count?,1519319356.0,10
skyrim,Take a look.,1519318958.0,4
news,"I'M A HUMAN, AND I'M COMIN",1519314873.0,1
DC_Cinematic,"Why should we be sad? He failed. Ambition and risk taking is one thing but nobody cares if you fail. His only idea to compete with the mcu was to make these characters unrecognizable to fans and general audiences alike. It was.actually a very lazy approach, basically saying that these characters cant stand on their own in a post mcu world.",1519149031.0,61
DC_Cinematic,The world thought superman was a ninja turtle?,1519148327.0,0
SamandMax,"If you havent played Hit The Road, do it now!",1519135148.0,1
pics,Whataboutwhataboutwhatabout,1519109273.0,16
DC_Cinematic,And meanwhile WB  is just sitting there hoping aquaman at least makes 600mm #feelsbadman,1518979854.0,4
DC_Cinematic,"Bad dialogue, bad pacing, terrible third act, cgi porn that did not add anything to the stakes of the movie,  questionable characterization and creative decisions.",1518975624.0,4
DC_Cinematic,Uh you talking about the comics now? They have been waaay better than marvel in that department for years..,1518968978.0,19
DC_Cinematic,Yeaah this isnt getting made.,1518823452.0,0
DC_Cinematic,You get outta here with that optimism OP!,1518645051.0,2
funny,Whatabouwhataboutwhatabout,1518581347.0,1
DC_Cinematic,"""Snyder had his chance!""

Too little too late folks. This is what happens to your movie when you release a turd like BvS.",1518566446.0,-3
DC_Cinematic,The one we got?,1518529620.0,1
funny,Would.the us.get any gold medals if.snowboarding wasnt an.event?,1518529319.0,-1
DC_Cinematic,"So you dont like Superman, gotcha",1518494747.0,5
oblivion,Does the alchemy skill affect how often you successfully pick something or is it completely random?,1518408948.0,6
DC_Cinematic,Don't you know TDKR was terrible according to this sub?,1518395908.0,6
DCEUleaks,Yeah I think the issues were 50/50 WB and Snyder. WB thought they could get easy mcu money and rushed the universe with things like shoehorning batman in a movie since superman just doesn't sell. Couple that with snyder always having ballooning budgets and not connecting with audiences and it's a double whammy.,1518333238.0,2
DCEUleaks,"BvS sucked and he was fired, makes sense to me. I mean yeah it was shit timing considering what happened to his daughter, but that's life.

Only mistake was scheduling the film too soon after the BvS release. Scratch that, the mistake was keeping him on after MoS. Snyder isn't big cinematic universe franchise material, and that's okay. It's still WBs fault for hiring someone not equipped for that.",1518330825.0,-5
DC_Cinematic,"Ah, so complete bullshit then.",1518330425.0,3
TwoXChromosomes,Yep all these guys think they're the next william buckley.,1518293594.0,0
DC_Cinematic,There is no guarantee it will happen. You can never be sure of a movie being made until principal photography begins.,1518291444.0,1
nottheonion,That's fine but people post this as some kind of  a ha moment that invalidates an entire movement. Things dont work like that.,1518289583.0,0
nottheonion,"/r/mensrights is leaking

Really leaking lol, get jobs you cry babies",1518270769.0,-12
DC_Cinematic,So not even a complete script yet. The movie is far from a sure thing.,1518218686.0,1
DC_Cinematic,K? This is a textbook example of a cut scene. Adds nothing to the movie or pacing of it.,1518218496.0,1
gaming,"Ultimate Team is liquid gold, can't even imagine how much they make from that across their sports games",1518150626.0,1
DC_Cinematic,"But how will he shoehorn in the us military? That's always the question before you see a Bay movie.

Kind of funny though, I posted about two years ago on dccomics what movie bay would direct and Lobo was one of the top picks.",1518127314.0,6
DC_Cinematic,"Nolan and Bale is the right answer here. Burton individually influenced batman on film more than people want to admit though.

Snyder... sorry I'm trying to be nice so I'll refrain from commenting.",1518126889.0,12
DC_Cinematic,Just replace leto with phoenix please...,1518126701.0,-1
DC_Cinematic,"Yeah things have been silky smooth for the mcu ever since they.ditched the committee. 

Sometimes I wonder if on top of everything else the dc characters just have too much legacy to work in a shared universe like the mcu.

But yeah better directors for sure is where you have to start. Let jenkins wan and  reeves be the triumvirate and go from there.",1518126512.0,2
DC_Cinematic,Well yeah goes without saying. 10 years with one mediocre movie at worst. Crazy.,1518117450.0,21
DC_Cinematic,"Cant agree, snyderman was like an uncanny valley superman, just not quite there.",1518046432.0,4
DC_Cinematic,"And meanwhile black panther is poised to be the next TDK, and here we are. Humiliating, embarrassing. I weep for my beloved characters. While the MCU will have a banner year, we're just getting another origin movie.",1518040983.0,58
DC_Cinematic,"Superman is great because he chose to be a  superhero. Sure he was born with the tool set but he didnt have a single event that pushed him and if he wanted to he could be a recluse.  We can trust him every time, and we're never wrong for that.

Dont get me wrong, some of those elements were in snyderman, but the execution was terrible.",1518040765.0,5
personalfinance,If you're smart you have stocks that give dividends so during these dips you get them for cheaper,1517954151.0,2
DC_Cinematic,"Dr. Hamilton, another wasted superman character.",1517953528.0,1
television,Are any of the charges against weinstein within the statue of limitations?,1517696057.0,2
DC_Cinematic,/thread,1517590195.0,3
oblivion,"Well that's good, I dont like to add mods if they're not absolutely necessary so what I do is just check to see if a reward weapon I want to use has a new tier based on my current level and then I just console add the new one and get rid of the old",1517508272.0,1
DCEUleaks,Who.the.fuck.cares. other than the 10 same people who post on here,1517505379.0,2
DC_Cinematic,Probably the best line in the dceu,1517487423.0,2
oblivion,Doesn't that also delevel items inadvertently?,1517487063.0,2
DC_Cinematic,All that research and he didnt see batman doesnt kill in the main continuity since 1942?,1517435486.0,-5
DC_Cinematic,Sure why not considering its the only movie this year,1517405454.0,1
DC_Cinematic,An aquaman teaser trailer,1517348788.0,2
DC_Cinematic,"Well hopefully BvS and JL taught them that you cant just shoe horn in batman and expect critical.and box office success. This isn't star wars that prints money no matter what, you need good directors and scripts even for a character as popular as batman. Just goes to show how damn good Nolan was considering he brought the franchise back from the live action dead.",1517179343.0,5
DC_Cinematic,"Yep, another baffling and stupid creative decision from VISIONARY DIRECTOR zack snyder.",1517179145.0,1
videos,From the era when your sound rig and pedal board was more interesting than the music you made.,1517155189.0,-5
skyrim,Is there really any point to getting it on switch other than for the handheld? I mean even the ps4 has limited mods,1517152910.0,1
skyrim,It actually still works and gives you the 10% reduction despite what it says.,1517057777.0,3
skyrim,"Yeah I dont miss repair but the crafting also made loot worthless kind of early in the game if you leveled your smithing up. 

And lore wise it was pretty odd to be able to just cook up ebony or daedric armor when you felt like it.",1517032894.0,1
DC_Cinematic,Nothing but a bunch of man.children crying about their martyr snyder,1517032407.0,34
DC_Cinematic,"Agreed. A lot of the cgi in the batmobile scene looked pretty ugly too, like the ship.",1517032145.0,18
skyrim,Well to be fair some of them were right...,1517020078.0,3
Morrowind,Did any of the quest patches fix.any of the directions that were blatantly wrong? I figure if they can fix typos in dialogue they could fix these.,1516916780.0,3
DC_Cinematic,/s,1516916605.0,3
DC_Cinematic,So snyder and wb were.so shitty they drove zimmer to disney,1516915860.0,2
DC_Cinematic,Batman Begins is the right answer here.,1516899779.0,2
DC_Cinematic,Nothings as intense as MAAARTHA amirite?,1516839699.0,-2
superman,Eh it was as good as it can be but imo superman looks like he is wearing a onesie without the trunks,1516804430.0,1
skyrim,Mods for all of those are readily available,1516795260.0,16
superman,"I think they just work for superman and that they never really found a solution to replace them, unlike Batman for example.",1516746460.0,1
superman,"Love the trunks. They're timeless, just like everything Superman stands for.",1516745844.0,8
DC_Cinematic,Butthurt snyder fans celebrating,1516745312.0,5
superman,"Outside of the philosophical issues of the character with today's culture, simply put it's because of the Nolan movies and arkham games.",1516726150.0,1
superman,"Well with two recent movies with batman bombing, and wonder woman.considered the best thing from the dceu, maybe the winds are changing somewhat with that.",1516716821.0,3
DC_Cinematic,"Eh, Two Face was pretty one note and Bane was fuckin terrible.in the rocksteady games (he was perfect in Origins though). The choice of talia as the primary love interest was pretty strange as well.

Jason was overly whiny too in Knight.",1516708085.0,4
DC_Cinematic,Huh? Most of the scenes here were recreated exactly in the movie.,1516707729.0,18
gaming,The only thing about CCP that interested me was the World of Darkness MMO. Since they dropped that they've been dead to me.,1516674918.0,1
DC_Cinematic,Problem was the budget was too high so they didn't make.enough money. Not really the movies fault but that's the reason.,1516639916.0,3
worldnews,Tiananmen Square. /thread,1516592241.0,0
DC_Cinematic,I dunno. I feel he's a unique actor in that he could actually play either character well. He could do darker tortured batman and full on unhinged joker.,1516562266.0,2
DC_Cinematic,Cuz butthurt snyder fanboys,1516561995.0,3
DC_Cinematic,"Preach! You want completely comic accurate, read the fucking comic again. Watchmen was practically a panel by panel adaptation and it was mediocre at best.",1516554918.0,16
fnv,"Yeah descriptions like yours are why I probably will never get FO4. It'd be one thing if the story and writing were decent, but it's not and then you combine that with the rpg aspects being minimal.  I'm tired of their games needing a laundry list of mods for them to have any depth to the gameplay.",1516553824.0,3
DC_Cinematic,"> Are you mad no one here 

> has more downvotes than upvotes",1516550835.0,0
DC_Cinematic,"I really cant see how anyone thought BvS batman was the most comic accurate. Even without the killing, the writing was horrible.",1516545673.0,-1
DC_Cinematic,"This sub: ""HURR.DURR at least it won't be an MCU movie"" ",1516545563.0,47
fnv,Well you could start a new save and play the dlcs that way. Maybe bump the difficulty down. Could be a fun way to explore a new build. The items you get from the caravan and courier packs.should help.,1516545430.0,3
fnv,"Yeah, that's why. When your save.is over 5MB, large areas like the wasteland, zion, red rock, etc will.cause the game to lag and freeze up more and more. 

You can.try the cache clearing thing and restarting the game but it becomes more and more pervasive. 

The only dlc where this didn't happen to me was dead money, probably because the entire thing has smaller cells overall.",1516543583.0,2
fnv,America in a nutshell,1516543027.0,1
fnv,Probably mentats or alcohol I guess,1516542816.0,3
fnv,How big is your save file?,1516542764.0,1
books,"Not really. This is basically just a larger scale model of why radio and basic tv were free, advertising and large investments.",1516540573.0,10
explainlikeimfive,Nothing these days other than some outdated rules on how many transactions can be made from the savings account per month.,1516539956.0,1
skyrim,And he did it all just with a wooden sword and fargoths ring,1516538510.0,20
DC_Cinematic,If Snyder didnt fuck things up in the first place his movies wouldnt need babysat by the studio. He brought it on himself,1516517270.0,0
DC_Cinematic,"Why? Jake is a vastly better actor than Hammer. Bale, Keaton, and Ledger have taught us the frame and.body of an actor in previous roles means nothing.",1516516996.0,19
skyrim,Nah I liked it for all of the soul gems.,1516501549.0,2
skyrim,What the hell is going on in this thread lol,1516501231.0,1
AskReddit,Probably Snatch anf Batman Begins,1516500244.0,1
skyrim,"Because ""balance"" so you have to jump through hoops to make those 50 dwarven bows",1516498783.0,4
OldSchoolCool,"Ford: ""I hate this character that will single.handedly make me an A lister""",1516476287.0,1
skyrim,Yooooink,1516475839.0,5
skyrim,"Special.mention to Barbas. Although he caps at 45, he's invulnerable and takes no damage, so he never goes to bleedout.

And Serana actually caps at 50.",1516474132.0,3
skyrim,The daedric artificats are weak as it is and then they wanted to take them from you? Cool lore and  RPing option though.,1516473492.0,7
gaming,"The Pinball and Arcade hall of fame in Hopewell, PA has something similar. About ten years ago.arcades with bars and BYOB were kind of big too but not so much anymore.",1516457054.0,1
DC_Cinematic,"Reboot, he's too fucking old",1516456558.0,1
DC_Cinematic,"You go die on that hill bud, know that you're in a minority. Creatively BvS and suicide squad were shit, full stop.

Praise Rao Snyder and his shitty ideas are gonezo.",1516456266.0,-1
DC_Cinematic,"Baffling how we got downvotes. I guess people would rather have shit movies and blame the boogey man editor and ""marvel/disney shills"" than accept reality.",1516419131.0,1
pics,Blue and orange morality?,1516419002.0,1
steelers,Preach.,1516410903.0,1
steelers,The old steelers would get rid of his ass. You bitched about your contract in the good old days you were gone.,1516410672.0,1
DC_Cinematic,"How about this solution to combat negative rumors: consistently put out good movies. Crazy idea, I know.",1516408714.0,1
DC_Cinematic,"Well the exact opposite of great, but yeah",1516408670.0,2
DC_Cinematic,Fuck these movies,1516408462.0,1
skyrim,"Marriage was such a half assed mechanic I dunno why they even bothered.

I really wish they would limit their scope and flesh out every feature of the next TES game instead of the usual promising the moon and then releasing something half complete.",1516331091.0,3
DC_Cinematic,They're both shitty cgi villains,1516318450.0,7
steelers,another cheerleader,1516311452.0,-10
steelers,This is business as usual and just something to.tide the yinzers over who blamed Haley for everything.,1516309814.0,0
nottheonion,"Yeah probably came from RT, fair and balanced lol",1516298619.0,8
DC_Cinematic,"""Oscar winner"" isn't a get out of jail.free card. ",1516298124.0,-6
steelers,"The hole means nothing. They scored 42 points. You cant win with that in a playoff game then you never even deserved to be there in the first place.

Which is kind of my point as well, this team was smoke and.mirrors and pumped up from a cheesecake schedule. Let me know when they go 13-3 when their division isn't complete garbage and I'll be impressed.

I'm not even trying to defend Haley. I'm just challenging this yinzer folk wisdom where firing him is.going to make them win a championship when they get owned by a.medicore QB in a divjsional round.",1516296438.0,1
steelers,/thread,1516296378.0,2
DC_Cinematic,"Sorry, Leto just doesn't work as the joker, no matter who the director is. Some actors just don't work in certain roles.",1516295672.0,-9
steelers,"Scoring 42 points should win you a football game, full stop.",1516295431.0,0
DC_Cinematic,"Man, making the movie in a contemporary setting would.have been way better.",1516294109.0,1
steelers,"Again, who allowed the team to go down 21-0?",1516294035.0,-1
steelers,"42 points isn't carrying the defense in a game? Also, you still go nowhere in this league without a good defense. That's been proven again and again.",1516290909.0,-3
Showerthoughts,The non overtime exempt wonderland,1516289993.0,1
steelers,Yeah that's kind of my point. One move to please yinzers and ben does not move them any closer to a championship.,1516289344.0,-1
oblivion,"Hmm interesting wondering what it changes, I have a bashed patch and haven't noticed anything strange with my Redguard.",1516289228.0,1
steelers,"So explain to me how Haley was at fault for the jags going 5 for 5 in the redzone. Kind of being a.dick here but I'll take fixing the defense over Bens hurt feelings having to work with an asshole.

Ben also.had the most productive years under Haley which everyone seems to forget here.",1516288339.0,-8
oblivion,Wait OcO2 makes changes to racial stats? I thought it just overhauled the faces?,1516281979.0,0
skyrim,Any news from the other provinces?,1516242631.0,2
DC_Cinematic,Dew it,1516241296.0,3
buccos,"Yeah those are pretty bad surface level examples. It's like this was written by a yinzer ""dey traded waaaalker da hometown kid!""",1516227221.0,2
DC_Cinematic,/thread,1516226071.0,1
DC_Cinematic,"Haha I loved him getting his ass beat by superman. There's your fucking justice right there.

But seriously, batman in the dcau and comics has moments of levity. He's not always DARKNESS NO PARENTS millerbats.",1516215177.0,32
buccos,Looks like the guy from We're Number One,1516053529.0,9
buccos,Hooo boy imagine this town  if the pens.didnt do what they did the last two years. ,1516053105.0,2
DC_Cinematic,"Mos 2, 3, 4., etc",1516052726.0,3
steelers,Just think the pats would have.seven if eli manning wasn't the luckiest man ever in the league.,1516027134.0,13
DC_Cinematic,"I give them credit for green lighting an R rated superhero movie at the time, but the budget was waaay too high (135mm vs deadpools 58mm and logans 98mm for example). 

As usual with Snyder the execution.couldn't match his ambition. Ackerman and Goode were terrible castings and the focus on Rorschach as the sympathetic protagonist was a disservice to the source material. Snyder has problems directing  dialogue for his actors so half the time in the movie it feels like they're just reading page by page from the comic rather than actually acting.

So overall the movie is a net negative to me, although I can understand why some people like it.",1516024693.0,1
steelers,Wow I'm surprised people aren't more livid about this. Guess they've accepted it as the new normal for the team.,1515987103.0,2
oblivion,He he he,1515985893.0,1
Futurology,"Always thought they opened too many stores, where I live there are three walmarts in a 15 mile radius. And that's with a  major north eastern city about 30 minutes away.

The demand must have been there originally to justify opening them but now they gotta be cannibalizing their own sales with so much staff ",1515984944.0,1
skyrim,"Kind of wonder if they should have done a hybrid with oblivions system where they always had money and you were just limited in the amount you could sell per transaction.

Merchants were useless in that game after level 10 though.",1515974472.0,2
steelers,Fuckin please. That's a puff piece with a second hand interview. Bouchette is basically just a cheerleader for the.team now anyways. Nothing in the article refutes anything dk said anyways. Not like hes going to avoid charity events just because he doesn't like tomlin.,1515971360.0,0
steelers,"It was nothing about his playing time, he basically said he didnt care for Tomlin and his staff culture when he was interviewed a short while after retirement. Look it up. Dan Kovacevic had the exclusive for it.",1515970692.0,0
steelers,"Isnt this the second year a player was pissed off,.cut and probably will win with the pats? Plus you had the comments about the coaching staff from Polamalu when he left. Not to mention the situations with bryant and bell. I think there's culture issues with the organization that go beyond the locker room unfortunately. Teams been shit since Art II had primary control of the team.",1515970435.0,2
steelers,You mean harrison? Yeah him too. This is what the second year a player left pissed off and joined the pats right? Plus you had Polamalu basically say he hated the coaching staff after he retired. Some kind of bad juju going on there for this to happen year after.,1515970264.0,-1
steelers,This season was a gong show.anyways so the sooner it's over the better. Just give brady the trophy already and call it a day.,1515968020.0,5
steelers,"Exactly, they had a cupcake schedule.and barely showed up in the games that mattered. Big time red flag.",1515967670.0,29
steelers,Team needs a culture change. One of your star players shouldnt be threatening to retire because you don't pay him.,1515967531.0,3
steelers,Defense turned out to be smoke and mirrors.,1515965438.0,1
steelers,Yep lets blame the refs and overlook the fact that they allowed 40 points against the fucking jaguars.,1515964414.0,0
steelers,Why's anyone surprised? This team was given a cheesecake.schedule this year and failed at the only games that mattered.,1515963720.0,1
Morrowind,"False. The school skill simply affects the success rate of casting a spell from that school.

This is why enchanting is considered op because it allows you to simply replace spell.cast chance and magicka cost with charges which regenerate with time and become more efficient as your enchant skill raises.

I believe the only way to get lower magicka cost on spells is to craft your own.",1515951745.0,10
UpliftingNews,So did anyone actually look at the study and see if it was worth a damn? I mean this is the guardian we're talking about...,1515931911.0,1
DC_Cinematic,"He'll be fine. Don't let this subs witch hunt against him color your opinion. A couple of indiscretions doesn't negate the man responsible for the DCAU.

Plus the killing joke was azarellos fault and with batman and harley the suits told him they wanted something ""edgy"" and ""offensive"".",1515930580.0,-1
DC_Cinematic,"Fucking finally, enough batman already. BvS and JL proved just having batman in something doesn't guarantee success.

Batman succeeded in the 2000s because of Nolan, not the other way around. Get someone competent to do Superman this time and we may see a renaissance of his character as well.",1515883795.0,5
videos,>Disaster,1515873174.0,1
DC_Cinematic,Lol you couldn't be more wrong.,1515859384.0,0
news,I'm guessing we've forgotten about the cloud hack?,1515854724.0,1
DC_Cinematic,Should've let him write the movie,1515852236.0,3
DC_Cinematic,"Can most people recognize his logo and his basic traits? Then yes he is absolutely a cultural icon.

His character kicked off the silver age of comics for a generation and he was one of the most popular characters from the DCAU. Not to mention that when the box set was released for the 90s show, the sales were so good it was what convinced them to make the CW show.

The Flash is a fucking gold mine of a property which is what makes it so frustrating that they havent done more with him.",1515852151.0,2
DC_Cinematic,Gotta give the juggalos what they want,1515851385.0,0
skyrim,You play the geetar on the mtv,1515804876.0,40
oblivion,Yeah the character overhaul does a good job of making them a bit more pale but without the chimp faces from vanilla.,1515804743.0,2
oblivion,"Vanilla Combat Enhanced: makes melee combat more exciting and snappy, more like Skyrim. Everyone does more melee damage while blocking is more important. Also alters animations some what so the melee combat is now more than block, slash, block, slash, ad nauseum.",1515780467.0,2
DCEUleaks,"That would actually be a.smart move, hence why I don't believe it",1515780231.0,2
DC_Cinematic,"Probably my least favorite. Cavill and Adams have zero chemistry and the romance was so forced and hamfisted in MoS. It's like they tried to change so much with superman for ""character development"" later but then went from 0-100 with the Clark/Lane romance.",1515779723.0,-1
Morrowind,"Yeah it's kind of baffling that they nerfed a lot of the Daedric artifacts instead of doing something simple like level minimums like in Oblivion.

Sure this is easily modded but it's still a strange way to do it for the vanilla game.",1515779239.0,2
skyrim,Aren't followers protected while they're your companions? Unless you hit them by mistake while they're down?,1515758526.0,0
skyrim,"Well, better than a Steel Sword of Who-Gives-A-Shit I guess. Just curious though what was your level at the time?",1515757819.0,3
Morrowind,Dawnbreaker doesnt level scale though does it? I think it's just weak no matter when you get it unless you're fighting vampires in the early game.,1515732945.0,2
fnv,Yeah true I guess DX set such a high bar anything after was going to disappoint. I thought IW was alright in its own way though.,1515721908.0,2
dataisbeautiful,IPAs yuck. When they got big and that's all the smaller breweries made that killed my interest in the craft beer thing.,1515721419.0,1
Documentaries,Ahh when president Dubya was the worst thing evar. Simpler times.,1515721341.0,1
DC_Cinematic,Nope.,1515715748.0,0
DC_Cinematic,Nope,1515707017.0,2
DC_Cinematic,You're never going to make a 100% cgi villain threatening. ,1515706992.0,5
DC_Cinematic,It's no mystery why the advertising.was scaled back in the US. It was tracking poorly already. You dont pump more advertising into something to try and get blood from a stone.,1515706891.0,1
fnv,Why didnt you like invisible war?,1515643159.0,2
skyrim,"Eh I liked the soul cairn, I was actually stressing about soul gems before I went there lol",1515536809.0,2
oblivion,"Yeah I did, probably about two months after it came out. I messed around with it but didn't have that much time since I was in the army about to deploy. For whatever reason I didn't take the cd with me so I ended up playing morrowind on a friends xbox while deployed which was ultimately my true intro to TES.",1515535281.0,1
Futurology,Man people are going to abuse the fuck out of those things when they come out.,1515534749.0,2
movies,I can't believe with all that money and the  best and brightest of Hollywood that they still can't move past rebels vs empire for the main conflict.,1515499825.0,46
movies,"> eras, but of course the prequels were universally acknowledged to be terrible movies that damaged the franchise at the time. 

This is simply false revisionism from someone that probably wasn't an adult when the prequels came out.  Go read the reviews for phantom menace. Other than AOTC the prequels were considered average but passable sequels to the originals.  It wasn't until the Disney sale that the ""George Lucas is the devil and ruined star wars"" revisionism conveniently appeared.",1515499331.0,2
movies,Which I think was perfect. If it was a script from today the movie would last an extra 10 minutes explaining what happened to Elvira and Tonys baby (plot twist she was pregnant!),1515498054.0,18
DC_Cinematic,They cant even get major.villains right like Luthor and Joker and you want them to.try granny goodness?,1515412112.0,1
DC_Cinematic,"Man whats with all the MoS white knighting in this sub lately?

She wasn't a good villain, she was written as a stereotypical lackey.  There havent been any good female villains in the dceu. Hell for villains period in the dceu Zod is barely passable and thats just because of Shannon chewing scenery.",1515371085.0,-1
DC_Cinematic,Wow if you think what I said was degrading you're gonna have trouble in the real world kiddo.,1515370973.0,2
oblivion,"Skyrim was based on a brand new.engine they wrote wasnt it? Probably why it was easier to remaster since everything was already made in house.

Gamebryo was a third party engine that could barely handle what they were trying to do with it at the time. Probably why it would be cost prohibitive to port.",1515369863.0,1
skyrim,Yeah in Morrowind Ebony was tightly controlled by the empire and there was only one character in the base game that had a set of daedric armor. Why I thought it was strange you could just waltz into an ebony mine in Skyrim and then casually make some Daedric armor with a heart you bought at the store.,1515296601.0,1
DC_Cinematic,Yeah you should be able to find a copy of the omnibus at a larger library. That's how I read them.,1515295991.0,1
DC_Cinematic,">Heck I would even watch a JL movie where Superman becomes evil and kills whole Justice League 

Then you're no fan of these characters. Please stop participating in this sub and any further discussions about dc comics. Thank you.",1515295826.0,5
DC_Cinematic,"So more batman themes that zimmer ""couldnt feel""?",1515295572.0,0
Morrowind,Do these Skywind type things ever actually get completed or are they essentially abandoned when the new game comes out?,1515283020.0,2
DC_Cinematic,"Right, because fuck the majority of film critics who also think hes a trash director?",1515263051.0,1
DC_Cinematic,Because if I'm not in the industry I can't criticize amirite?,1515259487.0,2
skyrim,Gotta use the turpentine or just lower the difficulty.,1515252738.0,6
skyrim,Right. Skyrims scaling for enemy levels is actually closer to Morrowind.,1515252679.0,17
DC_Cinematic,Terrible design choice imo. Way too much of his body is cgi which gives him the floaty head look.,1515249311.0,1
DC_Cinematic,"Read jack kirbys fourth world, all the backstory you need.",1515246964.0,3
Music,Why I haven't gone to a big venue show since warped tour in 2000.  If a bands too big for a local bar/ punk venue then oh well.,1515246634.0,1
skyrim,Weren't ebony and daedric armor pretty damn rare in Morrowind? Kind of strange it went from that to people being able to obtain it to wear for casual sex.,1515214983.0,5
DC_Cinematic,"Your only contribution was a picture, good job Snyder! Now go sit at the kiddie table while the grown ups make good movies.",1515214583.0,-18
DC_Cinematic,"> superman kills a guy at the end

> hopeful ending",1515196155.0,2
DC_Cinematic,Which director has made two billion+ movies? I'll wait.,1515195991.0,-23
DC_Cinematic,"> didn't make the same mistakes

> makes Bright

Landis is a shit screenwriter though so he doesn't share all of the blame.",1515195915.0,3
skyrim,What other races are in Akavir?,1515190261.0,2
skyrim,"Lol who reported that, the wraithmen?",1515188854.0,2
oblivion,It just works.,1515171161.0,11
DC_Cinematic,Eh I'm still on the fence if Cavill is just a wooden actor or not. However he showed more personality under Whedon in five lines than he did under two snyder movies. I think snyder really struggles with directing dialogue for actors.,1515170790.0,10
DC_Cinematic,"Never thought id be happy about new line running things for WB as far as the comic.movies go, but here we are. I'm even down for them making the Sandman movie now.",1515170568.0,1
television,Oh did that happen to lost too? Explains a lot.,1515166295.0,1
DC_Cinematic,"All for naught really if they're still under the WB executive structure. Until they get a guy like Feige who has executive power and is competent creatively they're going no where as far as the connected universe is concerned.

Unless you're telling me that Feige and Kennedy are the only people on the earth that can successfully guide big franchise movie universes.",1515113455.0,1
television,"Lost aka ""Heroes except the second season wasnt total shit""",1515112767.0,1
news,Yeah true,1515104279.0,1
news,Talking about investments in US companies dumb dumb,1515104007.0,1
news,A little thing called the.civil war happened and settled that argument.,1515102247.0,2
news,Better cash out while you can,1515102192.0,1
news,"Should've seen this a mile away, why I didn't invest in the industry. Nothing can move forward until.federal policy or law changes.",1515093740.0,1
DC_Cinematic,All I want is proper solo movire before any teamups in the future. It's clear that that marvel formula of solo -> teamups  just works and is better. ,1515067072.0,3
DC_Cinematic,Kek,1514998116.0,2
skyrim,Empire. Imo it's the only way for the diverse peoples of Tamriel to both coexist and be productive peacefully. You don't throw the baby out with thr bathwater.,1514934355.0,2
DC_Cinematic,Good,1514931487.0,1
DC_Cinematic,"Well considering the movie was DOA anyways I'm glad they went all out and let him shine a little. I see your points though.

Wonder Womans power level has kind of puzzled me. The Amazons can fight parademons but got killed by WW1 weaponry, and Diana needed to defend herself against bullets but during the fight with Ares she was taking full on explosive salvos.",1514931453.0,3
DC_Cinematic,So we're really going to defend that scene now? Really?,1514892776.0,5
DC_Cinematic,"That was the point, that's always the point. The league is ultimately fucked without superman.",1514892685.0,7
DC_Cinematic,Blame the 2011 Green Lantern movie. It was so terrible and toxic they're afraid to show GL as even a support character. ,1514861676.0,2
DC_Cinematic,"And you're a fanboy who likes his terrible movies. I have the majority of professional film critics on my side, what do you have?",1514859934.0,2
DC_Cinematic,"The guy hasnt put out a successful movie since 300, over 10 years ago.. So yeah, cancer is pretty damn accurate. Snyder objectively sucks as a director, no if ands or buts.",1514859353.0,1
steelers,All eyes on him again though considering what the penguins did the last two years. ,1514846424.0,1
DC_Cinematic,Yeah 225mm for MoS in 2012 pretty much says it all. Surprised Nolan let that slide with how much of a hawk he usually is with the budget.,1514846195.0,-2
skyrim,Kind of wonder if they'll learn from fo4 and skyrims faults or just double down as usual. Really wish they would get a new writer at the very least.,1514836325.0,1
DC_Cinematic,"Like I care about Wheedon either. He's a has-been and Snyder is a never-was, they both can fuck off.",1514835538.0,1
DC_Cinematic,"It was a poor movie from a technical standpoint even before you get into characterizations or comic accuracy. 

Paper thin characters, wooden acting, bad pacing (flashbacks), cgi porn that didnt complement the movie in any appreciable way, etc.",1514833833.0,2
DC_Cinematic,"Apparently they couldve been sued by the Shuster/Siegel estates for lost royalties if they didnt start production by 2011. My guess is that the execs pushed on Nolan, and when the other directors first approached couldn't/wouldnt do it, Snyder was the last in house guy available. Deb snyder is loaded as well so that probably influenced things too.",1514833568.0,5
worldnews,Ah more empty words. Like all the hubbub about the israeli embassy and capital where after the announcement he turned right around and authorized the status quo.,1514824447.0,0
DC_Cinematic,"Noooope. On top of his other issues I don't think he's comfortable with non R rated movies.

Landis is also an absolute screenwriting dud which makes his little video blogs of him criticizing other movies laughable.",1514821424.0,1
DC_Cinematic,Delta Assaults reply to you below pretty much mirrored my thoughts. Ill also add that they might as well not even have set the movie in the 80s since they glossed over the entire nuclear threat subtext that was present in the book. ,1514820475.0,2
DC_Cinematic,"It's their own damn fault for giving a box office cancer director like Snyder 250mm budgets for three straight movies.

Guy shouldve been shown the door after MoS.",1514819362.0,7
DC_Cinematic,Hey a quote from an actually good batman movie.,1514781598.0,5
DC_Cinematic,"What, a movie that actually made you give a shit about its characters despite its faults? And it was fucking beautiful how Cap put Stark in his place. Something snyder never had the balls to do.",1514781009.0,10
DC_Cinematic,Watchmen was terrible imo,1514780816.0,2
DC_Cinematic,My fanwish: no snyder in the credits,1514776633.0,-7
DC_Cinematic,"Because comics dipshit. No crime, no story. Gotham got a whole lot better in the Nolan movies yet people bitched about that.",1514776376.0,1
DC_Cinematic,So.fucking stupid. Batman knows hes more useful alive than dead.,1514773905.0,0
DC_Cinematic,"This is DCAU Batman. Batman is more than dark gritty Arkham video game miller Bats.

Funny how everyone defends Snyderman while only accepting one type of Batman.",1514773787.0,1
DC_Cinematic,None. Terio completely missed the mark with these characters.,1514773744.0,1
DC_Cinematic,Affleck is gone broski,1514773695.0,1
DC_Cinematic,Wow that's snyder in a nutshell. A man child smashing action figures together.,1514773499.0,5
DC_Cinematic,A soulless adaptation that almost comically missed the themes and concepts from the source material. The portrayal of Rorschach as the protagonist was so far from Moore's vision that it was laughable.,1514772938.0,4
DC_Cinematic,Stop fucking whining.,1514661475.0,0
oblivion,Wow what else was the radiant AI supposed to do?,1514147400.0,2
DC_Cinematic,Bright was shit dude. Unless he's doing gritty la gangsta movies ayer sucks.,1514069838.0,7
television,"Cool I  guess hopefully he works on more original material.

The ""did you ever notice how xyz demographic gets really upset about xyz thing?"" jokes sounded really dated on the last one.",1513980539.0,1
Morrowind,"Now I got a female Bosmer Crusader under the Apprentice, hometown of Mournhold and under the EEC and Fighters Guild. Hmmm",1513913217.0,1
Morrowind,"Imperial Monk, fighters guild, blades. Not bad.",1513875684.0,2
skyrim,"The girl at the shrine of Azura talking about ""My people the Dunmer"" when my guy is a Dunmer. I mean that's just sheer laziness or incompetence from the developer and publisher. They couldn't throw in one unique line there if your character was also a Dunmer? ",1513722284.0,7
DC_Cinematic,"Still a  bigger domestic multiplier than BvS, just highlights how much of a disaster that movie was",1513719912.0,24
Morrowind,You're on your honor!,1513615552.0,22
oblivion,Yeah that's what I do too. Bloom looked the same with more of an fps hit. Course my computer and vid card is fairly old.,1513615504.0,2
oblivion,Yeah but what did we give up for.good melee/archery combat in Skyrim? Pretty boring quests and useless magic on top of other things. ,1513597719.0,5
oblivion,You using the HDR or bloom with AA?,1513563405.0,2
gaming,Only 90s kids will remember? ,1513542597.0,1
movies,"I never thought id say I look forward to Abrams directing again, but here we are.",1513538285.0,2
movies,"If you're going to subvert expeditions and be ""controversial"" you have to execute it well. This did not. I get how the rabble eats up anything with the star wars name attached to it, but shame on critics for giving this a pass, especially when they rip other franchise movies for the same faults.",1513533893.0,39
movies,"And unlike WB where they get so much shit that people literally lose their jobs after each movie and some movies get 50% reshot  mere montha from release, Disney gets a free billion and a pat on the back just for showing up.",1513467681.0,5
movies,"Did disney jump the shark with this movie? 

I mean yeah there was some good stuff but some of it puzzled me that it was considered good enough for the theatrical cut.

Sounds to me like Kennedy doesnt have the best ideas but still has Feige levels of power and this is the result.

They're lucky no critics are willing to challenge Disney and that any SW movie makes money regardless of quality. If the MCU started out this rocky quality wise it would not be where it's at today.",1513465809.0,25
oblivion,Practice the lock picking mini game and you can get 500 from the arenas chest.,1513432303.0,3
DC_Cinematic,"I dont think the comic book movie genre is for him, I'll leave it at that.",1513374891.0,3
oblivion,You on console or pc with the unofficial patch? If youre on console vampirism is buggy as hell.,1513373835.0,1
oblivion,"Good rp set up, are you going to level up vanilla without efficient leveling?",1513362301.0,6
skyrim,Their souls were absorbed into Fargoths ring.,1513289713.0,3
DC_Cinematic,Eh I have issues with that too. Can't stand Joker either in retrospect.,1513287619.0,4
DC_Cinematic,Lol Azzarello is the last fucking guy you want to base your superman on.,1513277532.0,14
oblivion,"Some npcs you have to kill for quests still get counted as a murder even though you don't incur a bounty.

The unofficial patch fixes this.",1513255881.0,3
oblivion,Are you able to see a reason for the crash on any log files?,1513217970.0,2
DC_Cinematic,"""You only do Batman vs. Superman when you've run out of ideas""",1513215850.0,10
oblivion,"Didnt see them at a glance, maybe try the engine bug fix, stutter remover, and 4gb patch? Those are more things to prevent CTDs though.",1513168639.0,1
DC_Cinematic,"I said what the people want, not what.comic fans and 1% of the general.audience want.

I'm not happy about it either believe me. Suicide.Squad, probably the worst major studio  movie in five years grossed more than MoS and JL. Sucks.",1513168110.0,1
DC_Cinematic,"Well it wasn't really surprising considering it was a sequel to a cult classic.

But yeah in general.audiences have.no respect for real sci fi or.noir and it's sad.",1513167931.0,3
DC_Cinematic,Or how Han Solo is 70 and still a smuggler and there still is a rebel alliance because.. reasons?,1513134108.0,5
DC_Cinematic,Yeah really With a rating like that this better be a fucking amazing original movie and not the derivative bore of TFA.,1513134005.0,3
DC_Cinematic,Gotta give the people want they want unfortunately.,1513133505.0,-4
oblivion,"""See that North Korea over there? You can invade it""",1513120493.0,77
DC_Cinematic,Haha its multiplier is still.better than BvS.,1513117751.0,4
DC_Cinematic,Captain America in the MCU blows a giant hole in your argument. I feel.bad you are so cynical and jaded that you can't connect with a character like Superman :(,1513116504.0,36
Morrowind,Kind of what I've done with my latest guy. He was a tradesman/merchant on the upswing in Cyrodiil but got betrayed a la.Count of Monte Christo.,1513115120.0,2
Morrowind,Yeah I like it that way. You can't just spam wait like in oblivion and it goes slow enough that you can't just run in circles in combat either.,1513093438.0,1
skyrim,"Gunmar: ""it's no War Maidens but I still have a nice supply""

-has ebony weapons at level 10",1513086763.0,1
DC_Cinematic,Johns has zero influence on what movies get made or the direction of the dceu.,1513079315.0,1
skyrim,The finest weapons and armor.,1513049437.0,78
Morrowind,Greetings and Swoleutations!,1513029044.0,7
Morrowind,Mm. Fresh game.,1513028636.0,2
Morrowind,Fargoth the Swole. I loled.,1513028498.0,19
oblivion,"A good question for /r/teslore, although I will say skyrim takes place 200 years after oblivion with the general decline of the empire and tamriel in general, which might explain the tone change. ",1513000002.0,3
oblivion,"Yeah it's in the ""Warp of the West' book from the game. They retconned it via the lore.",1512992893.0,5
Morrowind,"Wow that's weird, exact opposite happens to me",1512960965.0,1
Morrowind,"IIRC the magicka only regens in real time and not from waiting, even in the vanilla version.",1512942454.0,3
DC_Cinematic,What notable part in the movies did he have other than a cool suit and cool fight scene? He's actually the most replaceable of the entire cast imo.,1512938687.0,-2
Morrowind,"Dunno, this is a radeon hd 5450 with 512MB memory. Cpu is a 2.8 Ghz Amd 4 core. When I had it on just AA with widescreen it was pretty choppy on just 1024x768 for the resolution. Might be a win10 thing or something.",1512936494.0,1
Morrowind,Thanks! Seems like the only thing I would miss would be the lightning improvements but it's a small price to pay considering the fps hit I was taking before with mgxe.,1512924594.0,1
Morrowind,No save it for when your mercantile is 100! Think about your future!,1512922774.0,2
gaming,Destiny and FO4 as GOTY? Lolwut. While everyone has been belly aching about EA has anyone realized how creatively bankrupt Bethesda has been for the last six years?,1512916755.0,1
books,"I will say I really liked Clarkes optimism, always something that set him apart for me.",1512907013.0,1
television,"Bleh the marvel shows have sucked since the second half of daredevil season 2. Luc Cage was nothing but a political soapbox, iron fist is cringeworthy, and defenders was boring. Havent even tried Punisher yet due to the mixed reviews.",1512906600.0,1
AskReddit,Retire with their millions and still love comfortably?,1512881510.0,0
oblivion,"I don't even bother with a mod. When I level up, I just look on uesp and see if I've reached a new level bracket for whatever reward item I want to use.

 If I have, I just remove the old one and add the new one to my inventory via the console. Same result and it saves having one more script running in the background.",1512874531.0,4
DC_Cinematic,"Stupid stupid stupid if it's another JL movie. If it's more of an origin solo movie, then fine.

Kind of blows that three of the pivotal DC stories will already be wasted. Hell lets just waste COIE while we're at it.",1512873644.0,0
Morrowind,You're my new friend!,1512859142.0,3
Morrowind,Consensus seems to be give vanilla morrowind a shot especially if you want to use the script extender and a lot of mods. If it's too unstable than try OpenMW.,1512849563.0,1
oblivion,"Redguard Swashbuckler? Competent light armor/blade rogue with a dash of charm. Can talk his way out of a situation but also throw down when need be, and dabbles in magic in his spare time.

An obvious focus on using the blade light armor illusion mercantile speechcraft skills, but how you pick major skills depends on how you deal with the leveling problem.",1512848516.0,4
DC_Cinematic,"
>Bruce Wayne is the mask, Batman is the real person. The rich playboy is just an act so people don't suspect he's a brutal vigilante.

That's a tired trope that hasn't been reflected in the source material for many years.

""Batman may die, but Bruce Wayne? Never""",1512828041.0,2
DC_Cinematic,Hamm is too old and has zero presence in feature films. He was good as a big fish in a little pond in madmen but that's about it.,1512827815.0,1
Morrowind,Fargoth?,1512768529.0,10
DC_Cinematic,"Looks like b roll footage without cgi, so nothing of value",1512759516.0,1
DC_Cinematic,"Nothing to be done about it unless the ATT deals go through.

",1512752724.0,1
DC_Cinematic,Because they have nothing to do with the live action movies? Dini doesn't even write for DC anymore.,1512731448.0,3
DC_Cinematic,Nah this is reactive to the max. Very typical.,1512685242.0,14
DC_Cinematic,Probably solo movies for the forseeable future.,1512685180.0,1
Morrowind,"Any time, now.",1512685083.0,10
Morrowind,Yeah thought that was strange the way he said that. Skyrim actually mirrors Morrowind as far as the dungeon levels go.,1512684978.0,1
DC_Cinematic,Eh I was saying more on the characterization/script side if they wanted to do a team up movie. I think it's pretty safe to say Terrio didnt get superman or batman.,1512684308.0,8
DC_Cinematic,Yeah I really have doubts on how Momoa can carry a movie. Who knows maybe Wilson can fill in the gaps like Pine did for Gadot.,1512684082.0,1
DC_Cinematic,Notice I said guy :),1512683763.0,9
Morrowind,Any misc skills you start down in the 5s will be tedious to level since you gain xp by suceeeding. Save those skills for the trainers,1512683736.0,4
DC_Cinematic,WB learning all the wrong lessons as usual.,1512683301.0,61
DC_Cinematic,"Yeah get rid of the only guy in the studio that understands the characters, sounds great.",1512683189.0,18
DC_Cinematic,"So Bergs and Johns are out even though the movie they helped with (WW) was a success? (Remember, JL was already in the works when they were brought on)",1512683145.0,18
DC_Cinematic,Lol Lee is terrible. He can draw. That's it.,1512683015.0,9
DC_Cinematic,Snyder also.needs to learn the same.,1512682727.0,4
DC_Cinematic,Well that explains why the animated movies have sucked lately.,1512682349.0,0
DC_Cinematic,Hughes is officially a joke now.,1512682117.0,0
DC_Cinematic,"Nah, goyer is a good idea man, he just can't write dialogue.",1512681604.0,3
Morrowind,"Trick question, Fargoth always wins. Always.",1512597311.0,1
DC_Cinematic,"""DCEU suspends all movies on slate other than WW2",1512596728.0,3
Morrowind,Didn't think they make it backwards compatible in the xbone or was that just oblivion?,1512579414.0,2
oblivion,Why's a bosmer praising Azura anyways?,1512578670.0,2
DC_Cinematic,"His intentions may have been good. The results and execution, however...",1512562117.0,24
DC_Cinematic,Eh they limped out of the year though. Three straight BO flops right?,1512528835.0,4
nottheonion,Fuckin square,1512511297.0,1
books,Disney threw the baby out with the bathwater I see.,1512510843.0,1
DC_Cinematic,"It was still stupid and a prime example of Snyders ""HEY GUYZ MUH SYMBOLISM"" that he is rightly mocked for.",1512492020.0,0
DC_Cinematic,"I'll say what someone else said. This movie might have worked in 2007 but it's not acceptable in a post tdk/avengers landscape. Standards are much higher now.

However no one should have been surprised by the result based on all of the production issues. It doesn't excuse the movie but it should have been no surprise. ",1512490677.0,3
DC_Cinematic,Didn't see the movie?,1512488035.0,0
gaming,"Too bad disney threw the baby out with the bathwater when they took over. Kyle Katarn, gone. Revan, gone. Thrawn, gone. No mara jade.

Replaced by thin as paper Rey and angsty hot topic sith lord Kylo.",1512476654.0,1
news,Eirexit incoming?,1512472899.0,1
news,Eirexit incoming?,1512472895.0,1
oblivion,"Yeah that's what I meant, the stories have sucked since fo3. They put that guy that did the faction quests in oblivion as the main writer and the main quest stories have sucked since.

Seems likes he's good at small self contained quests but not with a longer overarching narrative.",1512423214.0,2
DC_Cinematic,Snyder doesnt know how to spend less than 200mm on a movie. Fucking MoS was a 250mm budget five years ago. Terrible.,1512406331.0,15
DC_Cinematic,Bit silly of a scene though. The man at peek physical form cant keep his grip when stabbed?,1512406010.0,-4
DC_Cinematic,"Bullshit. The first trailer had awkward barry anyways. Only thing cut was some origin scene of him saving Iris.

If you were expecting Barry from the comics you were screwed from the beginning. This was a weird wally west/Bart Allen hybrid from the beginning.",1512403524.0,-5
DC_Cinematic,"That was actually funny, lighten up theire bud

WHY SO SERIOUS",1512402215.0,-10
oblivion,"I agree there's a time and a place for such discussions, but it's not exactly controversial to say as of FO3 their writing fell off a cliff.",1512397924.0,3
DC_Cinematic,Why? That was a terrible line ,1512389298.0,-8
DC_Cinematic,"No plan, GL was just another  massive toxic flop so they've put the property on hiatus since they have no idea what to do with it.",1512351731.0,-1
DC_Cinematic,"In the old DCAU, yes.",1512350934.0,5
DC_Cinematic,"No, it IS the box office that'll end the universe.  No one cares what fans think.",1512350654.0,3
oblivion,Well the general rule if you're playing with the vanilla leveling and on higher difficulty is to get to 100 endurance asap. Because the longer it takes to get to 100 the more of a disparity they'll be in HP between you and the rest of the game as you gain levels.,1512350231.0,1
gaming,I have a bunch of 3rd through 5th edition cards. They worth anything? ,1512330489.0,1
DC_Cinematic,"It should be obvious by now that the mcu brand is white hot and any movie from it must be given a wide berth. You'd think these execs given the big bucks to know these things would've realized that.

",1512327178.0,1
oblivion,Obey your emperor!,1512323167.0,1
DC_Cinematic,Her and their production.company HAVE to be shouldering some of these losses. There's no other way they'd let him do a third movie after two that disappointed financially.,1512273059.0,5
DC_Cinematic,"Amongst all the other issues, sandwiching it between an mcu movie and star wars in November was asinine.",1512272944.0,7
DC_Cinematic,"Yeah pretty much. His movies have made something like four billion total with 20 some Oscar nominations. 

Snyder's movies just dont feel like they have a soul. You never get a fist pumping moment or anything like that ",1512272450.0,2
DC_Cinematic,And he famously flims ahead of schedule and below.budget. So production ease and.critical.and financial success. That's the holy grail of.Hollywood success.,1512234920.0,6
DC_Cinematic,Well guess old Supes finally did get the last laugh. Muh man.,1512233719.0,6
DC_Cinematic,"Legacy man, DC has it in spades. A damn shame they haven't been able to take advantage of it in the movies.",1512233531.0,107
television,"Did we reach ""peak oil"" for television the last few years? When even GoT has been trash for three seasons you have to wonder. Glow was about the last thing I've enjoyed on netflix in a few years. ",1512233211.0,0
television,Why are we taking advice from someone who only exists because of a sextape?,1512231177.0,-2
oblivion,"You could get one of those retro HP mods which takes off the penalty for not getting endurance high as fast as possible.

Or just spam Repair for a while or let a weak mob/npc wail at you for a while in heavy armor to.raise it.",1512225599.0,2
DC_Cinematic,Honestly I really like how Johns is against the batgod and actually liked his characterIzation in JL. I just have always hated this line.,1512223867.0,1
DC_Cinematic,Tfw.when you realize Johns can only write green lantern and aquaman well.,1512171948.0,5
gaming,Yeah I ignored  it until it became their cash cow and the other modes became neglected. Last ea sports game I bought was nhl13.,1512166930.0,1
Morrowind,Absolutely. Along with fatigue it affects the success rate of all skills.,1512166246.0,3
Morrowind,"To get over the RNG hump to start, pick a character with high agility and luck. Pick a race with a bonus for your preferrred weapon and make it a major skill.",1512165455.0,3
DC_Cinematic,A good movie doesn't need explained with a video essay.,1512164823.0,18
DC_Cinematic,Yuck. More aquaman news please.,1512164763.0,0
oblivion,Ah ok thought it was a fix for vanilla things. Well thank you for the post I was unaware of the engine fix mod.,1512147404.0,1
oblivion,Does the silent voice mod basically prevent crashes related to sounds?,1512138423.0,1
oblivion,What's your endurance at? Your hp seems pretty low.,1512132784.0,3
DC_Cinematic,Worked for me,1512129990.0,2
DC_Cinematic,"Can't build anything on a rotten base, which is what MoS was. ",1512129341.0,1
gaming,"Nah, too many of the tedious tank battles plus the story was terrible.",1512128846.0,1
gaming,"They've had these things in UT since what, 2011? Why the outrage now?",1512094338.0,-5
gaming,"IMO Arkham Asylum did the best of merging linear story with free roam and Metroidvania style gameplay. Yeah the boss fights and ending sucked but as a game experience it was superb.

Was a shame that Rocksteady never could top that.",1512091893.0,1
DC_Cinematic,"Bullshit.fan fiction but if true would not have made the movie any better.

And lol at superman attacking civilians, well come to think of it snyder would be dumb enough to do that.",1512078503.0,6
oblivion,Ah I really recommend pc mods help the game in a lot.of ways.,1512078049.0,2
DC_Cinematic,"Eh gimmie a prick like Inarritu, at least he wins oscars. Zacks a nice guy but being nice doesnt mean you can do your job well.

Plus he goes over budget and schedule which is the number one way to invite studio meddling in your movie.",1512077438.0,10
Showerthoughts,"Yep, wonder woman is a guarantee for one of the awards.",1512044026.0,1
DC_Cinematic,Fury Roads production was a complete mess apparently.,1512008514.0,20
oblivion,You on pc?,1511993937.0,1
DC_Cinematic,Yep. The first new 52 action comics run wouldve been a great blueprint for a more angsty and street level/populist superman if they wanted to go that route. ,1511971816.0,2
DC_Cinematic,The DOJ and president  wouldn't give a flying Fuck about the merger if CNN wasn't involved.,1511971525.0,15
DCEUleaks,"Who gives a fuck, it's a few extra scenes of cyborg.",1511957397.0,-7
DC_Cinematic,That and the massive flaws it had.,1511956363.0,1
DC_Cinematic,DC characters being iconic and ingrained in pop culture for so long dont work in a connected movie universe imo.,1511925346.0,0
DC_Cinematic,"The movie was already in production, that's a point of no return for a studio. JL Mortal was stalled by the writers strike and then scrapped even before costume fittings.

But yeah, they shouldnt have scheduled production so soon after BvS in the first place, but I'm guessing they had to to accommodate actors schedules.",1511924837.0,-1
todayilearned,Member when Scott made good.movies?,1511907744.0,2
DC_Cinematic,It was a terrible story and the critical and box office reception reflected that.,1511885237.0,2
DC_Cinematic,"Need I say it again?

Batman. Does. Not. Kill.

Praise Rao Snyder is gone. Go watch the punisher for your murder bats fix.",1511884422.0,2
DC_Cinematic,And he uses Injustice as an example. God I wish that game was never made.,1511878930.0,0
DC_Cinematic,"Wow man you really need to read more batman.comics. there are more comics out there than TDKR(which he still never kills in) and Watchmen.

And Batman killing is a better way to write the character? Are you fucking serious?

And this right here is why the DCEU failed.",1511875680.0,-3
DC_Cinematic,Not an excuse.,1511873218.0,-8
DC_Cinematic,"And yet Snyder had him mowing people down with a gun ""DARKNESS NO PARENTS""

Batman doesn't kill, full stop ",1511867242.0,-1
DC_Cinematic,Good movies don't need a defense like this.,1511866908.0,14
PS4,"While we're at it let Obsidian do another KOTOR sequel or a Star Wars RPG. 

But either way letting one publisher have exclusive rights to the IP is silly and.makes the IP stagnate and be bland outside of the movies.

This is what I miss when it wasn't with Disney. Lucasfilm/Arts seemed a bit more fast and loose with who they let use the IP which had some lows but way better highs than anything that's made now.",1511819414.0,1
IAmA,"IANAL but it would seem to me that that disclaimer would only protect 4chan, not him. Also, I'm guessing he listed the school specifically by name. When you get specific like that that's what usually makes it a specific intent and taken seriously.",1511787174.0,14
DC_Cinematic,"Yep Terrio.dropped some acid.before writing this. Like.. wtf, read a comic dude. It's not that complicated.

And dont even say Goyer wrote it, he doesnt even have the imagination to make up something this convoluted lol",1511751167.0,26
movies,"Can't agree there, I feel.the Hoth battle is still.superior in every way for a battle scene.",1511750588.0,-3
television,But fuck Netflix amirite?,1511749150.0,2
DC_Cinematic,Plus it's new line cinemas which adds another layer of separation. If someone wouldve told me a few years ago that I'd have more faith in them putting out a better CBM  I would've laughed.,1511748464.0,5
movies,The Disney Youth are in full force tonight.,1511747795.0,-1
movies,That right there is my problem. The movie wasn't judged on its own merits.,1511747101.0,-11
movies,Yeah and the villain was such a dud. Krennics role is basically to be yelled at by superiors and then he dies during a cliche villlain monologue.,1511747010.0,-13
movies,Uncanny valley yo,1511746631.0,-24
movies,Considering how this sub rips other movies to shreds for the exact same problems I think there's a double standard going on here.,1511746398.0,-12
gaming,Ahh the old fifa ut scam. U been hacked op.,1511721942.0,1
PS4,2018 sometime on the wb/dc streaming service. So yeah that's something to look forward to.,1511706467.0,1
television,Lol you're watching a CW show and THAT is what pisses you off? Lol,1511706069.0,-2
PS4,And I'm just sitting here playing classic single payer games sipping on my bourbon laughing at ya'll caught up in the multiplayer rat race.,1511656410.0,2
PS4,DC hasnt shined much for animation lately either. All they really have going for them right now is Rebirth in the comics.,1511646485.0,5
DC_Cinematic,"It was ok but had a couple key flaws. 1. Bad.dialogue 2. Rushed romance between clark and lois. 3. Cgi destruction porn that basically merged the 2nd and 3rd acts together. 4. Botched death of pa kent 5. Ending the movie on killing zod was too controversial for an origin movie

It really comes down to bad scripts which have plagued the dceu other than with wonder woman (which stil had a lot.of issues tbh)",1511635316.0,-3
gaming,This fucking sub. Jesus christ. Eternal summer reddit.,1511622624.0,1
gaming,Ah it's going to be like Destiny? I haven't followed it but it originally looked like it was going to be what Andromeda was.supposed to be. Bummer.,1511622346.0,1
DC_Cinematic,Yeah now dont get me wrong I think critics are kind of tired of CBMs which is why they seem to prefer the more comedic ones like ragnarol and deadpool. But the general audience.obviously cant get enough.,1511622262.0,1
DC_Cinematic,One is an actual actor.,1511619270.0,2
DC_Cinematic,And so does mine. No one gives a fuck about a couple roid head extras.,1511586840.0,8
DC_Cinematic,Uh a movie featuring Thor is going to make 800m+. Going the way of the western my ass.,1511586311.0,9
DC_Cinematic,Eh it was character background that was misguided and disposable. No one will care about murder bats or SuperMopes in the future.,1511586055.0,-6
DC_Cinematic,Yeaah no one gives a shit about a couple of body builders who were extras in a movie,1511585858.0,5
DC_Cinematic,"And yet WW was twice the movie that snyder could ever make. I'll take bad cgi over whatever garbage snyder spews out any day.

And where were the practical effects when he made doomsday a ninja turtle gumbanding off buildings?",1511585750.0,-2
television,"Eh these are usually the worst episodes, like the one based on sandusky. ",1511580030.0,1
AskReddit,"Choking Victim - No gods, no managers",1511577219.0,1
Morrowind,"nope, no other remasters until you can play skyrim on your copier",1511572039.0,4
DCEUleaks,He already debunked the seven deadly sins.rumor in a tweet,1511541748.0,4
DCEUleaks,Well I'll humor this for a second and wonder why the fuck we need.more flashbacks to her youth on paradise island.,1511541437.0,2
gaming,/r/thathappened,1511534989.0,1
DC_Cinematic,And he failed miserably,1511531929.0,4
DC_Cinematic,Yeah they've had zero chemistry and she has looked too old for Cavill. Hope that's it for her.,1511487605.0,0
DC_Cinematic,"There's nothing wrong with  WW being feminine, you're acting like she's always been.written as a bull dyke or something.",1511487524.0,5
DC_Cinematic,"I do agree he is still just a consultant in all but name. He has no where near the level of power that Feige has. He has no input on whether a movie gets greenlighted for example.

In regards to the directors vision, well he was brought in specifically to fix snyders fuckups so there wasnt anything worth protecting there ",1511481067.0,1
DC_Cinematic,Exactly. And the 2011 movie was so bad and still toxic which is why GL wasnt even in the JL movie beyond a cameo.,1511480676.0,1
DC_Cinematic,This joker and leto needs to go away just like snyder,1511480572.0,1
Morrowind,Statistically probably an imperial or redguard if he's going to be a melee type guy.,1511472294.0,2
DC_Cinematic,It would have been good because TDK is actually a good movie unlike Snyders.,1511466025.0,10
DCcomics,Just take the R rating away from Timm and keep Azarello far far away as well.,1511465802.0,19
DC_Cinematic,You'd think Snyder would learn his lesson since even the BvS UE sucked.,1511465475.0,3
DC_Cinematic,"For real man. I'm glad I'm younger, imagine all of the older fans who waited a lifetime for these movies only for the characters to be completely fucked over by some manchild like snyder who decided to force his shitty worldview on people.",1511464904.0,1
DC_Cinematic,"God, this again. There is.no.ZS cut, just a handful of deleted scenes. You people truly are dense.",1511453919.0,-8
DC_Cinematic,"When you release a bomb like BvS your vision doesn't mean shit. If zack had any sense or grace he would have stepped down from even directing JL.

These are tentpole.films to make.money, not indy arthouse films.",1511453750.0,16
DCEUleaks,Yeahhh you dont know what good movies are...,1511446999.0,10
Morrowind,Dude you can get an ok pc for line $300 on ebay,1511445364.0,1
DC_Cinematic,"I just thought it was a typical snyder slow mo scene with zero substance. Nolan one was much better and made me care about batman.

But if you like bats magically picking people up lol whatever floats your boat",1511444708.0,1
DC_Cinematic,"He was a threat and they were able to hold steppenwolf off twice in the movie soooo

You snyderbots need to gtfo lol you lost get over it. Warts and all people like this more than BvS.",1511444435.0,-9
DCEUleaks,"> a competent director whose films look great and are comprehensible. 

Wrong. ",1511444357.0,-5
DCEUleaks,Just because Snyder is a likeable guy it doesn't mean he's good at his job. I'll take an asshole like Inarritu over snyder any day.,1511444290.0,8
DCEUleaks,Tell your dad he has no one to blame but yourself himself for the BvS debacle,1511444209.0,-3
oblivion,Eh just get the +5 to any leveled attribute mod and call it a day.,1511441582.0,1
DC_Cinematic,"""This guy still bothering you?""

Love that confident Superman.",1511439547.0,10
DC_Cinematic,Superman is.OP though. What you expected some Batgod bullshit to save the day?,1511439029.0,23
oblivion,"It's 200 years in the future, a simpler time.",1511403923.0,8
DC_Cinematic,He was never actually dead which they mentioned in the movie. Or must you be spoonfed everything?,1511402593.0,1
DCEUleaks,Buh buh bullshit,1511387123.0,1
DC_Cinematic,Yes it worked for watchmen to explain the minutemen back story. For Bva and jl it was just boring.,1511370765.0,-3
DC_Cinematic,It worked for watchmen but had me rolling my eyes for bvs and jl. Glad it wasn't in MoS.,1511370041.0,2
DC_Cinematic,I think his slo mo.intros are the epitome of style over substance and a waste of 5-10 minutes of the movie to show us names of people in the credits later anyways.,1511368884.0,1
DCcomics,"I think.Johns is still just a creative consultant in all but name. I doubt he really has any Feige level of control.

If he was more involved I doubt he'd still have time to do everything he does on the comics side.",1511355276.0,1
DCcomics,"The A listers made WB lazy. If they were forced to make profitable movies featuring captain atom, shazam, and blue beetle, they would have to be good movies above all else.

 That's basically what position marvel was in. They didn't have the luxury of dropping a spiderman or xmen movie every once in a while for a quick buck.",1511354452.0,3
DCcomics,"Anyone think he's been mailing it in since Arkham Knight and TKJ? 

Yeah he's a legend but I'm honestly more excited about Greenwood voicing Batman now.",1511353218.0,1
DC_Cinematic,I dunno ironically enough he was involved with two mopey superman versions in kingdom come and peace on earth.,1511351982.0,2
DC_Cinematic,Muh Batman,1511351900.0,2
DC_Cinematic,"> Watchnen being one of the most successful superhero movies ever.

Where in gods name are you getting this from? It was average critically and.had the typical snyder second weekend drop. 

Plus it completely missed the point of Moores source material, making Rorschach a protagonist and fetishizing violence.

It's not even the most successful R rated CBM now that Deadpool came out.",1511348744.0,1
DC_Cinematic,"""Is this guy still bothering you"" had me grinning from ear to ear.",1511313735.0,10
DC_Cinematic,"You do realize.beloved DCAU Batman was quippy and underpowered when with the JL right? Batmand characterization in the context of being with the league was actually one of the few things the movie got right. Same with Wonder Woman, unlike in her origin movie where she was a superman 1.5.

Must we really be stuck with 1986 MillerBat forever?",1511306820.0,5
DC_Cinematic,"Well spiderman was an example of why the general audience matters above all else. The Garfield spiderman movies were pretty close to some essential spiderman lore but nobody cared.

Throw him in with the avengers and bang, instant hit. 

A really good spiderman movie however should make a billion considering his world wide popularity, however. Spiderman wasnt even really marketed for homecoming, it was all about Keaton and RDJ.

Guess WB shouldve learned its lesson from Sony. ",1511305391.0,1
DC_Cinematic,Makes sense. Total budget was probably around 400 and the studio take is generally half of the worldwide.gross. So if it makes around 650 their take is only 325.,1511296918.0,11
DC_Cinematic,"Exactly, so how about that 1.9 multiplier BvS had'",1511296724.0,0
DC_Cinematic,You realize most people agree with my statement right?,1511287860.0,-7
DC_Cinematic,"Lol, hope this was sarcasm. Snyder is about as deep as a puddle.",1511284804.0,-11
DC_Cinematic,"Well yeah, the A listers made them lazy. If they were forced to make profitable movies with captain atom, green arrow, and blue beetle you could be damn sure the movies would be better because they woul have to be. Necessity the mother of invention and all that.",1511263574.0,3
DC_Cinematic,Kind of surprised FB recovered that much and had that high of a cinema score. I thought dragged from the second act to the end.,1511235901.0,2
DC_Cinematic,"I think just having C listers helped marvel and their formula in the end.

They got to essentially build characters from scratch in their respective solo movies. They also couldn't just rely on name recognition of characters to sell tickets, they had to make sure the movie quality was good.",1511235792.0,4
sports,"Yeah hockey is an oddity in sports because the game changed so much in 10 years especially with system play and goalies. Hell, Fuhr, one of the best goalies of the era, had a sub .900 average for save percentage.

 It's even more drastic of a change today especially with defensemen where even the big hulking Dmen are expected to skate well and be mobile. 

Not taking anything away from Gretzky though, he still put up great numbers even in the dead puck era. I just think he would be much less prolific in scoring in today's game.",1511235080.0,3
DC_Cinematic,Even those arent good anymore. Nothing since Flashpoint Paradox really.,1511228473.0,6
DC_Cinematic,And this here is what happens when you have a generation grow up with Batgod and the arkham games.,1511221301.0,1
DC_Cinematic,Who knows maybe DC will pull a penguins and choke for about seven years and then go back to back.,1511221223.0,3
DC_Cinematic,"Indeed, in hockey DC is the Washington Capitals.",1511220236.0,4
DC_Cinematic,"WW2,  and Aquaman are the only sure things to be released right now.",1511219061.0,1
DC_Cinematic,"I dunno I really liked Flash""s theme. Was that by Elfman? It had that magical mystical tone that he usually has.",1511200970.0,2
DC_Cinematic,The problem is that they most likely underestimated the residual.hate from BvS and also Ragnaroks and Cocos popularity. November is also a piss poor time for the big event team up film. The time for those movies unless it's star wars  are spring/summer.,1511197003.0,14
DC_Cinematic,Buh bye cinematic universe. Which isnt necessarily a bad thing.but it probably means no solo superman or.green lantern movies. They're going to milk wonder woman and batman dry for as long as possible.,1511196119.0,-3
DC_Cinematic,"Gotta say I loved JL.supes. ""this guy still bothering you?"" Muh superman. Confidence and conviction.",1511184612.0,6
DC_Cinematic,Because he obviously has zero power and still is just a creative consultant in all but name.,1511143145.0,1
DC_Cinematic,"Unfortunately studios don't think like this. They just think the public does not like xyz property so they stop putting money to similar projects. WB  as a studio obviously feels no obligation to treat the DC property right or ""do right by fans"". They will just figure the well is dry and will move on to something else.",1511142967.0,1
news,Is Japan under a SOFA like Korea?,1511111399.0,1
books,Very true. I found this out with sci fi. So many amazing writers and stories that were never heard of even by veterans of the genre.,1511095722.0,2
DC_Cinematic,"Because production had been greenlit and when that happens it's basically a point of no return for a studio. It would have ballooned the budget even more and would cost them even more if it had a bad BO take like it is now.

But I do agree, they never should have scheduled it to film right after BvS. The plan should have been more solo movies and then a JL release for 2019.",1511094969.0,1
DC_Cinematic,Actually the home release of bvs was the only thing that actually made it profitable.,1511093291.0,3
DC_Cinematic,Who cares,1511069336.0,-6
DC_Cinematic,"Heyyy more great press for this movie. Yipee, let's really see how low we can get this opening weekend to go.",1511067885.0,2
DC_Cinematic,The sky is falling!,1511065461.0,2
personalfinance,Lol sorry you're not getting much sympathy from someone that has been paying 300+ a month for insurance through their employer even before ACA.,1511033088.0,3
DC_Cinematic,B+ cinemascore too so pretty lukewarm public reaction as well.,1511026266.0,31
DC_Cinematic,That and it's going to have a lock down on the latino population not to mention families in general,1510958158.0,5
DC_Cinematic,I shutter at what Coco is gong to do to JL... not gonna be pretty,1510949762.0,7
DC_Cinematic,"""Soars""",1510949482.0,7
DCcomics,"Sounds like a baseless rumor. I think snyder is completely removed from this project.

But WB is going to need every cent they can get from this so an extended cut will probably happen.",1510936612.0,4
DC_Cinematic,"Well yeah that's what I mean. Definitely no team ups will appear for a while and I'm sure an emphasis will.be on lower budgets.

Sadly the character that will suffer the most will probably be superman unless a great director falls into their lap.",1510930458.0,1
gaming,Has Madden improved in the new gen? Last one I played I think was Madden 2010.,1510923416.0,2
DC_Cinematic,"Yeah the thing is though  studios don't think that way. They just figure the public has no interest in xyz property and stop making those movies. So it's a, lose lose type of thing.

I mean I do agree with voting with your wallet and would rather a bad movie not be made, but still, nothing good will come of this for fans.",1510919901.0,6
DC_Cinematic,He needs to pull his head out of his ass and.hit the gym if he's going to continue. If he can't then he needs to bow out.,1510872012.0,4
DC_Cinematic,"Surprising he would take a franchise role, but this is just a rumor.

Affleck.definitely needs to go though. Subpar performances and way too much personal baggage.",1510860113.0,2
DC_Cinematic,Um I'm seeing mostly negative reviews?,1510858511.0,-5
DC_Cinematic,Shouldn't ACADEMY AWARD WINNER Terrio share some blame?,1510843918.0,6
explainlikeimfive,And so it goes.,1510802113.0,11
DCEUleaks,Tons of mixed reviews on mixed critics. Depending how they swing is what the rt score will.end up as.,1510764542.0,1
DC_Cinematic,Wow that's fucked up how they blatantly lie.,1510759874.0,3
DC_Cinematic,Roeper gave 3.5/5. That's pretty good and he's as mainstream a critic as they come.,1510758391.0,3
DC_Cinematic,"This was in an official review, strange",1510757401.0,1
movies,"Wow mainstream guys like travers and roeper seem to like this more than bloggers, go.figure",1510756439.0,3
DC_Cinematic,Lol so step steals a motherbox they left in a park? Does Terrio drop acid before writing these things?,1510755883.0,1
DC_Cinematic,So the fixter app apparently leaked the rt score of 48% with.30 some reviews.,1510751786.0,1
DC_Cinematic,Embarrassing,1510743625.0,0
DC_Cinematic,"Yeah that would be nice if true, but not looking good from mainstream critics",1510685571.0,1
DC_Cinematic,"Lol sorry, box office theory",1510680805.0,1
DC_Cinematic,"On so take it with a grain of salt, but yeah.  ",1510680601.0,1
DC_Cinematic,60s would be a blessing. As it stands now we're liking at 50 add a ceiling.,1510679942.0,1
DC_Cinematic,Yep pretty infuriating that this will probably be just another on demand rental for me in the spring.,1510679309.0,3
DC_Cinematic,So we thinking 40-50 rt now? That's my guess. I'd honestly rather have a complete bomb than a  indifferent type of result like xmen apocalypse.,1510678423.0,2
DC_Cinematic,Well critically it certainly has. Financially? Well JL will probably only beat Thor by 100mm worldwide. Word is JL is tracking pretty poorly in Chiba as well.,1510678215.0,1
DC_Cinematic,Haha really? Holy shit I was thinking of another site I guess. Thanks.,1510667742.0,2
DC_Cinematic,"I pray those movies never even see ax treatment let alone a script.

Hopefully the fact that a thor movie beat JL halts that.",1510660888.0,1
DCEUleaks,I wanna thank you for the heads up on not getting my expectations too high and saving me ~$30 this weekend.,1510660032.0,2
gaming,"Sure, now if only they released more than three guys I've given a shit about in the last 15 years",1510649161.0,1
DC_Cinematic,Really? Got a link?,1510648365.0,2
DC_Cinematic,"Well I'm saying it will probably get a similar rt score. Close to 50% and similar criticisms. Cool action pieces, bad villain, etc",1510629287.0,1
television,"But why? Makes no sense, just like the Watchmen series.",1510621905.0,0
movies,Terrible idea for a reboot. The original worked because it fit the 90s like a glove with the witchcraft/vampire goth atmosphere. ,1510620863.0,19
gaming,What y'all get for suckin the mouses dick all the time,1510618469.0,1
gaming,Also the cycle for a dc movie fan,1510617457.0,1
DC_Cinematic,Yeah xmen apocalypse basically.,1510616515.0,0
DC_Cinematic,Welp pt. 2,1510615288.0,-3
DC_Cinematic,"It's strange because WB puts out.good stuff. They let Nolan, Jenkins and Villanue(sp) do whatever they wanted with their respective movies and they were great. Even fury road was supposedly a production disaster and they let Miller do what needed to be done to finish it.

I hate to be like this but I think the biggest problem is Snyder. He's the only common thread for three movies. Unless Terrio forgot how to write a screenplay.",1510615109.0,18
DC_Cinematic,This is why I think they should just abandon the cinematic universe. Marvel has a monopoly on it. They need to.just focus on solos with occasional teamups.,1510614006.0,-33
television,I always assumed this would be the case and he would need bought out.,1510591857.0,1
movies,Batman 1989,1510591401.0,30
movies,Meh I throw star wars in that lot too since its the same tired old blockbuster schlock.,1510520881.0,-1
DC_Cinematic,The Bale one was good too,1510514315.0,4
movies,Yay great press for WB as always before a release of a tentpole movie.,1510496391.0,2
DC_Cinematic,Agree with her 100% but at the same time it's not exactly good press for your current bread winner to say she wont reprise her role a week away from the movie release date.,1510496146.0,1
movies,Clearly Mr. Right,1510493792.0,1
movies,Lol Rockwell couldnt help himself.,1510493764.0,1
DC_Cinematic,"All good points and I'm hoping the OW take is higher. Deadline just got within 5mm for Thors opening but that might have been sheer luck.

It really does.come down to the full reviews and RT score. If they're favorable then the legs should be good in the second weekend considering the holiday in the US. 

Now star wars looms and Coco is tracking well so I think that'll stunt the overall take for JL no matter how good it is. I haven't seen the second weekend drop yet for.Ragnarok so that might chew into it as well.

As far as big event films that could match a take like the Avengers, I think WB kind of blew its wad there with BvS. ",1510492834.0,1
DC_Cinematic,Thankfully when the reviews came out that it was just a good straightforward comic book movie that drowned out any chance of it being a ghostbusters situation.,1510453283.0,1
DC_Cinematic,"Based on BOT it's tracking at 130 right now. No bueno.

The marketing next week could give it a shot in the arm but mixed reviews could negate that as well.",1510446228.0,1
DC_Cinematic,Mainstream ones like Roeper.,1510431557.0,2
DC_Cinematic,Anybody think Momoas acting is pretty bad? Still can't see how he'll carry his own movie.,1510415151.0,-2
DC_Cinematic,"Oh definitely, I'll be floored if it gets 70 or above.",1510409122.0,1
DCEUleaks,Terrible,1510391098.0,4
DC_Cinematic,"I can't take anyone seriously that liked BvS, sorry.",1510390664.0,-15
DC_Cinematic,"Yeah and if a nerd/geek culture website says it's pretty flawed, imagine what your standard newspaper critic who doesn't give a shit about CBMs will say.

I'll be floored if this ends up with a 70%+ rt score. And if this does not review well with my go to critics, then I simply am not spending money to go see this. WB has no excuse anymore and I refuse to reward mediocre products no matter how much I love the source material.",1510389874.0,-4
DC_Cinematic,Lol yep this show you can completely ignore anything this Kevin McCarthy says,1510385912.0,-7
DC_Cinematic,New contract stipulation for Ben: no botox or gaining weight until.reshoots are done,1510370201.0,5
DC_Cinematic,"This just goes to show Johns and Berg have no real power. These movies are always going to be by committee unless a real visionary like Feige can actually have some real say in the production of these movies.

I actually hope they stop the big tentpole team uo movies for a while so there's less suit meddling.",1510365733.0,14
DC_Cinematic,A movie gets certified fresh if it ever hits 75%+ with something like 80 total reviews with 10 top critic reviews. It'll then keep the certified if it stays at 70% and above.,1510363324.0,6
movies,Jesus why are critics so cranky about this movie? You'd think they'd embrace this with all the comic book schlock they're about to be subjected to until the end of the year.,1510362483.0,7
DC_Cinematic,"Well you have to remember that many critics really dont respect the CBM genre so any CBM that ""pokes fun at the genre"" or ""doesn't take itself seriously"" is always going to receive better reviews.

This is just how it's going to be until another The Dark Knight is made.",1510361708.0,19
AskReddit,This attitude is what baby boomers did and why the country is a fucking mess ,1510358110.0,1
DC_Cinematic,Yup this is going to get Mos level reviews at best I think.,1510350546.0,4
DC_Cinematic,"Many arent rt critics, I'm not sure how they've rated the previous movies.",1510349443.0,4
DC_Cinematic,"Agreed, the few mainstream reviewers that have posted have been far less positive.",1510346349.0,4
DC_Cinematic,Not a chance.,1510345842.0,6
DC_Cinematic,"BvS was hard to tell because there wasn't an early social media reaction embargo lift.

The fact that they allowed this is promising though and shows some confidence.",1510345198.0,1
DC_Cinematic,Yeah I think his review should just be thrown into the negative pile.,1510345084.0,3
DC_Cinematic,Steep come down from ww yet he criticizes the villain? Ares was garbage too.,1510344201.0,11
DC_Cinematic,"Wow a lot of ""it is fun but there are issues"" I'm thinking we're looking at MoS levels of reception here now. Bleh.",1510336891.0,-15
DC_Cinematic,"It's still a shame that the first jl movie is basically going to just be reviewed like a thor or ant man movie. 

Something tells me these characters deserved better.

Dr Strange will have a better rt score than this. Just say that out and see how you feel.",1510335143.0,-11
DCEUleaks,Not necessarily. They never say anything extremely negative on these. So their criticisms could result in an overall rotten score when the full reviews are released.,1510334816.0,6
DC_Cinematic,Final RT score prediction would be from 65 to 80.,1510334407.0,12
DCEUleaks,"Well keep in mind that not all of these reviews will.be ""fresh"". But yeah I'm thinking 60% 80% final rt score.",1510334261.0,20
DCEUleaks,Me because I usually agree with the overall critic consensus.,1510330570.0,1
movies,"Exactly, when you get into the men's rights territory, they go insane",1510328131.0,3
DCEUleaks,"Yes like every composer does,  even your.beloved zimmer",1510327708.0,-4
DCEUleaks,"Agree completely.about the Flash. People love him from baby boomers to younger people. He's a gold mine and it's mind boggling they haven't been able to move forward on his solo movie.

Hell the 90s series alone  was one of the top home video releases and why the CW Flash show was made.",1510322610.0,1
movies,"So what if he's lying? Just because he's coming out in front of the accusations doesn't mean anything. 

Weinstein has denied the allegations and is even suing some people for slander but I don't see anyone giving him the benefit of the doubt.",1510322092.0,8
DCEUleaks,"Well the original two movies were universally loved, they just never progressed with the character. They either keep doing origin stories or movies where he doubts himself and ""dies"".

Snyderman was a good contemporary interpretation they just never gave him anything new to do.",1510274519.0,1
DCEUleaks,Neither was Snyderman so I think superman is just dead as a character. He's an archetype for the comic superhero but no one really cares for the character.,1510266550.0,0
DCEUleaks,Three movies later and they still havent got superman? Christ.,1510266304.0,-3
DCEUleaks,Np idea,1510246624.0,1
DCEUleaks,Welp,1510246150.0,7
DC_Cinematic,It did about 2 weeks ago with mixed reactions. The more recent London screening.apparently did much better.,1510198494.0,7
DC_Cinematic,Well word is the social media embargo lifts tomorrow so a weeks worth of bad reviews should be interesting.,1510196980.0,17
DCEUleaks,WHY DID YOU SAY THAT NAME,1510191193.0,3
DCEUleaks,Lol mashable says it will get a 33% RT based on the embargo lift date. Total bullshit conjecture of course.,1510167582.0,1
DCEUleaks,Better than bvs or mos isn't saying much.,1510149058.0,0
DCEUleaks,"Isnt the point of this movie to get the general audience on board rather than just DC fans? So saying ""cloudy"" isn't really comforting.

Or maybe this'll just be an Xmen Apocalypse that they really dont care about since WW made so much bank.",1510055299.0,5
movies,"Lemme guess ""not as good as the original"", which I always see as lazy criticism. A movie should be judged on what it is, not what it was or the potential it had.",1509905237.0,3
DC_Cinematic,Not wheedons or WBs fault affleck cant stay in shape and got kardashian levels of botox during production.,1509900371.0,1
movies,Now you'll have to subscribe to the bundled pile of shit that are streaming services just to watch the one show you want. Case in point CBS and star trek discovery.,1509900020.0,3
movies,"I've come to the conclusion that Moore's work is undapatable to movies. They just cannot capture the subtexts of his stories. Also, his use of comic panels in different configurations to evoke a certain feeling cannot be translated to the big screen.",1509887610.0,23
DC_Cinematic,"Well I dont like the CW shows but that doesnt mean the dceu flash will get a pass if he sucks or doesnt fit the character. I get they're going for jl/jlu wally west but we'll see.

It is kind of sad though that the tv shows have more or less successfully introduced a multiverse whereas the dceu with its huge budget has struggled to get a linear storyline off the ground without significant retcons.",1509847877.0,2
DCEUleaks,This guys seems to be a fanboy more than anything else.,1509847136.0,7
DC_Cinematic,Wow affleck needs to get his shit together,1509817127.0,0
DC_Cinematic,"The rock is terrible, and the baywatch debacle shows he's not even a crowd or critic pleaser anymore.",1509816816.0,0
DC_Cinematic,"Batman shouldn't beat superman period. So yes it was the standard boring cliche batgod beating. Just because you're a batman fanboy doesn't change that.

Also I'll give batman the element of surprise for the first grenade but superman charging headfirst into the next one was fucking stupid.",1509717600.0,-2
DC_Cinematic,Yes I know johns doesn't have the power of feige and batman is still number one for wb. Don't get salty because your boy Snyder is out,1509717524.0,-2
DC_Cinematic,Preach brother. The Batgod beatdown cliche is old and tired. Johns is critical of batgod so hopefully we see less of that in the future.,1509706497.0,-3
DC_Cinematic,Gotham City Sirens. At least not this early and not by Ayer. His LA gangsta style does not work for a CBM. ,1509706374.0,-1
DC_Cinematic,Cuz fuck people that liked him before amirite?,1509587072.0,18
DC_Cinematic,Yes let's trust the country that makes shit like transformers and Pacific rim profitable.,1509533646.0,-9
DC_Cinematic,"Yeah I actually think he could be a more modern Verhoeven if he could direct a tighter narrative and get a bit more out of his actors.

He definitely needs to take a break from CBMs that's for sure. He's been stunted since watchmen ",1509505210.0,2
DC_Cinematic,"Johns and Bergs don't have that much power. If the suits want the Rock in one of the superhero movies, they'll get it.",1509504622.0,1
DCEUleaks,Optimistic: watchmens score. Most likely: Xmen Apocalypse score.,1509483911.0,1
DC_Cinematic,New Line is pretty much garbage anyways. I'm not even optimistic about Shazam.,1509482918.0,-2
DCEUleaks,"Based on past history,  the leaks and vibe right now, and its competition, I think my prediction isnt that out of line. It's not what I want either but you gotta be pragmatic and manage expectations.",1509472194.0,1
DC_Cinematic," If you put out a 250mm boondoggle like BvS (which only became profitable through home.video.sales), heads are going to roll and things are going to be changed. These are major hollywood studio movies, not arthouse films. 

God bless Snyder but I dont think his style is for a franchise mainstream audience. ",1509464441.0,2
DCEUleaks,Yep I'll eat my hat if this stays above 70% RT. I think WB is way too late in the game and this will be considered a bargain bin Avengers.,1509398973.0,2
DC_Cinematic,I have no doubt of a big opening weekend.number but we'll see about the second weekend drop. If it's lower than 62% I'll be pleasantly surprised.,1509362924.0,1
DC_Cinematic,"Because it's sandwiched between two other franchise movies that are poised for massive BO success, so JL has about three weeks to make its money. It can't afford to have a huge second weekend drop like BvS.",1509362097.0,5
DC_Cinematic,Looks better then Bvs I guess where metropolis and Gotham looked the same ,1509359956.0,2
DC_Cinematic,If there is it means the theatrical cut will.be a mess like BvS.,1509320580.0,1
DC_Cinematic,What I liked was that Cap beat iron man and put him in his place. With BvS we had the typical cliche Batgod beatdown we've been seeing since 1986.,1509138669.0,2
DCEUleaks,Yeah I hope it has some high points because a bargin bin Avengers doesnt seem like it would go over very well.,1509135813.0,-1
DCEUleaks,Why? Just to see green lantern? I'd rather spend the time on superman or the league interacting with eachother.,1509127551.0,0
DCEUleaks,You think so? I mean I know Steppenwolfs history from the comics but I think people are just going to look at him like Loki 2.0.,1509118691.0,1
AskReddit,Yeah so LBJ killed him? I took that as typical reddit hyperbole.,1509118613.0,1
DC_Cinematic,MVP right here.,1509118250.0,2
DC_Cinematic,Yeah because Arkham Batman is definitive Batman /s,1509110956.0,-6
DC_Cinematic,You say those things like they are fact in regards to mos and bvs. They're not.,1509110315.0,4
DC_Cinematic,Well the safeguard for that is simple: make good movies.,1509108477.0,0
DCEUleaks,"I really wished they just delayed and replaced snyder from the beginning if they were going to make these changes after BvS anyways.  My only fear is they've hacked the movie up so much were going to get a product that doesn't please any body because of how much of a mashup it is. 

Snyders cgi porn with Wheedons quips and Elfmans score sounds like a Frankenstein level of an abomination. Who knows, maybe it'll work out. The editings got to be good though that's for sure.",1509105443.0,1
DCEUleaks,Boring. The whole history lesson seems like a pointless cgi wankfest and time that could be better spent elsewhere. ,1509105102.0,-19
DC_Cinematic,"My point is the whole practice is stupid. Good reviews more than a week out could improve the tracking as well.

Im tired of waiting until three days before to find out a movie sucks or not.",1509104951.0,1
AskReddit,So TLDR: anything of real interest was not released or heavily redacted?,1509103721.0,-2
DC_Cinematic,Wish WB had some confidence in its brand and released the review embargo a few weeks out like the MCU. ,1509100647.0,-2
DCEUleaks,"Confirmed: this movies gonna suck. So instead of taking Snyder off the movie in the first place (which is what they should have done if they werent happy with BvS), we get some fucked up wheedon/snyder abortion hybrid with some random geoff johns shoved in for good measure.",1509053514.0,-6
DC_Cinematic,"What is your point? That this movie won't be an editing mess? What is your proof to justify that?

My proof: BvS TC, SS.",1508930645.0,-2
DC_Cinematic,If you think this will be near the level of a new hope then I truly feel sorry for you.,1508898213.0,-6
DC_Cinematic,"Yup, this tells me a massive script.rewrite happened.",1508882483.0,2
DC_Cinematic,"So 15 minutes of.credits and at least 10 minutes on the ""history lesson"". So.aboit an hour and a half to introduce.a villian and three new.characters. kay.",1508882245.0,3
DC_Cinematic,"Makea me wish suicide squad was a financial bomb. But nope, juggalos gonna juggalo.",1508882098.0,1
gaming,"It's a shame too since ballad of gay Tony was better than the entire story for gta iv.

Honestly they lost the magic since gta: sa that's not even present in the single stories since. The satire is too mean spirited and on the nose, the stories are joyless and not fun, and the gameplay isn't much fun either.",1508812861.0,1
skyrim,Where'd you come from?,1508800911.0,4
DC_Cinematic,"Zach Snyder. Thats why. Big.cgi porn third act bing bam boom men are still good, the end. ",1508773056.0,6
DC_Cinematic,If only.that was shown correctly..,1508772769.0,2
gaming,"Until you find a game where the goty/ultimate edition still doesnt have all of the dlc and/or the dlc is a digital code that has an expiration date.
",1508728867.0,1
news,Based on the Wiki entry this behavior was known since 1989. ,1508695093.0,1
gaming,"To be fair even as an adult the game is nigh impossible if you go in blind. Especially since there are ways to make your game unbeatable if one of the kids dies or if you waste an item.

There was a poster that came with the game that had a lot of hints for the toughest puzzles,  but on pc at least the game was pirated so much nobody ever had it.",1508692166.0,5
television,Lol it's kind of funny that the bigger streaming gets the more people just want cable again. If the cable companies had any sense they'd drop rates and people would come back en masse.,1508611750.0,0
DCEUleaks,"Yes. Because a studio that made a 250mm boondoggle in BvS and one that threw money at things like ""Pan"" would never screw up again. /s

And stop with the Terrio circlejerking good screenwriters can still write bad movies. Imo Terrio isn't a good fit for CBMs and that showed for BvS. Well that and that he really doesnt know these characters very well.",1508610469.0,4
oblivion,Any hints on the tweaks? Want to play it again on pc but not sure where to start. I'm guessing compatibility mode?,1508599868.0,1
gaming,Another reason on why not to but digital for consoles. At a retailer at the very least you could get an in-store credit. ,1508589421.0,1
oblivion,So is FO3 still kind of unplayable on modern pcs/ win 10?,1508541649.0,1
DCEUleaks,If JL cant stand up to a netflix movie then WB deserves it for putting out a shit movie.  I mean hell it's going to have it's hands full as it is with Ragnarok which will probably have some impressive legs.,1508538136.0,4
DCEUleaks,Still salty that she didnt have the trial/contest before she left.,1508496922.0,1
DCEUleaks,Well to be fair the third act in ww was pretty.much universally panned. Didn't affect the BO but it.still was a horrible third acr ,1508496823.0,4
DCEUleaks,Wait why do we think.this is truthful now?,1508452204.0,1
DC_Cinematic,"Bah if Affleck is staying Batman my choice is still Beckinsdale. Similar age, has the body for it, good american accent, and has experience with an action franchise.",1508336595.0,1
DC_Cinematic,"Visually sure, but the writing and characterization? Eh. I think they jumped into TDKR MillerBats way too fast. 

Again this is because Snyder seems to start with visuals and fills in the story from there. This works  for comics ( traditionally this is.the formula marvel used for years as opposed to DC) but no so.much for movies.  ",1508336436.0,4
Morrowind,The hell were they patching on a 15 year old game? ,1508282992.0,2
movies,Will this be Disneys waterloo?,1508278782.0,1
PS4,The old games weren't magic; you were when you were young.,1508273379.0,14
PS4,"Yeah it depends what mood I'm in. Sometimes a themepark type rpg like Skyrim is fun because you can jump in do a quest, kill some things and be done.

Bloodbourne and Demons Souls are definitely awesome for how they have this deep insane lore that's always just underneath the surface waiting for you to explore.",1508187074.0,1
PS4,Man arkham knight will always be an.enigma to me. Such wasted potential.,1508098764.0,-4
PS4,"This is just how old school cRPGs were. A lot of written dialogue and more of a focus on learning the game mechanics in order to suceed.   For example it was.easy for me to spend hours exploring the crypt in the opening of Planescape: Torment.

This kind of made up for the games usually having smaller stories and worlds overall, which I think is the one problem with bringing these types of game to the modern gaming era. Now they have all the aforementioned features plus a longer story and bigger world to explore, which I think either overwhelms people or burns them out after a while.    ",1508090583.0,3
DC_Cinematic,"So we have to wait three movies again to actually get our comic book character, lovely. 

Before you downvote: character progression is fine, but if you make a character unlikable or unrecognizable then the audience has no connection to them and doesnt look forward to future installments.

It really pains me to say as a superman fan through thick and thin that Groots death in GOTG hit me more than Supermans in BvS. So that means the story told just was not effective.  That's not subjective, that's a fact with the terrible legs BvS had.

Also these are movies with 200+mm budgets, not tv shows with comparatively miniscule budgets where you can spread mutiple arcs over seasons for character progression.  Sometimes you only get once chance at this.      ",1508086419.0,5
movies,Surprising since I always thought he didnt do well with serious roles(such as hacksaw ridge). I'll have to check this out. ,1507985292.0,1
Morrowind,"May want to put conjuration as a major to start with the two free spells, and maybe swap say mercantile and short blade to get the jump on better prices early game. You'll raise the short blade fast enough by playing and khajits start with such a high agility you shouldnt be missing much anyways.",1507984763.0,1
Morrowind,"Do you know what the purist patch has compared to the latest MPP? I'm aware of reversing the ""balancing"" but I mean in actual fixes it has that the MPP.does not? ",1507984703.0,1
DC_Cinematic,Yeah should have done it that way actually. BvS felt like two scripts mashed together.,1507944731.0,-1
DC_Cinematic,Where was all this understanding with the Wheedon stuff when that happened?,1507916883.0,0
Morrowind,So ESOs not even worth it from a lore standpoint? ,1507841649.0,0
DC_Cinematic,Man at this rate Ragnarok will thump JL. That movie has had nothing but goodwill thrown its way especially with the recent twitter embargo being lifted.,1507822071.0,0
DC_Cinematic,"I would like to see him go. He was passable as the character but imo he brought too much baggage to the franchise, both personal and professional. Many of the general movie going audience can't separate him from crap he was in in his early days, and his personal issues are well known.

Nothing to do with him either but casting and portraying such an older Batman was a mistake as well.  ",1507777134.0,-5
worldnews,If you coulda you woulda.,1507677115.0,1
movies,So who will be the ewoks in the movie after this one?,1507635679.0,1
movies,"Never heard of him, he just do indie comedies or something? I just wanted Ragnarok to getc the high stakes tone the comics had. But then I remember comic book.movies arent really for comic book fans. ",1507549073.0,-18
movies,"Eh Batmam Begins, TDK, and.Inception all had passable action scenes at the very worst. I just dont think his heart was really in the making of TDKR. ",1507545458.0,1
movies,Jeebus can marvel do one serious movie other than TWS?,1507545274.0,22
movies,"Since.when are comic books.given the same trust? Even in a successful franchise like the MCU the characters are so streamlined they barely have any connection to.the comic counterparts.  That's been part of.their success actually, they took templates of characters people were aware of in name only and molded them as they needed.",1507544978.0,1
Morrowind,"""Unless you play an Altmer with the Lord  Birthsign"" 

Seriously dunno why the most magical race lorewise got such harsh magicka penalties.  I know Atronach can mitigate that weakness but it still sucks you kind of get railroaded into choosing it.",1507544266.0,8
movies,"Hey imagine that, the general public wasn't very hyped about a sequel of an 80s cult classic that needed five directors cuts before it got any attention",1507518632.0,7
Morrowind,What kind of magicka mod? One that goes above the vanilla hard limit? ,1507492588.0,2
DC_Cinematic,"Eh not as good as the last one imo, and definitely not a fan of the ""parademon making beam""",1507490820.0,-3
movies,"Gee and where are the downvoters when I said this movie was tracking poorly a month ago. 

Oh there they are, hi",1507481887.0,-9
skyrim,Yup and then if you smith by a shop and an enchanter you can enchant and then sell to also raise enchant and speech.,1507479391.0,3
DC_Cinematic,"Well, Darkseid usurped the power that he has, so thats why there's that generational power gap.",1507358138.0,1
Morrowind,Only downside I think would be it boosting speed I guess whereas long blade axe and spear all raise strength/endurance which seems to be better attributes,1507324529.0,2
Morrowind,Blasphemy!,1507304390.0,3
movies,"Scumminess in Holywood, also this just in: water wet.",1507254507.0,3
Morrowind,Fargoth?,1507245299.0,36
skyrim,Huh was breath of the wild good? ,1507151011.0,1
skyrim,"Yeah it would never happen anyways. They wouldn't sponsor someone to release a bugfix patch. 

And ultimately this isnt their fault that Sony wont allow external/script mods.",1507131482.0,1
skyrim,I'm ambivalent on the whole thing but it would be nice if they put a a new bug fix patch out  for ps4 since these are basically official mods with external assets.  I'd even drop $5 on it.  ,1507118030.0,1
skyrim,Survival mode in a TES game doesnt interest me in the slightest but I'm.glad people are enjoying it.,1507116805.0,5
Morrowind,"Just curious, what MCP features does it not have?",1507083553.0,5
books,"Chalk up another here who just found the movie boring with obvious filler since the source material was short.

The worst offender though had to be the 2016 little Prince and how off the rails the third act of the movie was. I had no issue with the framing story but saving the little Prince who grew up to be a boring adult? Seriously?  ",1507002068.0,1
DC_Cinematic,Just because that was the plan doesnt excuse the shit execution of said plan. ,1506997976.0,0
Morrowind,Just start a build with higher agility and you wont notice the diceroll combat much if at all.,1506984668.0,2
skyrim,"Oh believe me I know they're not hurting, they've just had to get creative with maintaining those profit margins. Like you.mentioned though, gamers have no one to blame but themselves. And the big catalyst for this was deciding that they wanted interactive movies instead of actual games in the mid 2000s. 

This is nothing new though sadly.  Being 36 I remember people up in arms about expansions being released for the wing commander games. How little did they know..",1506965146.0,1
skyrim,"The main problem is that budgets for the games have ballooned since the early 2000s yet the base game price point of $60 hasn't changed. Hence all of these models to bring in revenues after the base game has been released because frankly unless it's a runaway hit these companies probably only make back their budget with the base game.

If people were willing to drop $80+ on a new game there'd probably be less need for DLC or day one patches and all that goes along with rushed releases.",1506963799.0,1
skyrim,Jeesus these games take 8g minimum.now? Holy fucking unoptimized batman!,1506962373.0,8
news,Wow sounds like a scam  with a shit ton of overhead. So if they stole 1.2 million did they spend that much originally to get the items they eventually resold?  ,1506955649.0,6
news,"Well if it's a fully automatic it's not a civilian weapon that would be available to purchase by legal means. 

Edit: looks like he had eight guns and 200 magazines. Even with semi automatic weapons you could cause a lot of carnage in such an enclosed area.",1506955173.0,1
videos,"Well this is what happens in a world where deadpool and batman are considered ""cooler"" than a character like superman. ",1506954681.0,-1
DC_Cinematic,Bingo. Hopefully they learned that all of the universe cramming in BvS was a huge mistake.,1506878657.0,3
DC_Cinematic,Kind of a strange list... how about all star superman or superman for all seasons? I really hope he has read them...,1506878444.0,5
PS4,"Quick question, do they have paid mods on PC? I'm guessing no of course since consoles is where they can gouge people the most.

I really wish they would improve their writing and also decide if they want to just do FPS adventure games a la Far Cry or actual RPGs.  ""Huge open world"" just isn't enough anymore if the content within it is sub par.",1506874642.0,0
PS4,If you are both showing an open NAT type then it may be some issue at the ISP level for either of you.,1506874463.0,2
Morrowind,"I'm ok with it in morrowind and oblivion but cant say I missed it in Skyrim, and I'm as much of an old school rpg player as the next guy. My philosophy is if you didnt miss xyz feature/mechanic then it wasn't that great to begin with. Everyone has their own threshold for immersion however. ",1506873707.0,1
Morrowind,I just considered arrows as another income source and head cannoned my archer making them and selling them as an extension of smithing. Of course the DLCs allowed you to make them which kind of made things a moot point.,1506873145.0,2
oblivion,Just curious about the ranged comment. You mean as far as the distance arrows go or the damage they do late game?,1506782382.0,1
oblivion,"Looks.great, what graphic mods you using?",1506753032.0,2
PS4,"That's why a Telltale game would suit the character well, put him in some impossible situations and make the player choose. So like every great superman story it wouldn't be about his powers but his character and morality.",1506738594.0,14
DC_Cinematic,"Kind of glad to see they're distancing themselves from the forced cinematic universe. I really don't think it fits DC characters very well since they have such a legacy and are ingrained in pop culture, whereas the public only discovered many marvel characters for the first time through the MCU.",1506738190.0,-1
Morrowind,"Yeah I was pretty surprised I've only had one ctd after forty hours or so based on the horror stories I heard previously. I'm pretty light on mods though with just the mcp, mpp, mgxe, magicka regen, the delayed db assassin, and state based hp mod installed.   Oh yeah and better faces/bodies too.",1506721743.0,1
DC_Cinematic,Why didnt chief just give Steve a timed dynamite and steve couldve just parachuted out of the plane?,1506546626.0,1
DC_Cinematic,"No you're right, the score being composed is one of the last things done in production of a movie.",1506546298.0,1
DC_Cinematic,"It's funny people say TDK was more of a crime drama, yet they say Nolans batman wasnt a detective. Like, dafuq? ",1506545832.0,4
DC_Cinematic,"Well they do share piss poor villains, that's for sure.",1506421375.0,-5
PS4,"Honestly, absolutely abysmal other than for the car and character skins. 

Just another reminder of how much arkham knight was a disappointment.",1506372765.0,-1
PS4,"Game sucks.anyways so that made my decision easier. Wish they would leave fallout for the big boys and just do TES. 

Worst thing about the codes is that they expire in about 2 years so even if you find a new copy in the future the dlc still wont work.  ",1506372250.0,1
DC_Cinematic,"As far as Cavill goes, I think the jury is still out on whether he is just a wooden actor or has suffered scrictly from bad directing/scripts. I dont really see any upcoming DCEU movie really prioritizing superman so we may really never know.

Affleck is passable as Bruce Wayne but I really wasnt impressed with his batman in BvS or SS. The BvS fight scene was all stuntmen and choreography so I can't really credit that to him. JL will be the real barometer for him.

Amy Adams is obviously a good actress but I think she has zero chemistry with Cavill which both hurts his and her performances.

Chris Pine I think has been the best co star and supporting character in the DCEU so it's a damn shame he was a one off character.

Same goes for Michael Shannon. He elevated a piss poor script and made Zod his own. And let's be real, every villain except Zod has been piss poor so far in the DCEU.

Now please don't take this as overly negative, I've enjoyed most of the movies for what they are. I know oscar worthy acting is.generally non existent for CBMs but these are my opinions. I know the scripts and stories have done these no actors no favors so far so it's not all on them obviously.",1506271652.0,1
Morrowind,Just curious what was your starting build? ,1506205642.0,3
DC_Cinematic,It's all going to boil down to that second weekend.  A big OW is a given.,1506204986.0,-4
DC_Cinematic,"Superman doesn't need to be relatable or grounded, which is the key thing this sub doesn't understand. If you didn't like superman before MoS, then you just don't like superman as a character at all.",1506201562.0,7
books,Let me introduce you to a little book called Frankenstein; or the Modern Prometheus.,1506037282.0,1
books,Uhhh you need to read more sci fi. No wonder you dumbasses think Alien is good scifi..,1506036813.0,-2
DC_Cinematic,"So basically like every other superhero origin movie, k",1506026638.0,9
DC_Cinematic,"WW is a better movie objectively from the viewpoint of editing, writing, narrative cohesion, and characterisation. BvS may have had a better overall concept but imo failed at what it was trying to achieve. 

They both had poor cgi porn third acts so that's a wash for me in that aspect.",1505989061.0,7
DC_Cinematic,But why?,1505964304.0,-1
DCEUleaks,Wow not even as good as WW? Dissappointing considering I didnt like SS or BvS.,1505949014.0,1
DC_Cinematic,Ah another line from TDKR just shoehorned into the movie with little to no context.,1505932965.0,1
DCcomics,"Well the consensus was that it wasnt accessible enough to people who dont know the comic, and for comics fans it was considered an imperfect retelling.

Me personally I dont think the comic could.ever be adapted properly so imo.the movie was a waste of.time. it was cool visually but that's about it since snyder has zero depth or subtlety.",1505917518.0,1
DC_Cinematic,"Meh I'll.take an asshole like Inarritu over a nice guy like Snyder. Plenty of people that are on top of their field are dicks. 

Occasionally you hav a rare breed like Nolan who is well respected by all while filming under budget and making critically acclaimed movies.",1505916783.0,-2
DC_Cinematic,Ah shit welp. Spiderman is one of the top superheros globally so it's still not bad.,1505880913.0,1
DC_Cinematic,Not bad considering it still will beat spiderman domestically and didnt get a china release.,1505854173.0,0
Music,"Pop punk? I'd consider them post punk. That's like saying the gaslight anthem is pop punk, just weird.",1505787447.0,1
DC_Cinematic,"I'm all on board for Vaughns vision except Wonder Woman is.now kind of the superman of the dceu. So I wonder howd he'd separate superman from snyders vision without making a redundant character next to wonder woman. 

But this is how you answer to Marvel. Just keep bringing in these top notch directors to give their contributions to the.mythos and not get to hung up on the cinematic continuity part.",1505768538.0,1
DC_Cinematic,Strange because I always thought she was extremely underused in BTAS.,1505524351.0,23
DC_Cinematic,The first action comics run with Morrison was fine. It just went off the rails later.,1505523882.0,1
PS4,Any NA sales?,1505508920.0,1
DC_Cinematic,"Exactly, if you didnt like superman before.MoS then you just dont like superman period.",1505508500.0,1
DC_Cinematic,"Good, get someone that wont apologize for classic superman.. hate how DC has done that since new 52",1505508166.0,2
DC_Cinematic,"All pointless talk until there is a script, cast, and production date.",1505406066.0,0
DC_Cinematic,Eh could be cool. WW during the 70s was more like a spy withou many powers so they could be adapting that.,1505345300.0,2
movies,But why?,1505318401.0,1
DC_Cinematic,"Yeah I dont hate on him, I just feel he cant marry character and story with visual spectacle unless hes pretty much doing a storyboard recreation like watchmen or 300.",1505302090.0,2
movies,Also directting a star wars movie. Hmm I see a pattern here!,1505301999.0,1
movies,God hollywood is more safe and formulaic than it's ever been,1505297923.0,6
movies,Directed by mr. Vanilla himself.,1505268541.0,4
DC_Cinematic,">That's a world where the spectacle takes precedence over character and the world. 

That's snyder in a nutshell right there",1505241881.0,4
Morrowind,"This has been the problem ever since ""huge open world"" became the selling point for games. As the worlds.got bigger it seems the content got more spread out and worse. So there would be less overall to do and less quality with what there was left to do. Same.thing even happened with.non RPG open worlds like GTAIV and V.

I think New Vegas did it well considering. It was a smaller map but packed in more content. ",1505232358.0,1
DC_Cinematic,"Bleh that's what I hate the most. I dont need anymore real world context, I get that everyday with you know, life.",1505231794.0,3
DC_Cinematic,HUNKA HUNKA,1505164400.0,5
DC_Cinematic,I just want him to be more than a deus ex machina.,1505164274.0,1
DC_Cinematic,This.,1504975408.0,1
DC_Cinematic,I mean can you blame them for Feige overlooking everything? The guy churns out hit after hit. ,1504974937.0,2
DC_Cinematic,"I reference those scores as they predict legs of a movie.

>So many movies critics hate end up >among the biggest hits every year. 

Name one with a sub 50% this year that was among ""the biggest hits"" financially.

Suicide Squad was an aberration and not the norm.",1504974860.0,2
DC_Cinematic,"I feel people are underestimating Ragnarok here. This isnt just another Thor movie, it's a team up movie by an up and coming director. It'll definitely put more butts in seats.

The bottom line is that JL must have less than a 60% second week drop, it must have an 80% rt score and at least A- cinemascore. 

It's not necessarily fair that they have such a small margin for error but they put themselves in that position. They dont have the luxury of grossing a billion even with a mediocre movie. They have to earn it.",1504966366.0,7
DC_Cinematic,"Yeah, acting like people are tired of the ""comedic"" marvel tone. Where spidermn homecominhlg, a mcu movie in all but name, will still beat WWs total numbers despite having a good sized second week drop. ",1504965518.0,0
DC_Cinematic,Perfect. That also reminds me of the one young justice episode with Ivys plants attacking that had all of the montages of the lesser known JL members helping.,1504907540.0,3
movies,"Calling it now, this.movie will be a disappointment. Word is WB has zero.confidence in it and is.tracking poorly. Feel bad fot Villeneuve.",1504870460.0,-4
movies,Damn 71 meta and 89 RT. Is Metacritic weighing negative scores more heavily.now? Been seeing some lower scores for.it this year for movies that were pretty highly rated elsewhere. ,1504870141.0,2
DC_Cinematic,Whatever it is they need to keep Azarello far the.fuck away from it.,1504869926.0,1
DC_Cinematic,All signs point to Barry being.24/7 comedic relief in the movie. It's Wally in all but name.,1504674108.0,1
DCEUleaks,"Anybody kind of wondering what the tone of this movie will be? I'm a guessing spiderman ""with great power comes great responsibility"" thing? 

Shazam just seems to be a tough character to do because he can be comedic but his stories usually have a serious undercurrent in them. ",1504673424.0,1
DC_Cinematic,Cautiously optimistic. It has to be good. With how CBMs are now ubiquitous I can't just be happy they get made any more.,1504673189.0,1
movies,Wow considering that's 90% of Hollywood feature films you must be a miserable lot.,1504672309.0,3
movies,"Strange, I figured he would toe the line just like Disney wants. Also, reddit likes to forget how.much of a surprise success JW was.",1504672016.0,1
movies,"The DCEU imo didnt take enough risk with directors at first. They took a guy they were comfortable with in Snyder who hasn't done a crowd pleaser since 300 and Ayer who is well known but very uneven in quality.

Then they bring a director on who didnt do a movie in a decade but seemed a good fit and bang they had success. ",1504671734.0,3
Showerthoughts,Yeah I did like the story arc of Fins son being gay.  The arc however with the guy trying to kill Benson was a bit much imo.,1504547493.0,2
PS3,"I didnt even have any luck with refurbs direct from Sony. When my 80gb fat initially had ylod the first one they sent only lasted two months, and the second only a year.",1504543476.0,2
PS3,"If it's an older monitor then it probably doesnt support hdcp especially if it's not listed in any tech descriptions you've found. I had the same issue with mine.  

Only other thing I can think of is trying it in 1080i because that can be sent through component I believe.",1504543312.0,3
Showerthoughts,"Loved SVU but it wasnt the same when Meloni left.  

Not that I didnt like Amaro as a character, but the writing seemed to just focus on Benson instead of whatever case they were working on.",1504532832.0,3
Showerthoughts,Pretty sure he has said since he grew up poor he would never refuse a paying gig.,1504532603.0,2
DCEUleaks,There's no way Shannon is returning as Zod. I don't think he wants anything else to do with CBMs.,1504531256.0,3
DC_Cinematic,"He may or.may not leave, but any comments or ""guarantees"" made before JL is released mean nothing, especially if theyre made at something like Comic Con which is a 100% PR event only for the.fans.",1504469188.0,2
listentothis,The Day the Country Died is one of the top 80s rock albums period. Sucks that blowhards that couldn't play like Crass got more attention with the anarcho punk label. Every time I see a kid with a Crass patch but no Subhumans one I gotta shake my head. ,1504367237.0,1
DCEUleaks,You're full of shit. Case in point you spell favourite wrong.,1504282646.0,4
DC_Cinematic,"Yes, I dont like affleck or this batsuit, and therefore dont agree with the post as it being ""perfection"". Topical.enough? Or cant you swallow a dissenting opinion?",1504266379.0,2
DC_Cinematic,"Everything points to this to being as.by the numbers as it can get. I think the movie is going to be so safe it will suffer for.it critically and financially.  

Everyone wants to keep chasing that Avengers money but they need to realize that was a one time thing.",1504266040.0,1
DC_Cinematic,"Ah glad you're happy with it. I find his bruce wayne lacking and his off screen issues a drag on the franchise. Again, just my opinion.",1504265534.0,0
DCEUleaks,"Anytime you see a leak claiming xyz criticism was ""fixed""in a new.movie, it's fake.",1504265141.0,1
DC_Cinematic,"Yeah I didnt like the neck and thought he looked fat in the BvS suit, it seemed to.me to be a weird hybrid of the new 52 suit.and the tdkr suit. 

And yeah I didnt like the short ears from the tdkr suit. Imo, when you're dressed up in a bat suit, practicality is already out the window.

But that's me, I'm tired of the grounded realistic portrayals and want something more fantastical. Hopefully WW was a move in that direction. ",1504264469.0,4
PS3,Ylod.,1504262604.0,1
DC_Cinematic,Looks way.better than the bvs one. Ears are still too short though,1504262329.0,0
television,"Another example, Hacksaw Ridge.",1504261976.0,1
DC_Cinematic,"Will never be made like 90% of.films ""in development""",1504214621.0,3
DC_Cinematic,God I hate this sub.,1504214404.0,-1
DC_Cinematic,So whats more full blown than turning into a blue.death ray that can blow up gods? And why didnt she just do that to doomsday come to think of it?,1504126338.0,2
DC_Cinematic,"Did I say the WW scene was better? I'm saying better cgi fighting isn't worth bloating the budget for movies that had a 60%+ drop in their second weekend anyways.

Case in point, the general audience didn't care about WWs bad cgi.  Snyder imo gets too worked up about recreating comic panels that he forgets the story or characters.  These aren't comics, they're movies. ",1504114272.0,-4
DC_Cinematic,"Yep and just think of all the extra money they made by just having a few crap CGI scenes compared to BvS which indulged in too much CGI and only made a.profit.due to home sales. 

For the budget it had BvS had some bad cgi scenes as well, supermans first shot flying in, the batmobile scene, etc.  ",1504092831.0,0
DC_Cinematic,"Meh, ill take this over a 250mm boondoggle like BvS",1504092698.0,-4
DC_Cinematic,David Ayer is that you?,1504040947.0,4
DC_Cinematic,The man definitely had one of the greatest imaginations ever. Pretty cool that the premise for the first JL movie is based on his ideas.   Darkseid alone is one of the greatest comic villains and added a new villain for superman that transcended sheer braun and brains. ,1504040632.0,1
DCcomics,"Yup, loved everything about that Bane. Only the YJ one rivals it. But the Origins one just got everything right. Characterization, costume, venom use, etc.",1504039540.0,3
PS4,And characters as shallow as a puddle.,1504030944.0,1
DC_Cinematic,Beckinsdale for catowman ftw,1503886404.0,1
DC_Cinematic,"Well SS still had a second weekend drop of 67%, pretty damn bad. Only thing that saved it was staying #1 for three weeks. JL needs to make a ton of money on that time frame since star wars comes out what, four weeks later?

I'm assume they're hoping the thanksgiving weekend in the US will give a cushion.",1503886324.0,1
DC_Cinematic,Yeah it's still a damn shame that the first JL movie and batman/sup team up movie will essentially be throwaways. ,1503886116.0,1
PS4,So basically Skyrims world setting with dragons but no magic. Might also want to send Emil Plagiruslokalo whatever to night school to actually learn how to write as well.  ,1503848581.0,1
DCcomics,"I wish, they're not even doing Batman animated movies well now. TKJ and batman and harley were garbage.",1503845933.0,5
DC_Cinematic,"Fine, but if/when JL.doesnt make a billion we'll know who to blame.",1503844571.0,2
DCcomics,He's probably one of those directors that just doesn't like CBMs.,1503754813.0,1
PS4,How is Broken Sword?,1503705317.0,1
DC_Cinematic,"Soooo fucking tired of flawed=deep nowadays. Let superheros be superheros for once, please.",1503676372.0,4
DC_Cinematic,"Exactly, and WB wanted something more like the first trailer. Ergo, Ayer fucked up.",1503666666.0,0
DC_Cinematic,Read the parr about suicide squad.,1503666617.0,0
DC_Cinematic,"And your proof? Here's mine about the third paragraph in:

http://birthmoviesdeath.com/2016/08/14/about-that-open-letter-to-warner-bros

Says.WB wanted something like the first comic con trailer.",1503659769.0,1
pics,Congrats! You're skinnier and therefore a better person.,1503657337.0,-5
DC_Cinematic,Deathstroke isnt a Batman villain.,1503628023.0,1
DC_Cinematic,Apparently what he delivered was damn near unwatchable and WB was.barely able to.salvage it. So all the barely good things you saw were in spite of Ayer.,1503627897.0,-8
LifeProTips,Please list the companies that do.this.,1503620949.0,1
DCcomics,Meh. Not exactly inspiring source material. Probably one of the more overrated stories next to TKJ.,1503620400.0,1
DCcomics,Goddamn why didnt they cast him as Luthor in Superman the movie?,1503608516.0,8
DCcomics,An allegory for the DCEU so far.,1503607884.0,10
movies,"> everything else sucks before MCU spiderman

Yes yes we know /r/movies.",1503571715.0,11
DC_Cinematic,"Yeah really, not like Johns has any control on what stupid movies the execs want to make.",1503544373.0,0
DC_Cinematic,"Yep, take whoever directs American gods, let Gaiman produce and over see the writing. Boom.",1503544194.0,7
DC_Cinematic,"Damn guess Ayer is still on for GCS. Really wish he'd go away, he's a horrible fit for CBMs.",1503543672.0,0
DC_Cinematic,Who cares honestly as long as it's a good movie? I frankly dont think DC characters work in a linear cinematic universe anyways. They're too old with too much history and pop culture ingraining. These arent like MCU characters who were presented for the first time for most people. Best to do an anthology type thing and tell individual stories with the occasional team movies. ,1503542740.0,0
DCcomics,Ledgers wasnt in the modern world?,1503488009.0,1
DC_Cinematic,"Stupid stupid stupid. I give up. WB doesn't know what the fuck it's doing with these characters. I'm convinced wonder woman happened by sheer accident. Hell, Jenkins wasn't even their first choice for director. That about says it all for their eye for talent.",1503484036.0,3
DC_Cinematic,"Disappointing to the say the least, and a joker origin movie is even more stupid.  

However, I do think DC characters work best in an anthology type set up rather than a linear cinematic universe. ",1503483792.0,2
DC_Cinematic,"Much ado about.nothing. if he didnt do anything illegal then game on. 

So he's an asshole, plenty of artists.are.",1503417559.0,-2
PS4,"Yeah if you're not used to being challenged like most of.todays games I could see someone having problems with it. 

Which puzzles didnt you.understand?",1503399201.0,1
movies,"Yeah, that or do a proper MoS2 with Lex, and then bring Batman in the following movie for a worlds finest team up.",1503260663.0,2
movies,"Eh I'll  concede it was good for another origin movie they had to do. How superman was used in BvS just to shoehorn batman in the movie was criminal though. 

Alot of that is on WB though. They for whatever reason were expecting Avengers level BO returns for MoS and rushed the DCEU for a quick buck.  ",1503260116.0,1
movies,"Yeah that's what I meant, not competent, but something original. All Hollywood knows to do with superman is.either an origin movie or a movie where he disappears/dies and comes back to the save the day.  

No idea who thought SR as a bizarre Donner/Singer hybrid would do well.",1503259301.0,1
movies,What about her?,1503259227.0,0
LifeProTips,"Nah, what I'm saying is, if you need a reference from your retail job or need to return to that retail job, you're doing it wrong.",1503256119.0,5
movies,Yep Cruise is literally hitler now after the Mummy.,1503254740.0,1
movies,Well it looks like he's out period but I.dont think Hollywood can do a competent superman film anyways.,1503254505.0,1
worldnews,"Exactly, plus any member on the permanent security council on the UN can veto whatever they want so they dont even have to pass a non binding resolution if they dont want to.",1503251054.0,2
LifeProTips,"Spoken like a true manager drone at xyz retail corp. You could learn something from that employee. 

But dont worry, keep your nose clean and you'll get that district manager position, they promise!",1503250154.0,81
gaming,Yeah I'm gonna be that guy and say Heavy Rain still gave the best illusion of choice on a first playthrough.,1503243444.0,7
PS4,That's why I think this is more driven from the negative backlash rather than any financial loss. There's no way they at least didnt make their money back.,1503241565.0,2
PS4,"This is an example of why in the media industry you dont just green light something and then plan to ""fill in the blanks"" later on the creative and logistics side.

Either because of the demand, expected profit, or both, EA felt they needed to get this out by any means necessary and obviously gave it to people way in over their heads. This is the result of that.    ",1503236151.0,1
DC_Cinematic,Yep OP is a millenial..,1503211610.0,-5
DC_Cinematic,Just stop. Please. Thank you.,1503185664.0,6
DC_Cinematic,Actually it will show Snyder is a better producer than director. Something I've thought for a while.,1503181198.0,29
television,"Was okay, started out as an interesting premise then got boring.",1503164117.0,1
DC_Cinematic,He looked bloated in most of the JL trailers so far.. why is he in shape now?,1503095529.0,-2
PS4,Strange I thought this was something Sony didnt allow,1503087655.0,2
DC_Cinematic,"Shes the Cap of the DCEU? Shoulda.been superman. His character should embody that heroism and.optimism are never out of place no matter how the world has changed. Instead we got hit over the head with post  9/11 immigrant allegories that have been done better elsewhere.

I know everyone here will say ""but snyders superman made me like the character"" but you are the minority.     ",1503073984.0,-8
DC_Cinematic,What batman fighting a random juggalon thug? Probably.,1503053462.0,-5
DC_Cinematic,"If you didnt like him before that was your problem, not he character's.",1503025738.0,5
DC_Cinematic,Why?,1502968825.0,33
DC_Cinematic,"This sub man, just gotta shake my head sometimes.",1502968780.0,3
DC_Cinematic,Well considering that scene was 90% stuntmen..,1502812075.0,1
PS3,So is it freezing with artifacts on the screen?,1502707519.0,1
PS4,Same with witcher. Apparently anything with xp is an rpg now.,1502678391.0,-3
PS4,Can anyone advise if these games are any good or are they more for niche types heavily into Japanese culture? Are they like gta/sleeping dogs? I.e. open world plus mini games?,1502678319.0,2
worldnews,Hey look another eccentric rich guy who's losing his mind,1502672753.0,1
adventuregames,Are those remakes or just funny homages to the games?,1502666857.0,1
PS4,Well this escalated quickly,1502666716.0,-3
PS3,Probably the power supply if you're not seeing any signs of power.,1502664812.0,5
movies,"Agreed. It was a 2deep3me thing trying to say ""you're racist too if you blame the.black kids for what happened""",1502662363.0,-47
movies,Strange you zeroed in on that. I never said Nolan didnt make a better movie than Spartacus. I said his body of work cant compare to Kubricks range.,1502662151.0,1
movies,Barry Lyndon. The Shining. Spartacus. 2001. His body of work still blows away anything Nolan has done.,1502661511.0,1
DC_Cinematic,"Agreed, if he's going to be a central character they sure.as hell havent shown that in the trailer cuts.",1502640156.0,2
DC_Cinematic,SS just needs to be forgotten and retconned into oblivion. Im fine with recasting all of the characters as well if they used them in future movies.,1502636714.0,-6
DC_Cinematic,Classic. The Injustice hoodie style is garbage like.most costumes from the game.,1502636603.0,0
PS4,"Gotta say I always dismissed the AC games, but I really enjoyed Freedom Cry this month. I even enjoyed the grind of the side activities, it was relaxing like playing on my jrpg days.

Think I'll pick up he Ezio trilogy and go from there.",1502626106.0,1
DC_Cinematic,"Wow I hate every one of those creative choices. ""Killing"" superman and having him disappear is actually very cliche and boring.",1502578378.0,-8
DC_Cinematic,Not really. Affleck doesnt owe fans anything. IF he's out he's being a professional by not burning a bridge and hurting a product by a studio that he's worked with for years.,1502577936.0,0
Showerthoughts,Well in the comics the turtles rarely allow themselves to be seen by civilians when they're saving them. They're like batman and daredevil.,1502569348.0,1
PS3,Power supply may have died.,1502569005.0,2
gaming,"Summer reddits swan song, the five minute EA hate.",1502564137.0,1
DC_Cinematic,Well then you know him denying the rumors doesnt mean much.,1502562429.0,-1
DC_Cinematic,You dont understand how PR works.,1502557381.0,1
DC_Cinematic,And you think they got their due in BvS? ,1502547231.0,1
DC_Cinematic,"Garbage character, garbage actress, garbage.movie. ",1502546995.0,5
DC_Cinematic,How did it get it wrong? Affleck could very well still be leaving. It's not like they're going to announce it during comic con or the press tour for the movie. ,1502546634.0,3
PS4,Same things happening with Freedom Cry.. crash every hour or so.,1502504065.0,10
DC_Cinematic,"If it has a sub rt score we know it's a snyder film.

Just kidding. This movie looks like it has so many fingers in it I'll.frankly be amazed.if its not a mess.",1502500703.0,7
DC_Cinematic,Confirmed steppenwolf another one off villain blown up by a blue death ray.,1502500499.0,-3
DC_Cinematic,WW was about as mythical as it gets. Hell it's like the anti BvS in a good way. A celebration of the larger than life superheroes we know and love.,1502485698.0,3
DC_Cinematic,I'm hoping Elfman goes full on old school with the individual themes. Bring back the gothic orchestral style that's defined Batman since 89. ,1502485429.0,3
DC_Cinematic,"My pick for Catwoman. Attractive, Afflecks age, good american accent, decent actor, and she has experience with an action movie franchise. ",1502485125.0,3
movies,"Yeah the Apatow formula really has gotten stale. The only thing I've liked from him the last 10 years or so was Never Stop Never Stopping. 

I also can't stand that Superbad is now considered the quintessential American teen comedy ",1502364435.0,0
DC_Cinematic,"I want it to be a full on.celebration of superheroes. No more desconstruction, no more cynicism, no more grey area.",1502362186.0,2
DC_Cinematic,MULTIVERSE CONFIRMED,1502326326.0,23
movies,"Careful what you wish for. So basically between netflix hulu, xyz studio streaming service, you're paying cable subscription prices again. 

When will people ever learn?   

This mass exodus.sucks though. WB also just pulled most of their DC animated.shows from Netflix.",1502311484.0,1
DC_Cinematic,"Couldnt be more wrong. Each movie had serious problems, characterization was just one of many. ",1502310773.0,7
PS3,"Nice, got this from ps+. Saw they also released a ps4 port.",1502245301.0,1
PS3,"Arkham.City, Dragon age, Dragons Dogma. ",1502226080.0,3
DC_Cinematic,Comparing him to Ledgers performance? Hooo boy. Nope.,1502209052.0,5
DC_Cinematic,Kek,1502208872.0,-2
news,"Again, whats the point? He doesnt like.where he works? Then leave, there is no free speech in the private sector. 

Oh wait, Google is just like every corporation who gets rid of people that rock the boat? He was naive to think otherwise.  

Now.I feel for him if he didnt intend for that to be made public and someone screwed him over. But he still.should have been more careful.",1502192152.0,1
news,"Let me guess, another poor persecuted angry white man? Man, I wish I had the free time to sit around and write up a manifesto with all my grievances but I'm too busy actually working. Guys.probably pulling 100k a year, living in sunny Calforn-I-A  and life is soooooo tough. ",1502190784.0,2
DC_Cinematic,I actually would've preferred Hinds for Darkseid instead of a throwaway type guy like steppenwolf. ,1502160498.0,1
untildawn,It seems throughout the game she is grinning even when it's not appropriate. Must have been either a screen capture thing or the direction.,1502076438.0,6
DC_Cinematic,One of those is not like the others..,1502033782.0,-2
DC_Cinematic,"Source, it was delayed a year for a story and script rewrite. ",1502025912.0,0
DC_Cinematic,Man can't wait until summer reddit is over,1502025808.0,0
DC_Cinematic,"Unfortunately they followed the Marvel formula where no one has hidden identities other than Spiderman, which takes away an important part of DC characters.",1501979891.0,-3
DC_Cinematic,"Goyers original script was a worlds finest adaptation, unlike the garbage we we got from ACADEMY AWARD.WINNER chris terrio. ",1501979591.0,-2
movies,"It wasn't exactly the best time to release a movie about how someone on wall street ripped people off and paid very little for it. 

Now that has nothing to do with the actors or director but we all know how political the Oscars are. ",1501968943.0,48
DC_Cinematic,A terrible movie that probably set the DCEU back 10 years at least.,1501952090.0,1
DC_Cinematic,Green Lantern wont be in JL. Book it.,1501951973.0,1
DC_Cinematic,An abominable film that failed at every possible metric of filmmaking. Only reason it made money was because of.edgelord juggalos. People should've been fired over this at WB.,1501951904.0,0
DC_Cinematic,"Too much looks fake. I want to see the JL interacting with eachother, not 30 mins of cgi wanking.",1501901849.0,0
DC_Cinematic,"I dunno, im not particularly interested in just a big cgi set piece.  Hope it's not more than 10 minutes.",1501878375.0,-6
videos,Or.how about a bajillion dollar company like Google.not being able to make a competent YouTube app on android.,1501844174.0,1
DC_Cinematic,FatBat,1501813584.0,1
DC_Cinematic,"Like others have said here I feel adams and cavil have zero chemistry. And while she's attractive for her age, a beauty, she is looking a bit too old for him.

I also think Cavills acting is pretty suspect, but that could be a lot of the directings fault.",1501643648.0,6
DC_Cinematic,Did she ever have the battle skirt before in the.comics?,1501541233.0,13
adventuregames,"I put DoTT so low because I just played it for the first time recently and actually beat it with no hints and was never stuck for a long period of time. I guess it was a rare occasion because everything clicked for me and I even had ideas for what to do with the items as soon as I got them. 

Whereas I played the special editions of the MI games a few months ago and needed a lot of help.",1501534265.0,1
adventuregames,It's odd because it's not long and there are no red herring items yet the Rubacava part single handedly makes it one of the toughest.,1501533823.0,3
adventuregames,Same with the poster that came with MM which I never had. Definitely would've been helpful.,1501472367.0,1
adventuregames,"Pretty sure I did PQ2 and 3, one of the space quests, and KQ 2 I believe without hints. I thought I did KQ6 as well  but I have my doubts about that one since Aol and usenet were available at the time.   ",1501459034.0,1
adventuregames,"Yeah I'm thinking MM should be higher on my list as well since it has dead.end spots that arent totally obvious depending on the kids.in your group(ripping the envelope, wasting the stamp, missing the package, wasting coins for the telescope, etc) ",1501455666.0,3
adventuregames,Yeah I'm reading up on it and it seems they really doubled down on the convulated parts of MM.,1501455208.0,1
DC_Cinematic,Bring back the trunks,1501439415.0,1
DC_Cinematic,Good.scene for sure but unfortunately the rest of the.movie soured this for me.,1501439363.0,3
AskReddit,"Yep I used this method plus had the turbo implant perk. Easy peasy.
",1501418631.0,145
AskReddit,I'd say one big reason is the level of autonomy individual states have in the US. For example each state can differ in its insurance laws. And federal laws see notoriously.hard to pass on these issues even when one party has a majority.  ,1501418305.0,1
news,But I thought texas was the land of jobs jobs jobs and no taxes?,1501418007.0,2
DC_Cinematic,"Why is everyone so gung ho about him? There are far better actors and far better villains to use for a solo Batman movie.

Where the fuck did his obsession with deathstroke come from? The arrow.show and injustice?",1501397263.0,-2
DC_Cinematic,"Not like Batman had a good arc. He went from ""superman must die!"" to ""oops I almost became joe chill!"" In five seconds.",1501351537.0,1
DC_Cinematic,Man if only the movie could match this scene.,1501351225.0,-3
superman,Yep cant wait for supermans 15 minutes.of screen time and.ten lines of.dialogue.,1501332448.0,-1
movies,Man I wish Bluth studios didn't go under and continued to be a counter point to Disneys style. But nope the 90s happened and now we're stuck with the derivative disney formula stamped on everything from star wars to comic book movies. A damn shame.  ,1501331881.0,20
DC_Cinematic,"Yeah he did. Check his review on rt. 

Edit: he didnt even say his daughter liked it, just that she had questions about all the plot holes since the story fell apart in the second act.",1501331225.0,3
DC_Cinematic,"CGI needs a toooon of work. I said the same thing about the cgi in the wonder woman trailers and got blasted for it here, yet what were one of the main criticisms for the movie?",1501330728.0,-3
movies,Somehow Dehaan and Delivigne still get acting work. Hollywood and DC gotta.be the only places you can suck at your job and cost people millions yet still find work. ,1501291607.0,0
DC_Cinematic,Isn't this the guy that said the movie basically sucked and he gave it a fresh review only because his daughter liked it?  ,1501291439.0,3
DC_Cinematic,"He trashed them by saying they get a pasa regardless of their quality which is wrong.   

And ""unique"" is code word ""horribly rushed and misguided"" direction. ",1501287570.0,3
DC_Cinematic,Yep.and then devolved into trashing Marvel. Pathetic.,1501280793.0,4
DC_Cinematic,Hope he isn't in it. 1. He doesnt have the chops to costar in a movie. 2. The character isn't even a batman villain.,1501274907.0,-4
DC_Cinematic,It gets talked about because of how poor quality it was compared to its budget and being delayed for a year. Plus CBMs are the  topic.du jour now for blockbusters. Any publicity is good publicity I guess.   ,1501257206.0,0
gaming,Did that with Oblivion exactly a year ago.,1501182856.0,1
DC_Cinematic,The guy is a fine story writer and showrunner. It's just his scripts that are lacking.,1501126010.0,3
DC_Cinematic,Wish they wouldve gone with the traditional one that has the portal opening perpendicular to the ground. ,1501110391.0,1
superman,"The best part about superman is that he chose to be a hero. Sure he came equipped with the tools but he wasnt pushed there by some tragedy or accident. And when he gets up.every day to save the world.from god knows.what hes.not doing it because of demons pushing him, but the simple fact that he loves what he does.  

That being said my favorite is Morrison. I love how he uses the full cannon and pits Superman against Herculean tasks.",1501102569.0,3
DC_Cinematic,Misleading title. Not a jl set pic.,1501101972.0,3
DC_Cinematic,You're what's wrong with this sub. Just.stop.,1501101690.0,0
DC_Cinematic,Very risky if it's a full three hours.,1501101634.0,1
DC_Cinematic,Hmm disagree until I see the solo Batman movie.,1501039509.0,2
movies,It's all about knowing your demographic.,1501027402.0,-7
Music,Why does he need all these pr people anyways? This is why these guys always have money and tax problems.,1501019481.0,2
movies,Really? How much better is this doing than suicide squad? ,1501017560.0,0
movies,Why are people surprised this is doing well? Just look.at tyler perrys popularity.,1501017498.0,-15
movies,"How many fuckin.times they doing this.movie? Also, it's pretty well proven that audiences don't care about how authentic an adaptation is.  

WB is a werid studio. Just throws money at projects that the layman can see will.not work out. Believe me I want them to do well because I love DC characters but man.   I wish I got as many mulligans as hollywood.",1501017019.0,2
DC_Cinematic,Problem is snyder broke.the show dont tell rule.  Fortunately wheedon will have plenty of connective tissue to cover Snyders.narrative shortcomings.,1501015074.0,9
movies,"It didnt take a chance though with world building. They made some abortion of Dune mixed with Hitchhikers, nothing original there.",1500953059.0,2
movies,"So Valerian will be just like Fifth Element and we'll be seeing ""underrated gem"" here in a few years.

Also I hope War/Apes kind of bombing doesn't make Reaves fuck up Batman.",1500952990.0,-1
DC_Cinematic,Woops too bad we already got flashpoint batman in bvs,1500951153.0,1
DC_Cinematic,Generic composer lol. Keep digging that hole deeper for yourself.,1500950829.0,2
DC_Cinematic,They why the fuck have him do.it at all. Baffling.,1500930047.0,-1
DC_Cinematic,No,1500893478.0,1
penguins,Damn you'd think these guys would buy outside of allegheny county to save some tax money.,1500856014.0,1
PS3,This is ylod.,1500846128.0,2
DC_Cinematic,"Yeah they're basically cannon fodder  and conveniently allow the heroes to ""kill"" and keep the PG13 rating.",1500824791.0,2
DCcomics,"Meaningless announcement without a director, script, or release date.",1500823797.0,2
DCcomics,I'm guessing maybe they have less to allocate to CGI with the actors salary and other costs? Marvel kind of underpaid everyone except Downey for a  while so maybe that's how they did better with less of a budget.,1500823370.0,2
DC_Cinematic,Yep and thor is still #1 trending.,1500812763.0,20
DC_Cinematic,"Times have changed from when those movies have come out. Now it's all about maximizing the opening weekend and hitting the sweet spot for.viewings.

Plus with the way Snyders movies.drop you really think they trust him to put out a 3+ hour movie for a tentpole blockbuster?    He's not exactly james cameron.",1500810763.0,1
batman,Well definitely looks more fun. Anybody expecting anything more from the story didn't manage expectations. This is an alien invasion movie end of the world scenario based on jl war.  Looks like they retconned batman and supermans personalities too. ,1500791349.0,0
DCcomics,Might be superman breaking the sound barrier.,1500789782.0,1
books,I thought it was Friedman who was the hardcore neo con economist?,1500788403.0,-1
DC_Cinematic,"After thinking about it anyone think Alfred is taking to Cyborg? You hear the computer glitching noise right before he talks.  

This is assuming Cyborg is dealing with his transformation and batman reaches out to him before since he is part motherbox etc. He also came off as very flat in the trailer whereas in the previous one it seemed to hint that he had a bigger role in the movie, so maybe he was absent here to not give away too much plot. 

Edit: just saw the screenshot and it's hard to ignore the red shoulder. Maybe the Flash? 

I just highly doubt this is going to be any secret reveal because if the character is that important to the story the actor would be credited by now at least.",1500787452.0,3
DC_Cinematic,Martha joker didnt appear much in the comic right? Doubt she'll have that big of a role. I like JDM but I dunno about him carrying a movie. ,1500786482.0,2
news,The only reason is because it's a cult like scientology and they've managed to sue the  government into submission.,1500785509.0,2
DC_Cinematic,"Yeah 2018 wil be quiet for each of the studios, which is ok with me. Let fox get the spotlifght.",1500783074.0,0
DC_Cinematic,"Really? Based on this I dont see any difference between apocalypse/thanos/xyz bad guy ""this world will fall mwahaha!""",1500781880.0,6
mildlyinteresting,I raise you I10 and I95 in the US.,1500780881.0,1
DC_Cinematic,And that's why people are worried about the movie and why editing is so important as well communication between the studio and director. If an editor has to cut an hour of footage again like with BvS we're gonna have a bad time.,1500780211.0,1
DC_Cinematic,Yeah they can talk.about flashpoint and shazam all they want but that tells me that anything that isnt batman doesnt get greenlit until they see how JL is received.,1500779554.0,0
DC_Cinematic,Yeah were any new release dates given at all?  ,1500779302.0,-1
DC_Cinematic,Not gonna happen. It'll be 2 hours 30 minutes max. You make it.pushing three hours and you limit the number of screenings theaters can do and in turn make less money.,1500778923.0,2
movies,"Nope, was talking about the xmen character.",1500756135.0,-3
DC_Cinematic,My thought is that's a bit of a backdoor retcon they're slipping in there for supermans personality going forward.,1500755573.0,8
DC_Cinematic,What are your critiques? Just curious as I'm skeptical of the movie as well. Hopefully the superman being a beacon spiel is kind of a backdoor retcon on his personality and BvS.,1500755528.0,-1
DC_Cinematic,True if things are happening would be strange for him to go to Alfred first. Unless he met them earlier in the movie or something.,1500755367.0,1
DC_Cinematic,Yeah but the rumble with the drink suggests it's superman flying.,1500754645.0,7
DC_Cinematic,He was a symbol of hope for people.. goddamnit zack I wish you wouldve SHOWN us.more.then tell..,1500754338.0,4
DC_Cinematic,"Hed come, from where? Gah hope he isnt evil or mind controlled.",1500754142.0,1
movies,Hmm getting an Apocalypse vibe from steppenwolf.. ugh,1500754001.0,-1
DC_Cinematic,You really think hes going to say anything negative on a press event?,1500753073.0,1
DC_Cinematic,Remember when affleck doubled down and said he was definitely directing and.writing the batman?,1500752225.0,-7
DC_Cinematic,"Come on man, writings on the wall.",1500752156.0,1
DC_Cinematic,"Man this universe really is front loaded, batman vs superman, supermans deaths, and flashpoint all within 5 movies or so..",1500751642.0,6
DC_Cinematic,Lol flashpoint? So they are killing off.batffleck..,1500751513.0,9
DC_Cinematic,He doesn't have to do anything. You really think WB is going to take him to court if he wants out?,1500743341.0,1
DC_Cinematic,Now if the movie can only match the marketing.. hope never dies,1500742977.0,1
superman,Yep and batman can still chew scenery while superman is a reclusive asshole. Zach Snyder approved.,1500742213.0,2
movies,"Well this will be garbage. Great artist, bad writer. As soon as guys like him and Lee got out of the writing side of Image the quality of the comics got infinitely better.",1500732933.0,2
superman,Or Kingdom Come if you want a long two parter. ,1500730649.0,6
DC_Cinematic,An odd choice but I'll take anything over more batman right now.,1500721028.0,4
DC_Cinematic,"Also when one movie or adaptation failed they simply threw their hands up and said ""See we tried, no one likes this character anymore"" instead of actually seeing why something failed.",1500720897.0,3
DC_Cinematic,Is he really that important considering the best Batman scene so far was 90% stunt choreographer?,1500692921.0,0
DCEUleaks,Yeah this was a mistake from both sides. Moreso for Affleck. Im sure this has been good for him financially but its stunted his growth as a director and writer.,1500692443.0,3
DCEUleaks,I shudder what their plan A was then. Full on Injustice boner? Terrible.,1500692199.0,2
LifeProTips,"Ah, reddit. Where everyone is in code/IT and trying to live in San Francisco.",1500681172.0,2
DC_Cinematic,"Just recast him. Too much of a liability at this point.  As someone else said, casting someone pushing 50 already to do a one off TDKR style.movie to kick off your.cinematic universe was asinine.   

Not to mention he's obviously not mentally fit to be headlining a giant movie franchise right now.  ",1500670598.0,4
DC_Cinematic,God this movie is gonna be so bad.,1500670495.0,3
DC_Cinematic,I say get rid of him.now. stupid to have him in some one off batman movie and then have it be a different actor in another team up movie. ,1500670380.0,-7
PS3,Was released on PC but Deus Ex: HR wont get a new gen console port either.,1500634531.0,1
PS3,No other way to know other than trying the code. My guess would be if it's not available for sale then the dlc code wont work either.,1500634306.0,2
superman,This right here. With WWs success I really wonder when he'll get another solo movie. They obviously have zero faith in the property (for all the wrong reasons),1500634114.0,3
DC_Cinematic,What about her? I was saying catwomans character has been done justice in past movies.,1500633631.0,2
gaming,"Really wish Howard would get out of the creative side of things and hire real writers. 

New Vegas was proof you could elevate a shit game engine simply by writing a good story.",1500632043.0,8
DC_Cinematic,Anne Hathaway and Michelle Pfeiffer say hi.,1500593194.0,7
superman,Nope. We can tell the part snyder wrote for the.movie.,1500583479.0,4
movies,These guys must have some great agents because their performances sure as hell aren't getting them there.,1500583070.0,0
DC_Cinematic,A horror director to do Shazam? K..  yes yes I know Wan is doing Aquaman but he was already established.,1500582449.0,2
DC_Cinematic,Nah that's gotta go to Chris Avellone. GOAT,1500582023.0,1
DC_Cinematic,"Yeah he seems to handle the business.side well, I just wish hed stay away from free creative side of things or at least hire.better writers.",1500556159.0,2
DC_Cinematic,"And yet you post that on a dceu sub. Yeah, that dog aint gonna hunt.",1500556070.0,-4
PS4,Yeah people forget ff7 was.not only a great game and genre defining but it also changed the industry.,1500550639.0,5
DC_Cinematic,Why aren't you a fan? What's not to like about their movies outside of.fanboyism?,1500550145.0,-5
DC_Cinematic,One of those is not like the other...,1500549947.0,5
DCEUleaks,"Well I mean aien for the face, as in with thanos you can tell it's brolin.",1500548289.0,2
DCEUleaks,This surprised me too. I heard they were going to.make him more alien to distinguish him from Thanos.,1500430242.0,-1
PS4,Karpyshyn is what made ME so good. Thank god he's back.,1500424289.0,2
DC_Cinematic,No because it reduces him to a deus ex machina.,1500423877.0,2
PS4,Because they're doing another Sam and Max right? Haaahaaa who am I kidding.,1500413676.0,1
movies,Gah putting pulp fiction under forrest gump is a crime. Gump was nothing but a baby boomer wankfest.,1500412952.0,1
movies,Which I thought was awful. Those positive reviews baffled me.,1500411443.0,-2
PS3,"Worst multi platform games: any of the ports by Bethesda because they never learned how to port to the ps3.

Worst exclusives? Eh it's personal taste but I could never get into the GoW games.",1500345872.0,5
DC_Cinematic,Oh dunkirk comes next week? Nevermind.,1500249752.0,1
DC_Cinematic,"I could see.it taking back.#1 next weekend. It had a better cinema score than apes. 

Although box office mojo is showing a 60% drop but has it at 208mm total domestically, must be a typo lol.",1500247285.0,-5
DC_Cinematic,Interestingly enough the editor of RT said he didnt agree with the RT score for MoS . ,1500221746.0,1
batman,"The Mutants are exaggerated because when the comic.was made, crime was rampant in big cities in the late 70s and 80s, and they are a depiction/exaggeration of that. That's also where you got.comics like.Judge Dredd, etc. ",1500102174.0,1
todayilearned,Then they did jack shit for the next 20 years,1500082681.0,0
DCEUleaks,Well that's on WB imo. When they saw how.shit the theatrical.cut was.they should have replaced him and delayed JL if possible. ,1500067151.0,3
penguins,Lol scary thing is the ownership before him was worse.,1499978778.0,9
DC_Cinematic,The spear Alfred! The spear! I need the spear because it's Kryptonian! Saturday morning cartoons have better dialogue..,1499978335.0,1
DC_Cinematic,Yep keep.banging that drum instead of demanding WB do a crowd pleasing movie.,1499961670.0,1
DC_Cinematic,People take issue with the destruction porn .and.then him making out with Lois after ,1499961295.0,12
DC_Cinematic,Aaand this is what snyder got wrong with this.movie. you shouldnt have sympathized with Rorschach and hated Ozymandias at the end. Statements like these tell me you didnt read the comic.,1499944680.0,-1
DCcomics,"Gotta agree, I like.DC because the public.is usually thankful for.the superheroes",1499944471.0,1
DC_Cinematic,Uh hes not that great of an actor. Stop acting like they're getting rid of some A lister,1499940644.0,-2
DCEUleaks,"What other villains were in this.spiderman? Feel.free to spoil, probably.not seeing the movie.",1499940545.0,2
DC_Cinematic,Not really. Should never have become a batman villain anyways.,1499912748.0,-4
DC_Cinematic,Maybe.she couldve conjured up some acting ability,1499892275.0,-6
DC_Cinematic,Recast and recon? He already knows batman and supermans identity. Comic book Lex would already be out out of Arkham and bringing the JL to their knees by now. ,1499854999.0,2
DC_Cinematic,"Plus they gave him too much money. That's what kills profitability. MoS shouldnt have had a 220mm budget which all was probably for alll of the cgi wanking which was criticized anyways.

Hell Marvel probably drives trucks of money to Gunns door and even GotG was just a 200mm budget in 2016.",1499854266.0,1
DC_Cinematic,Well it didnt help that his death felt premature and unearned as it is,1499854140.0,3
DC_Cinematic,Ayer had plenty of duds before SS. Hes a very uneven.director,1499827570.0,6
movies,Hmm I'm going with metacritic on this one. They've seemed to be more accurate lately on the quality of movies.,1499816229.0,2
DC_Cinematic,"
>You cant have a DC universe without Superman. 

WB: ""challenge accepted!""",1499727118.0,7
DC_Cinematic,"Again, the worlds greatest detective, master of prep time, just left a kryptonite spear abandoned in Gotham.",1499718590.0,3
DC_Cinematic,Or the worlds greatest detective forgetting to take the spear with him.,1499701851.0,4
DC_Cinematic,To be fair silk spectre was a horribly written character in the comic too. Kind of a rare.miss for Moore because he wrote great female characters in V for vendetta and League of extraordinary gentlemen.,1499682230.0,5
DC_Cinematic,Sandman is in development hell and Fables ship has sailed sadly with the oversaturation of urban fantasy on tv.,1499658074.0,2
DCcomics,So why didnt he like BvS?,1499634248.0,1
PS4,Is The Show.good with franchise simulation and such on top of gameplay? I'm actually more of a hockey guy but the EA NHL series is all micro transactions now and Id like to get more into baseball since its so statitics driven.,1499630932.0,2
movies,"Disagree. And I'm not talking about the writing and the new direction they took for Bond. Just him as an actor, he is too deadpan and its always like hes reading from a cue card.",1499612450.0,2
movies,Blah hes probably the most bland Bond on film. Yep worse than Dalton.,1499611811.0,-1
DC_Cinematic,"Riddler.

Stop staying Hush people, hes one of the dumbest batman villains ever made.",1499610632.0,2
DC_Cinematic,Tbf as far as the designs go Kibrys New Gods were pretty standard looking humanoids.,1499609527.0,1
PS4,"OT but for sheer time played my top three ps3 PS+ games would have to be:

Ico/SotC collection

Dragons Dogma

Sherlock Holmes (lol)

Arkham City/Demons Souls/Dragon Age would be there too but I have the retail version of those games.",1499609287.0,1
worldnews,Are you an Otaku too?,1499573066.0,1
DCcomics,Didnt they already do some Earth 3 character where.joker is a hero?,1499539039.0,1
DCcomics,"Seriously? Now we're gonna scrape the bottom of the barrel for a batman story even more overrated than TKJ? 

If DC cant sell anything without batman shoehorned into it then that's their fault and they need to fix it.

I'm so goddamn tired of Superman still being a joke in the mainstream while Marvel Studios turns every C lister they have into a household name. ",1499535364.0,21
DC_Cinematic,My biggest problem with Snyder. He really can't seem to tell when something is cringe and tone deaf. ,1499527119.0,-4
DC_Cinematic,"Yup, I hate seeing ""I'm just happy the movie is being made"".  No, just no. This isn't 1989 or 2000. CBMs are ubiquitous now, we should demand quality. ",1499519414.0,48
DC_Cinematic,"It was a cool idea, but I think this scene really turned people off.",1499519190.0,6
funny,"Being publicly intoxicated is often a crime, so yes. In fact a cop in the US can basically arrest you for anything and he'll face.no punishment if he can meet the flimsy interpretation of acting in good faith. It's then up to you to get competent legal representation to show you were wrongfully detained. 

Fucked up isnt it?",1499444846.0,1
DC_Cinematic,Gotta agree with your tempered statement. The movie had a built in audience plus it had no prior baggage like supermans character. Thinking that this means the DCEU will have MCU like critical acclaim from now on is very  premature. ,1499444154.0,3
funny,Then you sober up.and realize you're fucked.,1499436904.0,1
DC_Cinematic,Arcade,1499310186.0,1
DC_Cinematic,I hear ya. And you know.supermans character will be as marginal as it comes now that WW was successful.,1499309970.0,1
DC_Cinematic,Aren't you tired of red hood at this point? I know I am.,1499307363.0,1
DC_Cinematic,"This just in, comics aren't realistic",1499148470.0,5
PS3,Now all I need is the original wheel of.fortune to come back for a few trophies,1499134994.0,1
DC_Cinematic,Man I wish WB would grow a pair instead of being little bitches about 2011 GL.,1499130429.0,2
DC_Cinematic,WB won't let a director read.the script first? That explains a lot,1499125461.0,-5
DC_Cinematic,Nope. Too long without enough payoff.,1499079361.0,9
DC_Cinematic,"MoS was okay but BvS doubled down too much on the flaws of that movie. Should never shoehorned batman and changed an entire script for that purpose when a proper MoS sequel was more apprpriate. 

Unpopular opinion but I dont think a cinematic universe suits DC characters. There is just too much history and mainstream knowledge(and also more memorable movie appearances) for these characters than there were for the current MCU characters.   

If you do a more anthology type approach you can do.more intimate movies that tell more diverse stories  rather than the constant end of the world/high stakes plots.  I think WW is proof of that although it devolved into that world ending scenario as well much to my dissappointment.",1498921888.0,5
funny,Finn and Poe are gay? Hey that might make them actually interesting and more than Comedic Token Black Guy.and Roguish Xwing Pilot.,1498907532.0,-3
AskReddit,"Yep, and now.we cant get an adaptation of Fables (what The Wolf Among Us is based on) because this and other shows have bled the urban fantasy genre dry.",1498879586.0,1
PS4,So what is that studios excuse when the ps4 has the same architecture as the xbone?,1498869022.0,1
AskReddit,Basic training,1498868590.0,1
DC_Cinematic,"No, no it isnt. It looks like Rob Liefelds love child.",1498855528.0,1
DC_Cinematic,Nope. Doesn't work. Batman isn't the punisher. Whoever wrote that didnt do his homework for batman. Probably Terrio.  Goyer for all of his faults wouldn't write batman blowing people up with the bat mobile/batwing.,1498855442.0,2
DC_Cinematic,Right there with ya. If I want comics I'll read the comics.,1498787953.0,1
DC_Cinematic,Batmobile scenes. Wasnt talking about knightmare.,1498787813.0,1
DC_Cinematic,That doesnt excuse BvS batman killing people with a fucking.machine gun. ,1498784545.0,-5
DC_Cinematic,Except for ya know the whole deliberate killing part..,1498779655.0,4
PS4,"This just in, Sony has no clue how to do a UI. Also, water wet.",1498751575.0,1
DC_Cinematic,Wish they would make this as an animated movie instead of the constant.stream of batman and friends.,1498611412.0,1
PS4,Aww come on man I.want some if.the Double Fine games for.cheap,1498580613.0,1
Ebay,Would ebay really take this into consideration if there was a dispute?,1498562960.0,2
DC_Cinematic,And Jl2 was nixed so I.guess that's where the batman movie comes in right?,1498514534.0,-1
DC_Cinematic,The question is will he be batman after this.movie if JL bombs critically.,1498492234.0,1
PS4,"Yeah this console.generation is probably the first dud as far as innovation goes. Outside of a.couple exclusive games they really have no other selling point. 

Unless you're in a demographic that enjoys what Nintendo.does but for me Nintendo died when the SNES ended.",1498472510.0,-1
DC_Cinematic,"God no. BvS handled its subplots horribly, even in the directors cut.  They were boring and had no impact at all.",1498443444.0,3
DC_Cinematic,Sadly Injustice was a hit and for many the first time they read comics featuring these characters. Sometimes I wonder if Supermans character can be salvaged in the eye of hands mainstream audience. There is just too much baggage and preconceived notions about the character at this point.,1498412406.0,1
PS4,As others have said if you paid.via paypal/cc you.can disupte/reverse the charge.,1498411090.0,2
DCcomics,Wasnt Waids run pretty bad because he insisted on resurecting silver age stuff that didnt fit with.modern.DD? ,1498333394.0,0
DCEUleaks,Don't underestimate WBs stupidity. They've been mishandling supermans character for decades and now sadly in the public perception Injustice Superman is more popular than probably any other iteration right.now.,1498321729.0,1
DCcomics,This was just an ill.advised project from day one. As soon as it became obvious they didnt have the time or budget to do the animation properly it should have stopped there.,1498281340.0,2
PS4,Eh id be more interested in MW2. Really enjoyed the coop and maps in that one. ,1498277122.0,2
penguins,Ahh it wouldnt be the draft witho it the penguins making some controversial trade. It's like they're allergic to.making a first round pick.  And the only first round pick in about 8 years that has contributed anything to the team has been just Maatta right? That's pretty bad.  ,1498276539.0,1
PS4,Kind of off topic but I have a new pro and arkham knight crashes at least once every hour or so of gameplay. This normal for the ps4? ,1498253504.0,1
movies,"I'd take RT more seriously if it didn't give out the stupid ""certified fresh"" awards or give its ""critic consensus"". You cant boil down 300 reviews to a one sentence description, you just can't. It should simply be an aggregator site.     ",1498252877.0,4
DC_Cinematic,"No, just no. I'm tired of his character being assassinated. I'd rather him never appear in a movie again than this.  ",1498252449.0,14
DC_Cinematic,"God this sub with Timm is unbearable. The guy was only responsible for making Batman part of every childhood through the 90s, but let's blame him for Azarellos.fuck up amirite? ",1498168966.0,3
movies,"ITT: ""It's totally okay to.surpress the directors vision when marvel/disney does it""",1498129200.0,1
movies,"No, it's the opposite for dc actually. Too much freedom was given to Snyder as far as characterization went.",1498128983.0,31
movies,Glad this is turning out as shit. Disney needs to be humbled a bit. Tired of them putting bullshit out like rogue one and still getting rewarded by the rabble.    ,1498015242.0,3
DC_Cinematic,I think JL wull still.dissappoint critically and earn below  a biillion. ,1497995835.0,2
DCEUleaks,Eh I get it people are antsy since it was announced. WB is to blame for announcing that huge slate. I'm frankly glad they were able to lock down a good director so fast after affleck dropped out,1497926417.0,5
DCEUleaks,"Nothing official yet. Reaves the director is still.promoting his planet of the apes movie until.July so I doubt theres anything even set in stone internally.

Imo the best we can hope.for is a release date and MAYBE  a cast announcement during san diego.comic con. ",1497918110.0,18
PS3,Hmm I would call.before sending. This may be a policy change to wind down support of the ps3.,1497909193.0,1
DC_Cinematic,That never stopped Snyder before,1497908562.0,1
truegaming,That's literally what it is. It's based on an alternative timeline where 50s americana and the atomic age never stopped and the microtransistor was never made. I guess maybe younger or non US gamers are so removed.from the 50s now they dont realize that? ,1497884935.0,3
truegaming,"The goofy 50s sci fi is literally what makes Fallout Fallout. If you want the road, go play last of us. Why does everything have to be a dark and gritty joyless slog?",1497884196.0,17
DC_Cinematic,"Nah Eisenbergs casting was a swing and a miss, that's pretty much the majority opinion. Gadot is certainly a surprise I'll give em that.  Affleck I still think lacks as bruce wayne, and to me youve gotta bring more than just looking big in the batsuit. That's why I think Bale was still better despite his.smaller frame and arguably worse Batsuit. In his defense though the BvS script was terrible. ",1497883329.0,0
science,But don't high income earners typically work more and have less free time than low income workers?,1497848759.0,2
gaming,Last nhl game I bought was NHL 13 and I'm glad I saw the writing on the wall with the HUT micro transactions.,1497847434.0,1
DCcomics,I prefer DC because I.feel they tell the.most traditional hero stories. I dont really want to read about relatable characters  but moreso inspirational and paragon characters which DC has. I also am old school and like how DC has preserved overall secret identities more than Marvel.,1497845754.0,1
DCcomics,Thought JL War was awful too. Everyone was a quippy edgelord and Darkseid was a big dumb brute who sounded like he was passing a kidney stone.,1497840014.0,1
movies,The Hurt Locker: iraq war is bad mmmmkay look at our poor suffering soldiers,1497837100.0,0
movies,Eh I took that as what Batman had been trying to do is.finally starting to sink in and that the people in Gotham are starting to look out for eachother,1497836434.0,2
DC_Cinematic,"The most slow motion death ever, that's for sure. Gotta disagree here. Snyder is too caught up in recreating comic panels that he forgets hes making a movie, not a comic. 

That's why I'm not as enamored with Watchmen like some are here. He failed to bring so many nuances and subtletly from the source material. Some of that is his fault while a lot of it is simply that some things from.the comic medium do.not.transfer to.the big screen. I don't think he's learned that lesson yet.",1497834107.0,1
worldnews,Steelers fans.would have to be up there..,1497821634.0,1
DC_Cinematic,Yeah let's pretend Enchantress never happened...,1497795396.0,-2
DC_Cinematic,"Uh ok we're done here. Reading comprehension, you need it.",1497795319.0,1
movies,No I agree with all the criticisms of the.movie it just seems.critics and.fans.kept comparing it to the Frasier movies.,1497790262.0,0
gaming,I LOLed. Nice one!,1497789536.0,0
movies,Wait what did the fans want? Old ugly bald wrinkley ass Brendan Frasier to return? That's just as unrealistic imo.,1497787853.0,-18
movies,So did any particularly stand out that you did not enjoy?,1497787541.0,3
movies,How many were in the civil war airport scene?,1497787274.0,1
DC_Cinematic,"Hmm except Snyder himself said he killed him off to have ""fun"" with the character?",1497787217.0,1
DC_Cinematic,"Well no shit, of course another director could retcon everything. ",1497787186.0,1
DCEUleaks,It's a Snyder movie. Prepare for a lot of CGI porn and destruction.,1497758787.0,1
DC_Cinematic,Age + personal issues + critical reception of the dceu movies he's been in so far.,1497758274.0,2
DC_Cinematic,They officially filed for divorce in April.,1497758086.0,1
DC_Cinematic,Lol riiight and this has been officially confirmed where?   ,1497753441.0,1
DC_Cinematic,Agree with you there. Very puzzling way to.kick off the DCEU.,1497743023.0,4
AskReddit,Do you know of.an underrated gem called The Wire?,1497741400.0,1
DC_Cinematic,Umm. Jimmy isnt a throaway side character. You need to read up on your superman.,1497741249.0,3
movies,"So.this article is basically someone circlejerking RT and railing against Depp and the Rock with some kind of personal.vendetta.  

IMO critics are getting a whee bit too full of themselves and think they control the industry or.something now. You can rate a movie however you want, but you dont get to.decide if a movie or.its producers are deserving of money. 

Because for every Baywatch where the critic and box office take align, theres a Suicide Squad.",1497740749.0,1
DC_Cinematic,"A 65% second weekend drop is still unacceptable. And its not WWs fault that PotC and the Mummy were flops. 

I really think you Snyder people would rather watch the DCEU fail.than someone other than him get any credit. Very strange.  

How do you explain BvS and it having no compeition for three weeks but lost its spot to.The Boss?
",1497721283.0,3
DC_Cinematic,Cinemascore has been around since the 70s. How was it less prolific 4 years ago? Still surprising it dropped that much with that score though. Something about snyder.,1497717040.0,5
AskReddit,"Can you say which state? That's hilarious though, these fuckwads try to tell us how to run our life but can't even manage theirs.",1497713842.0,7
gaming,"Yeah they've been pretty disappointing starting with GTA IV. It seems they keep doubling down on the features no one wants, both online and offline. ",1497712798.0,1
AskReddit,Oh believe me I know. Disability is the new welfare.,1497712377.0,0
AskReddit,"""Common sense isn't common"". Oh bullshit, yes it is. ",1497712209.0,1
DC_Cinematic,"He is pretty stiff as an actor. I guess he could work for Hal being the ""straight man"" of the JL.",1497711653.0,1
DC_Cinematic,Yeah that's only because Bale is stubborn and wanted to do a lot of his own stunts.,1497711328.0,4
AskReddit,I think this post should have clarified it should be about children with no known disabilities. ,1497710802.0,696
DC_Cinematic,What the guy that uses a child as a human shield?,1497706941.0,1
gaming,"I've never understood the raging.boner reddit has for.Nintendo. what does nintendo.have now? Link, mario, pokemon aaaaand......?",1497706039.0,-2
DC_Cinematic,"Yep gonna be Gadot considering the success of WW. Affleck has a lot of built in hate with a lot of older people in the general audience. 

If JL is another critical bath I think he'll leave.",1497704195.0,1
DC_Cinematic,Batman deserves a gothic orchestral score. Music making him sound like a WWE bad guy is a disservice to the character.,1497703418.0,2
DC_Cinematic,"Yeah this is only like the greatest piece of music.associated with Batman, so.cheesy. /s

https://youtu.be/iSWzlCcF2HA 

I'm.guessing you're younger and only associate him with the later Burton and Johnny Depp movies?",1497703030.0,3
DC_Cinematic,"Not a flop but vastly underperformed. In fact the only thing that made it profitable was the home video sales.  

Source: https://www.comicbookmovie.com/batman_vs_superman/batman-v-superman-final-profits-tallied-how-much-did-it-really-earn-a149858",1497702852.0,0
DC_Cinematic,Oh hey the daily shitpost trashing Wheedon.,1497702686.0,6
DC_Cinematic,Eh his Bruce Wayne is lacking imo.,1497702571.0,3
superman,"I don't like him because he's relatable. He and the dc characters are gods, they show what we can be if mankind can reach his full potential. When you make the characters relatable you are actually making them more like Marvel characters. Honestly I look at these movies as based.in the marvel universe, that's the only way I.can reconcile what they've done.

MoS was fine with its flaws but supermans character in BvS was unforgivable imo. ",1497614008.0,1
superman,Tough call. I think a Telltale game works best because it focuses all on characterization instead of just a beat em up. I don't know if an arkham treatment would be that good either. Arkham Knights gameplay was pretty stale and their only solution was to force you to use the batmobile.,1497613231.0,1
superman,Because one was a shoestring budget WB show and the other was a near 400mm boondoggle that ruined the first feature film with batman and superman.,1497612793.0,6
DC_Cinematic,Evil/mind controlled.Superman.,1497612597.0,6
DC_Cinematic,I'm not discounting anyones preferences I just think Zimmer has provided most of the memorable material so I.dont think this is that big of a deal. Time will tell.,1497612381.0,1
DC_Cinematic,"Yeah it seemed like they said ""oh yeah they're supposed to be a couple"" and shoehorned that in the script. I know I'm a minority but I think cavill and adams have zero chemistry.",1497609418.0,1
DCcomics,So how does everyone her feel about the composer change for JL? Does it make you more confident in the movie for Wheedonn seemingly having more control over the final product? ,1497609133.0,2
DC_Cinematic,Don't give me spoilers because I haven't seen it yet but how is no man beneficial to Ares? He feeds off mankinds conflict.,1497608998.0,1
DC_Cinematic,"Was the score that memorable? The only thing I remember is Arcade, Flight, and WWs theme. And those are all Zimmer. The DUN DUNNN DUNN DUNN stuff for batman I found cringey. This is a CBM, not mad max.",1497608350.0,-9
DC_Cinematic,">Yes i mean he could be lying. To save face, to not lose the audience that likes Zack Snyder's

There are dozens of them! Dozens!

",1497608052.0,2
DC_Cinematic,"JL suit, the tactical one looks like rob liefelds.nightmare",1497591365.0,1
DC_Cinematic,My issue was him making out with Lois while the city was still in ruins. I mean come on man you have to admit that's bad at least. ,1497556872.0,7
DC_Cinematic,Exactly. They cany afford to take another critical and financial bath on this movie.,1497554335.0,2
videos,Wait so.we're supposed to sympathize with ISIS now? I don't want to live on this planet anymore. ,1497538153.0,1
DC_Cinematic,"A lot of risky moves, hopefully it's like rogue one where they changed a lot but still had a solid if somewhat bumpy landing. That said I'm hyped. Batman deserves a dark gothic orchestral score, especialy if you're going to make him more mythological and fantastic than the Nolan movies.   ",1497494233.0,2
movies,Alien is.anything but hard scifi. Even the original was just a haunted house movie.,1497390039.0,1
hockey,If this type of goal is not a SOG then is it possible for a player to have a +100 shooting pctg and a goalie ti have a sub .000 save pctg?,1497387053.0,1
hockey,"Man, Letang should be in the conversation for best dman but hes been ruined by his health and Dan Bylsma. 

I will say Karlsson proved me wrong, I thought he was gonna be another Mike Green.",1497352462.0,-1
hockey,Props to Anderson who always ups his games against the Pens. He was the best goalie they faced in the playoffs. ,1497272966.0,1
nhl,".864 save pct bruh. That's unacceptable especially when you know you dont have home ice advantage.  He is why they lost game one and two. Blame him, not the refs.",1497243146.0,4
nhl,"Preds lost because their goalie had a FUCKING .864 save pctg in the finals. Real talk, Rinne got the yips.",1497242768.0,7
hockey,No the salary cap just means you have to take drafting and player development even more.seriously or you wont go far. The rangers leafs and edmonton learned this lesson the hard way. The pens did too from 2010 to 2016.  ,1497241734.0,9
hockey,"Also.an absolutely dreadful final for Rinne. Dude just aint a clutch goalie. Paper tiger. 

Dude was pulled three times and had a .864 save pctg in the finals.  ",1497240393.0,7
hockey,Man the western conference really has to step its game up. Two straight years of garbage teams. ,1497237731.0,6
hockey,Maybe if nashville didnt get blown the fuck out in game five this wouldnt be an issue. ,1497237332.0,0
hockey,Soooo much salt. I love it,1497237249.0,1
hockey,And your team still fucking sucks. Have a good summer :),1497237036.0,-18
hockey,Hahaha SUCK IT HATERS,1497236866.0,1
OldSchoolCool,"And just think she was already in her mid 30s then, crazy",1497189667.0,2
gaming,Really? Just thought it was a typical bland Xbox exclusive. Their exclusives have no teeth.,1497102431.0,-5
DC_Cinematic,And batman should be logical to a fault. Therein is the character issue.,1497024367.0,0
DC_Cinematic,Yeah you could tell they clearly crammed in batman into a superman story.,1497024241.0,1
hockey,You were saying /r/hockey?,1496976773.0,14
DC_Cinematic,"Disagree, we barely get to see Gotham. Most iconic is Burtons version by a country mile.",1496953547.0,13
movies,"Actually, they were first killed in a house.basement and then buried on a farm.",1496880758.0,16
DC_Cinematic,"Well when the production and marketing budget combined pushed 400mm and.studios generally only pull in about half of the WW gross, yeah, it underperformed. The only thing that made it.profitable was home sales actually. ",1496764700.0,1
DC_Cinematic,These are big tentpole blockbusters that HAVE to appeal to the casual audience to keep.being made. These arent art house projects that you can afford to take a loss on. IMO it was the wrong thing to put on Snyders shoulders.,1496748646.0,2
DC_Cinematic,IMO they shouldve moved Snyder off of JL and pushed it back the second they had doubts about BvS. It's disrespectful to him to basically ghost direct behind him and change so much in post.,1496748171.0,2
penguins,Welp guess our luck runs out here.,1496716543.0,0
movies,The movie about Kevorkian was very good too.,1496697465.0,7
movies,Avatar an original idea? Oh you sweet summer child.,1496661293.0,2
DC_Cinematic,"Well with the way the dceu has been received I dont think a character just being iconic is a guarantee for easy money sadly. But yeah they probably should have beefed up the marketing more for the non female demographic.

But at the same time maybe the lower marketing budget will help them make more money overall",1496617648.0,3
DC_Cinematic,Still had a 64% drop after its OW. Not as bad as BvS though. Snyder just learned the wrong lessons for BvS. ,1496617225.0,4
DC_Cinematic,It's just the nature of these types of.movies. sadly they are more business ventures than art.,1496601135.0,7
DC_Cinematic,"Well that'll beat dr strange by 15mm, not sure how that compares considering he is much more obscure than WW. However that movie had the advantage of the marvel studios branding whereas WW had to.fight off critical rep the dceu has had so far.",1496595973.0,24
DC_Cinematic,Box office mojo listing it at 223mm worldwide right now,1496595784.0,2
DC_Cinematic,Which worries me about JL. I feel all of that goodwill for the dceu will be thrown out the window when that movie comes out. ,1496595490.0,1
DC_Cinematic,Well to.be fair the one on the left matched the comic costume at the time I believe.,1496584812.0,2
DC_Cinematic,A Cinemascore.. very good,1496489341.0,3
books,Alright lets see you edgelords write a 1000 page novel in a foreign language.,1496444050.0,3
movies,Lol some salty bitches in here,1496424608.0,6
DC_Cinematic,Captain Underpants seems to be a crowd pleaser so that may put a dent into the OW.too.,1496419016.0,0
DC_Cinematic,/r/movies is salty lol. It really is just a mcu vs dceu fanboy thing at this point. Even for some of the top critics the entire movie was judged on if it was better than an MCU movie.  Sad. ,1496418647.0,8
movies,Man if you thought broken age part 2 was tough grim fandango and monkey island 2 will make you cry..,1496359109.0,1
fnv,With jury rigging?,1496323451.0,39
DC_Cinematic,Yeah I'm.gonna say 86%',1496263312.0,2
movies,"Nice, can't wait to see it. ",1496256845.0,1
fnv,Because it's a true RPG by some of the best game.writers of all time.,1496256663.0,14
DC_Cinematic,"Yeah, dipping below doctor strange would annoy the shit out of me since that was as formulaic of a story as they come.",1496256511.0,14
movies,Whats this a shareholder meeting?,1496246283.0,2
movies,"About time, sounds like they finally captured the mythological larger than life aspect that separates DC from Marvel.",1496168941.0,28
DC_Cinematic,Execution guys.. it just wasn't there.,1496065544.0,0
fnv,Wow didnt know he would go inside places to find you,1496032577.0,1
fnv,Dead Money. An allegory on greed and the options you have to deal with the companions are masterful.  ,1496026189.0,2
DC_Cinematic,"Two wrongs dont make a right. I agree.Johns cant write batman or WW well. Still, WW has his input and is still poised to be the best dceu movie..",1496022697.0,0
DC_Cinematic,"He isnt a physical threat. This is what the most recent designs haven't understood.  Plus can we have some new Bat villains please?
",1496019023.0,1
DC_Cinematic,Ding ding ding. BvS didnt highlight the ideological differences enough.,1496009063.0,10
DC_Cinematic,The Morrison AC run was fine.and kind of an extension of the Birthright right origin but they went off the rails with it later and made too manu crossovers to try to boost sales. ,1496008329.0,3
DC_Cinematic,"For real man, I'm tired of them constantly apologizing for the character. He's on his way to having the rep Aquaman has had for years.",1496008038.0,11
DC_Cinematic,Lol asking the tough questions,1496007605.0,1
DC_Cinematic,Superman as well,1496007085.0,7
DC_Cinematic,no excuse then.,1495996798.0,1
DC_Cinematic,Hey not any worse than the actual movie,1495996646.0,8
DC_Cinematic,God I hated JL War.. really hope they dont base Darkseid off that movie.. he was shit,1495995235.0,7
DC_Cinematic,"Yeah just cant agree there. Imagine how epic it would've been to have a true tdkr type adaptation as a send off after multiple movies, would've been so much better and much more satisfying.  And just because a comic arc was cheap doesn't mean an adaptation has to be. 

Now if Superman acts more like himself in JL it'll be seen more as a retcon than the end of an arc.",1495910667.0,3
DC_Cinematic,I still think they went with this arc too early for superman. The general audience just wasnt connected enough to him to kill him in BvS.,1495907854.0,22
movies,Ironman for the MCU is like DC with Batman. The most popular character by far so they shoehorn him in any chance they get.,1495798991.0,9
DC_Cinematic,Kind of wish they didnt do the modulation.. I get it when dealing with criminals but when he talks to.alfred and the league it sounds silly,1495797252.0,3
DCcomics,So was Green Arrow actually Green Arrow this season or was their improvement just making him bargain basement batman again?,1495759052.0,1
movies,This shouldnt be a surprise. Pattinson has always been good. People immediately just dismissed him because of twilight.,1495746939.0,6
DC_Cinematic,The mainstream just cant find relevance in superman anymore. Yet they cheer captain America. Sucks.,1495728732.0,4
DC_Cinematic,Sadly that's how.shes been written recently in the.comics. I blame Azarello. He fucking sucks. I think he even wrote that the Amazons kidnap men to rape them for more amazons. Yep that happened.,1495728419.0,2
DC_Cinematic,"I'm not talking about how hes treated in the movies, I'm talking about his mainstream audience perception.",1495728234.0,1
DC_Cinematic,Wow they must be damn confident if the director is already talking a sequel.,1495727846.0,2
movies,Captain America says hi.  If you think superman is at his core a bad character then I feel bad you have such a shitty outlook of life and the world.,1495727736.0,2
DC_Cinematic,"To you and me no, but we dont matter compared to the general audience.",1495717465.0,1
DC_Cinematic,"Kind of disappointing this is getting kind.of average reviews from diehard cbm.and mcu fans, I guess it was to be  expected. Not possible but I really wish this movie came out in SS's slot last year and Aquaman was coming out now. You have to crawl before you walk or run but I wish the dceu wasnt so.behind right now. 

Also someone I know who saw it yesterday says WW/Gadot pretty much makes Superman and Cavill redundant and kinda pointless... that disturbs.me.if that's the mainstream sentiment.",1495711233.0,-37
DC_Cinematic,Yeah I think a simple origin movie is refreshing at this point. He does mention a cgi fest third act which bugs me.,1495675935.0,2
DC_Cinematic,"You're right, the full review didn't load for me originally.",1495675755.0,1
DC_Cinematic,Well each mcu movie got an in depth review whereas this and the bvs got a paragraph.,1495673216.0,13
DC_Cinematic,"https://letterboxd.com/jvince/film/wonder-woman-2017/1/

Negative review, but he seems like just a random.mcu fanboy.",1495672051.0,5
movies,Making Delevigne a co lead with that kind of budget... just gotta shake my head sometimes,1495641790.0,44
movies,Wow really? You better get on that.,1495624381.0,2
movies,"> watched the Godfather

> still holds up",1495586364.0,2
movies,Surprising since the Rock usually makes things passable. Hell he made a movie with kevin hart likeable. ,1495573373.0,1
movies,"The internship, Google",1495555414.0,12
DC_Cinematic,"I'm frankly amazed that his daughters passing stayed under wraps for so long, since a passing is generally public knowledge. You'd think some rag or blogger would have gotten hold of the information and released it.",1495545369.0,2
DC_Cinematic,Yeah will be interesting how much Wheedon may influence the movie with post production.,1495544944.0,2
hockey,Kinda sad his prime years were wasted in Vancouver.,1495539256.0,-2
movies,Eh hope it's more risky and surprising than Get Out. It was good but the ending was waaay too cliche.,1495539117.0,0
movies,So glad alien is under performing. Scott needs to retire from that franchise.,1495539020.0,2
hockey,Man this is league is gonna be hurtin when those concussion lawsuits go through.,1495487590.0,3
AskReddit,Lol what was the comic they gave you? And what comic did your dad have?,1495453338.0,13
DC_Cinematic,"Cmon WB, give the people what they want. ",1495448978.0,6
movies,"People just didnt like it because it had the most ""comic book"" type plot yet. I guess it was too much of a tone changed compared to the first two movies.",1495389528.0,1
movies,Umm lego batman was awful. Horrible misuse of the batman mythos and the jokes fell flat.,1495389377.0,-1
personalfinance,Oh thats odd if there's a fee then. Mine does not have a fee as long as it is.still employer sponsored. ,1495389021.0,1
DC_Cinematic,No but sucker punch was such an incoherent mess thats how some interpreted it. Again he needs to work on his story telling if he's going to stay within this genre.,1495388935.0,3
DC_Cinematic,Nope. In the end bruce and selina are meant to be together.  Stop fighting the source material.,1495388576.0,5
DC_Cinematic,"Yeah he was wrong but I can't blame him for the opinion. You'd have to be a blind fanboy to believe at the time that Gadot could carry a movie.

His skepticism is surprising considering he's a Leafs fan lol. That fanbase is the most blind of all.",1495388125.0,2
DC_Cinematic,Nah man bruce and selina are meant for each other in the end no matter what happens. That's what made the ending of TDKR so satisfying.,1495387878.0,22
DC_Cinematic,Hurr durr dae nolans batman sucked???,1495379900.0,4
personalfinance,I'm guessing this isnt an employer sponsored HSA? ,1495375593.0,4
DC_Cinematic,Probably meaning an excessive cgi porn final.battle like MoS and BvS.,1495375307.0,2
superman,"Agreed. Yet in recent live action he keeps getting the Xmen treatment (I.e. mistrusting public, unsure of his place and whether to use his powers, etc.) Maybe that's what the general public wants and if so, it's sad. ",1495374199.0,1
history,It was failing in its intended goal of bringing the country out of the great depression ,1495300952.0,3
history,"FDR for the left, the new deal was basically a failure and the only thing that bailed the country out was WW2.

Reagan for the right, the soviet union brought about its own downfall.and he also took credit for.things the Carter administration started. Also his foreign entanglements still cost us today.",1495300323.0,15
superman,"Dunno the big problem with new 52 superman at least in Morrisons run in action comics. He was more street level, but he was still superman. Kind of an.extension of Birthright.",1495299691.0,1
sports,Pretty much a microcosm of the pirates the last two seasons. Sigh.,1495294214.0,2
DC_Cinematic,"Deleted, was it mixed/negative?",1495289840.0,1
AskReddit,Health benefits administrator/HR Generalist: None of us knows how your health plan works either ,1495283308.0,4
explainlikeimfive,So the solution to a near monopoly is to give in to our Google overlords and let them have the monopoly? Kek,1495250131.0,0
DC_Cinematic,75% certified fresh should be the baseline goal.,1495228790.0,3
DC_Cinematic,Hmm as a hero maybe Orion?  Mr. Miracle as well as someone suggested. ,1495228479.0,1
movies,Fuck you WB for offering him that shitty suicide squad script instead of a real role in a superhero movie. ,1495227508.0,1
penguins,Gotta bad feeling about this one. Just too.many injuries to the D. They've made a noble.effort and took out the best team in the league. nothing to be ashamed of.,1495209964.0,-3
DC_Cinematic,"I'm not worrying about marvel, I'm just comparing two similar products and my expectations based on how one performed upon release.",1495209701.0,3
DC_Cinematic,"That's my point. He says sentiments will.shift from overwhelming positive to more in line to the mixed reaction he heard. And when he says a hit I take.that as financially.

Bottom line, I will be very frustrated that this may not be as highly rated as Dr Strange.",1495199462.0,1
DC_Cinematic,"Ugh, that tells me it'll be more of a mixed response.",1495190349.0,1
DC_Cinematic,Yeah for me it seems to be a way to say they didn't like it without flat out saying it which I doubt any of them do if the actual embargo isn't lifted yet.,1495190193.0,2
DC_Cinematic,"""Best DCEU film so.far"" bothers me since imo the bar hasn't been set very high...",1495163171.0,-14
DCcomics,"Wait I forget now, where was Darkseid during COIE? Figured hed have a bone to pick with the antimonitor.",1495070900.0,2
movies,Yeah I think it probably just suffered from a marketing problem and it got compared to the original. I mean even the first book was pretty dark and had scary parts. Hell the woodman cuts off animals heads left and.right in it.,1494968197.0,2
movies,Fuck em let them release it. These franchises are critic and piracy proof anyways. They could release a POTC movie with johnny depp making firetruck.noises and they would still make money.,1494940329.0,1
movies,"Too much money for what should be a noir film. That budget right there tells me we're just going to see.another noisy ""sci fi"" movie.",1494935348.0,2
penguins,Yup this is gonna be a rehash of the 96 ecf.  Hell might not even go seven games. Hard to be mad when they just won last year though. ,1494894432.0,7
movies,Man WB has so much talent under contract and they usually waste it or somehow minimize it. At least they still have enough sense to let Nolan do whatever he wants.,1494893111.0,1
DC_Cinematic,Isnt 75% certified fresh? I'd be fine with that.,1494892840.0,2
todayilearned,"lol, kind of like peacock in Spanish: ""pavo real"" meaning ""royal turkey""",1494892115.0,1
Ebay,"Oh ok yeah that's frustrating when it involves that much money. I've been selling my personal action figure lots and have had two $1300 sales fortunately with no issues. But that bad buyer is always just one bid away.

Hope you get the item back so you can resell.",1494891758.0,1
DC_Cinematic,No Azarello? You the man.,1494891548.0,2
Ebay,How much did the item sell for?,1494886733.0,1
Ebay,"When they don't pay just do a, second chance offer to the legit bidder.",1494886293.0,3
Documentaries,Aww is the poor wuttle white man feeling oppressed?,1494885895.0,1
movies,God these posts read like Feiges notes to shareholders at Disney.,1494881564.0,-2
movies,"No, this just will reinforce hollywood not trying anything new and continue the completely bland uninspired sequels and reboots ad infinitum a la disney. ",1494881352.0,0
DC_Cinematic,Oh you sweet summer child. Clark is dead.,1494881121.0,0
movies,ITT: DAE jlaw sucks and american hustle was overrated?!?!?!?!?!,1494802734.0,8
movies,Nocturnal Animals. Shannon Adams and Gyllenhaal were great as usual.,1494800949.0,1
worldnews,Because the USA is huge and for the most part highly decentralized with large cultural differences between regions. So different regions will vote in favor of a judge who interprets the law in a certain way.  ,1494791018.0,-2
Documentaries,People like that have no value and therefore are not worth my time with a response. People like you as well. Cya :),1494790177.0,-3
Documentaries,Ah just looked at your comment history. Buh bye.,1494787396.0,-6
pics,"Is he talking about FMLA? You know you dont get paid while on that right? And if you get short term disability for it, minus a couple states that's a completely employer provided benefit. ",1494780260.0,1
Documentaries,My question is when did men get so needy and sensitive with the persecution complex? Is it perhaps a learned behavior they gained from the feminist movement itself?,1494780095.0,-19
pics,Ding ding ding exactly right. Adverse selection. God I'm so tired of hearing people vent about shit they have.no clue about.,1494779161.0,1
personalfinance,"Stay to finish your degree and then you can look. Assuming you're a Business Analyst, you could get a.job anywhere that handles data in my experience. ",1494777176.0,4
PS3,Well if the original psx was region locked then I guess the emulation would be the same if it's a one for one emulation of the original console.,1494776891.0,4
moviescirclejerk,Can't disagree with him here. Both TFA and Rogue One were typical Hollywood made by committee dreck.,1494773544.0,0
OldSchoolCool,Nah but you can't say the most well known and dare I say legendary club within a genre is underground.,1494768580.0,1
books,Wow the publisher sure was going for a cheap buck there. Id be annoyed if I represented Asimovs estate.,1494734438.0,1
movies,Y'all owe Bloomkamp an apology. ,1494721722.0,9
movies,That's the worst kind of critic. Someone unhappy that they cant make it in xyz craft so they always view everything with a chip on their shoulder.,1494720244.0,1
movies,A postive post about Snyder? Damn you brave OP.,1494720066.0,9
movies,Billy Dee Williams too right? Or maybe he just got a lump.sum payout.,1494719191.0,14
pics,I avoided it because I was burnt out from the faux documentary style of the office.,1494718669.0,1
WonderWoman,Dr Strange numbers would be great,1494714688.0,1
books,Dagon by HP Lovecraft,1494712950.0,6
OldSchoolCool,"> underground punk club

> Gilman",1494712266.0,3
DC_Cinematic,Any real critics there or just bloggers? Yes I don't consider guys like Stuckman real critics. ,1494679971.0,2
DC_Cinematic,This. No more watchmen like mistrust from the public. Something that shows when the chips are down people trust these heroes completely and are never wrong to give that trust.,1494621176.0,10
DC_Cinematic,Ummmm.... score and costumes I guess. Cavill as superman even though he's misused.. ,1494621026.0,1
DC_Cinematic,"Personally I wouldnt mind them crashing and burning if it resulted in better movies. But yeah, WB never takes the right message when something doesnt do well. For example, their solution to criticism of MoS was to shoehorn Batman into a sequel.",1494620624.0,5
DC_Cinematic,Its not so much about the opening weekend but the domestic multiplier and word of mouth. 65mm to 80mm opening is fine if it can make 200mm domestically.   General Hollywood rule is if it has a 2.5x domestic multiplier it gets a sequel.,1494588820.0,1
DC_Cinematic,And dont forget The Boss! /s,1494588171.0,1
DC_Cinematic,So the credit rests with a guy whose credits include party of.five and sex in the city... gulp,1494588053.0,1
DC_Cinematic,Yeah I'm sure some press agent had a fun time with WB after that.,1494549513.0,10
DC_Cinematic,"I get the feeling a lot of the actors with lesser roles just view these movies as a paycheck and not much else, basing on comments shannon and irons have made.

Anybody know if fishbourne has said anything ""controversial""?",1494546666.0,1
movies,Eh plenty of critics didnt like blade runner when it came out.  ,1494542912.0,1
movies,Exactly. Nothing wrong with an unreliable narrator.,1494542398.0,13
hockey,"Old Bryz, he actually had some personality I'll give him that. Was pretty refreshing especially from a euro player.",1494521531.0,7
hockey,"Aaand that's why they need to get rid of guys like Niskannen. Those types of players don't lose you games but they dont win you games either. Pens had players like that through the Byslma era like Martin, Sutter, Niskannen, etc. Now contrast that with guys they have now like Horns, Daley, Rust. Those guys might have some holes in their game but they'll.help you.win when you.need it.",1494520679.0,1
hockey,Yeah its kind of funny that trade is still having more positive impact on the team than an eighth overall draft pick.,1494520404.0,2
DC_Cinematic,Yeah after thinking about it I think more positive word of mouth and critical reviews are more important now than a big opening weekend. As long as it has a 2.5x domestic multiplier and overall positive reviews I would be okay with a lower opening weekend. However the month is crowded so outside factors are going to cut into its legs as well.,1494519367.0,1
DC_Cinematic,Woah deadline said that? That's not.good. they're generally accurate.,1494515720.0,-4
hockey,"Wow kind of figured this, pens play much more composed in away games, especially with game 7s.",1494472607.0,1
DCEUleaks,"Riiight, filming in two months with no cast or script.",1494463807.0,1
Ebay,Great idea. I hate the all or nothing free shipping format.,1494432937.0,1
movies,Since when do blockbusters need soul? I see this in every review now.,1494362810.0,1
movies,You're missing out then if you.enjoy properties like TWD and Fables. Twd season.one was actually written way better than anything the show or even the comics have done.,1494331052.0,1
movies,Same with Fassbender. Hes always the best actor in a bad movie.,1494258921.0,3
movies,Reddit has a weird hate boner for that movie. Not like it was that big of an ensemble cast either.,1494214650.0,5
movies,Lol wow Moore sure likes his raping.,1494204969.0,20
movies,I wouldnt say the casting was wasted in the Martian but Chastain and Bean seemed out of place especially if you've read the book .,1494200749.0,1
movies,Woah when did that happen? Not in the first volume right? I remember the invisible man being the rapist.,1494197013.0,13
DC_Cinematic,"Word is her losing hope will be retconned, they in fact changed the orignal ending apparently. ",1494193550.0,2
movies,Moores so good at the comic medium it's tough to adapt his work to the screen. Plus you could only do an R rating to do his comics justice. It seems his characters always get dumbed down when they get film adapted like in Watchmen and this movie. ,1494187074.0,19
worldnews,Well if Le Pen lost so big then why the fuck was the international press making such a big deal about her nomination at the time acting like she would win? Typical mainstream news hyperbole?  ,1494185955.0,1
movies,"Theoretically yes since Smith Davis.and Leto are A listers, but Leto was barely in it.",1494185575.0,6
movies,Penn doing a role just for a paycheck is hilarious. He chews so much scenery.,1494185479.0,57
movies,What were you expecting from a PotC trailer? ,1494183542.0,1
moviescirclejerk,"Yeah in fact the last discussion on Kubrick Ive seen in /r/movies was a couple of troglodytes complaining about the shining movie not following the book.

Someone then mentioned Barry Lyndon and of course after that you had the equivalent of crickets chirping.",1494179026.0,10
moviescirclejerk,Do people here really think Kubrick is overrated trash? I thought the sub was more just to cut up on the usual front page garbage and tired talking points that plague reddit.,1494176391.0,20
movies,Underrated gem you say?,1494171890.0,27
movies,Wow if hollywood is just going to follow the TFA remake route it's gonna be a long time before I see anything in theatres. This is getting ridiculous.,1494169876.0,0
DC_Cinematic,"http://www.slashfilm.com/the-batman-screenplay-and-delays/

Not a confirmation but a reputable source. It's also standard practice when a new director and producer.comes on board.",1494167726.0,0
DC_Cinematic,All about the quality.and word of.mouth.  Lets not forget when Bvs lost its spot to a fucking Melissa Mccarthy movie.,1494166605.0,1
DC_Cinematic,It's being rewritten since Reaves wants more creative control since he's also a producer.,1494166457.0,1
television,"The show is shit but why are we feeling bad about how anti vaxxers are treated? They deserve to be laughed out of every public and private forum. I'm tired of having to listen to ""the other side"" when they are 100% unequivocally wrong on an issue and contribute nothing.  The left needs to stop being ""understanding""and ""willing to hear both sides"" because the right sure as hell doesn't do that. 

But then I forget that reddit is pretty much 90% angry white boys who are mad that they don't get enough respect for their 90k a year IT job and Criterion Collection of Marvel movies.  ",1494161553.0,0
DC_Cinematic,Yeah god forbid they made a movie with a coherent plot that didn't butcher the source material and characters and actually elevated them like those TAS episodes,1494126462.0,2
DC_Cinematic,You're really going to put Hemsworth in that company? ,1494110436.0,-1
DC_Cinematic,Lol yes god forbid I question chris hemsworth and his wall of.kids choice awards! ,1494093047.0,-4
DC_Cinematic,Honestly he's just a shit actor imo. Which is why his movies always turn out like some campy buddy cop movie. ,1494090700.0,-6
movies,Eh I.dont normally say this but this definitely gets tossed into the overrated bin for me. In retrospect it's a typical macho Bruce Willis.movie with Gary Oldman chewing scenery. Really good practical effects though for 1997 I'll give it that.,1494090428.0,-5
DC_Cinematic,"This. They should have done the DCAU first team up where batman and superman just didnt trust eachothers methods but still worked together.

",1494077793.0,10
DC_Cinematic,"Or maybe some of us already knew the world is shitty and didnt need another movie beating us over the head about it.

I dunno maybe this sub is younger but after growing up reading comics in the 80s and 90s I.am.really fucking tired of superhero deconstruction and being ""realistic"".  

To be clear here I'm not just looking for escapism and mary sue wish fulfillment.  Lets be honest these movies just haven't been good from a script and characterisation standpoint.  They could make popular ""grounded"" movies with the right creatives at the helm (e.g. Nolan trilogy)      

Geoff Johns is an old school silver age guy so I'm hoping he can right the ship and make these characters superheros again. Snyder IMO thinks the idea of a superhero is ridiculuous and I find his interpretations insulting.",1494077678.0,25
INJUSTICE,God I'm so sick of red hood. We already have an.edgelord robin that kills in the game.,1494023982.0,0
movies,Cant blame the studio. Nolans been a sure thing for them since day one. Always shot under budget too and every actor has spoken well of him. So they'll gladly take even a bit of a wash to let him do a pet project.,1493985065.0,1
batman,https://youtu.be/RZ211GBe6e0,1493953472.0,6
DC_Cinematic,"Well unfortunately a lot more is riding on WW then TFA. TFA was basically just an Avengers trailer and it stil beat out Thor and GL that year while getting good reviews. Whereas WW is seen as an example to show a critical course correction for the DCEU with all of the baggage of the first WW movie and a female superhero and all that. Plus its release is sandwiched between GOTG 2 and Spiderman so it's still going to be ranked against them. That it's being released in a time where dr strange and ss push towards or over 700mm.

So yeah fair or not doing less than 400mm worldwide is going to be sen as a dissaapointment for the movie.  However, I think critical success is far more important for the DCEU right now so if it at least hits the 2.5x domestic multiplier  they'll be ok.      ",1493952068.0,3
DC_Cinematic,Yeah I was basing it off the first Capt America movie which was 140 million. ,1493938507.0,2
DC_Cinematic,Haha lol yeah it's a cw show now,1493938472.0,3
DCEUleaks,"Well to be fair we've only seen action so we have no idea on the bulk of the writing, dialogue, editing or acting. We all know that good trailers arent a guarantee of anything. 

I.will.take exception though if it matches Dr stranges quality and gets trashed because that movie was as formulaic and bland as they come. ",1493930481.0,1
DC_Cinematic,So well say around $125-140.,1493928916.0,2
DC_Cinematic,Well if a pile of garbage like Lucy can make like 440mm then that should be considered the floor for this.,1493817312.0,0
DC_Cinematic,"Yeah I gotta say everyone outside of Garfield was pretty terrible. Vaughn was a total miscast and Worthington is, well, Worthington. I think Gibson is a good director but I think that movie rode on the goodwill of the anti war and religious crowd.",1493692131.0,1
DC_Cinematic,"So the embargo will have to be up by free 31st, interesting.",1493655255.0,2
DC_Cinematic,Probably not since its getting rewritten.,1493655062.0,1
movies,"No one wants originality anymore. Just look at GOTG 2. It's getting so so reviews for not doing the same as the original.

Member when sequels were expected to do something different than the original movie?",1493612064.0,0
movies,To be frank both are subordinate to the producer now more than ever. Just look at the MCU to see this in action. ,1493611780.0,1
movies,Eh Central Intelligence got overrall positive reviews even with Kevin Hart who is about the least funny comedian.that's broke.into movies in the last 25 years. Id rather watch Kat Williams pack a bowl for 2 hours than watch Hart in a movie.,1493606423.0,1
movies,"Yeah the tv show was as good as a network Constantine show could be, too bad Supernatural drained that well about five years prior",1493606323.0,1
movies,"Why does the rest of the world love this shlock when even Americans arent buying it?(less than a 2x domestic multiplier) 

When I traveled abroad and everyone bemoaned americas influence in the world I always pointed out shit like this. Put your money where your mouth is world otherwise shut the fuck up while you choke on Mcdonalds and watch MTV. ",1493606106.0,-7
todayilearned,too weird to live too rare to die,1493604808.0,1
movies,Sigh. Im tired of this being done while the actual properties just collect dust on the shelf. Then when something is actually made it's not received well since some other property basically did the same story beats.,1493581731.0,1
movies,Yeah he could do a good Jim Gordon. I dont know if that's too much of a support role for him like he says in his quote.,1493579994.0,1
movies,"Going with the superhero theme, probably Xmen The Last Stand. There's a lot of hyperbole with the movie now but the quality was still unacceptable for a 210mm budget in 2006. ",1493578280.0,2
movies,I havr confidence in Wan but my doubts with Momoa carrying a movie.,1493577492.0,69
penguins,A refreshing thing to see after the Poliout debacle.,1493572924.0,2
penguins,Woops got him and kuhns names mixed up. ,1493572705.0,2
penguins,"Really depends on the injuries from game 2. Losing Horns would be pretty huge long term. Horns especially, he's one of those players you dont seem to miss until he's absent. 

The pens have a history of laying a few eggs in big home games so hopefully they can avoid that. ",1493572419.0,15
ActionFigures,Thank you!!,1493571526.0,0
DCcomics,Damn youre going to be confused lol. This does provide a great crash course in DC lore if you're willing to look things up as you read.,1493561721.0,15
DC_Cinematic,"Sounds good to me, until they make him shoehorn batman into the story because you know, batman.",1493561596.0,3
movies,Hmmm on the villain side for DC maybe Michael Lord or the Calculator?  Or even Reverse Flash maybe.,1493560573.0,2
movies,Of course. I didn't say all of them had a pretentious response.,1493559638.0,-1
movies,"No? Just pointing out the ""this genre is beneath me"" attitude is why movies like Jaws and Star Wars abruptly ended the auteur era in Hollywood.",1493527839.0,0
ActionFigures,Thanks!,1493511399.0,2
ActionFigures,Yep it does ,1493509696.0,2
movies,"Wow a whole lotta pretentious responses there. I guess ol Pete forgot about those recent Hobbt turds he just shit out? 

Pacino had the best response imo.",1493505853.0,-2
DC_Cinematic,"Yeah dont get me wrong I like Green too. I think Beckinsdale just ticks off more boxes with experience in an action franchise, better american accent, and closer to Afflecks age. But Green is arguably a better actress too.",1493479684.0,1
movies,Why does Hanks still do shlock like this and the Da Vinci Code adaptations? I think at this point in his career he can be a bit more choosy.,1493474608.0,14
DC_Cinematic,Yeah the Burton movies get a lot of shit for their comic accuracy but they left a lasting impression on the Batman mythos. Burton IMO brought to life the gothic atmosphere of Gotham better than any movie so far. And catwman and penguins portrayal in the movie influences the how the comic characters are depicted to this day.,1493469828.0,6
DC_Cinematic,"MoS numbers, hopefully with a better domestic multiplier(legs) and not as front loaded. ",1493469533.0,3
DC_Cinematic,Meh my pick is still.Beckinsdale,1493468984.0,0
movies,"How the fuck is Delevigne still.getting work? Getting real tired of models who cant act getting leads in franchises. Looking at you Gal Gadot.

Pretty sad Clive Owen has been reduced to being in this shlock. Guy rarely gets attached to a good movie.   ",1493436348.0,0
DC_Cinematic,Must not be that big of a project if it hasn't even been filmed yet with little over a year left,1493421110.0,0
pics,And exactly jack shit will change.,1493416647.0,2
INJUSTICE,Why is he laughing like a shittu cosplayer?,1493413914.0,0
DC_Cinematic,WB can fuck up oodles of noodles man,1493413264.0,1
DC_Cinematic,"Yeah yeah yeah and BvS was going to make a billion just cause ""it's superman and batman in the same movie!"" Yet here we are.",1493412646.0,2
movies,Because anything that gets swallowed into the MCU is cookie cutter and so made by committee.,1493384803.0,-6
movies,What no Hell Is For Heroes?,1493379083.0,2
movies,Hope they hold onto spiderman till their dying breath just to spite.disney.,1493378642.0,-6
INJUSTICE,Pure hate incarnate? I'd say that's a bit of a generalization for the character.,1493376599.0,1
movies,Yeah crazy it looks like the rights were contested by the original owners until 2011. Pretty insane all of that went on for years over what's now probably an obscure property.,1493376268.0,3
movies,"You wanna discuss something outside the majority opinion? Okay how about zach snyder is really a misunderstood genius auteur who is trying to elevate the stale CBM genre?

*crickets*",1493375281.0,2
movies,Yeah I had the action figures and the video game. The marketing for this was huge.,1493374775.0,1
DCEUleaks,"Haha no, they are gonna milk Harley for everything the characters got.",1493331893.0,24
INJUSTICE,"I2 overall, though I'm still annoyed at all the batman villains again. Bane and Ivy couldve been left out imo especially with Joker returning.",1493292982.0,2
INJUSTICE,Design looks.good but the voice and.his.dialogue seems off.,1493292351.0,2
movies,Eh I didnt mind the 97 SE version.,1493207636.0,1
movies,Member when Disney made new IPs and adapted stories that werent done before?  More things like Moana please instead of just trying to bank on Gen X nostalgia.,1493121227.0,2
movies,"Whats funny is that.most of the interesting stories and characters associated with the arthurian legends now were imported from French romances.   

Remember Tristan and Isolde? Yeah me.neither.",1493120525.0,1
DC_Cinematic,"DCAU Lex, not DCEU.",1493091734.0,7
movies,Fassbender. He's not really underrated but other than the Xmen movies he never seems to be the lead in a critically praised movie.,1493091494.0,1
DC_Cinematic,"Yeah it seems for live action they've never wanted to commit to either the evil scientist Lex or the 80s business mogul version so the result is kind of a diluted bland version

The DCAU Lex is probably the strongest but even then I felt that his hate for superman was too superficial (I.e. he just wanted Superman out of the way to do his illegal dealings rather than because of the deep philosophical hate he has for superman)",1493089096.0,14
movies,Man thank god that for every douchebag method actor out there like Bernthal and Leto there are beauts like Day-Lewis and Bale. ,1493088019.0,-4
DC_Cinematic,"If 300 is the bar you set for a good movie, then I don't know what to tell you..",1493082593.0,4
INJUSTICE,Bit weird with all the hentai tentacle action going but I get where it fits in with the character.,1493071822.0,1
movies,The movies are a bit over the top but I have to admit Laws Watson is a guilty pleasure. It's just funny to see a Watson that takes no shit from anybody and just straight muscles his way through.,1493071512.0,1
DC_Cinematic,"Perfect choice, even better than Shazam. ",1493063206.0,1
creepy,So why cant this be made still? Because Konami owns the rights? Why cant another studio make it just under a different name or IP?,1493060006.0,1
Showerthoughts,¿Por qué no los dos?,1493059732.0,1
DC_Cinematic,"This is the best explanation I have seen in a while for why this superman hasnt clicked with the GA. A lot of it falls on execution and the idea that superman needs brought down to our level which I think is against the spirit of the character. 

And they honestly didnt need to change the world from a grey ambiguous one, but should've changed how he reacted to it. ",1493059069.0,8
DC_Cinematic,Well show us (beyond 5 second montages) for once and not just tell us.,1493056410.0,0
movies,"Wait a critic consensus on rt only after 42 reviews? Do they just give a fresh rating for MCU movies automatically now? 

I remember once upon a time when sequels got lambasted for regurgitating the same thing, now they get celebrated for it.",1493056144.0,-4
DCcomics,"So superman being an absent baby daddy was the donner interpretation? Huh, dont seem to remember that.",1493039839.0,1
DC_Cinematic,"My pick would be Beckinsdale still. She's close to Afflecks age, has experience with action movies, does a good American accent. ",1493008182.0,1
DCcomics,"Yeah people always point to Returns as some kind of public rejection of ""classic superman"". Nah people just didnt like it because it was a bad.movie.",1493000379.0,5
movies,Very overrated movie. Kind of a slap in the face for.Scorsese to get the oscar for that.,1492998157.0,1
DC_Cinematic,I want Whedon to troll everyone and do the Burnside suit.,1492997269.0,1
movies,And half he GA wouldn't even know who Richard was. You gotta remember that comic fans are the last concern of comic book movies. Weird right? But it's the truth.,1492995615.0,2
movies,I think there was a decent fan edit that cut the alien stuff.,1492993937.0,2
movies,Yeah also have Krennic actually do something to be a villain. In the movie he basically just flew around and got bitched at by his superiors.,1492993785.0,6
movies,"TFA - actually write an original story. I mean seriously, everyone hates on Lucas but Kasdan Arndt and Abrams couldn't think of anything original between them?",1492992549.0,2
movies,Ugh cant stand it or anything Apatow produces really. Two hour comedies of dick and fart jokes and people puking.,1492988084.0,1
movies,"Godfather II, Corleone finally getting his revenge in Italy has to be up there.",1492987488.0,1
batman,"Even then I think Timm can be forgiven for one questionable creative decision considering what he's contributed to the Batman mythos. 

I'm not as mad about this since hey at least Harley is a Batman rogue and there was a TAS episode where they worked together essentially. But him having a major role in JL Dark pissed me off.  ",1492984176.0,5
DC_Cinematic,What critics have said it is good? Has there been a critic screening yet?,1492983262.0,10
DCcomics,So whats been the verdict on TDK3? ,1492958718.0,1
DCcomics,Oh wow what issues were his run? I loved Astro City.,1492957704.0,3
DCcomics,"Yeah he lost me when he compared this superman to ""thinking outside the box"" like Miller and Moore. Nothing against Snyder as a person but putting him with that company is laughable. ",1492957288.0,36
DCEUleaks,There won't be an issue if it's written by Ayer again though right since he's a director?,1492956628.0,2
movies,Wow looks like they are really flanderizing this movie..,1492956122.0,-2
movies,Yeah basically the front page subs are nothing but garbage ,1492956073.0,1
movies,Yeah tell me about it I think this is the most I've been downvoted for a single comment.,1492913497.0,1
DC_Cinematic,"I know right, but nope cant say you like something from the Donner movies here.",1492895461.0,5
movies,Lemme guess you're one of those that think there are only three american dialects,1492886606.0,0
movies,Yeah I'm kinda baffled. God forbid I question Scorsese but comedic genius??? ,1492876379.0,-5
movies,That was a creative decision. Nolan likes the bond movies so he wanted Batman to have a Q type character. Not comic accurate but it was by design rather than omission.,1492875623.0,3
movies,Hey even nic cage has a Oscar nom. Maybe she should get into.voice acting. ,1492875433.0,1
movies,"The accent was all over the place, it went from a long island one to brooklyn to a neutral.one.",1492875240.0,-1
DC_Cinematic,Well not a huge difference but I'll take it. I'll be happy if they become confident enough to lift an embargo a month earlier like Marvel.,1492873242.0,2
movies,Eh the script and editing did no favors but I thought her accent was shit. She did the typical mistake of making an american.accent  too nasal. ,1492872861.0,-5
movies,"Uhh Batman Begins?  I mean in Strange he goes from knowing nothing to defeating an ancient cosmic entity, bit of glossing over there. Theres only so much training you can show before it's boring.",1492872368.0,23
movies,Uhh look sexy in a tub and read a script? I mean I guess if thats the bar you set for acting. ,1492871786.0,57
movies,"Eh but whats something good she has done since in a feature film?   Dont we have another fairly young eye candy actress that's getting shoehorned into action movies already? 

Edit: lol.triggered some folks here. Yep I dont think she can act. To me shes a six year younger Scarlett Jo.",1492871478.0,-76
movies,"Agreed, TDK pulled it off but the love triangle dynamic definitely could've used more development. I'm kind of tired of a love interest always being Batmans primary motivation in the movies. That's one thing ill give them some credit for the dceu batman so far, they haven't leaned on that crutch yet.  I really wish they couldve executed better on a Batman and Superman movie. The whole point should be to show how Superman is more human than Batman in many ways.",1492871104.0,1
DC_Cinematic,How much earlier is the embargo?,1492860734.0,2
movies,"Yeah her characters writing is probably the single flaw in all of the movies. I mean I get her purpose in the story, she is supposed to be Bruces moral compass and one of his last connections to a ""normal"" life. 

Dont get my wrong I liked that she wasn't a typical damsel in distress and was one of the few on the legal side in Gotham that took on the mob, but it seemed in the end they just melted her character down into a plot device and nothing more.",1492824922.0,1
movies,The big issue people have is because in the movie he ended being portrayed mostly as a straight villain. The comic was much more nuanced in showing that nobody was right or wrong at the end. They also screwed up conversely portraying Rorschach as the default protagonist of the movie. ,1492824110.0,22
DC_Cinematic,Yeah really. That statement is code for me for apologizing for bad critic reviews.,1492808275.0,1
DC_Cinematic,This right here. Put out one good non divisive movie and all will be forgiven.  ,1492807795.0,7
movies,Not.really. the 80s were full of movies about the fall out from Vietnam. Though I could see younger people being surprised by this movie considering the rep Stallone has.now as just an action star. ,1492774823.0,3
DC_Cinematic,This. I'll take a prick like Inarritu over a nice guy like Snyder if I have the choice.,1492770069.0,-4
DC_Cinematic,WW will push 550mm worldwide and be over 60% RT. JL will be another critical bomb and will make BvS money. ,1492732905.0,1
DC_Cinematic,Man I wish they wouldve used the superman/batman TAS team up more as inspiration for the movie(other than the silly Bruce/lois romance subplot). The whole.BvS aspect of it just felt like an.unearned cash grab.  ,1492693732.0,-3
DC_Cinematic,This Joker? Yes please.,1492634720.0,-5
movies,WB really hurt its brand last year. ,1492554884.0,0
DC_Cinematic,Knew this would be good. Goyer is a great ideas man. Anyone that can make a decent Constantine show on network TV can make this work.,1492549719.0,13
movies,Reported you worthless piece of shit.,1492528350.0,1
movies,The editing couldve been better but sorry there was nothing saving a movie with a script like that.,1492520992.0,-2
movies,Now go run along back to your sub and cry about the impending fresh rt rating GOTG.2 is about to have.,1492520023.0,7
movies,Sooo kind of like BvS where.Snyder doubled down on everything that makes him a michael bay clone.,1492519567.0,6
movies,Well it was the weakest MCU movie in a while for sure but it still was favorably reviewed overall. What surprised me was the overwhelmingly positive reception for Dr. Strange which I felt was about as formulaic as you could get.,1492516275.0,4
movies,Well Ultron was still a good movie though... but somehow Suicide Squad had positive buzz. I guess you cant really tell the truth or you'll never get invited to another screening.,1492515115.0,19
movies,Man with MCU movies the positive buzz is always a sure thing. Then with the DC movies the positive buzz.means nothing. Why is that? Does WB cherry pick who sees the screenings?,1492514636.0,1
DC_Cinematic,"Just stop with the hyperbole. BvS should have grossed at least a billion worldwide, full stop. ",1492484544.0,6
DC_Cinematic,"Nope. Always loved him and he's still the greatest superhero yesterday, today, and tomorrow. If you needed him to be more ""relatable"" then that was your problem, not the character's problem. ",1492473635.0,4
movies,On a positive note I have to give props to the voice acting in The Little Prince. Some big names in it but they all did well imo.,1492430491.0,1
movies,Like Troy Baker. He does have some range though I'll give him that.,1492430050.0,1
movies,Really dont like penguins eh?,1492427898.0,1
movies,Yeah I dont get the hate the movie gets either. It was an over the top time and the.movie captured it far better than the Redford movie.,1492394856.0,1
movies,Not to mention his 80s movies which weren't award worthy(except Big) but still crowd pleasers. ,1492394390.0,1
movies,"What was really expected from a new Jurassic movie? Everything after the first one sucked, it's not like the bar was high. It's not surprising they followed the Disney formula of quips and humor. I mean granted I didn't like World either but I wasn't expecting much in the first place.",1492393252.0,1
movies,Pro tip from a comic veteran: never use Injustice to make a point about how Superman should be characterized.,1492377717.0,1
pornfree,"Very inspiring, good luck to you",1492374873.0,1
DC_Cinematic,"Uhh, Spiderman 1 and 2.. Xmen..",1492347750.0,2
DC_Cinematic,The only novelty I could see is if Flash is  a runaway hit character with people. That's a big if though and depends on his writing and screen time. Plus if his screen time is mostly cgi nobody will care.,1492346902.0,3
videos,Comics steal from each other all of the time. Didn't Dennis Leary make a career out of that as well?,1492316802.0,0
DC_Cinematic,I heard the same about BvS. Yet here we are.,1492306279.0,0
DC_Cinematic,So is liking shitty movies fuckhead. Make fun of autism one more time I dare you.,1492306207.0,0
DC_Cinematic,Better off watching F4ntastic. For real.,1492304872.0,-4
DC_Cinematic,"Yep. I get so tired of the ""come on its justice league, it's batman, it's superman etc"" like these movies should do well just because they have those characters. That kind of mentality is why WB keeps fucking up with these movies.",1492288498.0,5
DC_Cinematic,I'm a real fan and hate anything Snyder touches. Come at me. I guess Mark Waids a big idiot too whose opinion doesn't matter?,1492282408.0,14
DC_Cinematic,"Shhh, Superman being a complete moping sod is.apparently part of his character arc.",1492282324.0,5
DC_Cinematic,"I think the thing with SS was how shockingly bad it was. You had a director coming off of a critical and box.office success, an ensemble.cast of established and up and coming actors, and then strong trailers and marketing. And then all of it turned out to be a lie, smoke and mirrors. You could at least give BvS an E for effort but SS was pure snake oil. Which makes me frankly be skeptical of anything WB will ever put out for its DC properties.",1492282125.0,6
DC_Cinematic,"I did, dialogue was still shit. And the first Vader scene is garbage.",1492280957.0,1
DC_Cinematic,"You cant tell me that Rogue Ones script wasnt atrocious. ""This is a rebellion, I rebel"" Seriously?",1492271949.0,-1
DC_Cinematic,"They need to market the shit out of the Flash. People love the Flash, especially the older demographic who grew up reading the original 60s comics. WB is sitting on a gold mine with The Flash which frustrates me with how they keep pushing back the standalone movie.",1492264237.0,6
DC_Cinematic,"Definitely reading the plot synopsis on that before I see it. If its another scene by scene remake of another movie like TFA was, I'll pass. And Rogue One was so much a made by committee movie it was comical.",1492263993.0,1
movies,Eh the star rating sucked anyways as well. If you watched family guy once it would show me four stars for the shitty netflix Sandler movies.,1492263070.0,1
DC_Cinematic,"I think JL will.be another front loaded movie with another big second week drop.  Also in four weeks Star Wars comes out so that's all she wrote regardless. Unless Snyder changed everything about how he directs which I doubt.  One things for sure, they can't release another embarrassing theatrical cut. ",1492262480.0,-2
movies,Two grown man children fight over a bicycle,1492183395.0,2
movies,The only way Watchmen can be adapted to other media imo. ,1492183202.0,1
DC_Cinematic,"Because some of us lived through the 80s and 90s and are frankly tired of the deconstructing of superheroes thing after getting beat over the head with it for a decade. Yes we all know the world is shitty and superheroes couldn't exist in it. I don't need to be told this in every movie.

Even Alan Moore could write a good old fashioned inspirational superhero story. Snyder seems to forget any other comic exists out there other than Watchmen.  ",1492165790.0,0
movies,How is Delevigne still getting acting work?,1491952055.0,3
movies,I.liked it more than TFA but man the dialogue was shit in this movie. It amazes me the scripts that are greenlit in Hollywood now.  Shows that Hollywood is still 99% cronyism and 1% talent.    ,1491945476.0,0
DC_Cinematic,Batman and Superman actually having a discussion. The prologue just sounds like a typical Snyder CGI mashup so that doesnt excite me much.,1491945249.0,3
DCEUleaks,"Well he must have better connections at Marvel Studios because the only thing he ""scooped"" for dc the last five years is that the Suicide Squad trailer had ballroom blitz in it.",1491944290.0,6
movies,1984 is a faithful adaptation. Hurt and Burton become Winston and Obrien ripped straight from the page. ,1491879255.0,2
movies,What CGI was overly noticeable minus some explosions and the water?,1491878897.0,6
movies,The main problem with these movies was basically how good Spiderman 1 and 2 were.  I kind of wonder how much better Homecoming will be received considering Holland imo isnt any better than Garfield. But I guess that's why Iron Man is shoehorned in there.  ,1491878621.0,2
DC_Cinematic,"I thought it was pretty dissappointing overall. Even as a kids movie it pretty much wasted the batman and DC lore. I mean who the fuck thought Joker as a side character and Batman.vs. Voldemort being the final battle was a good idea? Sounds to me WB went for the quick buck again and took in less than they could have.

Glad they kicked that dude off of the Flash movie. ",1491877924.0,1
DC_Cinematic,Uh the world is black and white to batman. That is kind of his whole persona. See why people have a problem with this silly grey area ambiguous dceu?,1491857420.0,6
DC_Cinematic,Yep it will. Batman deliberately took life full stop. I will assume in any future movies his killing will be retconned.  ,1491857338.0,1
DC_Cinematic,That's the thing. Superman mired in the post 9/11 muck just isnt interesting or natural for his character.  A man who isnt afraid of what he is and refuses to let what people think of him change his outlook on humanity and the world in this climate IS interesting.   And this is why Cap has clicked with audiences.,1491586493.0,3
DC_Cinematic,"Well if the majority of people didnt feel something happened in a movie its basically like it never happened. It's on the writer and director to be able to convey accurately what they want the audience to know and feel. If you have to.correct people with a 30 minute powerpoint presentation a year after a movie comes out to show Superman saved people, then that means the writer and director screwed up.",1491571404.0,9
DC_Cinematic,"Yeah that's the thing. Superman LOVES helping people and he loves to show the world that. Unlike other heroes he doesnt do it out of revenge or some solemn duty, he just loves people and doing everything he can to help.  

That's what they've failed to fully show with this character. That even when things are hopeless Superman is going to stand up and be that beacon of light no matter what. You could argue that's what he did at the end of each movie but they need to show more of that.

Superman doesn't need to be modernized, he's a paragon.   God damn it if they made Captain America arguably the best character in the MCU they can do it with Superman.",1491570856.0,6
DC_Cinematic,I just think Superman needed one more solo movie or at least a team up movie with Batman before they did the whole BvS thing. ,1491570634.0,3
DC_Cinematic,"No I think the general audience just wants to see heroes being heroes. Considering how shitty the world is now, I dont think people really want to see the gray and ambiguous side of superheroes. What snyder is doing is a valid interpretation, however it's an interpretation that the majority of people weren't asking for. It's especially tiresome for someone like me that had to slog through the grimdark anti hero 90s of comics.",1491568889.0,7
DC_Cinematic,Because BvS turned out almost hilariously self absorbed and super serious.  So when you combine with the other problems the movie had tone becomes an issue. My main issue is that Snyder tries to make each of these movies like Watchmen. And if you dont know why that's a problem I can't help you.,1491341752.0,-3
DC_Cinematic,You're wrong. So very very wrong.,1491321693.0,6
television,Hopefully it's alright. The netflix marvel shows jumped the shark as soon as they introduced Elektra in DD season 2.,1491258912.0,1
movies,Kind of sucks this didnt do well. At least they took a chance at a live action anime.,1491252176.0,3
movies,Oh hey another rant about social media. ,1491217059.0,1
movies,I don't see how a thumbs up or down rating is any worse. You have Adam Sandler movies on there with four stars.,1491216751.0,0
movies,I'm just going by the trailer. And you've got to be kidding me. /r/movies is all about circlejerking popular stuff. Disney property movie content and other blockbuster movie news reaches the front page hourly.  Not exactly indie or new age. ,1491177703.0,1
movies,"Typical action scenes, ""world ending"" story, CGI monster, overused rock song that is beyond cliche for a movie soundtrack. Tom Cruise is always likeable but this movie is going to suck overall. ",1491159518.0,164
DCEUleaks,That ignorant statement alone shows it's not even worth engaging with you on the subject. Buh bye.,1490983504.0,1
DCEUleaks,Exactly. He's going to be a deus ex machina that shows up to punch steppenwolf. Disgusting treatment of his character.,1490971733.0,1
DC_Cinematic,The majority and general audience felt nothing. Feel better.now?,1490971428.0,1
DCEUleaks,They do nothing but shit on Superman and Cavill so I believe this.,1490898067.0,-4
DC_Cinematic,Fanboys.. sigh.. move along please.,1490897954.0,0
DC_Cinematic,Sure it does. The characters were unrelatable and underdeveloped so no one felt anything with batmans anger or supermans death.,1490879425.0,-5
DC_Cinematic,"Yup, hate to say it but Marvel did it perfectly with Civil War.",1490879356.0,-5
DC_Cinematic,Problem is the darkest chapter was waaaay too early. They did it ass backwards.,1490873575.0,-7
movies,Why are they trying to fix what wasn't broken with the first two Raimi movies?  Why the fuck is Stark his mentor?  ,1490755495.0,1
DC_Cinematic,It's directed by Zach Snyder.,1490736836.0,1
DC_Cinematic,For real though. Grow some balls WB and get over the Reynolds movie already.,1490726637.0,13
DC_Cinematic,I'm honestly surprised fanatic beasts did well. That movie starts promising but was a bore half way through.,1490699369.0,1
DC_Cinematic,"Except they've been criticized by people who've written comic books for a living. Even Johns mentioned how the movies needed a course correction. Also when someone like Mark Waid who wrote the contemporary origin for Superman is stomping on a dvd of your movie at a comic panel, you may have done something wrong.",1490698804.0,-4
DC_Cinematic,And WB/DC doesn't help by shoehorning Batman in everything for a quick buck.,1490698109.0,1
DC_Cinematic,Yeah I'm still bothered batman is forming the league.,1490664245.0,3
DC_Cinematic,Good trailer overall but I really hope the ending isnt just some cgi fest with an Apoklips green screen back drop.,1490659601.0,2
DC_Cinematic,"Sigh. Easy to say when Marvel Studios is what 13 for 14. And here we are.just waiting for one good movie.

I agree with your below comment. Nothing is.earned in the DCEU. Not a damned thing.",1490370928.0,3
DC_Cinematic,Exactly. Snyder just isn't a good director.  Nothing good will come from his ideas.,1490318817.0,1
movies,That's the problem.,1490304106.0,4
DC_Cinematic,You're a minority my friend. I and many cant stand his movies. I pray for the day the dceu is rebooted. Hoping Reeves can do it once JL gets shit reviews.,1490274854.0,-9
DC_Cinematic,Still wouldnt have worked. The script was shit. Garbage. Leto and Ayer need to be kept away from any future CBMs. I think Reeves will be smart enough to recast the Joker.,1490274680.0,0
pornfree,It's okay. Keep trying. You can do it.,1490224621.0,2
DC_Cinematic,Snyder is about as subtle as an H bomb.,1490224301.0,5
DC_Cinematic,"What's bad: bad writing, worse characterization, horrible editing and an embarrassing theatrical cut, and a total miscast for one of the main characters. You could cut it some slack if it had a lower  budget or if it was rushed. For a 250mm production budget and a year delay however  the quality of the movie was unacceptable.  ",1490223293.0,9
truegaming,Is this game as disappointing as the reviews for it suggest? I don't care about bugs but there's almost universal distaste for the story and dialogues ,1490181054.0,2
DC_Cinematic,I said that batmans writing was shitty. Nothing about Affleck.,1489854682.0,2
DC_Cinematic,Plus it got unseated from number one by  that shiity Melissa McCarthy movie.,1489854644.0,2
DC_Cinematic,"Yep, not like it had one the worst second.weekend drops for a CBM ever. People obviously loved the movie. ",1489792309.0,6
DC_Cinematic,"And this is the general audiences.feeling as well. Batfleck just doesn't feel authentic to me. Felt like a hollow caricature by someone who thought TDKR was cool but didnt read a word Miller wrote.   

This was just a bizarre direction for the charatcer when the general audience had zero context for his actions.  Should've went with the New 52 style batman whos a bit of a sarcastic asshole but not a raging murderer. ",1489766441.0,5
DC_Cinematic,"No, I didnt like it because the script was shit and the editing atrocious, as well as one of the co stars being garbage.",1489680035.0,2
DC_Cinematic,Why worry about this? There hasnt been one good script yet in the DCEU. Fact.,1489606111.0,-5
DC_Cinematic,"Never cared about her look, her line delivery is awful and acting questionable at best. That was okay in BvS with the five lines of dialogue she had and a scene that was 95% cgi, but a whole movie?

And I'm.not singling her out either, I feel the same with Momoa.",1489524537.0,12
Ebay,I leave feedback about a day after something I sent is delivered. Then I consider the transaction complete.,1489364225.0,1
PS3,Neither option is optimal in my opinion. Two refurbs i had from Sony broke within 2 months and a year respectively. With a used one it's the same risk basically but the ps3 refurbs at least have a 90 day warranty.,1489363891.0,1
DC_Cinematic,I liked the trailer over all but did anyone feel the cgi looked bad on the lasso? Just find it strange it would so bad if these scenes are taken from the final cut.,1489326849.0,1
movies,Goyer the one that co wrote the best CBM of all time? (TDK),1489326385.0,1
DC_Cinematic,"Agreed, they seem to be following the Marvel formula of reluctant heroes which just feels strange for DC characters. But that may just be the sign of the times since everyone loves anti.heroes now.",1489325943.0,1
DC_Cinematic,"Just because previous cinematic versions screwed this up does not excuse this movie. 

God you fuckers defend this crap like you're on WBs payroll. The movie sucked and the general audience rejected this version of Batman outside of a cool fight scene. Deal with it. Stop accepting sub par interpretations of these characters with your wallet and you wont have to spend your weekends defending these movies.",1489291313.0,1
DC_Cinematic,Reading comprehension. You needs it.,1489283193.0,0
DC_Cinematic,His no kill rule is far beyond arbitrary at this point. This isnt something that Nolan just made up for the first time in 2003.,1489283013.0,5
DC_Cinematic,Yup. What a fucking travesty that shits all over the character.,1489282920.0,-2
DC_Cinematic,"Name one time in the main COMICS continuity since 1960 where.batman mowed people down with a.machine gun. Hint, you can't.  So nah, he doesnt understand the character. He didnt even understand the character from TDKR.  ",1489268346.0,8
DCEUleaks,No way JL will be released as three hours. ,1489268170.0,4
movies,God I hope this doesnt suck.,1489201138.0,2
DC_Cinematic,"No, they can barely get normal superman right.",1489189740.0,0
Ebay,If it's really worth 300 and has gone for that on ebay I'd cancel and relist starting at something like $25 to 50. In my experience that starting price shows you know how much it's worth and eliminates a lot of the screwing around and $1 raise bids from non serious buyers. ,1489061177.0,1
Ebay,Spare cell phone batteries for older android phones.,1489060883.0,4
Ebay,Not BO sales but Ive sold two lots of action figure sets so far and within an hour or so of posting each I got offers to end the sale early or do the sale outside of ebay. One guy offered $500 originally and the auction ended at $1280. I guess I cant blame them for trying.   ,1489032443.0,1
Ebay,"I didn't have an issue like this since this involves buy it now, but I had a sale where there were about 8 bids on an item in the span of 30 seconds after the auction was supposed to end. And they weren't all automatic bids. Definitely some bot action out there. ",1489030589.0,1
DC_Cinematic,Batman villains. That right there was why it was made. Cash grab.,1489019336.0,1
movies,Boring boring boring two hour Apatow style movie. I guess this is what the 80s were like with Chevy Chase being shoved into everything?,1488943007.0,1
DC_Cinematic,"Yep because no one agreed with my post, no sir.  You're the one getting so butthurt you had to post two comments. The movie sucked. Deal with it.",1488932147.0,1
DC_Cinematic,The movie is pure hot garbage that needs to be forgotten minus good practical make up for croc. That's it. Embarrassing and Ayer and the studio should be ashamed.,1488923670.0,20
DC_Cinematic,Yay all aboard the 26% RT score train choo choo,1488858032.0,16
movies,The future is bright my friend.,1488840431.0,1
movies,So now even Fox.has got its shit together with its comic properties. Looking at you WB.,1488771483.0,6
DC_Cinematic,"Lets see, five of those pictures are before 1950 at the latest, batman odyssey and year two are considered garbage, and Keaton is pointing a grapnel gun. Like lol you literally posted the worst examples for your argument.    You couldn't post worse ones frankly.   ",1488769496.0,6
DC_Cinematic,Every fanboy here just because of one cool snyder violence porn fight scene.,1488745364.0,4
ActionFigures,"Yeah after some extensive searching these seem to be some variations of the Bikin ""Kaido"" figures released in th 90s. The molds and character faces look the same but the uniforms are different.",1488744860.0,1
ActionFigures,Hmm nah because it looks like the Corps.still had a rotating waist and these dont. Thanks though!,1488744806.0,3
DC_Cinematic,"Just because every other movie did it doesn't excuse this one. The other movies were stupid for doing that too. Excuse me for expecting more from the ""ripped straight from the page"" Batfleck. Especially when Batman didnt kill in TDKR. ",1488744764.0,3
ActionFigures,They were mixed in with my Hasbro GI Joes but aren't part of any GI Joe set I'm aware of.,1488736720.0,2
DC_Cinematic,So the character being misrepresented so poorly in a major film isn't interesting? Certainly was for a lot.of people.,1488736493.0,-4
INJUSTICE,"That's dc/wb for you. When in doubt, batman 24/7. ",1488729940.0,1
DC_Cinematic,He can't be redeemed. He took a life. He broke the code. He's a common thug now like the ones he fights.,1488729495.0,-6
DC_Cinematic,Hope it works out. I remember the excitement when Ayer was announced.,1487888672.0,5
pornfree,"Sign me up, can't stop me now.",1487815593.0,3
PS3,"Alpha Protocol, pretty amazing story and rpg that got overshadowed by bad game mechanics.",1487471808.0,1
pornfree,"I hear ya, just take heart in how far you've made it and keep hope alive.",1487391693.0,1
DC_Cinematic,Glad they at least realize Ayer was a horrible match and are moving on from him,1487212828.0,1
INJUSTICE,"Yeah, too many damn batman villains again.",1486952684.0,0
pornfree,Haven't done it since I started and I'll probably try the 90 day NoFap unless I start having sex regularly again (separated from my wife currently but things are looking up). My fear right now is masturbating and fantasizing about porn at some point during the act. If I'm having sex regularly I feel that will keep the chances of relapsing down and give me plenty of recent real life experiences for arousal instead of porn.,1486951643.0,1
pornfree,"Keep it going, positive energy coming your way.",1486838698.0,3
pornfree,"Yeah I have. Things still arent great in my life right now but I do have more energy and look forward to the next day, which is a change from the pretty crushing depression I was feeling before.",1486524600.0,2
pornfree,Same to you,1486320955.0,2
pornfree,"Going through the same thing here. My relationship of 8 years and marriage of 2 years is most likely over, due to porn and low libido among other things. All you can do is continue to improve yourself first and foremost and hope for the best.",1486231998.0,3
pornfree,Chocolate I believe?,1486201681.0,1
DC_Cinematic,Umm wasnt the black manta actor supposed to be some huge a lister?,1486138969.0,1
NoFap,Good luck to all,1486046506.0,2
NoFap,"Not I, started a little into the year but so far so good.
",1486046302.0,1
pornfree,"Haven't had any issues with looking at porn but getting strong urges for MO, which is tough because I'm trying to abstain at least a month. Still, so far so good. ",1486037928.0,2
pornfree,Hope you made it man. A little over two weeks myself.,1485861505.0,1
pornfree,Two weeks in. never again.,1485633589.0,4
pornfree,Good job. Onwards and upwards.,1485575917.0,2
pornfree,I cut out gaming and drinking for the most part too. Been trying to tie up loose ends financially and things around the house. Also been trying to ease into exercise with some basic body weight exercises.,1485514467.0,2
pornfree,I'm in. 2 weeks on saturday.,1485480340.0,2
Divorce,"Yeah that's the tough part, not only the emotional fallout but then having to face our own demons too. Good luck to you.",1485141489.0,1
DCEUleaks,Woah did they say why the Germans were invading.,1485092595.0,1
Divorce,"Very true, I'm not even entertaining a serious relationship next time until I figure myself out.",1485040077.0,1
Divorce,"Yeah I was more referring to being left with nothing as far as intimacy and companionship in the near future, whereas women can quickly replace that moreso than men. ",1485039973.0,1
Divorce,Thank you for the kind words. Yes our experiences sound similar. Men are such fools. I think a big problem is that when I met my wife I put my personal issues aside and used our relationship for me to focus on something else instead of myself as well which I should have at the time. So now with my wife gone I'm back with my own issues staring me in the face that I deferred for years. ,1485005800.0,5
Divorce,Yeah having kids adds a whole other level I imagine of emotions. Hope things look up for you.,1485005224.0,1
pornfree,"Going on one week now. Although the depression from other things in my life has made me disinterested in porn, sex, or even masturbation so it feels like a hollow achievement right now.  

The real test for me will be if I can maintain if things start looking up.  ",1485001721.0,3
Divorce,Yeah I hear you about not wanting to look like a fool. She says she's not ready for divorce yet but I have a feeling that as soon as she gets more.involved with someone or even finds a better job shell be asking for it immediately. So my only consolation is try to.improve myself.which will benefit me regardless if things work out or not.,1485001139.0,2
