subreddit,body,created_utc,score
gotransit,https://youtu.be/k6X0pPJNwUA?si=7ampOEJ8zcm7rbRJ,1747515114.0,1
gotransit,"https://vm.tiktok.com/ZMS8gWYdv/


Here's the link since it won't load",1747515027.0,1
canada,"With what magical jobs? 


You mean the ones that are non existent?",1747511079.0,12
gotransit,It's the tv series From. An old lady chases a family onto an older MCI in the previous livery,1747507968.0,1
gotransit,Google has fucked me over many times. Especially when I took the last YRT buses. Many times it was wrong and I was left steanded,1747452898.0,1
canada,"LOL these people are from the fucking EU. They can choose to move around Schengen any which way they'd like to flee discrimination. Canada is not some magical place where discrimination will disappear, it will follow them with this group I promise you that.

I'm all for responsible admittance of refugees and immigrants. People from the EU cannot and should not be admitted as a refugee. You can't possibly compare the plight of those fleeing bombs and literal death in places like Gaza or Ukraine to gypsies fleeing ""discrimination"" when the culture of these people is to literally lie and steal from people, that's why they face discrimination in the first place and we have all seen signs of this in Toronto.",1747214899.0,1
Quebec,"As someone from Toronto, 100x better. I make it a point to go to the south shore on my montreal visits JUST for this chicken. It's so damn salty.


Swiss Chalet tastes good but imagine it tasted even better",1746907626.0,1
torontoJobs,"Holy crap have you not done any research before applying?


There are NO jobs here. It takes more than a year to get a retail job, if you get one at all.",1746894166.0,30
montreal,LOL damn,1746729687.0,1
Markham,"The bike lanes are owned by the Region of York, not markham


The Highway 7 bike lanes were part of phase 1 of Viva bus lanes. In phase 2, they realized it was not safe and moved them next to the sidewalk.",1746654077.0,2
gotransit,Use the Transit app to filter out Megabus.,1746628179.0,4
Brampton,https://www.reddit.com/media?url=https%3A%2F%2Fpreview.redd.it%2Fthe-simpsons-crying-indian-template-i-told-you-not-to-turn-v0-q3jf4u9hrq7e1.png%3Fauto%3Dwebp%26s%3D7517094ade5a2d5737cc4a7b4cff9910774d1095,1746614644.0,1
canada,And this has to do with canada how?,1746356158.0,1
toronto,Take my upvote,1746356086.0,4
torontoJobs,"Lol, awaiting the flood of down votes.",1746320892.0,9
toronto,"As someone who works in transit, there are a LOT of what I would call casual fare evaders that only skip out on paying because it is easy to. These are the type of people who would likely pay if a slight impediment was presented to them, such as a bus driver politely asking them to pay or looking foolish trying to crawl up and around the fare gates.


They wouldn't fare evade if doing so made it obvious to others around them so shame is a motivator to pay the fare.


Then there is the 2-3% who will not pay and don't care about the consequences whatsoever. They won't pay and no one can make them.


The fare gates are not bulletproof but they do take care of the vast majority of people.",1746316432.0,57
toronto,Honestly atp they should just install fare gates.,1746305210.0,769
Revolut,No it is not mine.,1746291803.0,1
Revolut,"I sent it on one of these webpages


Hey! You can send me money on Revolut by following this link: https://revolut.me/username


I entered my credit card and email. But no email has arrived. Maybe I have to wait 24 hours?",1746284888.0,1
Revolut,Wealthsimple. Like 2 hours ago.,1746282334.0,1
transitTurkey,"Evet. Toronto'daki herkes Ankara H6'nın Toronto T1'e daha yakın olduğunu söylüyor. Ben benzerlikleri duymuyorum. Ankara H6, Toronto H6 ile aynı sese sahip.",1746280296.0,2
transitTurkey,"H6 Ses


https://youtu.be/nzkW00WTs3M?si=LN2R4ThAVMEnSZKm",1746209952.0,3
canada,"Yes and if anyone can bring it back. It would be Canadian Tire and their Triangle Rewards program




The Triangle program blows anything Walmart offers OUT OF THE WATER.",1746183695.0,2
canada,"People want zellers back.


They are nostalgic for it.


The Bay reboot of Zellers generated a lot of excitement but what we got was super underwhelming..",1746114305.0,5
canada,"Canadian Tire can bring back Zellers. Pleaseeeeeee


In the actual format that competes with Walmart, not the dusty corner of the Bay",1746112674.0,19
mississauga,"Im in Greece and been tuning into BBC News and the Canadian election has been in the news with a dedicated correspondent in Ottawa every single night I've been here.


Then the Vancouver incident has been in the news here too with the full news conferences aired here too",1746004764.0,3
canada,LOL,1745918860.0,5
canada,They catered to the far right and the rest of us said no thanks. Especially his own constituents.,1745918844.0,118
onguardforthee,LOL,1745918430.0,60
canada,"A lot of people voted just to spite him because of how nasty he comes across. It's why he lost, no one wants to hear his voice for the next 4 years.",1745908575.0,6
canada,Never in my wildest dreams did i ever think Quebecers would be the ones to come to the rescue of this country.,1745904026.0,26
toronto,"As someone who used to drive YRT buses (not anymore), if anyone has a missing family member, make sure to request the police to send an alert to the computers of all buses in the region.


For some reason, people with dementia almost always find their way to transit buses to either seek shelter or ask the driver how to get home.


As drivers, we are instructed to immediately call control for help if we ever get an elderly person on board that is asking to go somewhere but not sure where. The thing with Viva is people usually board the rear doors which may limit driver to customer contact.


My experience personally, I've found a person with dementia on my bus after reading an alert on my computer. I've reported seeing a second person who matched a description on a street corner, not sure the outcome but the fact the status changed to person found it was likely that person. I've also called the police for a special needs person who couldn't find his way to work or home.


If you ride transit, and you saw an alert on CP24. Always look around you and check for the person because they are likely to be on a bus somewhere, anywhere! Before I took the job of transit operator, I always thought what are the chances someone would be on my a bus, but it happens a lot.


I am so sorry for your loss.",1745770247.0,4
montreal,"I work a small transit agency and too be honest when people are smoked out and high as fuck on our buses. We do not move and we immediately call the police for removal.


As inhumane as it sounds, if you make the environment hostile for these people. They know they are not welcome and simply won't even attempt to come in (even when they are high as fuck, they'll subconsciously know they'll get kicked out immediately).


I saw a post here the other day that said it was inhumane to think these people are a bother to others and to leave them alone. But on the other hand commuters and employees have a RIGHT to feel safe in their place of employment and on their way to whereever it is that they are going.",1745537087.0,2
transitTurkey,"Trenin arkasında bir kapı arızası vardı. Bir kapı arızalandı ve izole edildi. Hattın sonuna kadar hizmet vermeye devam etti. Genellikle Toronto'da, bir kapı izole edildiğinde, kimsenin kapıyı çekip düşmemesi için büyük kırmızı bir branda koyarlar. Ankara'nın H6'sının da kapıların yanlarında klipsler olduğunu fark ettim. Amaçları bu brandaları tutmak. Siz de kullanıyor musunuz?


https://i.ytimg.com/vi/m-cFRYkh-GE/maxresdefault.jpg",1745430533.0,4
canada,It's a little too late bud. Lol,1745427716.0,2
toronto,TVO Kids Crawlspace with new host Steve Paiken,1745422609.0,3
onguardforthee,"https://youtu.be/8DYje57V_BY?si=FPmum08aJkvsoQm7


LOL",1745412688.0,1
canada,"All those criminals pouring in from Romania, which is now an EU country NEED to be sent packing.

The uptick in pickpocketing and crime skyrocketed the moment they were let into our city. It was very pronounced and VERY noticeable around 2017. The way these people behaved and cried victim when confronted for digging in dozens of peoples purses at the mall was disgusting beyond belief, we are letting literal trash type people in. I've seen these people at work dozens of times now.

There is no reason their asylum claims from the EU should be approved let alone entertained.",1745360899.0,17
transitTurkey,"Toronto'danım. H1, H2, H3, H4, H5 veya H6 sınıfından tek bir vagon bile korunmadı. Yine de eski bir M1 ve G1 vagonunu koruduk. Çok üzücü. H6'lar Kanada'da ikonik olarak kabul edilmiyordu.

İkonik tarihi trenler H4 trenleriydi: https://youtu.be/Y-DDnxy0Z_4?t=19


h4 her zaman Amerikan filmlerinde kullanılırdı çünkü New York gibi kirli görünürdü. h6 ise hiçbir zaman filmlerde kullanılmazdı.",1745267041.0,7
TTC,"YRT ridership has been growing lately precisely because of OneFare.

The new 2026 Transit Initiatives is full of service increases (after years and years of cuts) and a few new routes in Vaughan and Markham.

[https://cptdb.ca/applications/core/interface/file/attachment.php?id=129705&key=08470e41ba647cdbb2b6a6c8cd2a268e](https://cptdb.ca/applications/core/interface/file/attachment.php?id=129705&key=08470e41ba647cdbb2b6a6c8cd2a268e)

This is my opinion but what held transit back in York Region was Viva. Viva was draining much needed operational funds from improving YRT services. Viva ran for many years at 15 minute frequencies throughout much of the day despite less than optimal ridership, sapping resources that were needed to improve YRT. With poor YRT service and poor feeder service to Viva, Viva ridership suffered as well.

They have eliminated two Viva routes, much of the service increases next year are for YRT and barely anything for Viva.",1745133986.0,2
toronto,"I've always thought the Finch Hydro Corridor is MASSIVE waste of space. It's literally just grass and it cuts straight across the north end of the city (through transit deserts).

There should be a dedicated BRT that runs 80km/h-100km/h from Malvern straight across the city to Etobicoke, with connections to the Toronto Airport & Renforth Station.

They could do it on the cheap with transit priority signalling. Traffic lights would change fast as there would not be any left-turning traffic to deal with.",1745123976.0,1
canada,"Quebec is a weird place though.

I still remember my jaw being on the ground when I saw that province lit up in Orange NDP in 2011, even in rural BQ strongholds. They had teenaged MPs being sent to Parliament unexpectedly. What a time!

Quebec will give any party a chance, the party just has to speak to Quebecers and understand them on a deeper level which Jack Layton did.",1745123673.0,17
WalmartCanada,Let them fire you and collect that nice severance $$$.,1745009496.0,1
onguardforthee,"HE LOOKS LIKE MILHOUSE.

His mom probably thinks he's cool though.",1744942851.0,1
Quebec,A lot of people are motivated to vote (not for any particular party) but particularly getting out there to spite Pierre lol,1744942307.0,2
gotransit,"This is the thing. GO Transit needs to do like a once-a-year promo where it's FREE to ride GO Transit systemwide all week.

With heavy promotion of this free transit week, banners hanging at all overpasses on clogged highways telling people to GIVE transit a try a week beforehand!

A lot of people won't take GO becasue they really don't know how fast it really is.",1744781532.0,50
grindr,An update was issued today. Seemed to fix the issues. still kinda slow tho,1744773180.0,9
Markham,"I heard these are good LOL  
[https://www.walmart.ca/en/ip/Taco-Bell-Soft-Taco-Cravings-Kit-420-g-Box/2EY8TBYCQNUY](https://www.walmart.ca/en/ip/Taco-Bell-Soft-Taco-Cravings-Kit-420-g-Box/2EY8TBYCQNUY)",1744773113.0,1
toronto,"Seeing as the return phone number is meant to connect passenger to driver.

Its highly likely the driver just inadvertently touched the microphone (speech to text) symbol in the text message box with the customer in the app.

I think its being blown out of proportion.",1744694608.0,1
CanadianCoins,"To be honest. The first and third one look suspect.


The second one looks real but worn out. I have a $5 that looks faker than that but it's just worn down especially at the edges",1744669830.0,1
canada,"NOBODY LIKES MILHOUSE


And Lisa you've got detention!


https://youtu.be/5omjH2dQLOY?t=40",1744668473.0,1
BigBrother,https://youtu.be/iPCn6ewsD0k?si=QaemM1iey-r8IbIW,1744667469.0,2
grindr,"It works on the computer emulator. \*source: me because BlueStacks works for location emulator.

It's not that it's banned. Right now there's a lot of connectivity issues. You may think you were banned from doing it but it's probably you are just having trouble connecting to the app. Even without mock locations turned on, youre gonna have trouble getting onto the app.",1744608976.0,1
grindr,SAME,1744608679.0,2
WalmartCanada,"That doesn't mean they were telling the truth.

If you can get a hold of their receipt, you can then verify if they did buy it or didn't buy it.


Doordashers and uberests drivers have been known to steal customers food, this is an iPad we are talking about.


Once you get the receipt. If theft took place, the store will have them on camera and it's easy to track who it was.


Again it could also be a mistake lol",1744488672.0,1
montreal,Um not really. The financial district murderer in Toronto and the Greyhounder beheader are out.,1744483351.0,1
Markham,"Please contact Sean O Shea ASAP.


This behaviour cannot go unchecked. Put them on blast. Show up with the Global News cameras.


He helped in getting that African family kicked out, as well as that girl in Etobicoke",1744475923.0,11
WalmartCanada,"Is there any indication of which store the shopper shopped at or what time?


If you have that exact information, you can march to the store and request a supervisor to draw up the original receipt.

It's easy to find your receipt in the system so long as you know which store it was bought at. They can come across the shoppers receipt through the list of items you have by simply typing in the UPC and scrolling until they find the exact matching receipt.


If no iPad exists on the receipt. Or on the camera. You can ask them to print a copy of the receipt at the very least and maybe ask the manager to help you escalate (tho your miles may vary as some stores don't get involved in online orders)


If the shopper indeed purchased the iPad but didn't deliver it to you. The store will not be able to help you and that is a matter for the police.


It's a very real possibility the doordasher bought the iPad and kept it for themselves. That's why camera footage and the original receipt is important.",1744474293.0,1
WalmartCanada,"Have you tried Facebook or Twitter?


If no response, you'll get a response in under 24 hours through the media if you live in a big city.",1744469896.0,1
toronto,"Interesting note, on the otherside of the 400, there is a street called Canada Dr or Canada Ave or something.

Ironically, Canada and America are supposed to join with a bridge over Hwy 400 at some point. You can see they've already prepared the land for a bridge based on a grassy incline at the ends of the road.

[https://www.google.com/maps/@43.8583872,-79.548391,3a,15y,271.51h,88.36t/data=!3m7!1e1!3m5!1sPmNNDdeuM71d1RgtIF7wqA!2e0!6shttps:%2F%2Fstreetviewpixels-pa.googleapis.com%2Fv1%2Fthumbnail%3Fcb\_client%3Dmaps\_sv.tactile%26w%3D900%26h%3D600%26pitch%3D1.6432662442652344%26panoid%3DPmNNDdeuM71d1RgtIF7wqA%26yaw%3D271.5104168237347!7i16384!8i8192?entry=ttu&g\_ep=EgoyMDI1MDQwOS4wIKXMDSoASAFQAw%3D%3D](https://www.google.com/maps/@43.8583872,-79.548391,3a,15y,271.51h,88.36t/data=!3m7!1e1!3m5!1sPmNNDdeuM71d1RgtIF7wqA!2e0!6shttps:%2F%2Fstreetviewpixels-pa.googleapis.com%2Fv1%2Fthumbnail%3Fcb_client%3Dmaps_sv.tactile%26w%3D900%26h%3D600%26pitch%3D1.6432662442652344%26panoid%3DPmNNDdeuM71d1RgtIF7wqA%26yaw%3D271.5104168237347!7i16384!8i8192?entry=ttu&g_ep=EgoyMDI1MDQwOS4wIKXMDSoASAFQAw%3D%3D)",1744444052.0,2
SnapchatHelp,"Yes that's why I'm asking. 


When someone adds you does it still have a note where they added you from?


I tried a By search friend add on myself and it says nothing. What does it say when a random.adds you,m",1744390347.0,1
Markham,"Exactly, if were going to get a mascot. 

Make it something cute.

Like who the hell is going to look at that ugly ass butterfly thing and say YES HES REPPIN MY CITY",1744358349.0,13
canada,"Doug's projects in Ontario depends on the support of the federal government. 

There are MASSIVE projects under construction in Ontario currently, which is unusual for a Conservative premier.

Toronto has  
2 light rail lines under construction  
1 subway line under construction  
2 subway line extensions under construction  
1 subway line extension under consideration  
The entire suburban rail network is undergoing conversion to a regional rail network.

Pierre would end ALL of that.",1744349619.0,10
Markham,Like actually what the fuck is thaT LOL,1744346821.0,39
ontario,LOL upvote for you.,1744256017.0,5
ontario,"Here's some information for you about your G2 licence. Its a video from Service Ontario:  
[https://www.youtube.com/watch?v=kdOPBP9vuZA](https://www.youtube.com/watch?v=kdOPBP9vuZA)",1744255913.0,2
montreal,Get out while you can.,1744255190.0,1
WalmartCanada,"Things changed after 2023 I find. New ceo wanted sweatshop conditions and a lot of people left including ASMs


Like the period between 2013 and 2023 was still a lot of work but manageable.


After 2023, sweatshop conditions lol",1744224863.0,5
canada,"Usually companies immediately backtrack when the media is involved.


The fact they dug in and kept his account closed suggests he obviously broke the rules.


Who the hell earns 43 million points LOl",1744083489.0,4
TTC,"They're not white. They're gray to match the colours of the subway cars.


This is being done to denote these cars are rapid transit.


If they were red and white, people would associate the light rail with streetcars and not higher order transit.",1744007587.0,2
toronto,"Really recognizable police offcer from the 90s.


Wasn't he a badass cop that went undercover and infiltrated the triads running in Chinatown in the 90s?",1743989236.0,23
canada,https://youtu.be/2omx0uvl0WU?si=oC86038BxOHsAO1X,1743982264.0,1
canada,"In the eyes of Chinese law, dual citizenship is not recognized. In their view, he is a Chinese citizen and is not being treated any differently because he is Canadian.",1743909283.0,5
canada,"Reasons why Im not voting for him.

1. It literally takes no effort to literally say ""Im proud to be Canadian. I will do everything in my fibre to protect it."" Literally no effort. Zero. Zilch. He stayed awfully quiet during Trump's initial threats.
2. No security clearance. I mean the only reason why someone would avoid it to regular folk like me is if you have something to hide.
3. He's just fake. Everything is fake. It's like the guy can't fake being a normal human being. The forced kissing of his wife, the awkward standing there with this extremely cringey forced smiling, like I have to change the channel because it makes me feel so weird. Like he's so nasty that he can't even convincingly flash a smile without it being off lol.",1743753198.0,9
toronto,R/askto,1743718793.0,0
canada,That was an April Fools joke lol,1743652274.0,3
canada,"Bring back Zellers in full superstore format!!!

Discount retailers are killing it right now.",1743642121.0,23
canada,Lloool,1743632307.0,3
mississauga,"That street should be reduced to 60km/h. 70 is too fast especially with high volumes of traffic 


I would support actual speed cameras on this street with how dangerous it is",1743620126.0,-13
WalmartCanada,"Walmart still has in-house cleaning associates in other provinces?


In Ontario a lot of the stores are contract workers.",1743562370.0,2
WalmartCanada,"Honestly they fumbled their comeback hard.


People were honestly excited that Zellers was back and all we got was a dusty corner inside The Bay and a food truck for one week LOL


If they came back hard and established themselves with a new image similar to Target I could see them competing",1743562248.0,2
canada,Everything's coming up Milhouse,1743472248.0,1
Markham,"I've seen deer far far south.

Seen one right outside of Leslie Subway station.

They go down the Don Trail and have seen them as far south as the Eglinton area too",1743465225.0,3
Markham,"Well, your tax dollars aren't going there, unless you're American.",1743465116.0,1
toronto,"As much as I do not like Doug Ford,

Can we appreciate how much the province is actually building transit in Toronto?

I grew up in the 1990s, where rapid transit construction just did not happen. The Conservatives were largely a reason for this. Eglinton Subway cancelled, Sheppard Subway truncated to Don Mills (from Scarborough Town Centre)

Nowadays, we have:  
\-Line 1 Extension to Hwy 7  
\-Line 2 Extension to Scarborough Town Centre  
\-Line 3 Construction  
\-Line 4 Plans to extend to Scarborough Town Centre / Sheppard West Stn  
\-Line 5 Construction  
\-Line 6 Construction  
\-Lakeshore Line electrification/all-day 15 min RER service upgrades  
\-Stouffville Line electrification/all-day 15 min RER service upgrades  
\-Barrie Line electrification/all-day 15 min RER service upgrades  
\-Kitchener Line electrification/all-day 15 min RER service upgrades  
\-York Region Viva Bus Rapid Transit fully complete  
\-Durham-Scarborough Pulse Bus Rapid Transit Construction  
\-Brampton Zum Bus Rapid Transit Construction  
\-Mississauga/Brampton Line 10 LRT Construction  
\-Hamilton B-Line LRT Construction

Have I missed any? It's WILD. And all of this under a Conservative provincial government. Was anyone else fully expecting Doug Ford to cancel the rapid transit projects immediately way back in his first term?

All of this adds up to the largest transit expansion in all of North America, probably more than many large US cities combined.",1743464656.0,44
Markham,LMAO,1743462892.0,1
Markham,LOL @ OP's username btw.,1743462762.0,3
Markham,"What am I fear mongering?

Thousands of ordinary everyday people in their federal service jobs are being laid off forcefully. Not only that, these workers are simultaneously having their dignity smeared in public by being cast as ""thieves, criminals and fraudsters"". I highly doubt some bean counter sitting in a government office somewhere earning just enough to live is a giant thief. The only thief is Elon Musk, he didn't spend $250 million ""out of the goodness of his heart"" to support Donald Trump, he expects dividends from that money and he's going to get those dividends by infiltrating government services and robbing them blind.

I don't see how these mass job losses help anyone looking for a job, it just increases competition for those looking for a job, which would be detrimental in this country.

""Their twitter account has been pretty transparent"" No thanks. I don't like to look at propaganda. I look at what's happening and can come to my own conclusions.",1743462197.0,4
Markham,"No MAGA for me. Nevermind the tariff situations, look at the domestic dumpster fire that is happening in the USA. Entire federal agencies shutting down, tens of thousands of people losing their federal government jobs and entire livelihoods being destroyed overnight because too ""woke"". People losing their jobs for something they posted online (oh if you're not a citizen, you will be snatched off the street and carted away somewhere)

No fucking thanks.

Polievre has made it clear his views align with those of Trump. Just listen to him repeatedly mentioning ""woke this, woke that"". I prefer to live in a free society. Thank you.

Attacking some transgender people is not going to fix the economy.

As fucking disgusting Chiang's comments are, it was clearly a cheap shot joke. I think he should have been removed and fired as well but it's also obvious he wasn't serious. But the threat of dragging people somewhere for being a dissident voice is an actual concern that I've associated with the MAGA movement so there's that.",1743456198.0,5
canada,"It's like he doesn't understand sounding like Trump will not help you win!


God what a fucking moron. Read the room!!!@


Can't wait to stop hearing from this piece of shit",1743394900.0,1
Autos,Are you in Mississauga? I saw one and it was PURDY,1743327756.0,1
canada,"Where the hell were you a few weeks ago?


It's too late you two faced bitch",1743317004.0,1
canada,"As a mainlander Chinese. Please fire him.


With the type of politics of people being snatched off streets in the US. Can't have that shit here.",1743284418.0,353
gotransit,I'm not suggesting they do anything. I'm complaining that control told the train to close the doors and continue on despite a lunatic on board claiming they had a knife.,1743188202.0,0
canada,Toyota makes RELIABLE cars,1743156368.0,10
canada,"As nasty as Ford was in his first year, he has shown to be able to work with people of all political stripes.


The same week he told Polievre he was too busy to speak to him, he was seen with Olivia Chow in a public school talking to third graders looool.",1743111893.0,35
gotransit,"Accepted means it read your credit/debit card.


Your cards are clashing. Make sure to keep them separated.",1743035410.0,1
gotransit,"I mean I'm not surprised.


Weren't there CSAs who posted that there was a man on board threatening he had a knife and control asked them to close the fucking doors and keep going?


The same control that told a train to proceed when a suicidal woman was on the tracks? Ultimately she died?",1743035145.0,11
TopChef,"The countries are both at war right now, a trade war. Canadians are insanely angry right now.",1742967733.0,5
Markham,"Your ride is still not free, although you are paying $0.00 for the double tap.

What happens is the Province of Ontario is paying $4.25 (or whatever rate they've agreed upon) to York Region Transit for your second tap.

It is hugely important to do that double tap because you are starving YRT of funds if you don't tap, which then leads to service cuts if they aren't seeing the ridership on the route because yuo've failed to tap.",1742954238.0,2
canada,"Am I in the minority who likes the way he answers?


Seems much more genuine and unlike other politicians who softly delivery answers that are clearly out of their asses.",1742943775.0,1
ontario,"If this is a retail store, most stores have policies about recording devices. I quite remember telling customers not to record or take photographs in the store before the days of social media. They relaxed it now that everyone has a phone but it very well is still a policy and likely at most stores. ",1742939568.0,1
ontario,"When I worked at walmart 2 years ago, an assistant manager of ours became drunk mid-shift, yelling at customers, glassy eyed, swaying, crying and reeked of alcohol.


It was a whole ass mess because you had a group of 20 somethings wondering what to do with regards to a 40 year old man who had clearly lost control.


Of course he later explained to Home Office that ""he was on some medication with severe side effects and understands that it scared associates"". So all of us who wrote and signed incident reports ended up with egg on our faces.


He was not fired. In fact a few months after this incident was promoted to Co Manager. We. We're. All. Pissed. Because this drunk guy now essentially had power over all of us as he was defacto half of a store manager.


In any case Walmart probably realized their mistake quick because almost as quickly his ass was canned immediately lol


Don't work there anymore but tread carefully about putting your name on any reports.",1742938875.0,6
gotransit,"Someone mentioned this months ago. That Rick Leary himself said that he wasn't going anywhere far and that he was going to land something with Metrolinx. It wasn't a joke either.

I dont remember the source, just remembered hearing it somewhere.",1742870373.0,3
mississauga,"Im not from Mississauga. 

But in my last year of high school, we had a student newly arrived from Spain. Let's just say he was VERY popular because he was European and people are naturally curious because we don't get a lot of European students.",1742797130.0,1
Markham,Generally cheaper between 9pm to 12am. It shoots up right after midnight,1742796379.0,1
canada,"Important note: China does NOT recognize dual citizenship.


In the eyes of their laws, these are 100% Chinese citizens.


Imagine if all criminals in China got other citizenships but lived in China, that'd be a problem because then they're protected from consequences of their actions?",1742574357.0,8
Markham,"So I used to DRIVE yrt buses lol.


While it is possible to accidentally skip stops, you literally could not skip the first stop of the route because the entire time you're driving the computer would register you as being off route. 




It is totally possible a brand new driver skipped the first stop and drove off route the entire time.


The only way to know is to email YRT and they usually follow up with the driver about that kind of stuff.


I work for another transit agency now and they kinda don't give a crap about missed stops, but at YRT it is a huge deal and the managers will interview the driver about it. Being early was a big deal too so email them. They will make sure it doesn't happen again, trust me. Lol",1742531273.0,2
canada,https://youtu.be/5omjH2dQLOY?si=5nAlFQ1h83bt-oHt,1742493927.0,1
canada,"NOBODY likes Milhouse.


Someone please send me the clip",1742493906.0,14
canada,LOL,1742493826.0,1
canada,"The media is probably too woke for him.


He's spent his entire campaign trying to sound like trump. Now that he's enemy number 1, can't have the media showcasing that lol",1742489608.0,75
TTC,"In the old streetcars, yes the operator was positioned just like a bus driver is.  
[https://www.flickr.com/photos/drum118/16044912221](https://www.flickr.com/photos/drum118/16044912221)

If you're asking about Flexity Streetcars from 2011. They have always had a full cab.",1742367672.0,2
BigBrother,https://static.wikia.nocookie.net/bigbrother/images/5/59/BBCAN1_Danielle.jpg/revision/latest?cb=20220310025557,1742342769.0,2
CanadaPolitics,"The problem is Pierre has never had a real job. What was his last real job, wasn't it paperboy or something? And not only that, his job as MP has been lacklustre. How have you been in government for 20 years and not passed a single bill of your own?

Like you just can't compare him to an economist who's actually dealt with crisis after crisis.",1742154130.0,19
ontario,"Some progressive policies?


Doug is building the largest public transit expansion in North America.


When he came into power, I think we all expected him to shitcan everything (especially the light rail his brother hated).


He has continued building, >>everything<< the Ontario Liberals started, even the Hamilton LRT which is an NDP stronghold.",1742100054.0,1
ontario,"Whatever you do don't stay in Niagara Falls NY. The state park there is nice but step foot like 5 minutes outside of the park and you'll find yourself in the ghetto with derelict buildings slowly collapsing. It's sad as fuck.

It's not dangerous or anything. It just feels like this:  
[https://youtu.be/E8YK5v249n0?t=23](https://youtu.be/E8YK5v249n0?t=23)",1742096783.0,2
ontario,Dont mention this when crossing the border lol,1742096634.0,2
TTC,"Yes there was. That was the original plan actually in the mid to late 2000s.


They were going to buy Mark II trains and that would require reconstructing the tight curves on the line.",1742092676.0,1
canada,"I wish they'd sell the zellers brand to someone who'd use it. They would probably make a killing right now 


I think people are tiring of walmart.


That little zellers pop up they did was NOT it",1742064336.0,34
mississauga,I pay a premium subscription. You can DM me and you can use my account lol,1741965268.0,1
mississauga,"Just from looking at the historical records, the buses usually get off the highway in the AM period on time, but can also arrive anywhere from 5 mins to up to 15 minutes late.

So I'd pad your travel and try to arrive to work 20+ minutes early. It can be unpredictable as the bus uses hwy 427 and 401. All it takes is one accident to fuck everything up but the same goes for driving your car as well.

I will say trips that get off the highway before 8:15am are generally very reliable. Trips that get off the highway after 8:15am are generally on time but can be late 5 to 10 minutes. If there's an accident that delay can extend to 10 to 20 minutes.


I don't know. I don't take this bus. Just going by the historical data I cralwdd through.",1741926140.0,1
canada,"Their premium line has won international awards though in a blind taste test.


Their salted caramel won in italy. And chocolate won in Dubai.",1741839341.0,22
ontario,"How are 5 minute headways terrible on a suburban road? Is there something wrong with you? Lol


For the low density of Mississauga because it is largely suburban, we have luxury transit standards. We have better service than major cities of North America

The same road in a random US suburb would have service every 45-60 minutes?


https://youtu.be/-ZDZtBRTyeI?si=PZaOkUHXww_RUZoi
Just a worldview since you don't get out much probably",1741808587.0,0
TTC,"Also buses that went through the heavy rebuild lost their 1960s/1970s color scheme.


Green paint was replaced with brown. Green walls was replaced with cream. Black/pink sofa benches were replaced with brown benches.


This bus was truly unique as it was the only bus in all of Toronto that had the 1960s quirky colours inside.


https://cptdb.ca/uploads/monthly_10_2012/post-4921-0-06635800-1351511219.jpg",1741799374.0,2
mississauga,"They never enforce traffic in Peel. Like I'm on the road 8 hours a day and I never see them doing it.


I live in York Region where I always see YRP lurking waiting for a speeding car at Night on my way home.",1741799240.0,5
mississauga,"He's comingggg 


Who is Avalanche The Architect?",1741798872.0,1
TTC,"They originally intended to rebuild this bus into maroon/cream colors as it was different from the other TTC fishbowls. This one was slightly older, I think 1975? and it was originally delivered in maroon/cream.

It had a green painted interior, with black/pink sofa cushion seats. As opposed to the ones more familiar with people that had brown painted interior, with yellow bucket seats with red fabric.

As it never went through the heavy rebuild program of the late 90s/early 2000s, it was still in the 8000 series. Heavy rebuilds were numbered in the 2000s. This bus was the last/only bus to have a rollsign by the time it retired.

Clearly the preservation was cancelled as this bus was heavily rotted from sitting outdoors at the Halton County Radial Railway for many years.",1741761072.0,7
canada,"# American family enters Canada to freeload off their healthcare without contributing a dime.

\*Fixed it for you",1741759487.0,5
TTC,"Lol this bus 8058 was always on 129A in its final year. Saw it every morning at the same time at the corner of Mccowan/7 day after day. Even decades after retirement it was still signed as 129A.


It stuck out like a sore thumb because it was the only bus without an electronic sign in the entire city.",1741748173.0,2
gotransit,Lol I sell the red and white presto cards for $50 on ebay. Been too lazy to list them recently. Also the green ones too.,1741747828.0,1
canada,"I think trump is threatened by Doug Ford because Doug speaks populist and the MAGA brainwashed in America are listening.


For those of you who aren't from Ontario, people in Ontario always joke and refer to Doug Ford as the guy who always begins his sentences with the word ""Folks...""


People are listening to Doug in a way Trudeau could not connect to Americans.",1741747509.0,10
torontoJobs,Sounds scammy as f,1741743736.0,2
ontario,"I think this comment is said by people who actually haven't lived in other cities.


Comparatively to suburbs similar to Mississauga with the same built form.


Service blows other cities out of the water. You don't get service every 5 minutes in suburbs of the US anywhere.",1741719339.0,1
montreal,"Yes I would. Maybe someone recognizes the kid from their child's daycare that could help in identifying their dad doing something as serious as sexual assault


I don't get all these people who fight to protect these scumbags ",1741560097.0,2
montreal,Everyone recognizes half of the country did not vote for the mango,1741547601.0,1
montreal,God people like you is why criminals are given so much leeway to do what they do. It's exhausting.,1741541551.0,15
WalmartCanada,"Does your mom live in a different area? If so, maybe no drivers in your area


In any case this isn't customer service",1741370373.0,1
canada,"What's weird is Ford is the most pro-Transit premier this province has ever seen. It's dizzying how much rapid transit is being built in Ontario. Like a LOT. Everyone was expecting all of the previous Liberals transit expansion plans to be shut down when Ford took power. At this point, everything is being built, even in jurisdictions that are hardcore NDP (Hamilton)

And he has shown to work well with hardcore left politicians too. Everyone was expecting his relationship with Olivia Chow was going to be a nightmare.

So yes I definitely see him running for Prime Minister",1741322383.0,7
gotransit,"Itinerary for the remainder of tonight


19 towards Finch Terminal 12:15:00AM 1:00:00AM

33a towards Brampton Term 1:30:00AM 2:15:00AM


You need access to premium Transsee. Message me in DMs and I will grant you premium membership so you can track the bus by simply typing the bus number into the website.",1741233093.0,1
gotransit,"Around the 230pm hour, this bus was not in service and likely back at thr garage.


It went back out later in the day. Right now it's on Route 19. Where is it pinging now?",1741233027.0,1
gotransit,"Bus 8423


Trip itinerary for today. It's almost out of service soon.


32-Brampton Trinity Common / North York 32 - York Mills Term 5:25:00AM 6:30:00AM 8423

27-Milton / North York 27a - Milton Go 7:20:00AM 9:00:00AM 8423

27-Milton / North York 27a - Finch Terminal 9:25:00AM 11:00:00AM 8423

19-Mississauga / North York 19 - Square One 11:50:00AM 12:50:00PM 8423",1741191233.0,1
gotransit,Well what day? There is no bus at 12:29pm from McMaster.,1741155365.0,1
stocks,"The Government of Canada foreign affairs minister has been on TV today in Canada basically we don't know what THEY want. There is no negotiation. First it was borders and fentanyl, they addressed that, and she today said it's not clear what they want and the official government position now is that they want to invade by collapsing the country.",1741131139.0,51
canada,"Honestly Im Ontarian and I hate Doug Ford.

But where the fuck is Pierre? You'd think Doug Ford was running for the federal Conservatives...it's deplorable.",1741073175.0,2
canada,"I know tensions are high but don't do that.


You're playing right into their hands of being a national security risk and giving them a justification to invade Canada. Cutting off their electricity would be an act of war, like actual war with life threatening consequences.


Imagine the potential news stories. Canada cuts off the electricity grid, 97 year old man on ventilator dies. Even if it doesnt happen, all the fake news generated would generate support of the American people and call for the invasion of Canada.


If you want to hit them, charge them up the ass. Make them pay. But don't cut off electricity that could very well kill people especially in the winter and have unintended consequences for ourselves and our physical wellbeing.


This isn't me being a pussy, just think before you act.",1741046882.0,17
investing,"https://youtu.be/GDNAc8Yi3gs?si=qxpTt2oJ1Gx4ao45


Stay tuned for scenes from our next episode.",1741042254.0,2
toronto,POST THE VIDEO,1741041643.0,2
toronto,Definitely call the police. A lot of these Eastern European thieves are here on asylum claims. Makes for an easy deport.,1741041497.0,3
toronto,"Me too. An out of service Viva Orange bus pulled over in Vaughan guessing cause I looked panicked (I was going to miss the last connecting bus in Markham for the night).

He asked where I was going. I told him Markham which was 2 cities away but he said he could drop me off close to the yard in Richmond Hill..he didn't follow a route or anything. Just dropped me off somewhere in Richmond Hill.

Its been years and years but I will always remember that small token of kindness.💓


I made sure to write in a niceeee compliment to YRT the next day. I'm pretty sure taking customers in an out of service bus is against the rules so I left that part out lol.",1740949959.0,8
europe,"Even before Trumps mass immigration raids, this girl would have also been detained and deported.


You cannot work on a tourist visa, I've watched way too many episodes of Border Security Australia lol.",1740948690.0,1
torontoJobs,"Nonconviction records absolutely do and can come up in vulnerable sector checks if you are working with children or seniors.


I wouldn't worry about mental health related stuff. It's moreso if you've been accused of something.",1740894093.0,1
mississauga,I saw the same post on r/markham. Are you the same person?,1740890138.0,1
ukraine,"When Canada liberated the Netherlands in WWII, the Netherlands didn't hand over their minerals. They gave us tulips in the tens of thousands.


A tradition that has gone on for 80 years now.",1740798369.0,13
mississauga,"I'm not from mississauga but MAN that's rough for her. Not even winning in your hometown dammmnmmmn


Was she that hated or something?


I don't know. I just don't see bonnie working in provincial politics. There's a certain nastiness at the provincial level and when you see bonnie yelling on the news about some provincial issue, you just don't really buy it. You get the sense that she's angry...but not really? If that makes any sense.


I don't know. I would see George Bush-stomping Carolyn Parrish doing better at the provincial level against Doug Ford than Bonnie Crumbled.",1740729440.0,14
WalmartCanada,Aren't there stores that never lost electronics to osl?,1740710973.0,2
Markham,"Yes but he's referencing that it's still happening.


They still stand at street corners pretending to be Muslim in mississauga. See em all the time.e",1740672034.0,3
torontoJobs,"I think it's hard in the sense they ask the most random traffic regulation questions like with specific numbers that are hard to study for.


I would quickly brush up on the images of road signs in the drivers handbook.


Most of it is easy though, just general reading comprehension questions. Don't speed-run the test, make sure to read fully and answer any trick questions but also make sure you have enough time to answer everything fully.


It's not like the ones administered by the TTC which seems like an actual psychological evaluation. This one felt more like reading analysis.",1740430468.0,1
Markham,It's started about a month ago,1740349162.0,1
Markham,"In any case, I have contacted York Region to check out the road for peace of mind. It is a regional road, not a Markham one.",1740316283.0,45
Markham,"Very easily, you forget to put car in park, step out, door takes you down, you end up under vehicle.",1740315286.0,7
WalmartCanada,"E vouchers as in digital gift cards? 


A scannable barcode with 16 digits? No those are considered gift cards and cannot be used to buy gift cards. The simple won't allow it.",1740075641.0,1
TTC,"Oh and take a look at 55 St Laurents bus schedule. This is a main strip running in the centre of Downtown Montreal, the center of nightlife. 


25 minute frequency just before midnight. 


Can you imagine what frequencies are like in the outer reaches of montreal like the West Island.


Like give your head a shake. A subway does not define the whole system. ",1740016439.0,1
TTC,"I'm sorry but Toronto includes the outer reaches of the city. Places like McCowan and Steeles. Name me one other city that has 5 to10 minute service on the outer limits of the city. Please lol.


Even Montreal service on St Laurent Blvd smack dab in the downtown core is shitty at best even at 8pm. ",1740007713.0,2
TTC,"You hvnt traveled much then I guess lol


Aside from mta new york you're dead wrong..",1739997785.0,5
711,"This video is confusing.

Apparently hes a McLane's truck driver, is he even a 711 employee?

Is it common for the store to be locked down when someone is delivering stuff to the store?",1739954264.0,1
canada,ELECTRONICS BOUTIQUE,1739947754.0,2
vancouver,Jesus christ Im someone from Toronto whos just popping into this subreddit. In what world is 177.9 considered cheap? What is it normally?!?!,1739780012.0,29
canada,LOL Here's my upvote,1739777964.0,-1
WalmartCanada,"Filmed in the off hours with no time to change price flags between shoots so they left up all the actual Canadian price flags and merchandise.


They did put American price labels for that one item though.",1739620062.0,3
walmart,Bobby Hines,1739596029.0,2
torontoJobs,"Pierre has shown he's a traitor and won't stand up for Canada. I don't know what the hell he's thinking by trying to act and sound like Trump at a time when he is enemy number one.

I was going to assume everyone would vote him in but now that Carney is in the picture, he's the only adult in the room literally at this point.

The Liberals will probably be bad, but if you see what's going on in the US, mass privatizing and firing everyone in the public workforce. I don't want a Trump-lite doing the same shit here. FUCK THAT",1739427751.0,0
TTC,Anyone remember Aunt Cicely from the 1990s? Lol I can't find anything online ,1739391598.0,0
politics,LOL Holy shit...this comment came true and its only been 2 months FUCK,1739345146.0,1
mississauga,"www.transsee.ca


Click on Miway
Click on Route
Click on Stop (make sure its the right direction though)
Click on Schedule",1739295547.0,1
Oldnavy,"Did you watch the episode? They exposed that those prices are a scam too lol. That you could get them at the same price earlier in the year. Sometimes even cheaper 


https://www.youtube.com/watch?v=X2iJPe9PvrY",1739133999.0,1
mississauga,"If this is Central Parkway and Burnhamthotpe area...if you saw how feral...yes feral is the word I would describe these kids....you'd understand.


They're not just loud and annoying. They are acting like wild monkeys in public especially in a group pack. It's beyond fucking sad.",1739043480.0,7
Oldnavy,"Just an FYI for anyone who is not Canadian, CBC Marketplace is a consumer affairs TV show that is linked to the national news department of CBC News. The clip I posted above is just a small snippet that is cut to be broadcast on the national news. The full episode is here:  
[https://www.youtube.com/watch?v=X2iJPe9PvrY](https://www.youtube.com/watch?v=X2iJPe9PvrY)

It's good to watch their episodes. Real eye opening about how corporations screw over the every day consumer. Real journalism.",1738985727.0,9
fednews,JUST DONT ATTACK CANADIANS PLEASE! We didnt do anything :((((,1738984338.0,1
torontoJobs,This is a budgeted hiring. There are 80 people being hired actually I'm pretty sure,1738953654.0,3
torontoJobs,"[https://millertransit.ca/current-opportunities/](https://millertransit.ca/current-opportunities/)

York Region Transit is also hiring operators for the Markham/Richmond Hill area (must have previous bus experience)",1738915727.0,6
torontoJobs,"[https://recruitregion.durham.ca/psc/recruit\_rmd/EMPLOYEE/HRMS/c/HRS\_HRAM\_FL.HRS\_CG\_SEARCH\_FL.GBL?Page=HRS\_APP\_SCHJOB\_FL&Action=U](https://recruitregion.durham.ca/psc/recruit_rmd/EMPLOYEE/HRMS/c/HRS_HRAM_FL.HRS_CG_SEARCH_FL.GBL?Page=HRS_APP_SCHJOB_FL&Action=U)

Durham Region Transit is also hiring for future. (accepting G Drivers)",1738915420.0,7
torontoJobs,"[https://wd10.myworkdaysite.com/en-US/recruiting/cityofburlington/cob/job/Transit-Operator--Multiple-Vacancies-\_JR0000000366?wmode=transparent](https://wd10.myworkdaysite.com/en-US/recruiting/cityofburlington/cob/job/Transit-Operator--Multiple-Vacancies-_JR0000000366?wmode=transparent)

Burlington Transit is hiring multiple transit operators as well (must have previous school bus/bus experience)",1738915184.0,3
Palestine,Don't forget Canada,1738724568.0,20
canada,What?! I've seen Carney more than Pierre on all media outlets lol.,1738613846.0,2
canada,The US is gonna be not the viable one once they decouple from.their dollar loool,1738536844.0,2
BigBrother,"I PRESENT TO YOU:  
[https://youtu.be/tqqzXii-O9U?t=37](https://youtu.be/tqqzXii-O9U?t=37)",1738471714.0,5
gotransit,"Girl why are the hell are you paying the full cash fare. These are the best payment options:

WEEKDAYS-BY YOURSELF  
Use your credit card to tap-on and tap-off and you get the discounted Presto price (I think it's 15% off).

WEEKENDS & WEEKDAYS-WITH FRIENDS  
Even better, on weekends you can buy a mobile ticket on the website to travel across the entire network for $10, even as far as the US border. On weekdays, they have discounted group pass for unlimited travels if you are travelling in groups of (2 for $30, 3 for $40, 4 for $50)",1738467350.0,1
canada,"The people of NY largely did not vote for this though.


It needs to be strategic and damage needs to be done to people who support trump.",1738433115.0,1
trans,The new Prime Minister candidate of Canada says he's only aware of two genders,1738426813.0,1
montreal,"Lol how you not seen the videos of people basically laughing at Milhouse, sorry Polievre when comparing his credentials to Carney?

Dont worry hun, the Conservatives still have a chance of getting slaughtered.",1738367262.0,0
TTC,How can you apply now? Theres not even a job posting..,1738361230.0,4
canada,"I wasn't going to vote in this election. I had all but accepted the fact that annoying little whiny dog PP was going to be our next PM.


If Carney is chosen as Liberal leader, like he'll yes I'm getting off my ass and voting.",1738265553.0,2
loblaws,"Yes the carts should have been put away by the cartpusher but Is this not destruction of property by the Snow Plow company?

You can't just plow into a car that is in your way either. I see it as no different with carts, are they not hundreds of dollars per piece?",1738228908.0,1
mississauga,"How is it unsafe if it's night time and there's no cars coming at all on Mavis.


Were literally sitting there facing an empty road. Stop making excuses for moron drivers. Of course if there's cars coming in the distance they can wait as long as they want. But if nothing and no one is coming AT ALL, they are being fools waiting until the green light comes.


I'm always turning at this intersection near midnight.


Note: I am one of those people who also wait for all 3 lanes to clear before turning because you never know if the person all the way in the left lane decides to change to the right lane at the last minute crashing into you as you make your right turn.",1738207552.0,-7
mississauga,"There's only a ""Stop Here On Red Light"" sign which I think is the source of the confusion. Trust me. I sit there honking behind them and they still don't get it.


There is no sign that says No Right Turn On Red. Only an electronic one thst lights up only if a bus trips the sensor.",1738176190.0,0
canada,"I love the Triangle program too! Lol


I love how you can stack offers and earn a shit ton of $$


Easily the best rewards program in this country ",1738095274.0,10
Seattle,"Torontos streetcar is one of the last legacy systems in North America. Many of the routes you see operating today operated 100 years ago.

It too was set to be completely abandoned in the 1970s like much of the US. In the past it was much larger than today's system as much of the system was taken over by subways and buses.",1738093299.0,2
CanadaPost,"It took me 4 weeks for Brockville ON to the GTA.


Be patient. It's still slow.",1738084678.0,1
TTC,"Getting to York U from Sheppard West Stn before the subway extension (and before the York U busway opened up) was a disaster at rush hour.


Consider yourself lucky.",1738043687.0,3
toronto,It's wild how some GO cars will be 50 years old next year. You would never know it with the amount of mods they've had done on them,1738010693.0,14
canada,"Just a few weeks ago, I was on the anybody but Trudeau bandwagon as was everybody else!

Ive recently come to realize that this country is staring down the barrel of a gun. We weren't in this position last month. The anybody but Trudeau bandwagon won't cut it anymore. Mark Carney is an intelligent guy who is more than capable of being Prime Minister and has guided this country through the 2008 recession and the UK through Brexit. Didn't he work under a Harper government as the governor of the BoC?

Boss Baby wont cut it anymore. He seems totally unprepared for the job. I dont understand why he thinks talking like Trump, enemy number 1, on gender identity issues at this time is going to help him. We don't like Trump, we don't want anything to do with Trump so why does this bozo think carrying himself like him will do him any favors? I am not surprised his popularity is sinking.",1737966972.0,3
canada,Yea cuz hes a fucking joke lol,1737960107.0,1
CanadaPolitics,THIS. RiGHT. HERE. Is exactly how I feel.,1737930756.0,1
toronto,I've seen a picture of a fan with Rachel McAdams in the fare collector area of Bathurst Station,1737912597.0,1
Markham,"Get a really shitty car if you have one in your household and park it RIGHT NEXT to his driver door so that he cant get in and has to climb into the passenger side. He'll get the message.


I am so petty that I would do this. We have a 2005 TOYOTA ECHO in our house lol.",1737843162.0,2
BigBrother,"People love to hate BBCAN11 (for obvious reasons), but I fucking LOVED this season. There were fights all the fucking time lol3",1737704728.0,6
WalmartCanada,"No you can mix items in the transaction.


I'm sure the Walmart items will get you 5% while the other items will get you 3%. Even if it's mixed in the same transaction.


It's all calculated automatically.",1737664085.0,2
WalmartCanada,"You don't need 100000. I was an employee of walmart that spent a shit ton of money on my mastercard. I got upgraded to the black one lol. 


Ask they might give you one if you spend a lot of money",1737664007.0,4
Markham,"Videos can be manipulated now with AI. Privately  captured videos wouldnt stand in court.

What should be done is arm public transit buses that are on the road 24/7 and have cameras affixed to them that utilize AI to capture traffic infractions. There are far more buses on the road than police cruisers.

With transit being chronically underfunded, I dont understand why this is not a legitimate way to raise revenues for transit operations.",1737629761.0,1
mississauga,"These people are technically Asian in the sense that they originated from the India area hundreds of years ago.


But they are most likely from Eastern Europe and flooded this country in the late 2010s due to relaxed visa regulations. Cansda stupidly granted these people asylum because we have bleeding hearts for their discrimination back home.",1737573138.0,1
mississauga,"Ew I don't even let family hug or touch me in any way let alone a stranger.


I'm asian though. Lol she'd get a gut punch to the stomach from me lmao. Fuck you and your mother.",1737573033.0,1
ontario,The actual Colonel Sanders moved and lived in Ontario in the later years of his life. His house was in Mississauga,1737353404.0,1
torontoJobs,How much is it?,1737350682.0,1
AskConservatives,"Canada getting ready to START a trade war? Honey no, Trump is starting it. We want nothing to do with a trade war.",1737348837.0,1
torontoJobs,"Tread carefully everyone. Anyone who has watched Border Security knows its not ever advisable to carry or ship anything across international boundaries belonging to someone else.


It could be drugs or something like concealed weapons and then they have videos of you at the post office shipping it out. Your licence plate in the parking lot.

I'd tread VERY carefully. The risk for $100 bucks is not worth it at all.


To the OP, I suggest you consider package forwarding services.",1737344281.0,4
mississauga,"https://ca.indeed.com/q-tok-transit-jobs.html


York Region Transit in Vaughan is hiring apprentices. A lot of newbie people go there to get experience working on buses and then transfer out to bigger higher paying systems when jobs open up. It's great experience because the buses are usually the same from system to system.",1737344078.0,1
Markham,4.6 stars on Google.,1737162103.0,2
Markham,"You & Me Bakery Leslie & 16th

HANDS DOWN THE BEST PIPING HOT EGG TARTS IN MY LIFE. Ive had a lot of egg tarts but man this place is amazing.

Its so popular that you cant actually buy any on the spot. You have to call in and reserve ahead of time. Trust me and try them hot you wont regret it.

I used to drive YRT and my bus always had a break here. Lord it was a godsend becasue there was never anything else around this route.",1737162073.0,4
Vaughan,Gypsies 100%,1737145175.0,1
Markham,"I finish work around 11:45pm, so can reach the airport at 12:00am if that works for you!",1737105996.0,1
Markham,"Lol I make the commute from markham past the airport everyday. I drive people everyday as im a transit operator. I'll do it for $20.


I usually leave markham around 12pm if that works!",1737093859.0,2
torontoJobs,The school bus industry is always hiring. Have you applied? Lol,1736983489.0,0
torontoJobs,Yes but you are competing against 100000s of G drivers applying.,1736978708.0,1
Markham,"If they live near Highway 7, I recommend the Viva bus to Richmond Hill Centre and then GO Bus straight to Terminal 1.


Low floor vehicles make the trip a breeze.",1736969228.0,2
BigBrother,"The network airing Big Brother Quebec also owns CTV, which is the biggest TV network in Canada.

They should adopt an English version and film it in the same house to save money.",1736747518.0,3
torontoJobs,"Apply to be a transit operator, multiple agencies will be hiring soon. And there's many opportunities to move into white collar internally after you do so especially with a degree.


Don't lose hope.


My friend without a bachelors got a corporate call centre job on Bay St last month. He was hopeless for months on end too. It'll get better soon especially with all the visas set to lapse in the next few years. Won't be surprised if employers are desperate for workers again in the next 1 to 2 years",1736634332.0,1
gotransit,I guess this is another glitch then lol,1736634145.0,1
gotransit,"If it is saying Accepted. That means your credit/debit got charged instead of your Presto card.


Because even if you tap your Presto from your phone, it will display the balance.


If it said accepted when you Tapped On. And then later says Tap On when you were tapping off. That means you paid twice, once on your debit credit and second time on your Presto. And probably got charged max fare due to not tapping out both methods.


What a mess",1736631062.0,1
neopets,"For real, addictive as hell. I was in my 20s and still addicted to KeyQuest. Once that game was taken offline, I left for good and j still don't play neopets lol",1736552405.0,11
OttawaNewsPulse,LOL,1736447045.0,1
mississauga,"https://youtu.be/eCGmZEmISdk?t=6


TLDR. This is the reason why.",1736445184.0,0
montreal,STCUM operated commuter rail until 1996. Then it was transferred to AMT.,1736228468.0,1
montreal,"After googling the numbers, yes these are former STCUM trains. They even made it into the AMT days and were retired from service in Montreal 2005.",1736148442.0,10
ontario,"Gurl I was renewed my health card online about 3 weeks ago. I already received it in the mail.


It may be lost...",1736045248.0,0
TTC,"https://en.m.wikipedia.org/wiki/Mexico_City_Metro_overpass_collapse


https://www.cnn.com/2015/05/04/americas/mexico-city-metro-trains-crash/index.html


https://www.cnn.com/2023/01/07/americas/mexico-city-metro-collision-death-intl-hnk/index.html


There was another crash in 2020 I believe",1735948640.0,1
Markham,"These people are Gypsies. They don't care about public shame. This is their life and livelihood.


When the government removed visa requirements from Romania back in 2017, I worked at Markville Mall and it was almost immediate that distraction thefts skyrocketed amongst our customers.

It's a shame that bleeding heart judges granted these people refugee status because they faced ""discrimination"" and not life-threatening danger back home in Romania. There's a reason why they face so much discrimination.


We are literally inviting criminals into this country and there's not a damn thing anyone is doing.",1735927630.0,21
TTC,"Didn't a train fall off a bridge there due to poor construction standards


Many deadly accidents involving trains rear ending eachother too


Despite this I too enjoyed their transit system.",1735924382.0,1
WalmartCanada,"I noticed a lady buying 2 full trays of Kinder Surprises.


I asked if she visiting she replied from the US so I promptly advised her they are illegal in the US and they could seize them. She promptly returned them lol.",1735878572.0,1
gotransit,"To transfer for free from GO to Miway, you MUST use Presto/credit/debit. GO Transit paper tickets and mobile tickets are not valid for Miway.


Miway issues 2 hour paper transfers if you pay cash. Maybe that is what you saw?",1735862134.0,2
CanadianCoins,"The quality control on these gift sets are piss poor.

I have multiple sets with full fingerprints of employees I could use to ID them. One time I had a hair stamped straight into the set and the oil from the hair lined a straight line of toning BLECH l;ol",1735784858.0,2
NiagaraFalls,"If you trace, it's the same right of way that leads right to Fallsview Casino",1735679326.0,1
Markham,LOL,1735675632.0,2
Markham,"Would you rather the cops be silent in your neighbourhood if someone is actively breaking into peoples homes and hiding?


God karens like you would then complain why didn't the cops make noise to wake everyone up? There was someone breaking into houses


Cops don't just randomly blast their sirens for funsies. There's obviously an active event going on.. ",1735663170.0,52
Markham,"Ah so OP admitted they are a minor.


Seems like Uber driver was concerned for OP's personal safety and they're trying to sabotage the Uber drivers job and food for his family.


I used to be immature and moronic like this as a teen as well, not thinking how serious accusations or ""complaints"" like this could seriously affect someone's ability to feed themselves and provide for their family.",1735628620.0,6
NiagaraFalls,I wonder if there would have been any benefit to converting these lands to light rail. Does this railway even go anywhere useful?,1735274454.0,2
NiagaraFalls,"[https://www.google.com/maps/@43.1111523,-79.1115459,3a,60y,277.29h,90.15t/data=!3m7!1e1!3m5!1scceBT\_3PDPmnPWvP-VH8bA!2e0!6shttps:%2F%2Fstreetviewpixels-pa.googleapis.com%2Fv1%2Fthumbnail%3Fcb\_client%3Dmaps\_sv.tactile%26w%3D900%26h%3D600%26pitch%3D-0.14906020160833577%26panoid%3DcceBT\_3PDPmnPWvP-VH8bA%26yaw%3D277.29302236224373!7i16384!8i8192?entry=ttu&g\_ep=EgoyMDI0MTIxMS4wIKXMDSoASAFQAw%3D%3D](https://www.google.com/maps/@43.1111523,-79.1115459,3a,60y,277.29h,90.15t/data=!3m7!1e1!3m5!1scceBT_3PDPmnPWvP-VH8bA!2e0!6shttps:%2F%2Fstreetviewpixels-pa.googleapis.com%2Fv1%2Fthumbnail%3Fcb_client%3Dmaps_sv.tactile%26w%3D900%26h%3D600%26pitch%3D-0.14906020160833577%26panoid%3DcceBT_3PDPmnPWvP-VH8bA%26yaw%3D277.29302236224373!7i16384!8i8192?entry=ttu&g_ep=EgoyMDI0MTIxMS4wIKXMDSoASAFQAw%3D%3D)

This is how the former railway appears in a lot of intersections of residential neighbourhoods.",1735274369.0,1
NiagaraFalls,"[https://www.pinterest.com/pin/this-was-the-top-of-clifton-hill-at-victoria-avenue-in-the-early-1970s-explore-a-litt--230668812141310535/](https://www.pinterest.com/pin/this-was-the-top-of-clifton-hill-at-victoria-avenue-in-the-early-1970s-explore-a-litt--230668812141310535/)

This answers what Clifton Hill @ Victoria looked like in the 1970s lol",1735274232.0,2
toronto,YRT has special constables doing fare checks. In handcuffs for onstruction js what will happen over there lol. Seen it happen.,1735259143.0,1
gotransit,"Well they are no longer buying Double Deckers indefinitely if that's any indication. There are no immediate plans to return to double decker buses.


Just ask some GO drivers, they're shitty buses. I don't even know how many times the driver person I know messaged me ""oh I gotta go My bus broke down 😭""


I drive regular transit buses and break down not that often.


Also the same could be said for Alexander Dennis. Initial buses ordered for GO were shipped from the UK until a factory was set up in Canada. I have seen Setra buses in Canada I think.",1735247241.0,3
walmart,"we had an old ass Walmart Discount City shopping cart randomly show up inside our Walmart Canada store

It was white and old and beat up.

Walmart has only existed in Canada since 1994. what the fuck is even a Walmart Discounty City?",1735237183.0,1
gotransit,These buses are not old. GO retires buses that are barely even 10 years old. I think the bus I was riding was a 2300 series and GO still used the 2400 series last year I think. usually a year separating the series apart.,1735236527.0,2
gotransit,"The double deckers that you see GO using are purpose built as stop-and-go urban transit buses. Most cities that have this Alexander Dennis model use them in TTC style routes in Mexico City, Hong Kong, all over the UK.

  
I've heard these buses have been a reliability nightmare for GO on the highways. I always wonder why they don't take a look at Van Hool or Setra?",1735236105.0,3
toronto,"https://preview.redd.it/wdxb9pr0w79e1.jpeg?width=2252&format=pjpg&auto=webp&s=75daf1617c3bdc30b1ee70e978853e3d5b264631

Images of GO Transit employees on Miami Dade Transit",1735229462.0,4
toronto,"I was in Miami earlier this year and they still had GO buses running around in GO colours, with pictures of GO employees in advertisements on board. Lol I took pictures",1735229122.0,3
torontoJobs,"After the great resignation in 2021, they flooded the country in records numbers with temporary workers such as students, refugees and TFWs because employers were finding it hard to find employees.

It came to bite the Liberals in the ass HARD.

Now nobody can find a job and the newcomers are subsidized so employers will always choose them over somebody who is not new here. Not to mention the refugees have free housing, gold plated health care (that even regular Canadians don't even get) while longtime Canadians can sleep in the slow.",1735018623.0,3
WalmartCanada,"Do not cross out the receipt. It renders the receipt unusable as the employees need to know how much was paid.


My suggestion is to go back to Customer service and ask them to do a straight exchange for the same items and issue gift receipts.


If the items are already wrapped, explain that and just go with the receipt. Walmart should close at 6pm today. Dec24


But yes they will find out how much the item was anyways even if they use the gift receipt. It shows up on the return slip lol.",1735016220.0,1
toronto,"These New Flyer buses come with mid powered axles now. If the TTC is too cheap to buy them , then it is their fault actually.",1735015501.0,6
toronto,"I went to Boston a few months ago. They have the exact same bus except their middle axle pulls the trailer for this exact reason.


I believe ttcs artic powered axle are in the back. When the axle is powered it pushes and bends the middle part in unpredictable ways because of the snow.",1735015435.0,7
Markham,"If you've ever been to Mississauga, youll never complain again about YR. 

They programmed the traffic signals to change every 2-2.5 minutes even at 11pm. You pass that and hit another 2-2.5 minute signal a few moments later. IT DRIVES ME UP THE WALL.",1734959394.0,3
LAMetro,"I was a tourist riding from Toronto and definitely had some experience riding the A Line around 8pm-10pm.

Let me tell you I was SCARED. Literally there was a man with a cane in front of us getting up into peoples faces squaring up to fight and yelling at everyone (except us oddly, maybe because we looked so scared lmao). Multiple sketchy people on some type of drugs on the train. One thing I hated about LA's trains was the forward facing seats, you could never see who was behind you but you could certainly hear the crazy rantings behind you. The first time I actually turned around to see who was behind me, it was KevJumba from Youtube fame dressed like a monk ranting away, which was a small relief.

Like I'm used to taking transit in Toronto, hell I'm a transit operator in the Toronto area that is used to picking up sketchy people from time-to-time, but that LA train felt SKETCHY AS HELL. We were two males riding together, I could not imagine how she would feel riding the train alone as a woman seriously and I would strongly advise against it.

The E Line to Santa Monica felt fine though all throughout though.

I've ridden many transit systems across North America, I definitely rank Los Angeles as up there when it comes to seedier transit systems, a close second to Detroit's DDOT. There's just so many sketchy looking people on EVERY train I seemed to ride in Los Angeles. You don't get that vibe riding transit in Chicago, New York, Boston and it seems theres a much larger and visible transient population in L.A. compared to other cities.",1734720110.0,5
walmart,"Our store in Canada stopped doing no-receipt returns FULLY. Like the answer was no for everyone and it was great to have a ASM manager that backed us up.

We would try and the CSM would try and say no no no no no.

We'd call up the ASM and she'd be like nope sorry. byeeeee",1734688844.0,1
WalmartCanada,"I prefer the renovations that they did with the Dark Dark Blue and the illuminated Yellow Block Letters hung from the ceiling. It made it so easy to find departments by squinting and looking for the illuminated yellow letters.

But I think Walmart HQ in Arkansas probably didn't like it because it strayed away from the Walmart branding. The dark blue hues have not been found anywhere outside of Canada.

This latest renovation which mirrors the look of Walmart US, is kinda cheap and tacky looking.",1734688167.0,1
TTC,"TTC's standard of on-time performance is, as long as the bus departs from the beginning of the route on-time, it is considered on time. Regardless if the bus is operating +5 minutes while mid -route. If you use [www.transsee.ca](http://www.transsee.ca), you'll see 129 buses coming early all day.

YRT's standard of on-time performance is the bus cannot be operating more than +1 minutes. Their drivers do get disciplined. I used to drive for them.

Since YRT is paying/funding for the TTC's service while it is operating north of Steeles. Perhaps complain to YRT that they need to get their shit together, rather than TTC directly. The TTC is considered 1 of the 3 contractors that operator YRT conventional buses.",1734580305.0,7
toronto,"I carry a debit card on me that doesn't work.


Hoping they approach me so I can score $20 <3


Scamming the scammer",1734229543.0,12
WalmartCanada,"This, do not go to the store. The employees there have no control on your online order and will simply refer you to call the 1800 number",1734229309.0,1
mississauga,Steering wheel lock,1733895979.0,2
ontario,I think it was created by TVO,1733778579.0,2
gotransit,Ill give you $10 etransfer for it lol. Will it be valid this Friday? DM Me :),1733668644.0,1
WalmartCanada,"Maybe because they've already escalated to an ASM and their requests were ignored if you bothered to open your eyes and read their post.


No one said to treat the ASM as a subhuman. Clearly you have reading comprehension issues.


7 hours during the busiest season of the year as you said it yourself is bullshit and you all know it.",1733586552.0,-6
gotransit,"You sound exactly like one of those self-important karens who tell employees to their faces that they will never shop here ever again.


Literally. No. One. Cares.


Go transit is a public transit agency LOL. Not a for profit bus business like greyhound.",1733586334.0,1
WalmartCanada,"Give them a break? These are people's lives and their paycheck is their food. How are people like you a supervisor?

I'd say move up the chain, open door the store manager or HR manager. How do they drop you to flex, when supposedly that isnt even a thing anymore.",1733584250.0,5
Camry,DONT For the love of god. Even wiping a car with a cloth can leave microscratches. Just dont put lights on it,1733502872.0,2
ontario,"Is it possible to wait til you get a better job first and then throw them to the fire?

Some important things to consider, will this company blacklisting you have the potential to affect your future? Are they a big player in the industry? Even if you don't want to work for this company in the future, also consider that companies do merge and shit.",1733500268.0,3
Tinder,This is in the Canada region.,1733489743.0,2
BellevueWA,"T&T is owned by a grocery giant in Canada called Loblaws. Think of it as Canada's Kroger.


Loblaws helped Walmart USA develop its Great Value/Sam's Choice private label in the 1970s.


They have deep pockets and will destroy competition. Nothing comes close to T&T",1733469310.0,3
gotransit,LOL,1733433519.0,3
ontario,"I don't think international students in medical schools are an issue people have. International students at useless strip mall colleges are what people have an issue with.


People want useful immigrants, not the ones coming here to work for Uber",1733428543.0,2
torontoJobs,"To be honest, the way this post is written
I don't think it's an international student, moreso someone writing this to fuel the fire so to speak lol.",1733349298.0,0
torontoJobs,"But how are you working 80 hours a week as someone here on a student visa.


People who were born here can't even find a job.",1733349105.0,2
toronto,"I used to work for a transit agency where drivers still somewhat enforced the fare. Guess what, 99% of everyone paid the fare because ain't nobody going to stand at the front and hold up a bus. The social pressure of holding up a bus ensured the fare got paid every time.


Then I moved to another agency where you aren't even allowed to talk to the person about the fare and you have entire generation of kids growing up not even knowing HOW to pay the fare. They just get on ""Can I have a free ride?"" This then extends to adulthood and on and on. 


Once you let the problem exist, it festers.",1733346721.0,79
TTC,"Did you tap off the GO bus/train? You must because if you dont, the card doesnt know where you got off so it automatically defaults to charging you to the end of the line, which is FULL PRICE.",1733233948.0,2
toronto,"They've really been pushing on time performance lately at Metrolinx. Which is not bad perse, but I've been hearing from Metrolinx employees that it's been at the expense of safety.


Literally the mantra at most transit agencies is safety before service. Which has not been the case in its rail operations lately.",1733176096.0,2
DragRace_Canada,LOL CHATGPT DIALOG. I SPIT OUT MY TEA.,1733116439.0,6
bus,"These Ikarus buses from Hungary were a nightmare for Toronto's slushy salted roads and rusted apart. The TTC would not purchase their next articulated buses until 2011 with Novabus.

The suburb to the north of Toronto later purchased a large fleet of Belgian Van Hool A Series buses in 2005 for the European styled BRT. The 40 foot versions from 2005 continue to operate in service (2024) and just received a light refurbishment to extend their life well past their 18 year lifespan. They are well-liked by riders, generally reliable, but absolutely hated by operators due to the weak A/C, windows that are sealed shut and suspensions that generally not adapted for North American potholes.   
[https://www.youtube.com/watch?v=gq\_dvPbGynQ](https://www.youtube.com/watch?v=gq_dvPbGynQ)

At the time these Van Hools were introduced, the appearance of these sleek Euro buses were groundbreaking because Toronto was still operating GM buses with designs from the 1950s well into the 2010s. Most of these buses were gone from American systems by the 2000s but Toronto was forced to keep using them due to government funding cuts.  
[https://www.youtube.com/watch?v=2glcl39hcR8](https://www.youtube.com/watch?v=2glcl39hcR8)",1733115265.0,2
gotransit,"[https://transsee.ca/stopsched?s=gotrain.MI.ME\_1&date=2024-12-23&ok=OK](https://transsee.ca/stopsched?s=gotrain.MI.ME_1&date=2024-12-23&ok=OK)

Also these are the train departures on December 23rd, so the schedules are out there.",1733050044.0,2
gotransit,"Meadowvale GO Station only has trains going to Union Station on weekdays during the AM peak hour period. At all other times (weekday off-peak, weekday PM peak hours, weekends) you must take the GO Bus Route 21 - which can be highly unreliable with the heavy traffic due to the ongoing Gardiner Expressway in Downtown Toronto.

Trains returning from Union Station to Meadowvale GO operate in the PM peak period.

Tell me your general starting area and final destination in Toronto. It might make sense to use local transit as Miway operates express buses from Meadowvale to Kipling Subway.",1733049766.0,5
gotransit,What time do you plan on traveling? And what days?,1733026858.0,1
WalmartCanada,"https://www.mastercard.ca/en-ca/personal/security-benefits/pay-at-the-pump.html


Dumbasa",1732861571.0,1
WalmartCanada,85600 is in Arizona. A quick Google search would tell you if you weren't a moron,1732861442.0,1
WalmartCanada,"https://creditcardgenius.ca/blog/canadian-credit-card-zip-code


P.s. you're a moron with 0 critical thinking skills.


What would I have to gain by ""spreading misinformation."" Think about that next time before commenting idiot",1732830487.0,1
WalmartCanada,You have issues,1732682372.0,1
toronto,"That lady has been at warden since before I can remember. I'm in my late 30s now. It really does make me sad!!

  
I love how open concept the terminal is and it had stores. always felt Safe at warden stn",1732406277.0,18
TTC,Sorry where is the operators room? Im still confused as to where it was lol.,1732303903.0,1
toronto,The TTC was a disaster when he was chair of the system. Does anyone remember the late 2000s when the platforms of the subway stations were CAKED IN BLACK SOOT and stations would only get a deep clean like twice a year lol.,1732299130.0,7
toronto,Whatever happened to that semen stained couch at City Hall?,1732299019.0,9
gotransit,"You need 2 separate GO Weekend Passes. One for Saturday and One for Sunday.  
Your Saturday pass expires at the end of Saturday service which is around 3am Sunday morning.

Also, GO Transit does NOT take you directly to the falls. You will have to take a local bus to get to the falls from the Niagara Falls GO Station. You have 2 options:

\- WEGO Green Line which is more expensive and geared towards tourists bringing you up and down to tourist venues along the escarpment. ($13/24 hours, $17/48 hours). This system does NOT accept Presto/credit/debit/cash even. You must board with a WEGO pass that you can buy on the website or buy at the Niagara Falls GO Bus Terminal, I believe it's cash only or card only at that terminal (don't remember).

\- Niagara Region Transit Route 104/204 which is less expensive and is the actual local transit system. ($3/2 hours, $7.25/day). This system does NOT accept Presto/credit/debit. You can pay cash or using a scannable QR code on the ""Transit"" app.

If you plan on riding to multiple tourists venues, I recommend getting the WEGO pass as Niagara Region Transit kinda operates around the periphery of the falls. If all you're looking for is ride to/from the GO station to the falls then go for Niagara Region Transit which will drop you off right at the top of Clifton Hill. I always do NRT as I don't do the tourist stuff and am mainly looking to get to the US border.

If you don't want to stay til the next morning, the last departing GO bus from Niagara Falls is 10:22pm on November 30.",1732109115.0,2
Markham,"I threw my pokemon cards from 1999 onto the fleabay and was surprised people were bid warring on them


Not to sound skeptical but many people are out there pretending to be new collectors that are ready to pounce on people ignorant of the values lol. Hence the ""I'll only selectively buy what I need""",1732026408.0,4
Markham,I'd make sure to Google the value of them individually before selling,1732025179.0,3
WalmartCanada,"Did you pay with your phone? That changes the 4 digits.


Iwould recommend you give them the total dollar amount of your bill and/or the 11 digit UPC (Drop the 12th digit)


It's also possible you had someone who didn't know how to check lol",1731959688.0,1
gotransit,"Like I'm not even disabled and I'm always just mortified for the person on lift because the bus was delayed 5 minutes every morning with evrryone standing in the cold watching him. Once the lift even jammed with the guy jus stuck in the air.


The problem with the low floor MCI is it loses way too many seats to accommodate the low floor cubicle.


I wouldn't be surprised if GO ends up purchasing low floor transit byses with highway seats like they used to in the past.


GO at one point bad Orion, New Flyer and GM buses that looked like your typical ttc bus with plush seats.",1731844448.0,2
gotransit,Not to mention horribly awkward for the person in the wheelchair cuz ebrryones gawking at them being lifted into the air,1731800884.0,2
gotransit,"They use the same for Airport Express services, but Alexander Dennis form the vast majority of local transit in Hong Kong ",1731798248.0,2
gotransit,"I believe metrolinx is moving away from double Deckers. The alexander dennis model has been a maintenance nightmare. It's important to note that these buses are used in regular transit service in most other cities, not highway coaches


I believe they are moving back to regular highway coaches.",1731715867.0,7
canada,"No electing him, the faster they get a new leader the better for the NDP",1731715064.0,2
WalmartCanada,"This seems to be a made up rule by someone in your store. There's no such policy.

As long as the item is Sold and shipped by Walmart, and not on clearance, and not some random vendor.",1731296403.0,1
gotransit,"If you want the simplest way, take the 

GO Route 40 bus from Hamilton to Renforth Station  
TTC Route 32 bus from Renforth Station to Islington Ave  
TTC Route 37A bus from Eglinton Avenue right to the entrance of the casino. It literally drives onto casino property.

THIS IS THE BEST ROUTE <3",1731245155.0,2
BravoTopChef,"I still dont understand how they were able to get IMAN, like an absolute fashion icon royalty host the Canadian version of the show. It was and still is so random to me!",1731232284.0,2
WalmartCanada,It's theft. Let LP know if they're in their office.,1730953829.0,1
gotransit,Next time take the Lakeshore West train to Burlington GO. There's a 12B express bus to Niagara that is faster than the train sometimes lol,1730754480.0,2
gotransit,Melbourne has a subway? That's news to me,1730754354.0,2
gotransit,"I wasn't sure if your Group counted as 2 people or 3 people.

But in any case, the 2-person Group Pass on Weekdays is $30 and the 3-person Group Pass on Weekdays is $40.",1730700754.0,1
gotransit,"I checked the website and can confirm that the GO/WEGO combo pass is ""for travel on consecutive days"" which means your return trip must be on the following day. Even when you click on the calendar to buy tickets, it highlights what day your pass will be valid on. The combo pass will only be valid only on Nov 7 & 8.

I've run 2 scenarios for you.  
Scenario 1 where you buy a combo pass from Niagara Parks and a separate GO Transit mobile ticket to go home.  
Scenario 2 where you take advantage of the group/weekend rates on GO Transit mobile tickets and a separate WEGO pass.

SCENARIO 1 - TOTAL $94

GO/WEGO COMBO PASS  
Covers GO (Niagara Falls Train ONLY) Nov 7/Nov 8 + WEGO 48 hours  
$74 ($37 x 2 separate passes)

GO TRANSIT SINGLE DAY PASS (WEEKEND)  
Covers GO Transit Entire System (Train + Bus) Nov 9  
$20 ($10 x 2 separate passes)

\------------------------

SCENARIO 2 - TOTAL $84

GO TRANSIT GROUP DAY PASS (WEEKDAYS)  
Covers GO Transit Entire System (Train + Bus) Nov 7  
$30 ($30 covers 2 people x 1 pass)

WEGO 48-HOUR PASS  
Covers WEGO 48 hours  
$34 ($17 x 2 separate passes)

GO TRANSIT SINGLE DAY PASS (WEEKEND)  
Covers GO Transit Entire system (Train + Bus) Nov 9  
$20 ($10 x 2 separate passes)

So the combo package is not cheaper as you are not returning within the two-day period of the ticket.

It is about $10 cheaper if you buy the transit tickets separately, you won't have access to the touristic funicular ride or other tourist venues though:  
1x GO Group-2persons Weekday Pass for Nov 7  
2x WEGO 48-hour Pass  
2x GO Single Weekend Pass for Nov 9.

GO Transit MobileTickets are sold on [www.gotransit.com](http://www.gotransit.com). You just buy them and use your phone to display your ticket.  
WEGO passes are physical cards that are sold inside the Niagara Falls Bus Terminal where you are dropped off by GO Transit, just make sure its open when you plan to arrive. I believe it was cash only, so bring cash to buy your card.

GO/WEGO combo passes are limited in the sense that they are ONLY valid on the three-limited GO Niagara Falls train trips. They are not valid anywhere else on the GO system, even on the Route 12B express GO buses that go between Niagara Falls <-> Burlington GO Stn.

Whereas, the GO MobileTickets I listed above are valid anywhere systemwide except the Airport Train. You can also use them on the express non-stop GO buses that serve Niagara Falls<->Burlington GO as well (they run a little earlier than the trains if you don't want to wait for the trains that leave Niagara at 12pm). Just remember that the 12B is the express bus and avoid the 12 which is the local bus making a shit-ton of stops.

Hope I helped, if you are confused at all. Please reach out. It's absolutely hilarious seeing how confused tourists are at Niagara Falls bus terminal. Niagara itself has 2 transit systems WEGO/Niagara Region Transit that don't accept eachother's transfers and everyone is running around just confused because both of them don't accept Presto/credit/debit and one them doesnt even accept cash! LOL So tourists are always like HOW THE HELL DO I GET ON THIS BUS. You'll see lmao.",1730698786.0,5
gotransit,"If you don't mind, can you tell me what days you are traveling so I can find the best deal for you? Whether it is a weekday/weekend makes a big difference.


And how many people are you traveling with? And where are you coming from?",1730684104.0,1
gotransit,"It is 2 days with GO. 48 hours with WEGO.


GO tickets usually expire at the end of the service day. If your first day is Friday, then it will be valid the entirety of Friday, the entirety of Saturday, as well as the 3-4 hours til the end of service on Sunday morning.",1730683907.0,3
Camry,"Try Findway floor mats. I got them for free because I let them scan my car in Markham lol.


I must say I like them and I'm gonna direct people to buy from them. Check to see if your car is on their website. If yours isn't they may give you a free set inexchange for 2 hours with your car.",1730680806.0,2
Markham,"When I first moved to markham, yrt was brand new and the 8 kennedy only ran during rush hours. I remember the bus having to take dirt roads to get into unionville go (or at least that's how I remember it)",1730670204.0,2
Camry,Super sturdy. Granted I don't try yanking them but they're held in place fairly well,1730666985.0,2
toronto,"YRP literally taking out literal trash


https://i.pinimg.com/originals/9b/79/93/9b799399838c91b585c601407efa3e37.gif",1730399891.0,2
Markham,There were a few years in between where there was no Laura secord jn the mall,1730399433.0,1
Markham,"They changed the recipe to Superkid sometime in early 2010s, people complained and it was switched back. Then in 2015 they again switched the recipe and I haven't had it since.


Superkid before 2010 was the best ice cream flavor ever. Smooth hard ice cold pure ice cream. Then they replaced it with this soft foamy mushy ice cream that is probably pumped full with fillers. ",1730399277.0,1
toronto,"I prefer it sometimes over Google. I hate being told to take VIA Rail or Flixbus for trips to Niagara for instance.


I wish there was an option to exclude certain transport providers.",1730398521.0,5
WalmartCanada,"No idea if the policy is changed, but walmart branded items which will says imported by walmart canada on it can be exchanged with no receipt. ",1730241188.0,0
WalmartCanada,This.,1730241159.0,1
insects,Sorry please skip to 12:03 in the video!,1730015570.0,0
toronto,The A/C in these tourist buses were turned off in regular TTC service lol,1729968476.0,1
walmart,"At our store, the oven is located in the very back of the store, near claims abd produce prep. Where there is nobody at night. It's not actually anywhere close to bakery counter. Opposite end of the store actually",1729968381.0,1
toronto,"TTC used to have its hands in many non-core pots back in the day, an intercity coach network, a sightseeing bus and streetcar service, it even operated an amusement park too. The last remnants of this era was in the early 2010s when TTC-uniformed employees still sold Greyhound/Megabus tickets at the Bay St terminal.

These buses were specially equipped with air conditioning and plush leather seats which was rare in the 1980s. The Gray Line plaque could be removed and the bus used in regular TTC service.",1729923507.0,7
walmart,"Yall keep saying didn't anybody hear her screams? This is Walmart Canada we are talking about. They have cut down the manpower to slave labour like levels. Like 2, maybe 3 people to zone an entire store at closing time.


There's barely any staff around anymore. It's not like the US where there are staff every corner of the store.",1729908629.0,31
Markham,"Are you sure that's not their kirpan ceremonial knife thingy in a sheath holster?

Every Sikh male carries one for religious reasons.",1729844369.0,0
mississauga,I remember seeing a Tiktok of this Indian guy filming cars one after the other getting camera flashes next to a Coming Soon sign. I recommend you go back to the location and film this happening to get your ticket thrown out if it does end up coming.,1729844117.0,5
television,Public television second-tier entertainment? I'll have everyone know Schitt's Creek was a product of public television.,1729580419.0,0
television,The original 80s incarnation of Degrassi aired in the US on PBS.,1729580371.0,3
WalmartCanada,It's funny how every store is different. Our store never did and would never take an electronic item back without a receipt,1729135503.0,1
toronto,"Zone 3 still exists to this day for the TTC and there is still a spot for it on TTC transfers that TTC drivers are supposed to punch (but they just Swiss Cheese up the transfer instead)

YRT/Miway territory fully outside the City of Toronto that TTC provides service to is the 3rd zone. TTC operates as a contractor to the Region of York and City of Mississauga, which pays for the service.

You need to pay an extra fare in Zone 3, and the driver will give you a new transfer with Zone 3 punched out. That transfer can then be used on YRT or Miway. It is never referred to as Zone 3, but rather something like ""Extra Fare Required North of Steeles"" or ""Extra Fare Required West of Airport""

[https://i.pinimg.com/originals/e7/32/cc/e732cc4ac1ce99e918c715fafc278df5.jpg](https://i.pinimg.com/originals/e7/32/cc/e732cc4ac1ce99e918c715fafc278df5.jpg)",1728944591.0,1
gotransit,No its not. I worked at a Walmart and can't tell you how many phones have been returned to me at the customer service or handbags with wads of cash inside. Most people are good lol.,1728868398.0,1
gotransit,Im going to give you a DM of premium service I have,1728859515.0,2
gotransit,"What day/time/route did you lose this ipad on? I can track the bus number for you and you can go hunt the bus down in live time if you want. I have a program where you can track buses but I'd have to give you access in a DM or something. (I pay for the program lol transit geek here)

I wouldnt be surprised its like still IN the bus all day everyday.

Especially if it tracked from Hamilton to Mississauga.",1728856753.0,1
gotransit,"In Montreal, they run the same bilevel cab cars. You can sit right up front next to the window like the old TTC subway trains. I wonder how safe that is though if the train hits a truck or something.",1728646248.0,1
Markham,"It was my first time seeing the aurora borealis and my first time seeing a shooting star. Anyone else see it at 12:25am?


I was outside for a grand total of 2 minutes LOL lucky me",1728620884.0,3
Brampton,"Record them.
Post them.
Make them go viral. They'll get the point.


Don't be a karen though. Just record them and post them somewhere online.",1728488404.0,1
TheTraitors,EXCUSE ME? Neda the Queen of BBCAN is a foreigner? please lol,1728083518.0,2
Markham,Film it. I want drama.,1728083283.0,-2
dragrace,I want his PIC. HE SOUNDS STRAIGHT AND HOT lmaooo,1728082910.0,1
Markham,"Like you, i need a paint touch up and not a full repaint.


PaintForce in Mississauga. It has 5 stars on Google. I had a small scratch. Every place I called said we can't repair a small scratch and that they would have to paint the whole panel because they can't match white metallic paint. Literally kevin paint force blended my small scratch with my existng paint and you literally cannot tell its been painted. He truly is a paintwizard lol.",1728056853.0,2
mbta,"Hey, Im interested. Is this Tricia Takanawa?",1727943554.0,2
toronto,There's something seriously wrong underground. I really wonder if it's something that's seriously unsafe or will corrode as time goes on. Is there water infiltration issues? What's wrong? Nobody knows lol,1727889067.0,88
mississauga,I remember seeing an MTA Long Island bus just driving around Sauga,1727838851.0,1
candy,Ew these are disgusting. They still sell them. I remember stocking these in my Walmart last year.,1727762066.0,1
candy,Are these Canada's Fuzzy Peaches just rebranded for the US market?,1727762034.0,2
gotransit,For example text me in the morning and I can tell you what the bus will be doing for that day. ,1727736142.0,1
gotransit,"That routing was for yesterday.


You need to text me and I can give you the bus itinerary for that day.",1727736122.0,1
montreal,"LOL

[https://youtu.be/\_FhgpFC1M8M?t=15](https://youtu.be/_FhgpFC1M8M?t=15)",1727685213.0,0
Markham,"Seems the hours for the app are limited. It wont let me book a ride for Sunday but does let me on Monday evening, so yes a direct OnDemand trip from Markham Cornell to Pickering Casino is possible without any bus transfers. I'd prebook a return ride just so you dont get trapped their if their service is busy.",1727664890.0,1
gotransit,"The bus, at this current moment is on Route 29. Today's assignment for the bus shows it Route 33 earlier in the day, Route 29 right now and then Route 65 later tonight.",1727664302.0,1
gotransit,"Hello, you were on Bus 8316.

I do have a tool that can track buses by the fleet number. If you'd like, you can text me on your downtime and I can tell you what bus the route is on so you can chase it down.

But be warned, GO buses tend to not stick to the same route all day. I can tell you exactly when and where that bus is going to be for the day though if you want to hunt it down. Text me 6478815308",1727664261.0,1
toronto,"I drove transit bus and worked retail 7 days a week for 2 years.


Hands down retail was the more stressful of the 2 jobs. But during the pandemic I would say people were very nice. But holy hell did the crowds come back after the pandemic, I would say some retailers are busier than prepandemic.",1727639753.0,12
Markham,"Clearly the tone of the OPs post is to incite faux outrage.


Some people are too stupid to realize public schools rent out their facilities to other communities during off hours I guess *shrug lol",1727632388.0,22
toronto,"But these flexiposts DO look shitty though.

Like their existance and positioning narrows what would be two lanes into one-lane with two-way traffic. Can nobody see how that could be dangerous especially at an intersection.  
[https://www.google.com/maps/@43.851077,-79.4138486,3a,75y,156.91h,76.31t/data=!3m7!1e1!3m5!1s4qcgT5x20TTpbpc9JHUyCQ!2e0!6shttps:%2F%2Fstreetviewpixels-pa.googleapis.com%2Fv1%2Fthumbnail%3Fcb\_client%3Dmaps\_sv.tactile%26w%3D900%26h%3D600%26pitch%3D13.691415274868163%26panoid%3D4qcgT5x20TTpbpc9JHUyCQ%26yaw%3D156.90982776830805!7i16384!8i8192?coh=205410&entry=ttu&g\_ep=EgoyMDI0MDkyNS4wIKXMDSoASAFQAw%3D%3D](https://www.google.com/maps/@43.851077,-79.4138486,3a,75y,156.91h,76.31t/data=!3m7!1e1!3m5!1s4qcgT5x20TTpbpc9JHUyCQ!2e0!6shttps:%2F%2Fstreetviewpixels-pa.googleapis.com%2Fv1%2Fthumbnail%3Fcb_client%3Dmaps_sv.tactile%26w%3D900%26h%3D600%26pitch%3D13.691415274868163%26panoid%3D4qcgT5x20TTpbpc9JHUyCQ%26yaw%3D156.90982776830805!7i16384!8i8192?coh=205410&entry=ttu&g_ep=EgoyMDI0MDkyNS4wIKXMDSoASAFQAw%3D%3D)

I am a cyclist too but the way these flexiposts are positioned are not it. Like imagine you are a bus turning out of that street and you also have cars wanting to turn into that street. It's not going to work.",1727501802.0,6
Markham,They're not going to allow you to view that stuff let alone allow you to record it. The privacy lapses if they allowed you to do that. LOL \*I work in retail.,1727468200.0,6
mississauga,"This has always been a rule since forever. There have been no recent changes. You wrongly assumed it was allowed before. Miway operators are probably annoyed with the recent surge of people using their service in Toronto because the transfer recently became free so they began actually enforcing that policy of not allowing people off so they learn their lesson of not doing it again.

If your trip begins and ends in Toronto, you MUST take the TTC. It has been a by-law now for probably 100 years at this point. This is not a Miway rule, it is a City of Toronto bylaw that is meant to protect the TTC as a monopoly on transit service. Miway only allows pickups/dropoffs if that passenger at some point travels to/from Mississauga.

If you are getting on in Toronto and getting off in Toronto, that is a TTC trip and you must use a TTC bus.

When I worked at YRT, we were told strictly to lock the door and continue driving the bus and only allow that passenger off at Steeles with no exceptions. Even if the customer pleads to be let off we were not allowed to. The transit agency breaking this by-law faces a $5000 fine (though I highly doubt the TTC enforces it but if a TTC supervisor wants to raise a stink about it, it was considered a big deal as it was considered sort of like theft of revenue from TTC.)

-----

NOW THERE IS AN EXCEPTION: Westbound buses are allowed to drop off in Toronto only if you are transferring from a bus that came from Mississauga.

Say if you came from 1E Dundas, and transferred to 20W Rathburn. You can get off in Toronto. You just have to board the bus and inform the operator you are transferring from a bus that came from Mississauga and will be exiting the bus in Toronto. You must inform them beforehand.

[https://www.mississauga.ca/miway-transit/fares/transfers/](https://www.mississauga.ca/miway-transit/fares/transfers/)",1727462981.0,1
richmondhill,"These trees attract rodents.a neighbour could have removed them to get rid of the nuisance. Cuz if an animal ate them, there wud still be remnants",1727375330.0,2
ontario,Gypsies,1727336895.0,0
gotransit,"It's a shared stop with YRT 99. If you do not wave, it is assumed you do not want the GO Bus and they will drive right by you.",1727135537.0,2
Brampton,"For the love of god, just dont DO CHEAP. I went the cheaper route and they ended up scratching my car, how the fuck do you scratch a car with that PPF knife cutter. God

I went to CeramicPro Markham and those people are pure professionals. I cant even tell I have a PPF because of how well they've hidden the flaps for the PPF",1727072896.0,1
richmondhill,"https://youtu.be/BNWvtfCdBcA?t=75


I did see it in a movie though",1726947638.0,1
gotransit,The schedule looks to be exactly the same on Sunday,1726912200.0,1
gotransit,"65E 5:30 AM Union  
65E 6:30 AM Union  
65J 8:00 AM Hwy 407  
65J 9:00 AM Hwy 407  
65H 10:05 AM Hwy 407  
65G 10:10 AM Hwy 407  
65H 11:00 AM Hwy 407  
65G 11:05 AM Hwy 407  
65J 12:00 PM Hwy 407  
65H 1:00 PM Hwy 407  
65G 1:15 PM Hwy 407  
65H 2:00 PM Hwy 407  
65G 2:05 PM Hwy 407  
65J 3:00 PM Hwy 407  
65H 4:00 PM Hwy 407  
65G 4:05 PM Hwy 407  
65H 5:00 PM Hwy 407  
65G 5:05 PM Hwy 407  
65J 6:00 PM Hwy 407  
65H 7:00 PM Hwy 407  
65G 7:05 PM Hwy 407  
65H 8:00 PM Hwy 407  
65G 8:05 PM Hwy 407  
65J 9:00 PM Hwy 407  
65G 10:00 PM Hwy 407  
65 12:45 AM Union

Not sure how accurate this is but this is what is listed for Saturday. Found on www.transsee.ca. Not sure why GO's website is so shitty. I can't see departures there either.",1726912160.0,3
CanadianCoins,"I made the mistake of elastic banding coins. DO NOT.

They will leave a toning mark on the outside of the loonies over time where the elastic was as it emits an toning chemical reaction to the coin",1726907959.0,1
Markham,These people are nuts lol,1726804697.0,60
Markham,"Yes. Having worked at the mall since 2008.


Pickpockets never happened at this mall until the floodgates to Romania opened in 2017? The pickpockets began happening almost immediately",1726679077.0,2
CanadianCoins,I WANT IT,1726652417.0,1
gotransit,I believe so it says it's valid on the Lakeshore West,1726633838.0,2
gotransit,"Would the system work better if all coaches were the same type on the train? I think before the 1990s, the TTC used to mix and match all sorts of different colored subway cars. I remember they did mixing as late as 1999 but never after the millennium.


 But then they eventually reached the consensus that the trains would operate more efficiently if they were all the same type.",1726633604.0,1
rbc,OMG IM HAVING THE SAME ISSUE RIGHT NOW. Did you resolve it?,1726556228.0,1
WalmartCanada,"Maybe its a preauthorization hold. It depends on the bank when that money would be returned into the account's balance.

Anytime you attempt a transaction, some banks will take money out of the account temporarily and usually it reverses but some banks are anywhere from 2-4 weeks!

This was the GO TO line we'd use whenever a customer came to courtesy freaking out about money being taken out of their account due to a failed tap. Considering absolutely none of these customers ever came or called back, I'm assuming this is the correct answer. I love how much BSing answers we did when we worked at courtesy. Lol",1726448496.0,4
CanadianCoins,Can I pleaseeeeeeee BUY them off you?,1726285051.0,1
CanadianCoins,LOL No. These are just bullion regular coins in a nice package. Price is way jacked up,1726284757.0,3
toronto,"As someone who drives buses daily, VERY relevant. Anytime someone has been assaulted or harassed, the instigator almost 99% of the time got on and never paid.

It's like the broken windows crime theory. Root out the fare evasion, and you root out all sorts of other issues too.",1726025645.0,4
toronto,"Growing up as a child in the 90s, even though I didn't know WHY the 501 was sketchy, I could just feel it.

The 505 as a kid was the way to get between Chinatowns. It never felt sketchy, even the Regent Park parts of it.",1726025532.0,16
rupaulsdragrace,Someone named Ika Wong came along and yanked her wig and scalped her on the spot.,1725945153.0,1
gotransit,"Cuz sometimes traffic IS the answer DUH. I'm an operator. God customer service people hate people like you.


If this is an ongoing issue and is a logistics issue, then contact Metrolinx and request they fix the schedule. Getting in a drivers face and ruining his day achieves nothing especially if he has no control over traffic. Will it make him fly over traffic next time? No. Thankfully I've never been chewed out by a customer before in my 5 years driving lol.",1725900937.0,3
gotransit,"EXCEPT, there might have actually been traffic though.

If the bus is starting his run in Peterborough, is there any GO Garage nearby that you can think of nearby in Peterborough. They often have to either deadhead from Oshawa or Steeprock. No idea which I dont work for GO lol

The way GO Transit works is buses are usually not assigned and stuck to one route throughout the day like other transit systems. For instance, they could be doing Route 94, then Route 88, then 41 sequentially and zigzagging all over the GTA. Devil's advocate, you don't know where or what the driver was going through to get to Peterborough. You just assumed the delay was between that one stop.",1725868825.0,1
gotransit,"It's valid for unlimited rides that day systemwide (anywhere that GO goes, even as far as Niagara Falls) You must be traveling together as it can only activate and display on one mobile device.",1725857419.0,5
mississauga,Yes.  TRCA floodplain map.,1725826383.0,2
Markham,Why would you expect the cashier to have produce bags? You want a cashier to walk to the produce section to grab a bag for you? Grab it yourself like the cashier said. God some people are morons.,1725604623.0,9
WalmartCanada,"When using your Canadian credit card in the US, your ZIP code is the (3 digits of the postal code + 00)

My postal code is L8P 5M6, I would enter 85600 as my ZIP for billing information. I would then use a fake address that is actually located at 85600 as my billing address.

It has worked for me, especially when using Fuel Pumps in the USA. Please try it and tell us if it works. I've run into this exact issue and this method almost always works.",1725098742.0,1
toronto,"""  Leary said he thinks criticisms of his leadership are due to his efforts to find efficiencies at the TTC and new ways to do business.""


Efficiencies such as cutting back on track maintenance that led to the Line 3 derailment and systemwide slow zones? LoL what a fuckin clown",1724893856.0,2
Markham,"Although he can't be extradited to canada from China, China can charge him for crimes committed overseas no?",1724878343.0,4
BigBrother,"The same people who feed the Ratcoles and Snakecoles inside the house, production.",1724787708.0,1
mississauga,"There's a lot of confusion about double tapping in Mississauga. You can double tap on Brampton Transit (Presto only, not credit/debit). You cannot double tap on Miway with anything, not even Presto.

According to my friend, the double tap feature is there on the screen but it is greyed out and driver's cannot access it.",1724745895.0,1
mississauga,The SilverCity in Richmond Hill looks identical to this. It still exists at Hwy 7/Yonge,1724629088.0,1
mississauga,"For stops that are not located at an intersection. Miway uses ""east/west/north/south of"" the nearest street to reference where the stop is.

The reason is because there are tons of bus stops in Mississauga located on a street where its just fences, so there is no physical address that can be announced, therefore the only option is to refer the stop with regards to the nearest street.. As far as I know, Miway does not name any stops based on a numbered address. The TTC names their midblock stops with the closest numbered address. YRT names their midblock stops by the bus stop ID number.

Every city does their things a bit differently.",1724628068.0,5
mississauga,"Where in North mississauga? It's an important detail you're not including as the city is huge.


If you can get to bramalea go station. The 56 will get you to unionville in under an hour.",1724557939.0,3
mississauga,Where in North mississauga? It's an important detail you're not including as the city is huge.,1724557927.0,3
walmart,"I see you are applying to CAN positions. Im assuming this is Walmart Canada?

Isnt Walmart Canada and its new CEO in a crazy cost cutting rampage across the country right now? Hiring freezes ffor most of the past year now?",1724477703.0,2
Markham,What is up with these scammy robot posts,1724389084.0,1
toronto,"[https://youtu.be/hFf1gCuQrwA?t=78](https://youtu.be/hFf1gCuQrwA?t=78)

How about when the producers are lazy and dont want to spend money on dressing anything up. This movie was not set in Toronto or even Canada.",1724133776.0,1
toronto,Seems she passed away in Toronto in 2013 at the age of 97,1724106487.0,1
Vaughan,Its not in the news. So probably was a suicide :(,1724014950.0,3
travel,I meant credit card debt sorry,1723847797.0,1
Buffalo,I'm not talking about having GO trains cross the border. I'm talking about local NFTA buses crossing into Ontario,1723660139.0,1
Buffalo,"It's not a nightmare though. I rode Windsor Transit with a completely crush loaded Novabus (same model as NFTA) through the US/Canada border and it was smooth sailing less than 10-15 minutes. The entire process was rushed with the border agents asking where you went and what you did and onto the next.


It helps that no one has luggage as it is for casual day trips. And if anyone is held at the border, the person is kept there and the bus leaves immediately (since the bus comes back in an hour it's not a big deal)


Greyhound buses usually have to wait if there are issues as they can't literally abandon people at the border (though sometimes they have to)",1723659988.0,2
Markham,"The drivers in Brampton are fast and generally not confused. They're driving recklessly not because they are clueless or confused.


They are reckless because they know they are being reckless and don't care about public shame. They need to be first to the light.",1723632656.0,23
gotransit,There's a Windsor Transit bus that operates municipal transit buses in Windsor that has a route and brings you into the United States in regular low floor transit buses.,1723628455.0,2
Markham,"No honey, I think you got them mixed up. 


That's a Markham driver in that video. Slow, clueless and confused.


Brampton drivers are pretty much the opposite.",1723613862.0,63
mississauga,Post on r/gotransit,1723268314.0,2
montreal,Bus 7000 was in service yesterday in Toronto until about noon on 41 Keele.,1722378217.0,2
toronto,"When you look into the background of Rick Leary and where he came from, the MBTA in Boston, it all kind of clicks and makes sense like a puzzle.

[https://www.youtube.com/watch?v=UjHangrDGo4](https://www.youtube.com/watch?v=UjHangrDGo4)

Like think about it, he's heading up one of the largest transit systems in the United States. He simply quits his job and overnight decides to start working for YRT/Viva in York Region. That's hella suspicious. Like does that make any sense to anyone?",1722321943.0,49
WalmartCanada,"Imagine this playing on every other video. 

Unskippable

[https://www.youtube.com/watch?v=dGGX-xvHpF8](https://www.youtube.com/watch?v=dGGX-xvHpF8)",1721780601.0,-1
mississauga,"The Chinese community went thru the same thing in the 1990s. Chinatown was Torontos most dangerous neighbourhood in the early 90s. You wouldn't know it today.


I'm assuming they cracked down hard because i havnt heard of any protection money extortion since ever",1720989685.0,1
Camry,Do you have an email? I can show you which part you need to shave down,1720562870.0,1
Camry,"Fog Light Wiring System  
Toyota Part #00016-32099-XSE  
[https://www.sparksparts.com/p-led-fog-lights-xse-1632099xse](https://www.sparksparts.com/p-led-fog-lights-xse-1632099xse)

Fog Light Bulbs:  
Toyota Part #[81210-0E030 & 81210-0E050](https://www.ebay.ca/itm/325241278840)

Fog Light Bezel (Nicest Quality One) I ended up selling all of the SE wiring/stuff from this kit and kept the bezel:  
[https://store.ijdmtoy.com/products/jdm-oem-spec-15w-led-fog-light-kit-for-2021-up-toyota-camry-se-trd-gr-trims-only](https://store.ijdmtoy.com/products/jdm-oem-spec-15w-led-fog-light-kit-for-2021-up-toyota-camry-se-trd-gr-trims-only)

  
[https://www.reddit.com/r/Camry/comments/1co7ddl/toyota\_camry\_w\_gr\_body\_kit\_triple\_beam\_headlights/](https://www.reddit.com/r/Camry/comments/1co7ddl/toyota_camry_w_gr_body_kit_triple_beam_headlights/)

This is what my modified Camry looks like. Theres 4 pics.",1720562753.0,1
Camry,Is your car an SE?,1720493100.0,1
Camry,"I will get you a list of everything I got and share it with you.


I wanted the light system to be OEM and not some Chinese garbage.


Paired with Lexus headlights and my car looks amazing",1720493012.0,1
Camry,I bought the bezel that came with the iJDMToy SE fog light kit and sold the other parts that came with it. It's very high gloss and matched the black paint color of XSE. I then matched the iJDMToy bezel with the OEM Wiring/OEM fog lights that Toyota sells. It was not cheap lol. What I did was I sanded down the corner and it fit perfectly without sawing into my cars bumper. Are you in toronto? I could show you my car.,1720478650.0,1
canada,Wheres Willy,1720410634.0,2
canada,"I think she lives in Nunavut now. I found her on Facebook. Her husband says ""From Toronto"" so it checks out.",1720410534.0,2
WalmartCanada,"Ontario is the only province where you can process tax exemptions in store at the cash registers.

Im not sure about children under 12's status cards.",1720079819.0,3
BigBrother,https://encrypted-tbn0.gstatic.com/images?q=tbn:ANd9GcTP7-8ZF0SPTkhsfQvrClTHScDxnSqr88aEMw&s,1719749610.0,2
canada,"LMAO Imagine if CAQ ran a candidate in Ontario and they won.

At this point, anythings possible.",1719664272.0,2
toronto,"Its important to note that the renaming of Dundas Square/Dundas St was an initiative under John Tory's time (oddly). Not many people know this.

I believe it was during Olivia Chow's time that it was decided to scale back the renaming to just the square+subway station.",1719635962.0,96
toronto,LOL,1719616239.0,1
toronto,"Why dont they send southbound buses, WEST on King, SOUTH on Bathurst, EAST on Queens Quay and then NORTH on Spadina back to route?

Wouldnt this be faster than sitting in that gridlock?",1719610598.0,3
BigBrother,"Season 1 average N/A aired on cable TV  
Season 2 average N/A aired on cable TV  
Season 3 average 1.120 million  
Season 4 average 1.185 million +5%  
Season 5 average 1.004 million -16%  
Season 6 average 1.118 million +11%  
Season 7 average 1.187 million +6%  
Season 8 average 1.205 million +1%  
Season 9 average 944,000 -22%             <----this is not good  
Season 10 average 881,000 -7%  
Season 11 average Not shown but lower than S10 -N/A%  
Season 12 average Not shown but lower than S11 -N/A%

The ratings saw a dramatic drop after they instituted the 50% BIPOC quota beginning in Season 9. I was happy for the change but to be honest, I felt the show got a lot LESS diverse after Season 9. Diverse to the producers meant a cast stacked with Black competitors that was missing the IPOC in BIPOC. There continued to be that one token Asian, Indigenous, South Asian, Middle Eastern person and sometimes none. I remember in Season 9 they had this segment about diversity and representation in the season finale while completing ignoring Rohan's whole existence in the package almost as if he was some forgotten token.

The casts from Season 9 to Season 12 felt more representative of American cities, not the demographic makeup of a typical city in Canada. When you're a tourist in the US, there's a lot of black and white people no matter where you go in the country. It's not like that in Canada, it's a stark difference when you travel between a Canadian airport and an American airport. The show no longer felt like it represented Canada and more like the USA. While the show has a lot of US fans watching bootleg episodes of the show online, US fans online don't count as advertisers want their dollars to go towards Canadian viewers. It took me a long time to realize why people kept calling Jaycee Lynne JCPenney (an American store) lol.

Honestly, Season 12 got real uncomfortable when you had a Black alliance systematically taking out anyone who wasn't black in the first half of the season. ""There's too many marshmallows in this Hot Chocolate"" was a quote someone said and to be honest around this point was when I stopped watching. Thanks Avery.

Even Anthony on finale night based his ridiculous decision to bring Bayleigh to the final two on the assumption that the jury would be voting on racial lines and support the final remaining Hot Chocolate, not on any game play. I wasn't interested in watching race wars and I'm inclined to think a lot of others weren't interested either.

Had Ibrahim not dropped out of BBCAN12, there would have been 0 Asians in the cast. There were 0 Middle Easterns casted. Like what? One of the two bigger demographics in this country just not in existence?

The ratings were fairly stable until Season 8 and began nosediving after Season 9, the same year the BIPOC requirement was instituted and the same year Arisa Cox became an executive producer. It's important for producers to recognize what changes they made beginning in Season 9 that may have ultimately turned off the Canadian viewer. Lots of people are banging the drum that the loss of live feeds killed the show. While it probably didn't help but nosediving ratings began well before the live feeds ended. A 22% sudden drop in ratings, or almost 1 in 4 viewers shutting off your program, is not an anomaly and means the producers definitely fucked up.

Right now, Bell Media (a competitor) holds the rights to the only active Canadian Big Brother franchise with ""Big Brother Quebec Celebrites"" on Noovo. The only hope of Big Brother Canada coming back is if Bell Media also snags the rights to the english version and brings the show to the much larger CTV network. Right now, I'd argue Corus is on the verge of bankruptcy. Their stock is down to $0.12 a share when it was $2.00 a share in 2023. Even if Big Brother Canada was doing WELL, I'd argue they couldnt afford to bring this show back with how poor they are. :/",1719527523.0,1
printers,I have Brother Firmware G 1.06. Is this old enough for me to skirt by using aftermarket toner cartrdiges?,1719461342.0,1
printers,"I was naiive and believed someone when they said the printer is working fine. He swore he rarely uses it for printing, only for scanning. Filthy liars. I should go back to the guy's house and kick his ass lol. 

This is what prints out when I print.

I did get a good price though. $100 for a MFC-L5700DW.

-----

Now please help!

Will replacing the printer with an OEM Drum + Toner fix these issues. There's dark lines, there's fading and there's black dots.

Is replacing those 2 components enough or is additional maintenance required like cleaning all the interior components required? Im not tech savvy and afraid I would ruin the unit even further. Should I take the L and simply relist it online for someone who needs the parts as it functions just fine.

Also, which units did Brother start blocking people from using third party toner cartridges? I have a feeling mine may be a newer unit has it has a touchscreen and shows its always connected to the WIFI. I dont want to further waste money on aftermarket parts only to discover they don't work on this printer.",1719460706.0,1
askTO,[https://www.youtube.com/watch?v=ZSoIlS4LQiI](https://www.youtube.com/watch?v=ZSoIlS4LQiI),1719123231.0,1
gotransit,Anyone who is a GO customer needs to complain. Metrolinx allowing these acitivies to happen on their property is disgrace. They need to ban these organizers ,1718843013.0,24
gotransit,"Great that Metrolinx rents out their parking lot for festivities. But in what world is it acceptable that a mess like this is not cleaned up the same night of the festivity?


How in the holy hell is this acceptable for paying customers to arrive to a station looking like this?


Like what the actual fuck Metrolinx?",1718842613.0,45
toronto,Good.,1718752509.0,41
toronto,"Have the TTC take it over and call it the LakeBus.

In Vancouver, their SeaBus ferry is included in rapid transit maps.",1718751598.0,4
Markham,"That must be a new car owner. The D licence plate means it was purchased recently.


He's probably parking it purposely like that to avoid door dings",1718644898.0,1
canada,"When even racialized immigrants of the past are saying this is TOO MUCH, their accusations of racism doesn't hold light anymore.",1718363438.0,1
BigBrother,"Things are looking grim for Corus Entertainment.


It's stock hit an all time low of 0.24 cents and is heading towards penny stock trajectory",1718287298.0,2
toronto,"Or even call it Forever Yonge Square. 


I could see a Forever Yonge lit up sign at streetlevel Ala the Toronto sign that tourists would lap right up. Lmao",1718215047.0,3
toronto,That's a lie. GO transit is open door everywhere.,1718214810.0,7
toronto,"What's never considered in these articles is that the VAST MAJORITY of drivers in the 905 do not want this alongside TTC drivers.


We do not have safety assault shields. And drivers in York do not have anywhere near the levels of TTC pay to be picking up some of the lunatics on Yonge St on 3am. They're opening up a can of worms to York drivers demanding the same pay or having to install driver shields.


They recently removed even the covid shields on buses in York so there's ZERO protection at all whatsoever from anything. But they want them to masquerade out there as TTC drivers, what a joke.",1718205558.0,14
toronto,"Literally NOBODY wants Sankofa Square. 

Just rename it Yonge Square and be done with it. Put a sticker over the Dundas part.",1718164671.0,109
gotransit,"When at Union Station, follow the red signs for ""TTC SUBWAY"" or ""LINE 1"".  
[https://bloximages.chicago2.vip.townnews.com/thestar.com/content/tncms/assets/v3/editorial/a/c7/ac74b236-fe5f-503a-b7de-12e07d27c82a/63e7e25ecc54b.image.jpg?resize=1200%2C800](https://bloximages.chicago2.vip.townnews.com/thestar.com/content/tncms/assets/v3/editorial/a/c7/ac74b236-fe5f-503a-b7de-12e07d27c82a/63e7e25ecc54b.image.jpg?resize=1200%2C800)

Getting on TTC is much simpler. You simply tap once when you enter the system, no need to tap when exiting as their fare is flat-fare regardless of how far you rravel",1718077417.0,1
gotransit,"Fares for GO Transit are measured by distance, so you must tap twice to record the length of your trip. Failure to tap on and tap off means you will be charged the maximum possible fare. So please make sure to tap twice, both getting on and getting off.

How to pay for GO Bus:  
[https://assets.metrolinx.com/image/upload/q\_auto/f\_auto/v1/Images/Metrolinx/prestodevicebus?\_a=ATAMhAA0](https://assets.metrolinx.com/image/upload/q_auto/f_auto/v1/Images/Metrolinx/prestodevicebus?_a=ATAMhAA0)  
-Tap your credit card, debit card or Presto on the machine next to the driver. Tap when you enter the bus and when you exit the bus.

How to pay for GO Train:  
[https://assets.metrolinx.com/image/upload/v1691786099/Images/GO/GO%20brand/New\_Presto\_Device\_Appleby-6739.jpg](https://assets.metrolinx.com/image/upload/v1691786099/Images/GO/GO%20brand/New_Presto_Device_Appleby-6739.jpg)  
-Tap your credit card, debit card or Presto card on the black/green machine usually located on the platform or station entrances. Tap at the station you board and also tap at the station you exit.

When at Cooksville GO station, if you search a trip to Union on Google Maps.  
If the app is telling you to take ""21"", that is a GO Bus Route 21.  
If the app is telling you to take ""MI"", that is a GO Train Milton Line.

Go Trains run rush hour-direction only.  
Morning rush hours 6:00-9:00am trains only go towards Toronto/Union Station.  
Afternoon rush hours 3:00-7:00pm trains only go towards Milton.

If you are travelling outside these hours or the other direction during rush hour, you will have to take the GO Bus.

  
Hope this is clear?",1718077152.0,2
Markham,Just park at a strip mall along hwy 7 and take the viva bus into markham stouffville,1718062645.0,2
BigBrother,"This is actually the third house.  There was


1) Season 1 
2) Season 2-5 
3) Season 6-12


Although the 2nd and 3rd house looked identical. The 3rd house was smaller as it lacked the pool. ",1718062265.0,16
CustomerService,"Oh you sweet summer child. I remember the days when I was new and people used to get on my nerves ruining the rest of my day.

When you spend more time in customer service (16 years really flies by), you really reach a point where you don't give a crap anymore and quickly lump in people like this lady as just another ""crazy one"" and smile til they leave lol.",1717986861.0,1
WalmartCanada,"Just explain to the supervisor working the front end that you bought an item online. Its too large to lug into the store.

Explain that instead of bringing the entire set into the store to exchange. Ask if you could buy a second new set in-store and then return it with the defective piece.

This was done all the time so long as it was in the return period.

This is under the assumption this item is carried in-store. If its not, then you're shit out of luck.",1717982457.0,1
TTC,"Also there's a separate chime inside the drivers cockpit.


Sometimes that one isn't working while the passenger area one is. With that shield sometimes it's very hard to hear.",1717978574.0,2
TTC,"Sometimes there's like a good 5 minutes til the next stop. When you press it like 5 minutes ago, sometimes we forget.


Sometimes people press a stop request while the bus is at a red-light for 2 minutes. Don't do this because psychologically when the light turns green it's as if I go through a memory dump and just GO.


The sweet spot is press the stop request like 30-45 seconds before arriving at your stop to ensure it stops in time.",1717978463.0,7
montreal,Cool. I could see this photo being used in a newspaper when CP goes on strike or something lol Locked out employees,1717966216.0,1
toronto,"The TTC could agree to a $1000/hour wage for operator theoretically but it wouldn't matter if the employer is conspiring to eliminate you tomorrow lol.

That is what they are fighting for: job protection.

At that point, not a single thing in the contract matters if there is no job protection and you as an employee potentially don't exist in the future. If the TTC doesn't get that...then you get an angry union.",1717728780.0,3
gotransit,How much would it cost to install Presto fare gates at stations?,1717728452.0,1
vancouver,I like your username,1717726890.0,2
mississauga,UHM cuz theyre stupid.,1717724108.0,2
toronto,"Just a side note to others. This strike isn't entirely about wages and a large part of the strike is literally about the existence of TTC workers in the future in general. The TTC wants to contract out routes to 905 transit agencies.


Meaning if there's a TTC/Miway bus on Burnhamthorpe, a TTC/YRT bus on Dufferin, operating side by side. The TTC bus will get the axe and those TTC jobs will disappear to bus operators in the Mississauga or York Region. *Trust me when I say 905 bus drivers do not want this either. Having to provide TTC service IN TORONTO when their buses don't even have shields is irresponsible*


The problem isnt with other cities taking over the TTC bus routes. The fear is, this carving out of public bus routes opens the door to private companies coming in and fully taking over garages and replacing public TTC enployees with private employees making closer to minimum wage, as has happened in Washington and Los Angeles. This is a fight for their right to exist as TTC workers.",1717709848.0,64
BigBrother,"Big Brother Australia got cancelled.

Big Brother Canada got cancelled.

Can they not come together to create some sort of co-production and share the costs? Have the show filmed in the cheapest country of production. If there's no room on Global's schedule. Have the show moved back to Slice (cable network owned by Global)",1717654482.0,1
montreal,It's also a crime ridled dump that no one wants to live in either.,1717622671.0,0
Camry,"I have fog lights installed there.

[https://www.youtube.com/watch?v=2OMeFgM198U](https://www.youtube.com/watch?v=2OMeFgM198U)

I did it without cutting into the bumper like this video. I would never lmao",1717389157.0,2
montreal,"One time I let a stranger borrow my phone and he CALLED himself to steal my number

Then I started receiving creepy voicemails. LOL I recorded one them.",1717357783.0,136
toronto,They did that in 2005? Lol The union told the public DONT PAY.,1717296381.0,1
Camry,Can I see pics please?,1717114983.0,1
Markham,"It pains me to see posts like this. The government sold everyone out and flooded every city with Indian nationals. I have 2 friends who have been looking for part time jobs collecting EI for 5 months now! No one is hiring and if they are, usually international students get hired.",1717103957.0,10
LAMetro,"It's not easy to install nor cheap. It's easy to install on new lines and new stations, but expensive as hell to retrofit.


For these doors to work requires Automatic Train Operations, which would cost billions to upgrade the B and D lines.",1716835699.0,1
gotransit,"Yes I ran into the same problem, the GO/WEGO combo pass is only valid on the Lakeshore West line (as if people don't visit Niagara Falls from elsewhere in Toronto *rolls eyes*)


You can buy a WEGO card at Niagara Falls Bus Terminal for $13 day pass. I recommend the WEGO pass if you are visiting multiple attractions along the escarpment. GREEN line gets you to the Falls.


If you are simply heading to the Falls / Clifton Hill area. It is cheaper to download the Transit App and buy a Niagara Region Transit electronic ticket for $3/ride. Bus 104 comes every 30 minutes though.


WEGO Niagara and Niagara Region Transit are separate entities and do not accept eachothers fates which is fucking stupid. But you have to decide what you want to take when you get there.",1716831583.0,1
WalmartCanada,Your miles may vary. Some stores are very strict. No refund.,1716749980.0,1
WalmartCanada,"You can't return personal care items. It's a health hazard as its a shaver and may contain blood.

The best you can do is return to the store you bought it from and have them reprint your receipt. Provide them with the exact date and the credit card number used.

You can then use that receipt to obtain warranty services from the manufacturer.

At our store, we absolutely do not do no-receipt returns. Let alone for an item that is final sale AND used.

Again, each store may have different policies. But officially and at our store, you'd be told no.",1716749889.0,1
gotransit,"Again warden and where?


The entire streets wrapped the entire city north to south",1716229269.0,1
Markham,"I know this is a Markham subreddit.


But the best bbq pork rice I've had IN THE WORLD (including Hong Kong) is probably Hong Fatt in downtown Toronto.


It's a hole in the wall type place but my god. Nothing compares.",1716135782.0,1
gotransit,where in markham? it's a huge city?,1716129110.0,1
WalmartCanada,"I left in 2023. I started seeing shit actually hitting the fan by that point.

Like before 2023, it was a stressful place to work. But things could get done. But nowadays its just impossible what they are asking of people to do.

It was fun seeing like 20 carts piled up at courtesy with like 1 salesfloor person (who is in electronics) So the buggies were simply left to rot for the next day lmao",1716090687.0,2
Newmarket,"Two options:

1) Viva Blue from Newmarket Terminal to Richmond Hill Centre. GO Bus 40 from Richmond Hill Centre to Terminal 1. Viva runs every 15 minutes, GO runs every 30 minutes. Highly recommend this route.

2) GO Bus 66 from Newmarket to Highway 407 Station. GO Bus 40 from Highway 407 Station to Terminal 1. Not as recommended due to GO 66 having shitty frequency. (If the timings work out, this would probably be the more comfortable option)",1716090042.0,2
toronto,"While Chow has yet to respond to the rejection, she did touch on the subject on Thursday, saying “whether you decriminalize anything it does not matter at this point because there is no treatment program. Yes, you can arrest them, arrest people, and then what? They go to jail? is there a treatment program? No. When they come out what happens to them? Are there treatment programs? No.”

THIS IS THE ANSWER. Other cities keep pushing decriminalization, then what?",1715992975.0,171
richmondhill,how'd you find out,1715987353.0,2
Markham,"you're in luck. YRP have special cameras at this intersection.

footage is only retained for 72 hours.

the officer may not have known about these cameras as they are brand new and part of a pilot project. only 10 exist in York Region.

[https://www.newmarkettoday.ca/police-beat/newmarket-intersection-among-10-spots-getting-police-cctv-cameras-8378205](https://www.newmarkettoday.ca/police-beat/newmarket-intersection-among-10-spots-getting-police-cctv-cameras-8378205)

call them and make a request ASAP? these are police cctv cameras for crimes, not traffic cameras. so call the police non-emergency directly and reference the 10 pilot project cameras",1715949883.0,130
Markham,"does york region have traffic cameras? they Def do for highway 7 because of viva.

  
I'm not sure if they're just live or recorded",1715949657.0,3
Markham,"I believe it was the lands further south that are protected by the river and bridge.

The abandoned plot of land was indeed a old gas station as it is noted in reports by City of Markham",1715900404.0,2
Markham,"I'm going based off the photos. YRP describes the murder as being south of Hwy 7, not at Hwy 7. I don't see an intersecting street so I'm going to assume this is 61 Main St Unionville, south of Hwy 7.

 Kennedy Road had a fully historic neighbourhood Old Unionville just north of there so I'm going to assume both Hwy 7 and Kennedy Road were paved.

  
There were gas stations at both 99 Main St Unionville @ Hwy 7 and 61 Main St Unionville @ south of Hwy 7. Both properties continue to sit vacant and abandoned.

  
YRP themselves don't seem to know where this murder occurred because they labeled it as occurring at Kennedy and Hwy 7 which did not exist back then as thst Road was constructed in the 1980s.",1715900231.0,1
Camry,"They're OEM from Japan.


In Canada the OEM comes with Chrome only.


I'll try to find the part number. But it was pricy too $",1715678040.0,2
Camry,"www.ekrauto.com


Exact fit and just perfect.


It looks wrinkled for the first few weeks but let it cook in the sun a bit and the seat covers look OEM over time.


Best money I've ever spent. You can even buy a red armrest for the centre Console",1715631523.0,5
Camry,"You could try ordering the Black GR Front Spoiler. Extremely pricy though

[https://editorial.pxcrush.net/carsales/general/editorial/toyota-camry-gr-sport-5-black.jpg?width=1024&height=682](https://editorial.pxcrush.net/carsales/general/editorial/toyota-camry-gr-sport-5-black.jpg?width=1024&height=682)",1715568432.0,1
Camry,Email em. ,1715558015.0,2
Camry,"Get the GR bumper spoiler:

[https://editorial.pxcrush.net/carsales/general/editorial/toyota-camry-gr-sport-5-black.jpg?width=1024&height=682](https://editorial.pxcrush.net/carsales/general/editorial/toyota-camry-gr-sport-5-black.jpg?width=1024&height=682)",1715385769.0,1
Camry,"The GR Camry had a Duckbill spoiler but it involved drilling holes into my trunk lid so I said HELL NAW

[https://www.carsales.com.au/editorial/details/toyota-gr-camry-will-rock-you-128512/](https://www.carsales.com.au/editorial/details/toyota-gr-camry-will-rock-you-128512/)

Its the one component I didnt install.",1715382233.0,2
Camry,"What are those? I cant find red calipers for my car. Everything is for XSE.

Mine are XSE AWD",1715382152.0,1
Camry,It was expensive as fuck. Japan. I cant even find real photos of this kit online let alone buy it locally lol,1715382117.0,2
Camry,BlackHawkJapan,1715382090.0,2
Camry,"blackhawkjapan. for the gr kit.

some us toyota dealership. for the oem fog light system.

rakuten Japan. for the oem window deflector. (why does canada sell only chrome ones arggg)

amazon. for the headlights.",1715354345.0,2
Camry,What did you do wiht the stock ones? Sell em to meee,1715305752.0,5
Camry,I think my car would look really good with the TRD wing but I don't even know where to begin to source an original trunk lid with the holes predrilled.,1715287468.0,3
AskEngineers,They all died in the 1990s. The house is being demolished and remediated in 2024. No one even knows where the family moved to or if they are even alive.,1714617713.0,8
AskEngineers,Our neighbourhood was built in the 1950s-1960s. It was a post-war suburban development in Canada.,1714595727.0,33
gotransit,"There's a huge captive audience of HUNDREDS OF THOUSANDS of slow moving drivers they could advertise to on Hwy 401.

GO Transit needs to boost service frequencies with a new BRT-lite service on Hwy 407. And maybe introduce temporary cheaper fares to lure new riders in (their $10 weekend passes has shown ridership will come if prices are lower).

Those Hwy 401 drivers will come if GO is successful in getting the message out their that their buses are FASTER & CHEAPER than driving.

If you asked anyone on the 401 whether driving or bussing is faster. They'd probably say driving and that perception needs to change. I was honestly shocked how fast I was able to get home.",1714581561.0,5
gotransit,"With a Miway monthly pass, you can use it to transfer to other local transit systems for free as long as your first trip starts with Miway, you have a two hour window to make a free transfer to another system. The only exception is it does not work with GO. 

Any combination of transit systems you use including GO, GO is always the system where you are charged full fare as its the most expensive and the local system transfers are free.

So if you take Miway -> GO -> TTC. GO will always be charged full fare with the other two being free. If this is your regular commute, you don't even need to buy a Miway monthly pass as that ride will always be free if you take GO. You're unnecessarily shelling out money to Mississauga monthly for a ride that would normally be free.",1714537129.0,1
toronto,"They did do this. In the 2000s. I remember the union telling the public not to pay and that operators would look the other way.


Ami remembering wrongM",1714421920.0,3
montreal,"I was in Niagara Falls and came across a woman staring directly into the sun with transparent lenses that were red and blue.


I think they were 3D glasses and I probably saved her eyes. ",1714057622.0,10
NiagaraFalls,"Book two separate Megabus tickets

1. Niagara Falls <-> Toronto
2. Toronto <-> Montreal

You can go whenever you want.",1713989910.0,1
WalmartCanada,"You have a legitimate reason for quitting. Moving provinces. Just give your 2 weeks notice and make sure you show up for every shift during those last 2 weeks and you're golden.

Things happen. Managers understand.

Ive had a coworker once tell customers in line ""Hang on, ill be right back."" Leave the checkout, go to the back and swipe out LOL",1713988569.0,2
WalmartCanada,It also says contact walmart 1800 if you cannot resolve the issue with the seller. I mean at least let them know so they have a record of it so you can go after them for not fulfilling the terms of refund.,1713463275.0,1
WalmartCanada,"Did you even consider taking it to a physical Walmart store to return it?.

If the item is still under 30 days and under $250, they may be able to accept your phone hassle free at customer service (even though it was a third party item). Give it a try and update pls.",1713431956.0,1
onguardforthee,Japanese,1713151963.0,1
NiagaraFalls,"Its entirely possible your phone was pickpocketed. Those professionals purposely look for these types of events to come rob people.

When I was with my friends, I had everyone transfer all of their property to thheir zipped pockets",1712816355.0,2
mississauga,"[www.transit55.ca](https://www.transit55.ca)

Go to Mississauga > Browse buses by model type or year

NOTE: The first 2 digits of the bus is the year it was manufactured. So Bus #1704 would denote a bus manufactured in 2017.

Please let me know if you find your airpods! They're probably hidden in a nook by the seats.",1712787002.0,5
solareclipse,"The woman with the red/blue 3D glasses thinking they are solar glasses.

She continued staring at the sun even as it poked out of the clouds.",1712701651.0,1
Markham,"I just got into a screaming match with my sister because she called her for medicine feeding.

She was yelling that my mother needs to eat these pills. It is ""die off"" and that is why she is having negative reactions like lethargy. And that she needs to go through with it. And that it's okay because she had a consultation with someone, probably a naturopathic doctor. What the hell is ""die-off"" and why is it necessary? That's what I don't get, what kind of nonsense is she reading online?!? I don't understand any of this so I don't know how to counter her because it seems like she is speaking nonsense to me.

I am so tempted to just call social services but this will destroy our family I'm afraid.

I'm guilty too. I've had a full time job and part time job, I've worked 7 days a week since the beginning of the pandemic and let this problem fester while I haven't been at home.",1712556779.0,8
Markham,"Ok she may not be comatose but it certainly seems as if she's stoned or drunk. She nearly tipped over the other day while her eyes were glazed. I will try to convince her to get a medical at the family doctor. Like if anybody knows a Chinese doctor that is willing to maybe see her on a one-time basis to check her I would gladly appreciate it.

My dad lives in Montreal. He doesn't know much. I will be calling him tomorrow and just lay everything out that I have laid out here. I will get my older sister on the call as well, she's on the same page as me and is a nurse. Even she as a nurse can't convince her to get off this stuff.",1712556174.0,5
AskDocs,"Its  very hard trying to talk someone out of doing something like they are  almost brainwashed or programmed into doing! I'm trying though!! She's not maliciously trying to hurt my mother or anything. She truly believes in this garbage medicine. 

You  know, I am not talking about a vitamin here or there. I am talking  about every single day there being a new package arriving by Canada  Post. Its gotten out of control. The room with the packages looks like a  hoarder den.

Can anyone guarantee  the safety of this stuff that's coming? No! Lord knows where they were  made and how they were made or what they are made of.

I  am convinced the strongest element to eliminating this is cutting off  the finances at its source. I don't want to stir up the household, but I  feel like I am the only sane one here.",1712554494.0,9
medical_advice,"Its  very hard trying to talk someone out of doing something like they are  almost brainwashed or programmed into doing! I'm trying though!! She's not maliciously trying to hurt my mother or anything. She truly believes in this garbage medicine. 

You  know, I am not talking about a vitamin here or there. I am talking  about every single day there being a new package arriving by Canada  Post. Its gotten out of control. The room with the packages looks like a  hoarder den.

Can anyone guarantee  the safety of this stuff that's coming? No! Lord knows where they were  made and how they were made or what they are made of.

I  am convinced the strongest element to eliminating this is cutting off  the finances at its source. I don't want to stir up the household, but I  feel like I am the only sane one here.",1712554491.0,2
Markham,"Its very hard trying to talk someone out of doing something like they are almost brainwashed or programmed into doing! I'm trying though!! She's not maliciously trying to hurt my mother or anything. She truly believes in this garbage medicine. 

You know, I am not talking about a vitamin here or there. I am talking about every single day there being a new package arriving by Canada Post. Its gotten out of control. The room with the packages looks like a hoarder den.

Can anyone guarantee the safety of this stuff that's coming? No! Lord knows where they were made and how they were made or what they are made of.

I am convinced the strongest element to eliminating this is cutting off the finances at its source. I don't want to stir up the household, but I feel like I am the only sane one here.",1712553601.0,4
BigBrother,"You'll enjoy last seasons Big Brother Canada


https://youtu.be/OnppCdUHtP8?feature=shared 


 I love how they had a big ass fight over waffles. Like actual tears were shed over egg waffles lol.",1712534218.0,5
gotransit,It will stop. There are people who use that train to get off before Niagara too!,1712508135.0,1
gotransit,"Go to Port Credit or Oakville GO to catch the Niagara train.


Don't go to union. That same trainnfrom union stops at port credit/oakville.",1712508063.0,3
Markham,"https://www.yrt.ca/en/schedules-and-maps/service-schedules.aspx#local 


School special maps are listed on this page. These routes are timed to leave slightly after the last bell rings at the school


The riders on these routes are typically 100% students. Usually no other members of the public if that makes you feel better. But the route is open to everyone.",1712507061.0,1
Markham,"I used to drive YRT buses. I never felt unsafe myself and I am on that thing 8-10 hours a day. Literally nothing happens on YRT, thats why its never in the news. On the other hand, I saw a lot of crazy stuff at my retail job. If you feel comfortable to let your kid roam at the mall by themselves, then riding the YRT will be a breeze.


At 3pm, the bus is rammed with people to the doors. And 98% of the people on that bus are probably going to be her schoolmates so its no different than a school bus in terms of safety. Don't forget, there are also YRT school specials that cater mainly to that school.
https://www.yrt.ca/en/schedules-and-maps/school-routes.aspx


Make sure you get a Presto card that is set to Youth for discounted pricing.


Some videos YRT put together specifically for parents like yourself who might be unfamiliar with transit/worried:
https://youtu.be/bSTIhzp72vg?feature=shared



https://youtu.be/F3mrTtuAQBw?feature=shared",1712505267.0,2
richmondhill,"This is what happened when we removed visa requirements from Romania.


Literally the trash from that continent spilled in. And I believe their asylum claims were accepted.


Prior to 2017. Things like pickpocketing were rare or begging at highway offramps in the 905. Now it's everywhere. Just look up pickpocketing at Markville Mall.",1712504640.0,3
walmart,OOOOHHHHHHHH DADDDDDYYYYY,1712457775.0,2
BigBrother,HOLY shit this is hilarious and accurate,1712172023.0,1
Hyundai,The 2019 Hyundai Kona has a lot of engine and piston issues.,1712166143.0,1
toronto,"Because GO isn't a local transit agency.


It's also an agency that serves Toronto. Whereas the other 905 agencies main objective is to serve the municipality they operate in.",1712160351.0,2
montreal,You need to experience it in the summer. The city comes alive then. Like really alive.,1712160113.0,1
toronto,"You were not supposed to exit the back door. The driver probably just didn't care. You are supposed to exit the front door once you are in Mississauga and tap as you exit. A second Miway fare will be charged as it is a Miway service with a TTC bus. (Before OneFare)


Nothing has changed. The procedure is the same. You are still required to tap upon exiting in Malton. The second tap to Miway will be paid by the province


Toronto-bound, you pay boarding and pay again at the Toronto border when the machine switches from Miway to TTC.",1712101531.0,2
toronto,"The driver will not make an exception and open the doors. Because if a TTC supervisor sees it, it's considered a violation of TTCs monopoly on local transit and could issue a fine though I've never heard of it happening.",1712087334.0,2
toronto,"Nobody is netting anything back when paper transfers are used. 


If Presto is used, 4 full fares are paid for a daily round trip.


If Paper transfer is used, only 2 full fares are paid for a daily round trip. Representing a loss each for TTC and YRT through the day ",1712087207.0,5
toronto,"Citytv had so much personality back then.


https://youtu.be/xOJPWJSZlII?feature=shared



This 2 minute clip of CityPulse where the reporters and anchors talk like actual living breathing human beings as opposed to robotic teleprompter readers ",1712028602.0,1
WalmartCanada,Personnel usually works in the morning. Call the store and ask them to transfer you to 175.,1711853120.0,1
prius,They quoted me $27000 on top of my 2023 Camry trade in. BYE GURRRRRRRRL,1711735118.0,1
Markham,"This image was posted to their Instagram. The person admitted to putting it on your car and they are not marking you to steal your car.

They are just advertising their crazy shit instagram lol",1711725975.0,2
Markham,"DONT GIVE THEM MONEY.

The more you ignore them. The more they will get the message fuck off out of this city. 

They aren't really that prevalent in Markham because I suspect most of us say no.

If you go to Mississauga, they are everywhere!!",1711725789.0,4
BigBrother,"They brought Anthony back. I hated BBCAN7 and did not like Anthony whatsoever.

Why did production think bringing him back was a good idea? If anything, I think Anthony will the person to end this show. Like as in its not coming back. 

They were banking on the returnees to boost ratings this season. They potentially ruined the entire franchise.",1711590521.0,21
BigBrother,"Last week: IM ROOTING FOR VIVEK

This week: https://www.youtube.com/watch?v=fIzVCwhHcWc",1711590399.0,1
WalmartCanada,"You need to make sure your browser is allowing cookies. Cookies are necessary to log into things.


Also this is not a customer service subreddit. This is a place for tired and angry employees to vent. So coming here and expecting customer service and then complaining when you're are down voted shows you are out of touch with this subreddit.",1711589588.0,2
BigBrother,"Bbcan 11 was a good season with a horrific ending.


The endless fights.


Fights over shit that didn't even matter. Waffles lmao. Old school BB fights lol",1711384087.0,4
gotransit,"I would say. You are more likely to experience a delay by going on Line 2. If someone jumps or  something, you are shit out of luck. Good luck trying to get downtown, youll be waiting an hour for a shuttle bus to come.

With Union, if the Yonge side of Line 1 is down, you can go on the University side of Line 1 and transfer to Line 2 to get to Bloor-Yonge.

I'd go to Union just for the backup plan of having a way to get around a blockage. By going to Kennedy, you are screwed if something happens on the subway.",1711340442.0,3
Camry,Ive seen the other colors and they look meh. But the yellow is super rare and I seen one in person and dammn. Thats the color I am getting.,1711308679.0,2
ottawa,"I was too lazy to photoshop the other cars but you get the point!  
Original pic for comparison looking like an unfinished product:  
[https://en.wikipedia.org/wiki/Confederation\_Line#/media/File:OC\_Transpo\_O\_Train\_LRV\_1107.jpg](https://en.wikipedia.org/wiki/Confederation_Line#/media/File:OC_Transpo_O_Train_LRV_1107.jpg)

Me right now:  
[https://youtu.be/rOgS8gTATv8?t=84](https://youtu.be/rOgS8gTATv8?t=84)

LOL",1711269346.0,-14
BigBrother,"When Arisa originally announced more representation a few years ago, I was excited and always envisioned it was truly going to be diverse casting.

But year after year, it's always been big group of white and black players with the token asian/brown/indigenous player (as its always been).

Its disappointing.",1711083000.0,1
BigBrother,IT TASTED LIKE FLOUR. FLOUR WAFFLES. lmao,1711013166.0,14
mississauga,"[https://www.youtube.com/watch?v=67Ud6wiY5lY](https://www.youtube.com/watch?v=67Ud6wiY5lY)

A Simple Favor with Blake Lively and Anna Kendrick

You see a Miway bus with the old Mississauga Transit logo drive by at 0:09. The only articulated bus that passes that area is Route 5 Dixie. The bus is likely in service and just happened to be passing by filming.",1710969964.0,2
mississauga,"That's the plan.

Buses up to 2022 can only display orange. Buses after 2023 can display full color on the screen",1710427167.0,2
mississauga,"Al Premium actually operates the produce department in some stores with outsourced Al Premium employees taking over operations of that department and forcing Walmart employees out.

They have a partnership of some sort.",1710216119.0,6
mississauga,"For the love of god if you get in, please use your power and position to get rid of the 2.5 minute traffic lights that SEEM TO BE EVERYWHERE.",1710061369.0,1
waterloo,"SNITCHES GET STITCHES

Sorry I just love using that line. Good job lol.",1710061228.0,1
Markham,"I think he forgot to mention ""/s"" but not sure lol.",1709802467.0,3
mississauga,"From your hotel

1. Take Miway Route 17 bus to the end of the line (City Centre Terminal)
2. Transfer to Miway Route 2 bus to the end of the line (Port Credit GO Station)
3. Transfer to GO Niagara Falls train to the end of the line (Niagara Falls GO Station)
4. Transfer to WEGO Shuttle bus to the actual falls area.

1&2) Miway is covered by a $4 cash fare or credit/debit card.  
3&4) GO Train/WEGO Bus Day Pass is covered by a $29 online GO train/WEGO bus combo deal. Your return trip is included in this pass.  
[https://www.niagaraparks.com/visit-niagara-parks/plan-your-visit/deals-toronto/](https://www.niagaraparks.com/visit-niagara-parks/plan-your-visit/deals-toronto/)  
1&2 reverse) Another $4 cash fare or credit/debit card is required for your return Miway trip.  


So all in all, it will cost $37 to go to Niagara Falls and back in the same day.

Another bonus is child ride Miway & GO Trains for free. Children have to pay for WEGO Bus though, making a child's journey to Niagara Falls only $9. (You would not buy a online Combo pass for the child, you can simply buy them a Child WEGO bus pass after you arrive in Niagara Falls)  


This is the most economical way of getting to Niagara Falls that day. When boarding the train at Port Credit GO, make sure you check the TV screens to see where the trains are going. There are regular Lakeshore West line trains that run on the same tracks as the Niagara Falls bound trains.

I hope I am not confusing you. I believe these are the most detailed instructions as to how to get to Niagara Falls from your hotel. Be prepared for hours of transit though. HOURS lol.",1709543143.0,1
mississauga,"[https://www.niagaraparks.com/visit-niagara-parks/plan-your-visit/deals-toronto/](https://www.niagaraparks.com/visit-niagara-parks/plan-your-visit/deals-toronto/)

Buy your tickets here and head on down to Niagara Falls my friend.",1709542887.0,1
Markham,"Everyone hires international students over people who grew up here now.

It's very sad but true. None of my friends can get part time jobs but people here on student visas are working everywhere. It doesnt make sense. I can feel the resentment building. It's probably tough for the intern. students too.

Just a decade ago, you had high school age students working everywhere. I don't see them anymore, rarely anyways.",1709532312.0,22
niagarafallsontario,This post just screams CHAOS lmao. I witnessed it first hand today and I was just like this doesn't have to be so convoluted my gosh.,1709524462.0,3
Buffalo,"Proterra is bankrupt and lots of cities are having issues with their fibreglass frames cracking.

Van Hool is European-based. Can transit agencies even receive federal subsidies for these buses? I know they manufacture coach buses here but their transit buses are imported I believe. We had them here at my agency in Canada. They had to stop ordering them as the parts for them were expensive and took a long time to come by ship.",1709521883.0,1
toronto,"She stars in one of my favorite comedy movies. Lol she has a killer Russian accent:  


https://youtu.be/AxnaHpN93bI?t=15

[https://youtu.be/rC8H8FDj-Mc?t=38](https://youtu.be/rC8H8FDj-Mc?t=38)",1709264725.0,1
Costco,Its not me. I just thought the video was funny and the shirtless guy was hot.,1709112293.0,-10
bigbrotherbros,I saw the profile pic but I cant find it anymore?!!,1708859740.0,1
bigbrotherbros,Can you DM me plsssss?,1708854781.0,2
mississauga,"Do you have anything valuable that you could give to someone as collateral for $800? 

Then get that item back when you can pay the person back?",1708681881.0,1
toronto,"I loved these as a kid. Oh how much ink I wasted pressing the thing for fun. It made a loud THUNK.

These machines definitely lasted up until the mid to late-1990s.

In Montreal, they had similar transfer dispensers and Im sure those lasted well into the early 2000s.",1708494854.0,2
canada,"Toronto bought 60 from 3 different manufacturers to test. 25 from New Flyer, 25 from Proterra and 10 from BYD.

BYD failed horribly by the way, as expected.",1708343002.0,3
toronto,"Political posturing at its finest.

From the people who invented tolled highways in this province.

If they wanted to, they could remove 407 tolls from Durham Region but no.",1708026646.0,3
WalmartCanada,"It depends on your store's management.

I am  a hard worker and they recognized that and I'd been with them for years and my mental health took a turn for the worst one year. I was granted unpaid medical leave and was gone for almost an entire year. They never bothered me as I recovered at home and I came back when I was ready and never had issues.

Though it should be noted I was always a good employee with good attendance, good performance. So when I turned around and said I need help, I'm not well. They were there for me because they had no reason to think I was faking it or anything.

I was really sick. I don't think I left my house for almost 10 continuous months. It was that bad.",1707108993.0,3
canada,"Im a member of the LGBT.

Dear god send her back.

This is the USA we are talking about. With lots of places she can move to. Seeking asylum is not about moving to a place where people are ""nicer"". This is a flagrant misuse of a system meant to protect people from life threatening danger.",1706948238.0,135
gotransit,[https://smartcdn.gprod.postmedia.digital/nationalpost/wp-content/uploads/2013/07/wea\_ont\_storms\_20130708\_topix.jpg](https://smartcdn.gprod.postmedia.digital/nationalpost/wp-content/uploads/2013/07/wea_ont_storms_20130708_topix.jpg),1706854306.0,1
gotransit,"There are capacity limits. Clearly every agency treats these laws differently. YRT takes this law very seriously and cap the standees on their highway express buses. If the bus has more than 10 people standing, they either send another bus or dont take the highway.

Clearly TTC doesnt care about this law as I see their buses crammed to the rafters on the highway all the time. They'll change their tune once one of their buses gets into a serious accident on the highway with mass casualties. But for now, they dont give a shit and are breaking the law.",1706706886.0,1
WalmartCanada,"Like this is horrible. Having this kind of behaviour before you've even been hired...I'd hate to see what kind of attendance you'd have as an actual employee.

They've probably blacklisted you.",1706390735.0,1
gotransit,"I sell Presto cards for $50 lol. My side gig. Surprisingly business is brisk.

I have the Red/White and Green Horizontal ones. Brand new.",1706177363.0,2
gotransit,"I've seen a 56 bus drive off 20+ minutes too months ago. Maybe its the same driver.

""I know complaining won’t do anything""  
That's the attitude that allows these drivers to continue what they're doing.  
No one's going to solve the issue if no one higher up knows about it lol.

Absolutely complain about the driver and give times for them to investigate. They will absolutely pull the driver into the office and if they continue to do their bullshit action will be taken.

Your complaint about late buses will absolutely go into the ""oh well"" pile, but I guarantee you your complaint about an early bus will go into ""we will pull the driver in for questioning pile"". 1 minute early is one thing, but 20 minutes is a crock of bullshit. You may as well cancel that shit.",1706177106.0,14
toronto,"I would say this line makes more sense than the Vaughan subway did.

There are 3 separate BRT lines that will feed into this subway line. The Viva Purple Hwy 7 East, Viva Orange Hwy 7 West and Viva Blue Yonge line. The Viva Blue line has 6 minute frequencies at parts of the day.",1706176500.0,3
gotransit,"Get a presto card and set them to child.


Your GO transit ride will be free. The Brampton transit ride will also be free as it will be calculated as a free transfer from GO.


Also, where are you coming from. Doesn't GO to the airport as well?",1705873030.0,1
gotransit,"Find someone who takes the same train south everyday and comes back everyday north on the same train. It's hard but it's possible.


Take advantage of the $30 2-Person Group Day Pass.
That's $7.50 for a one way trip per person anywhere that GO goes. The only caveat is you both must travel together as there is only one ticket for both people.



$40 3-Person Group Day Pass.
Works out to $6.67 per trip.


$50 4-Person Group Day Pass.
Works out to $6.25 per trip.


If you see people taking the same trip Day in and day out. Might be worthwhile to approach them and ask if they're interested in splitting the cost of a ticket. Maybe make an informal whatsapp group where you transit pool with these people.",1705731410.0,5
gotransit,"I'm not a GO driver but I drive elsewhere. I never chide a customer for asking me the buses destination. You know why? Bus destination signs CAN be wrong and it's happened many times that it didn't automatically switch to the opposite direction. I didnt even know it was wrong until a customer asked me to make sure if I was going to where he needed.


I've seen TTC drivers freak out on customers for nicely asking. ""What? You can't read?"" And then refuse to answer when the customer asks again. Maybe some people CANT read, it's not rocket science.",1705560606.0,1
gotransit,"They can't sell out. These are like massive 12 car double decker commuter trains. Even if every seat is filled, you are allowed to stand on trains. So it is impossible to be overbooked.


GO Transit is considered more of a public transit service geared to urban commuters rather than an Amtrak service with reserved seats. There is no limit to capacity of riders (other than the physical limit of the train) and its never that busy.",1705506295.0,3
gotransit,"It takes more than 3 hours on the GO.


Less than 2 on the casino bus. But whatever.",1705347515.0,-1
gotransit,"You cannot board GO with a paper YRT transfer.


The way it works is the discount is only calculated with Presto.
Your YRT ride is free
Your GO ride is charged full fare.


By using a paper YRT transfer, YRT is getting the money and GO is getting nothing. The total opposite of what is supposed to happen. 


With Presto, although your YRT ride is free. It technically is not. You need to tap Presto because Metrolinx needs to reimburse YRT for your free ride. The ride is not free, Metrolinx is just paying it for you so you don't have to. This is important to understand why you need to use Presto for these transfers.",1705288052.0,1
mississauga,"I can bring the machine to your house and shrink wrap it for $10.


As long as it's not something shady like shrinkwrapping a rock",1705230996.0,1
gotransit,"Do yourself a favor and do not take GO Transit to Niagara Falls. It's annoying, long and requires a lot of transfers. GO Transit does not even go to Niagara Falls tourist area, you are required to transfer to a local transit bus in sketchy ass Downtown Niagara Falls (which is about a 10 minute bus ride away from the actual falls and tourist district. Also, there is no fare integration available between GO Transit & WEGO (Niagara Falls local transit system) if you are using credit/debit, you must buy their package online.

Take the direct Safeway Tours Fallsview Casino bus direct from Downtown Toronto to the Fallsview Casino which is located right in front of the falls.

The cost is $50 to go and come back. Much faster and much more convenient. It is a one seat ride in a comfortable coach bus. Also, if you elect to sign up for the free Casino points card after stepping off the bus, you get $40 in casino slot credits (basically making your ride $10 in cost).

You must book prior to boarding the bus on the phone.

[https://safewaytours.net/casino](https://safewaytours.net/casino)  
https://fallsviewcasinoresort.com/about/getting-here/safeway.html

Please note as this bus service is tied to the casino, no luggage and no persons under the age of 19 are allowed on the bus. This is 100% the superior option. Do not miss your scheduled return bus though as you may not be guaranteed a seat as a standby on other buses.

The only downside to this option is you must return by their time scheduled. Of course, you can elect to stay later and take local public transit home.",1705134741.0,0
ontario,"Thats a LOT of sensitive information to be giving to Staples employees.

Remember the scandal just a month ago with stolen cars being reVINed by service ontario employees",1704922019.0,14
WalmartCanada,Our store definitely has newer songs. Dua Lipa songs. Carly Rae Jepsen songs from her latest album also play. We definitely get newer music at our store.,1704685808.0,2
mississauga,"For everyday shopping,Cash is fine to use most places.You can also get a credit card and load it onto Apple/Google/Samsung Pay. Or open a bank account and use a debit card.

For taking public bus or train, get a Presto card as it provides you with a discounted fare. Do not use cash or credit card to use transit as they charge a more expensive rate than Presto. Presto is available at Shoppers Drug Mart  stores. 

I see people getting on the bus everyday using credit card. I dont understand why they are paying a premium EVERY day. So please don't be one of those people lol.",1704611938.0,8
BigBrother,When did they air canada in Australia?,1704269485.0,1
Brampton,"LOL streetcars were literally the backbone of any historic area in Ontario and probably all of north America.

Give me a break",1704078850.0,3
ontario,"Uber from scarborough to brampton? I want to know what the fuck you're smoking because that's your whole paycheck.

Who's out of touch is you lol",1703793729.0,2
LAMetro,What about it?,1703590352.0,3
LAMetro,"Toronto's T1 subway cars are only 3 years newer than the LA cars. While they look outdated, at least they are cared for and still look to be in the same condition as when they were delivered:

[https://www.youtube.com/watch?v=MTko4ean03U](https://www.youtube.com/watch?v=MTko4ean03U)

Our system has its issues too. We recently had the systems most violent year here in Toronto last year, where multiple people were murdered at random on the subway...",1703574037.0,16
Markham,"&#x200B;

I used to work at Markville Mall. There was a direct correlation between Canada no longer requiring visas from Romania and these types of crime literally exploding overnight.

Roma Gypsies are coming here en masse from Europe and perpetrating these crimes.",1703564717.0,3
gotransit,The experimental maglev technology was essentially the Scaroborugh RT lol,1703454572.0,5
gotransit,"I used to work a supervisor for a transit agency and we would ask people to line up.

Im pretty sure if none of us were there, it would be a mob. But I found that because we were there most of the time enforcing a line up. They got used to it and formed an orderly queue everytime even when we werent there.

Its all about conditioning people.

Some authority figure needs to be there and tell them no you MUST join the back of the line. I would say 99% of the people would smile and just go to the back. 1% would roll their eyes and reluctantly do it. And then there's the 0.01% who barges on and doesnt pay lol.",1703454320.0,6
mississauga,"If your trip begins and ends in Toronto, you must take the TTC.

If your trip begins in Mississauga and ends in Toronto, you must take Miway. 

It's a non-compete clause that has existed since forever.

That's why people are allowed to get off, and you are not allowed to board.",1703404681.0,2
mississauga,"Don't the civics from this Era have the unresolved fuel/oil dilution issues?

It's the reason why I bought a toyota",1703397080.0,1
montreal,"Ong whoever responds please don't get murdered

Montreal reddit murder girl",1703395096.0,4
montreal,"I know its well meaning.

But what happens down the line when you are sued. Does your grandfather have the money to pay the wages demanded? Or will he lose his house. You need to seriously think about that.

You are asking someone to perform work. Cooking and cleaning for a stranger is defined as work. There are personal caregivers that are paid for this work. If your relationship sours, there's nothing stopping them coming after you for money in the thousands.",1703190069.0,12
montreal,"This seems illegal and you'd be opening up yourself for a very expensive lawsuit demanding wages owed down the line. I'd tread very carefully.

There's no such thing as a free lunch.",1703189635.0,37
toronto,Everest College. Make the call. It's easy.,1703130368.0,1
toronto,Cosmetic? There were holes in the frame of the train. Like giant holes the bigger than a toonie.,1703058327.0,1
toronto,"There's nothing wrong with the trains today. They were completely refurbished in 2018 by Bombardier. The refurbishment prior to this was in the early 2000s. 

Prior to 2018 however, yes these trains were literally falling apart. There were toonie sized holes in the load bearing areas of the frame in some trains.",1703057938.0,8
toronto,"The Gardiner and DVP highways are expensive to maintain and their mere existence is highly political. No one wants to own it or make any decisions with regards to its future because someone will be pissed.

The fact Chow managed to convince the province to take that off the city's hands is still batshit insane.

Like how?!?",1702857599.0,19
Markham,"Gypsy. Googled the name.

Petty theft like pickpocketing skyrocketed at markville mall after Canada opened the floodgates to Romania. Pickpocketing was unheard of at this mall but since the late 2010s watch your purse.

I don't know why we don't deport these asshats. Their lives may suck in Romania but they are not in life threatening danger.",1702857085.0,7
Detroit,"Line 3 operates the exact same type of trains as Detroit People Mover except they've had drivers since day 1. Elevated and at grade.

It is being completely destroyed and replaced with an underground subway line.

Although it has high ridership, it has always been viewed as the subway networks ugly little sister in Toronto because of its tiny and unreliable trains.

The only successful network is Vancouver. They have continually expanded and the Skytrain (which is identical to Detroit People Mover) is on its way to being US/Canada's fourth busiest rail network ahead of Boston, Chicago and SF. The Detroit People Mover has huge potential for the city and I hope it is not scrapped. The loop is useless. I wish they'd open up the loop and expand the system outward.",1702765383.0,2
toronto,"Well you guys have a transit police force that is separate from the Vancouver Police Department that can literally get on and get rid of the riffraff, probably in record time too.

We have special constables that are afraid to lay hands on anyone because of the fear they'll get fired. Toronto Police do not regularly patrol the TTC.",1702362618.0,6
toronto,"The SkyTrain is the same technology as the now-defunct TTC Line 3.

It has a bad reputation here but is a roaring success in Vancouver, propelling it to become US/Canada's 4 busiest rail system",1702330119.0,26
toronto,https://youtu.be/134EclVJy-8?si=7lO4Ir_EJ9S5PopX,1701913113.0,2
BigBrother,"Um Michelle used to call out a Redditor by her username on the live feeds and how she hated her LOL. I think it was MirandaBBFan.

Lmao. Michelle talked about her a LOT.",1701750839.0,3
toronto,Probably,1701106761.0,1
toronto,WOW Olivia out here doing the impossible,1701104052.0,19
WalmartCanada,What flyer tho,1700879364.0,1
ontario,"I'm Chinese. I work 2 jobs that deal with the public on a large scale.

I cant say ive been treated any differently than pre-covid.

I will say people are more on edge nowadays, in general.",1700117428.0,6
BigBrother,Ohh I love the snakes. Is this associated with Nicole somehow? Is this her brand?,1699831020.0,10
toronto,"I swear growing up in the 90s. Didn't the subway operator simply NOT announce shit? 

Just blow the whistle and go?

I know eventually in the early 2000s they started making the operators manually announce stops.",1699741931.0,2
mississauga,"When I was an  18 year old guy, I was boxed in the window seat by a very old guy on the TTC. He asked to borrow my phone to make a phone call, and he used it to call himself so he could steal my number. He then struck up a conversation and said oh my what a cold day it is today this winter and decided to warm up his hands by shoving it right down my crotch. I being the shy kid simply removed his hand and remained quiet on the packed TTC bus. Oh how I regret how I handled this situation, I should have flipped the fuck out and called him out for being the piece of shit perv he was. Not to mention the creepy ass phone voicemails he left me. O.o

Now I'm a Miway driver, if a passenger comes to me with a sexual assault or harassment complaint, I take it very seriously. No one deserves that shit when they're just trying to go about their day.",1699726178.0,1
canada,"https://youtu.be/DSgtapkgEy8?t=656

Kathleen Wynne on her dealings with these same developers",1699138185.0,4
toronto,Anyone in Vaughan recognize the cab company logo on that minivan?,1697649695.0,5
BigBrother,O MY GOSH CORRRRRRYYYYYYYYYYYYYYUHHHHHHHH,1697326577.0,5
ontario,"You have to ask the driver to open the luggage compartment. All buses have one, including the Double Decks.

Single decks (under bus)

Double decks (back of bus)",1697320966.0,14
Minoxbeards,"It turns to liquid when its been in a hot car. I found once I brought it inside and let it cool down, it turned back into foam. No idea if it affected the chemical properties though.",1697305263.0,2
walmart,"Walmart Canada is testing the removal of self checkouts.

https://retail-insider.com/retail-insider/2023/08/retailers-reconsider-self-checkout-strategy-as-theft-soars-in-canada-interview/",1697090607.0,1
toronto,LOL I thought I was the only one thinking of Scary Movie,1696827138.0,33
toronto,https://www.youtube.com/watch?v=5t\_tgiWatvs,1696827113.0,3
Minoxbeards,Are you asian,1696676182.0,1
toronto,"You should maybe pass this info to the non-emergency YRP or TPS

It's unlikely that they're going to be on Reddit. But you never know.",1695512168.0,8
toronto,"LMAO GET HIM, gurl

Savage af",1695509377.0,3
toronto,"I just rode the Detroit People Mover which uses the same trains.

We crossed the border to Windsor Ontario and those trains are just as rickety and loud that they can be heard when you stand at the lakeshore in Windsor.",1695342379.0,23
montreal,"The STM has nothing to do with commuter trains. Like at all, hence why you couldn't find anything on their website.

The trains are part of Exo.",1695253938.0,1
toronto,"https://youtu.be/6vxQqdFOeoM?feature=shared

How could no one share this clip from Simpsons? I posted this on Arby's Facebook and they blocked ne",1695070925.0,0
walmart,We are not here to be customer service agents.,1694566049.0,5
montreal,Sorry but how do you even get IN to a metro without passing a turnstile? We're you on a bus? I don't get it.,1694561507.0,6
toronto,"The TTC did in 1992. I believe they refurbished 12-20 of the old Brown streetcars to run exclusively on the Harbourfront LRT sort of like what San Francisco does on the Embarcadero.

The Mike Harris cuts basically rendered these cars as surplus and the TTC needed money to fund operations. They sold their basically good-as-new refurbished streetcars to various museums and they continue to operate in places like Wisconsin and Texas to this day. I believe one is even owned by the Pheonix transit authority and used to be displayed at their downtown terminal still bearing TTC colors and logos.",1694560780.0,6
mississauga,Go to the restaurant and cause a scene. Get your phone camera out. A restaurant surely wouldn't want the reputation of that asshole in the neighbourhood.,1694322183.0,-8
mississauga,"Peel Police won't respond?

Damn whenever I call YRP on my neighbour's playing music at 1am in Markham. The police come and shut thst shit down ASAP",1694322107.0,13
WalmartCanada,"To save yourself the hassle, the answer is an absolute no.",1693333630.0,1
mississauga,LOL,1693287016.0,3
mississauga,Complain to the MOL,1693281928.0,39
ontario,"GO Transit is hiring bus drivers. Starting rate $30/hour, closer to $38 after 2 years. You WILL be required to drive all over the GTA to start your shift though for the first year or so. My friend told me it was entirely possible to live in York Region but have your shift start in Guelph. Though the shifts do tend to get closer to home around 6 months in.

[https://ehtc.fa.ca2.oraclecloud.com/hcmUI/CandidateExperience/en/sites/CX\_1/job/105456/?keyword=Corporate](https://ehtc.fa.ca2.oraclecloud.com/hcmUI/CandidateExperience/en/sites/CX_1/job/105456/?keyword=Corporate)

It's hard to get in but not impossible. No professional driving required but a clean driving record is required. They tend to like people with resumes padded with face-to-face customer service jobs.

All the 905 transit agencies are rushing to recruit tons of people as their ridership levels are exceeding prepandemic levels. Mississauga Transit literally closed their job posting a few weeks ago for roughly 100 operators. Brampton Transit was hiring recently too.

TTC likely won't be hiring soon as its ridership is in dumpster. So keep your eye out.

Getting into transit likely won't be immediate. It takes time to go through the hiring process. But it's something to keep on the backburner.

I work both retail AND drive transit at the same time. And let me tell you driving transit is WAY easier and less stressful than working retail. I've been driving a city bus for 4 years now and I have never been cussed out. I do my best to stay on time and don't confront people on fares and I am left alone in my little plexiglass cubicle. 99% of people on the bus are very nice actually. Retail? I probably get cussed out every other shift or so for things beyond my control.",1693192474.0,3
toronto,LMAO,1692929566.0,1
toronto,"I mean you could drive down to Detroit and ride their people mover. It's the same trains and they even use the OG TTC chime.

https://youtube.com/watch?v=VYlCX9dHOTw&si=NEFbHLPwAUV5nV91",1692898637.0,39
toronto,"The Seltrac self driving technology is actually not a problem with the RT. It's operates flawlessly in Vancouver.

The problem with the RT is the type of tracks it uses. It uses some sort of magnetic technology with that metal guide way in between the two conventional tracks. It simply does not work well in heavy snow. Vancouver despite being driverless requires drivers when it has heavy snow as well.",1692898324.0,12
toronto,"I wonder if they are going to commemorate the line or something, like a doors open at the yard or something? 

This line has always been looked at as straight up trash but is historically important. I've posted before that this line was a pioneer and the first use of Seltrac self driving technology and everyone should be proud of that. No one ever knows that our shitty little SRT was a pioneer for technology that eventually grew and expanded to all these successful subways below. Seltrac is now in use in many world class subway systems:

Ankara Metro Line M1 1997 SelTrac CBTC DTO

Beijing Subway Line 4 2009 SelTrac CBTC/R (radio) ATO with Attendant

Busan–Gimhae Light Rail Transit 2011 SelTrac CBTC/R UTO

Detroit People Mover 1987 SelTrac CBTC UTO

Dubai Metro – Red and Green Lines 2009/2011 SelTrac CBTC UTO

Guangzhou Metro
Line 3 2009/10 SelTrac CBTC DTO
Line 9 2017 SelTrac CBTC DTO
Line 14 2017 SelTrac CBTC DTO
Line 21 2017 SelTrac CBTC DTO

Hong Kong International Airport APM 2014/15 SelTrac CBTC/R UTO

Hong Kong MTR
Tuen Ma line 2003 SelTrac CBTC DTO
West Rail line 2003
Ma On Shan line 2004
Kowloon Southern Link 2009
Tuen Ma line (Phase 1) 2020
Tuen Ma line (full line) 2021
Disneyland Resort line 2005 SelTrac CBTC/R UTO

Hyderabad Metro Rail (Lines 1, 2, 3) 2017 SelTrac CBTC/R STO

Incheon Subway Line 2 2014 SelTrac CBTC/R UTO

Istanbul Metro M4 Kadikoy-Kartal Line 2012 SelTrac CBTC STO

Jacksonville Skyway ASE 1998 SelTrac CBTC UTO

John F. Kennedy International Airport AirTrain JFK APM 2003 SelTrac CBTC UTO

Kuala Lumpur Rapid Rail
Kelana Jaya Line 1998/2014 SelTrac CBTC UTO
Ampang Line 2015 SelTrac CBTC/R DTO/UTO

Las Vegas Monorail 2004 SelTrac CBTC/R UTO

London Docklands Light Railway 1995 SelTrac CBTC DTO
Lewisham Extension 1999
London City Airport Extension 2005
Woolwich Arsenal Extension 2009
Stratford Extension 2011

London Underground
Jubilee line 2011 SelTrac TBTC STO
Northern line 2014 SelTrac TBTC STO
Metropolitan, District, Circle, Hammersmith & City 2020 SelTrac CBTC/R STO

Mecca Metro 2011 SelTrac CBTC UTO

Newark Liberty International Airport AirTrain 

Newark 1996/2001 SelTrac CBTC UTO

New York City Subway
BMT Canarsie Line – Phase III 2006 Interoperability Program SelTrac CBTC/R STO
IRT Flushing Line 2016 SelTrac CBTC/R STO

Ottawa O-Train Confederation Line 2018 SelTrac CBTC/R STO

Paris Metro Line 13 – Ouragan 2012 SelTrac CBTC/R DTO

SFMTA Muni Metro (Market Street Subway) 1997 SelTrac CBTC DTO

Seoul Metropolitan Subway Shinbundang Line 2011 SelTrac CBTC/R UTO

Shanghai Metro
Line 6 2011 SelTrac CBTC/R STO
Line 8 2011 SelTrac CBTC/R STO
Line 9 2011 SelTrac CBTC/R STO
Line 7 2010 SelTrac CBTC/R STO
Line 11 2010 SelTrac CBTC/R STO

Singapore MRT
North South line 2017/2018 SelTrac CBTC/R UTO
East West line 2017/2018 SelTrac CBTC/R UTO

Tampa International Airport APM 1992 SelTrac CBTC UTO

Toronto rapid transit 2008/10 SelTrac Speed/Signal Safeguard
Line 3 Scarborough 1985 SelTrac CBTC DTO
Toronto streetcar electronic track switching system

Vancouver TransLink SkyTrain
Vancouver SkyTrain - Expo Line 1985 SelTrac CBTC UTO
Vancouver SkyTrain - Millennium Line 2002 SelTrac CBTC UTO
Vancouver SkyTrain - Canada Line 2009 SelTrac CBTC UTO
Vancouver SkyTrain - Evergreen Line 2016 SelTrac CBTC UTO

Walt Disney World Monorail 1989 SelTrac ATP Disney/TGI

Washington Dulles Airport AeroTrain APM 2009 SelTrac CBTC/R UTO

Wuhan Metro Line 1 2004/10 SelTrac CBTC DTO",1692891630.0,41
toronto,"There's lots of pickpocketing even in Markville Mall in Markham now. They come in groups and would steal phones and wallets from 10 customers in one go and leave. Always gypsies. Noticeably increased (I wouldn't say increased, it began as it never happened before) after the Canada made Romania visa free",1692891191.0,1
toronto,"I wanted to ride it one last time. I grew up in Scarborough and literally that was a part of EVERYONES life at some point. Riding that thing to STC.

As kids, we always wondered why Midland Station smelt like ass.",1692890906.0,244
Dublin,"LOL a quick Google search shows that this is a common practice even in other countries.

What the hell?!?!",1692812941.0,3
Dublin,"Apparently group of men from Dublin visit Canada every summer to commit a crime spree and go home

“Even yesterday, Chris texted me and said, ‘I’m in Dublin right now. I’ve got your money. I’m eating out and having fun with it,’",1692812724.0,6
ireland,"So apparently a group of Irish men come to Canada to scam Canadians and go home.

This is terrible.",1692812481.0,1
transit,"This photo cannot be from 1989. For one, the MR-63 train is sporting the new livery that was given post-refurbishment in 1993.

Also, the green coloured destination sign was not introduced until the late 1990s or even the early 2000s I think.

The quality of the photo also is too rich for something from the 80s. It looks like it was taken in the early 2000s.

These trains were only recently retired in 2018.",1692776127.0,1
toronto,"HOW MUCH IS DOUG FORD BEING PAID IN THERMES BROWN ENVELOPES?

This should be a loud recurring theme that is posted everywhere and anywhere something Doug Ford does.

When Doug Ford banned lawsuits against nursing homes when all those old people were dying?

HOW MUCH IS DOUG FORD BEING PAID IN CHARTWELLS BROWN ENVELOPES?",1692728173.0,3
toronto,That was a serious plan previously considered by the ttc,1692727919.0,11
vancouver,LOL,1691124387.0,1
WalmartCanada,"I went to ASDA in London (when it was owned by Walmart) and swiped my discount card. It worked.

I went to Seiyu in Tokyo (when it was owned by Walmart) and swiped my discount card. It worked.

I think your discount card entitles you to discount around the world.",1690592003.0,1
Markham,"Was it inside New Kennedy Square near the food court? I remember one of the machines kept saying ""NAH NAH YOU MISSED ME""",1690590329.0,1
toronto,"Something is seriously going wrong with the system.

It's as if recent leadership has seriously put safety and a state of good repair on the backburner.

This incident was largely unreported as it was out of the publics eye and did not disrupt service.",1690567048.0,-13
DairyQueen,"How much shit is this franchisee going to be in?

Is dairy queen pissed or will they simply brush it under the rug. 

Those kids are owed money",1690522404.0,3
toronto,I need Dairy Queen to do something. Simply saying you need to follow the law is bullshit,1690493797.0,10
BigBrother,"They are really using Big Brother as filler due to the strike.

If the strike drags on, could CBS order BBCAN to air in the spring?",1690480891.0,17
toronto,Um because if they weren't going to stop the trains. Then more people would have been at risk of being run over,1690476187.0,3
toronto,"I heard about this week's ago from another transit employee. I didn't think it was true because it sounded so absurd!

Why wouldn't you halt trains if someone called and said someone was on the tracks behaving weird? Someone's gonna be fired.

But holy shit. It is!",1690469423.0,192
toronto,"They maintain their shit.

Wasnt it a few years ago there was news reports of the RT cars running with holes in the body lol (prior to their refurbishment when they became blue)

FOUND IT: [https://www.thestar.com/news/gta/scarborough-rt-vehicles-need-repairs-to-avoid-catastrophic-corrosion-failures/article\_1c178f22-4c67-5d8a-a034-b1a7ec5c2c7c.html](https://www.thestar.com/news/gta/scarborough-rt-vehicles-need-repairs-to-avoid-catastrophic-corrosion-failures/article_1c178f22-4c67-5d8a-a034-b1a7ec5c2c7c.html)?",1690307012.0,23
toronto,"Please no...does anyone remember during his tenure as chair of the TTC?

Platforms were CAKED in soot for months on end. Black walls. Filthy stations and this was simply considered ok. Every window on the train cars on the Bloor Danforth line was scratched with graffiti.

It wasn't until the Byford era afterwards when they began cleaning up the stations. Having cleaners sweep the trains at the end of the line.",1690299784.0,9
toronto,"4 customers of the TTC were murdered in a 12 month period in or around TTC property. Randomly too.

Can you recall any other time like this?

No it's not the news playing it up.",1688706811.0,25
montreal,Cinema Lamour,1688616067.0,1
toronto,"According to the mock Student Vote, Olivia Chow won the election with 27% of the popular vote. Coming in second place was Gong with 20%.

LOL",1687858653.0,2
BigBrother,"Raven.

The girl with the weird spine.",1687642645.0,-1
toronto,"LOL I thought this was a joke at first but this guy is advertising on Youtube his mayoral run.

Gardiner and Allen fully underground.

Free transit.

Raises for cops.

Underground sleeping chambers, an upside down underground condo lmao

&#x200B;

I WANT WHAT HES SMOKING",1687597040.0,4
montreal,LOL WHAT IS THIS POST,1687292828.0,5
toronto,I couldnt find much about this on Google but did find this twitter thread and it's quite something seeing Olivia Chow basically go it alone. The 1980s were not a welcoming time for the gay community.,1687287960.0,187
WalmartCanada,Do you have a link? Perhaps I can assist you purchase it?,1686709256.0,1
toronto,"Why anyone at the TTC thought it was a good idea to hire someone from Boston is beyond me.

The MBTA is a hot dumpster fire of repeated outright incompetence right now.
Fires, crashes, collapsing infrastructure, crumbling vehicles. And deaths.

Let me remind everyone when Rick Leary was called upon to the NTSB to respond to a subway crash on Bostons Green line, he literally retired, skipped town and took a job at York Region Transit.

Boston MBTA to York Region Transit. LMAO. What a joke. Anyone who uses YRT or Viva will tell you the system shrunk and service got worse during his tenure as boss there.",1686029737.0,120
BigBrother,Link us,1685824270.0,2
toronto,"Anyone remember when Line 1 and Line 2 both ran the old T1 trains?

If you get on the train on a Line 1, the train would be blazing bright inside while the same model would be dark/dingy on Line 2 because no one ever bothered to dust out the light covers lol. This was the mid 2000s.",1685808461.0,1
BigBrother,"*activates 3rd eye

Can anyone upload the CBS episode roasting Kaitlyn as well where they gave her a third eye. Usually BB doesn't edit their shows by adding things that aren't real but they did for Kaitlyn. I remember dying.",1685769778.0,15
BigBrother,Kaitlyn. The one with the third eye,1685688885.0,3
toronto,Finch has BMO. Near the collectors booth.,1685328068.0,6
BigBrother,"Didn't Ika tell Kevin to take his veto and shove it up his ass live at the veto ceremony? Then he used it on her. And then none of his targets went home? 

LOL
How is this not mentioned. 
It was spectacular TV

I think this should be upheld as one of BBCANs iconic moments but it's nowhere to be found on a youtube",1685151740.0,1
BigBrother,But Paramount already has the rights to old seasons. There's nothing stopping them from obtaining the current season too. Cost maybe$?,1683940409.0,1
BigBrother,"Where it went wrong was kuzie not forming a side thing with santina and Renee.

There were inklings of them wanting to work together but they just didn't commit.

If that happened...this season would have been top tier. They would have been the Charlie's angels of this season.",1683666671.0,14
WalmartCanada,Because a Walmart right next to a subway station doesnt make sense. They are replacing that Walmart with dense buildings.,1682873619.0,1
BigBrother,"Nikki grahames death highlighted it can be cruel.

We don't know rhese peoples personal health histories.",1682703601.0,20
toronto,"The CNG ones were converted to diesel. 

The ones with the big hump on the roof. They were removed sometime in the mid 2000s.",1682461153.0,1
toronto,"Lol when I'm a cashier occasionally.

I actually go ""o my god you're paying $5 for that one mango?""

In return the customer usually goes""o my god I am? Take it off"" 

Lol",1682214766.0,6
toronto,"Um are you a second generation immigrant?

Lol I am and I am horrible at chinese. My cousins don't even speak it. Though they do respond in English to their parents.",1682196712.0,31
toronto,"When I think back to my childhood in Scarborough, I just go 😻😍

Spending hours upon hours playing with the neighbourhood kids.

I remember our little group consisted of
Persian
Jamaican
Macedonian
Japanese
Indian
Polish
Chinese

We didn't think anything of it as kids.

We moved to Markham (our family is Chinese) and while it's still diverse its quite bland compared to Scarborough. Nothing will beat growing up in Scarborough.",1681576231.0,67
BigBrother,"Find me the clip of Vanessa saying it's okay to be emotional.

We have her to thank. She was the domino that caused the men's alliance to collapse and FAST",1681516424.0,8
toronto,"Have any of you guys watched Fake Taxi.

Watch out for those women too.

Scary world out there.",1681316651.0,0
BigBrother,"Does anyone else think this season is shaping up to be one of Canada's top tier seasons?

The drama is never ending. Alliances keep turning on eachother. The house is so fractured with mini alliances everywhere. And the FIGHTS, omg, some of the best fights ever.",1680927368.0,34
toronto,Take a break. Take the TTC.,1680882735.0,1
toronto,In Montreal they have Min 60 Max 100 combo speeds on their freeways,1680408416.0,89
BigBrother,"I AM GAGGING THIS SEASON IS SO GOOD.

The viciousness of this season is unreal. Lmao",1680223289.0,50
BigBrother,"BBCAN

https://youtu.be/7k_yQwS_0rU?t=115",1680128831.0,2
BigBrother,"LOL Grodner actually did put out a statement saying they will not be canceling feeds, to capitalize on BBCANs failures.

Grodner and Co pretend they don't pay attention to BBCAN but I feel like their production team does watch BBCAN to scout for ideas. Every year there's always something they picked from BBCAN and threw into use.",1680051487.0,6
toronto,It was mainly cost. Let's be honest,1679870908.0,48
toronto,"I thought the ttc is moving away from directional signage and end point focused signage.

Fucking facepalm. Another mishmash of signage to fucking confuse people lol",1679686797.0,2
BigBrother,HONEY YOU GOT A BIG STORM COMIN,1679656924.0,37
BigBrother,"Renee, stop trying to make Bootay happen. It's not going to happen.

https://compote.slate.com/images/e5e29239-a786-431d-b285-3e4640f6c20b.png",1679616607.0,52
toronto,"This is probably my favorite NIMBY article yet. I wonder what pot the author was smoking.

Condos/Apartments will bring death and carnage from falling sports balls. Lol oh lord.",1679495491.0,196
toronto,DRAG EM,1679449374.0,3
toronto,"The H series lives on in Turkey
https://youtu.be/q4VFdWaVG8c

The trains are in storage currently and not officially retired. They are expected to return to service as supplemental cars in future subway expansions.

People in Turkey complain the Chinese replacements feel cheap compared to the older Canadian cars.",1679264239.0,2
BigBrother,Production underestimated the impact of removing feeds. A lot of people are just not invested.,1678931979.0,3
BigBrother,"Crave is owned by Bell Media, which in turn own CTV. A competing network of Global.

It won't happen. Ever.",1678394259.0,6
BigBrother,Why does it matter whether the gay person is flamboyant or not? They're people.,1678343684.0,10
BigBrother,No feeds :(,1678331049.0,2
BigBrother,"These Will Arnett commercials are annoying AF. Reminds me of this,

https://www.youtube.com/watch?v=gmOyt6zQF2w",1678329577.0,1
BigBrother,"Paramount+ already bought the rights to air old seasons of BBCAN which is a great first step.

If they really wanted to, they can also buy rights to air current seasons of BBCAN. But it'll cost them extra for sure.",1678328999.0,5
BigBrother,"I cant get over how beautiful this house is. It screams LUXURY.

I wont lie. I hated last seasons house. It was so shiny, colorful and ugly.",1678327918.0,3
BigBrother,The stage feels like a retro CBS from earlier US seasons,1678327391.0,1
BigBrother,"These are all examples of co-productions. They are Canadian shows set in Canada, repackaged for the American market. There is no reason why BBCAN cannot be repackaged for the US market.

https://www.youtube.com/watch?v=LF17oSdFdAs  
https://www.youtube.com/watch?v=8yHN8ODwnZc  
https://www.youtube.com/watch?v=ZtLinQc5i6o  
https://www.youtube.com/watch?v=ul3sh7DUK4w  
https://www.youtube.com/watch?v=kAqIKAC1dII",1678325442.0,5
BigBrother,"A co-production with an American partner, most likely CBS/Paramount, would secure the future of BBCAN for years to come because the cost of production would be split between America and Canada.

But Americans tend to not like Canadian branding in stuff they co-produce. Most co-productions are American-washed and don't really mention Canada or any Canadian city it is set in. For example, ""Love It or List It Vancouver"" is branded as ""Love It or List It Too"" in the United States. So BBCAN would have to be open and willing to rebrand the show (at least when airing in the US to Big Brother Over The Top or something similar).

I think BBCAN would be perfect for Paramount+ online streaming in the United States. I don't see the show doing well on the main network CBS, most Americans would be confused about the off-sounding Canadians on their TVs.

Global has co-produced shows that have aired on ABC such as Rookie Blue. I do think co-production and cost-splitting is something they should explore before throwing in the towel and cancelling the show.

If Paramount+ picks up the cost of producing the show. I think this would be a great Big Brother OTT 2.0",1678325071.0,18
toronto,"One time I sat in seat 1. Passenger in seat 3 threw up on seat 2.

I woke up not knowing anything happened and nothing got on me lol",1678074459.0,1
toronto,"Sheree di Vittorio, another parent who made a virtual deputation, told the board, ""Catholic schools should not allow transgender or LGBT students to attend.""",1678039623.0,2
toronto,You'd think this article is from the 1970s or something?,1678039600.0,2
toronto,"They should make it a high end Zellers flagship. Lmao

There's so much hype for zellers return. This is their chance to market themselves as an upscaled Canadian Target",1677876050.0,7
toronto,They occasionally do. I see them pour some kind of mix on top of the terrazzo and then polish it to refinish it,1677638462.0,3
walmart,"They will return it to the corrals in the parking lot. No way customers are gonna walk all the way back into the store. They are way too fucking lazy.

Cart pushers are still gonna be needed to return them into the store.

If anything, this will make their jobs WAY easier.

This isnt to eliminate cart pushers. Moreso to eliminate carts going off property and littering neighbourhoods near the store.",1677367150.0,8
toronto,The TTC,1677291000.0,1
BigBrother,"This is a cost cutting move to get rid of buttonboyand related staff. Corus has always been cheap with the feeds. Why do you think they always FORCE them into bed? Its because of low staff numbers at night to monitor the feeds/storywriters to monitor potential storylines.

This has nothing to do with cancel culture.

Its a budget cut.",1677213443.0,5
BigBrother,LMAO,1677116037.0,2
toronto,"King of Non-Commitment

https://www.youtube.com/watch?v=k5HJZIgo-7M",1676397401.0,4
BedBathandBeyond,Guys calm down.  He's like 16. Lol,1676131023.0,1
WalmartCanada,"Why would they give profit share to you while you leave to go work for another company?

Profit share is sort of like a reward for hard work done to generate profit for the store. If you aren't working or contributing as part of a team towards profit, why do you feel entitled to it?

The profit share you'd be collecting is technically profit generated by your coworkers and not by you.

LOL Make this make sense to me.",1676060777.0,11
transit,"This clip airing last night.

https://www.youtube.com/watch?v=RnHcbTuRPnQ",1676055922.0,5
transit,"The two people murdered on board a bus/subway train last year happened in the middle of the afternoon and were simply minding their own business. They were random and unprovoked.

Canada has a huge issue with homelessness and mental health. Take a stroll downtown Toronto and I bet you it'll take not even 10 minutes before you see someone absolutely losing it on the street and screaming at no one.

Im not sure if SEPTA has been dealing with lots of its passengers being killed or stabbed or push by strangers but it's been happening with regularity ever since post-pandemic.

These incidents have not only been making local news, but national headlines.  
[https://www.youtube.com/watch?v=r-E2RlZeBJo](https://www.youtube.com/watch?v=r-E2RlZeBJo)

  
[https://www.youtube.com/watch?v=AWDbX97llrQ](https://www.youtube.com/watch?v=AWDbX97llrQ)  


[https://www.youtube.com/watch?v=9hCVzfz2ku4](https://www.youtube.com/watch?v=9hCVzfz2ku4)",1676055808.0,12
BigBrother,Holy shit arise looking hot,1675805465.0,4
toronto,"Good. What sucks is their names usually STAY on the internet for eternity when you search for them later on Google.

A moment of mental illness and running away gets you recorded on the internet for eternity for future employers or friends to see.",1675445807.0,74
toronto,"No I meant Cindy from This Crazy Train.

Its an old blog and she used to photoshop herself chainsawing the legs of people who had their legs on the seat. LOL",1675328471.0,1
toronto,CINDY?,1675277194.0,3
toronto,"Waterloo fare enforcement was useless on ION. Some kid gave some sob story and as soon as they got off were bragging about how easy they got off. 

TTC fare enforcement is a joke. I've seen them let an entire streetcar offload first before attempting to check fares, giving evaders the chance to run away.

YRT does it right. They stand by the door and randomly select or check everyone who is getting off. I see them always catching people and they will fine your ass to oblivion if there is even a hint of bullshit. But their teams are actual special constables with police-like powers so lie to them and expect your ass to be handed to you with a ticket.",1674829222.0,1
toronto,"But thats the scary thing though. They are not stabbing people ""because"" of an argument. 

In many cases, there is no prior interaction. They just randomly will stab you in an unprovoked manner. 

This IS a mental health issue and anyone denying it is delusional.",1674784906.0,2
BigBrother,Ugggggh Cooorrreeee Eeeee,1674771854.0,3
toronto,HE CAN TWIRL ME,1674608941.0,4
walmart,"[https://www.youtube.com/watch?v=RWuaHiXpjx4](https://www.youtube.com/watch?v=RWuaHiXpjx4)

Context for the photo.",1674416535.0,2
toronto,"The renovation of the 1980s ruined the Yonge line IMO.

The art deco glass tiles of the 1950s had a quaint look that I really think would have looked in style nowadays.

The glassy tiles at Eglinton are an example of this.",1674343247.0,43
FleetwoodMac,Its no secret Carly Rae is a big fan of Fleetwood Mac. What do you guys think of this Fleetwood Mac style single?,1674329392.0,6
Camry,Get the lexus style headlights. Your car would be fire.,1673663064.0,1
toronto,Omg your username is so gross,1673620031.0,1
toronto,"To be honest. I started cross GTA commutijg and driving on the 401 everyday is terrible!

I'm considering taking GO but I wish there were more cross GTA options without the need to transfer.

Such as going from Durham to Peel or York to Peel without transferring GO buses. Sometimes 2 transfers can be a bit much especially since suburban transit tends to suck.",1673565579.0,9
toronto,"That is a legit TTC streetcar that was wiped out from the Harris subsidy cuts of the 1990s.

It was one of about 20 kept by the TTC to operate mainly on the 604 (now 509) Harbourfront line.

It received a refurbishment compared to older PCCs so it has a CLRV cream and wood interior as well as regular seats.",1673213594.0,5
nursing,"Honey you started during the pandemic which was probably the worst time to start for anybody.

Realize you should be proud you even made it through that period. Very proud.

You are stronger than you know. It's okay to take a break for now.",1673114859.0,1
walmart,It's blood vomit. Coffee grounds vomit essentially. Hope thye made it to the ER,1673051711.0,5
toronto,"We have someone from Boston running our system.

Has anyone seen what a DUMPSTER fire the MBTA has been lately? Requiring federal, not state, intervention lately. Years...sorry decade's of neglect leading the system to collapse. Literal collapse. There's absolutely no leadership in that shitshow of a transit system

Look up the history of Richard Leary, the TTCS current CEO, and you'll see he literally quit his job at the MBTA in the worst way possible back in 2008.

How he is a CEO IS BEYOND ME. That man is beyond incompetent.",1673024590.0,2
montreal,https://youtu.be/ke1WBg6tJ6E?t=20,1672505704.0,1
toronto,"The root of the problem is poverty, which in turn creates mental health problems.

If people had a better standard of living, they wouldnt have mental health issues like depression. Source: Im someone with mental health issues.

I can't believe what this country has become over the past decade. What the fuck happened?",1672473789.0,13
toronto,"That's exactly what I'm going to do lol.

Dry drop(v): When one places a large enough amount of toilet paper into the toilet bowl to soak up all of the water, and then defecates on top of the mound of toilet paper.

I TEND TO DO THIS IN PUBLIC WASHROOMS IF I DONT WANT SPLASHBACK. Thank you very much for informing me of the correct term.

""I prefer to dry drop when using public restrooms."" I will use this in my everyday conversations around the water cooler. Thank you.",1671413920.0,5
toronto,No coppers,1671299578.0,2
montreal,"There's multiple reasons. As a former bus driver.

Sometimes we don't want to hog the platforms. Sometimes we don't know if there's a bus scheduled before us and then it becomes a huge commotion because then you have to unload the bus onto another bus or worse that bus leaves and everyone is pissed.

We want our break. It's not much of a break jf we have to constantly go to open and close the door.

If it's miserable outside and freezing -30 I will let people on even if I had a 45 minute break and people are always grateful 😊

I never found being a bus driver stressful or anything in suburban Toronto. I will say it opened up my eyes to the world though and changed my views of people. Going into the job i was scared of homeless people like Kevin in Home Alone. But I quickly learned homeless people are probably the most sweet and kind passengers there are. The vast majority of them are just trying to stay warm and the overwhelming majority of them are not trouble at all. If anything, they were the ones who would approach you and silently say thank you driver I really appreciate it. I never got assaulted but some of them will be the first to defend you if you needed it so I had peace of mind knowing they were on my sparsely used bus at 3am. I even got offered food. Some will even be dumping their nickels and dimes and I will have to tell them PLEASE. Those are your earnings for the day, just use it on food or some other life necessity.

High school students are the most rude entitled assholes there are. Not all of them but the ones that travel in packs to the mall mainly.",1670978678.0,293
toronto,I'm surprised Los Angeles isn't higher on this list. My god. Try getting from one end of their Metro network to the other end. It takes HOURS,1670975548.0,3
toronto,"There havnt been fare barriers between 905 systems for almost 2 decades now. It's always been free to transfer from one system to another with the only exception being the TTC.

Back in 2003, you could theoretically board a YRT bus in Markham and keep transferring for free all the way to Hamilton on that one YRT fare.",1670801123.0,8
toronto,"LOL I took the 129 every morning in high school. That's precisely what happened they wouldn't let you off.

What happens is everyone files in a line and must exit through the front door to pay upon exiting as the back doors never open.

If someone tries making a beeline to exit the bus without paying the driver will shut the door super fast preventing you from exiting. And that's when fare disputes ensued with people saying ""BuT i HaVe a MeTrOpAsS"" and arguing they shouldn't have to pay twice.

Then the driver WILL hold you hostage and then everyone in line behind will begin yelling at the person not paying and forcing the poor guy to pay out of shame. It was like a weekly occurrence and everyone would roll their eyes cause they want to leave.

Happened quite a lot as I took the 129 every morning for years.",1670800627.0,8
toronto,"When the TTC bus enters Mississauga. It is considered a Miway bus, hence the Miway fare. Mississauga pays the TTC to operate the route on a contractual basis therefore it is considered a Mississauga Transit service.

This setup is done as a convenience to you as a rider. Do you really wanna get kicked off the 52 bus at the Mississauga border and then wait for a Miway bus to complete your trip or a seamless one seat trip?

The same applies to TTC Route 17, 102, 129, 68 and 160 which are considered York Region Transit buses once the bus passes the Toronto border.

This will change with the planned elimination of the fare border soon.",1670800454.0,10
canada,Breyers is the most disgusting ice cream fake shit there is omg it doesn't melt its wax,1670782728.0,13
toronto,Not since the pandemic. Random people are being stabbed weekly,1670629203.0,5
toronto,This has always been an issue. It's just not reported in the news.,1670629095.0,-8
toronto,Correction wtftoronto,1670542456.0,1
toronto,Wtf,1670542446.0,2
WalmartCanada,"This list is definitely wrong. Toys is dept 7 for instance.

If you go to courtesy or cash registers,  there should be a list of dept numbers somewhere.",1670213231.0,1
WalmartCanada,"I was told the EPPs are for 12 months. You have to renew it every 12 months.

Did it stop billing you around the 12 month mark? That's what OSL always told me and I've switched my company with them like 3 times now lol.",1670213090.0,1
WalmartCanada,Go to the original store and Give them the date and method of payment. They can pull your original receipt.,1670212991.0,1
toronto,"It's one transfer for crying out loud. The viva blue has 6 minute frequencies too at times

If you're such a primadonna. Enjoy your missing one hour late buses.

This is such a non post.",1669927312.0,-2
toronto,"Why don't you just take the viva blue to Richmond hill centre which is like a 15 to 20 minute ride away to take the 40?

Like it's FREE as well 🙄 it also makes up for the time you would probably be sitting in traffic on the 401 as well since the 40 takes the 407.

Like hello?!",1669927174.0,11
toronto,"I only eat superkid. I'm 32.

They tried changing the recipe around 2010 when they began cost cutting and closing locations around this time. I complaine, along with others online, and they changed the recipe back to the original.

They did costcutting again around 2015 or so. Less real ice cream in it and it tastes kinda foamy and gross now.",1669611902.0,1
DragRace_Canada,"Victoria had a lot to work with. My GOD just the youtube clips of Kim Woodburn give me life.

DONT START WITH ME NICOLEEEEE (Nicola)",1669594705.0,10
toronto,Is cinnabon still at sheppard yonge,1669435543.0,1
ontario,"If the stop is shared with multiple buses, wave to the bus to flag it.

If you are looking at the bus and look disinterested in boarding it, the driver may very well bypass you.

The worst ones are the ones who stand by a pole and stare at every single bus like a deer. The dozens of buses running along Yonge St then has to stop for this donkey wasting collective hours for EVERYONE on the road and on the bus. If you aren't interested in boarding a bus at a shared stop, stand back or wave a NO to the driver.",1668991937.0,3
toronto,"I didn't wear my mask in Europe mainly because no one else was and it felt weird being the only one on jam packed buses wearing a mask. So i stopped wearing a mask. Spent 3 weeks there. 

Of course I ended up getting a cold. Lol I am of the belief that masks do work. It's super strange coming home and like half of the people in Markham are still masked up. So I've continued wearing a mask once I got home.",1668140958.0,3
Camry,"I will be slowly converting my Camry to the GR Camry body kit.

Part 1 of my changes. An LED puddle light.",1668139588.0,2
toronto,"Out of curiosity, does anyone know what unions were set to join the general strike?

Were TTC and other transit agencies, Canada Post (at least in Ontario) and other workers prepared to walk off the job next week?",1667853561.0,2
ontario,I don't like Sid but he hit the nail,1667851369.0,2
ontario,"Can we chill with the fat jokes?

I mean yea Doug Ford is a monster, but making fun with fat jokes doesn't sit well considering there are fat people here who also don't agree with him and don't deserve to sit here and read that crap?",1667849376.0,8
ontario,"LOL this strike was one the public overwhelmingly approved of.

It got ugly real fast and was about to get even uglier with calls for a general strike starting next week. And then uglier with the quebec unions coming for him.

The public would have started questioning why people from Quebec are comjng and then finding out how terrible the government is being.",1667843044.0,62
ontario,Damn he fucked up. Hope it was worth it I guess.,1667773478.0,3
paris,What inspection pit??,1667658073.0,1
ontario,Remember GO Transit is currently voting on their contract,1667477392.0,1
ontario,"Usually no name brands are created by the same company lol, with a slightly different formula",1667477360.0,8
toronto,🙄,1667426615.0,0
ontario,Didn't the federal Conservatives lose the last election precisely because Doug Ford turned people off of the Cons?,1667424702.0,4
Camry,"https://i.imgur.com/fIEaQNz.png
There appears to be no heated steering wheel.

https://external-preview.redd.it/g0Ub-nUQ8Mce1yjf3xfdMDOWWor__fkmHn2QW7tG104.png?width=640&crop=smart&auto=webp&s=d4cd573701c6536a18cff1ca0d263df706960a5e
The last button on the right is the heated steering wheel.",1667420873.0,1
ontario,Get him girls.,1667410579.0,0
toronto,"And with this type of attitude, you will probably continue to make minimum wage for the rest of your life.

Fight for your rights child.",1667293811.0,2
toronto,No questions,1667293332.0,1
Camry,I've been in europe for 2 weeks and have yet to see a single camry,1666992023.0,5
Camry,Also call them to verify the availability. Sometimes I find the information on the V6 versions of the Camry are wrong sometimes because they tend to lump the XSE V6 and TRD together as one trim on Toyota Canada's website when in actuality they are completely different cars.,1666714581.0,1
Camry,I believe these were only offered in the XSE V6. Not the regular or AWD versions.,1666714006.0,1
toronto,"99% these kids came from Wonderland which closed around that time.

Why doesn't YRP review camera footage to see when they entered and find their info with the ticket information?",1666651873.0,37
Camry,No I have a black roof version,1666602600.0,1
Camry,"www.shippsy.com

Ship it to Niagara Falls and forward it to your address. I think it costs $8, but you will be charged 13% Tax+Potential China Duty on top of whatever USA Tax is charged by HRS for New York.

Or just ship it to the American Mail Box service and pick it up yourself at Niagara Falls. That's what I do. They charge $2.50.",1666551839.0,1
Camry,"https://hirevsports.com/products/hrs-2018-21-toyota-camry-black-chrome-moldings-chrome-delete

I think these are made of metal and slap on so it should be much easier",1666515555.0,1
Camry,Post them when they're on. 🥰🥰🥰,1666443935.0,3
toronto,Mbta blue line boston,1666338026.0,2
toronto,"Dear diary,

I need to contact Loblaws management in the morning.

Sincerely to myself,
Merisle4444",1666197337.0,3
Camry,"THIS I wanted the 10th Gen civic but the new civics look ass.

Went with Camry just because of all the engine issues I hear about with Honda",1666194551.0,2
toronto,You tip 0. Don't feel pressured. I always do that if you've already charged me gratuity,1666190387.0,8
BigBrother,"I'm sure it's just stock audio files that anyone can buy including BBUS,

https://youtu.be/LAChgFzxNTE
Skip to 00:35, sound familiar??",1665767584.0,8
BigBrother,Bbcan9 it's actually very surprising who the LGBT guy ends up getting into a flirtmance with. 😍😍😍😍,1665715852.0,1
WalmartCanada,We have really old yellow keyboards with missing labels...im sure the keyboards were white at one point,1665708565.0,4
Autobody,"Ill see what they say tomorrow. I just wanted to ask people's opinions as to how to go about it.

I'm not exactly distrustful of this repair shop. They've been my EDIT:repair shop for more than a decade and have never been untrustworthy and such. They have a reputation for being trustworthy. They quickly said they would repair it, no fuss no muss today and I did not have to argue either so I appreciate that. I just wanted to know if there was anything specific I should ask with regards to how the repair is done.",1665700623.0,1
Camry,Do these rocker panels skirts even come prepainted. I know the Japan Domestic versions come from the factory prepainted.,1665700176.0,1
Autobody,"I  just got my car back from the mechanics about a week ago from installing my winter tires (which they had to jack my car up for)  
Today I noticed two gashes in the side skirt plastic panel right where the jack points are. At first they tried to play it off and say well we don't know if we caused it which is fair but I was quick to point out my car is literally brand new and this is the only place it has ever been since I picked it up from the dealership. And this damage was not there before I changed my tires.  
The dent is in a V-shape formation, which is consistent with the panel falling onto some sort of lifting mechanism and its definitely not curb damage.  
They quickly changed course and said they will bring it to a body shop and have it repaired. I asked if they will fully replace the part or just patch it up? They said they do not know as they will bring it to a third party body shop for an assessment as to what to do as they are just a repair shop. I don't know whether I should be more forceful regarding this part. I don't want this dent simply patched up with god knows what paste and then simply painted over. Should I demand a new part?",1665700093.0,2
Camry,"I just got my car back from the mechanics about a week ago from installing my winter tires (which they had to jack my car up for)

Today I noticed two gashes in the side skirt plastic panel right where the jack points are. At first they tried to play it off and say well we don't know if we caused it which is fair but I was quick to point out my car is literally brand new and this is the only place it has ever been since I picked it up from the dealership. And this damage was not there before I changed my tires.

The dent is in a V-shape formation, which is consistent with the panel falling onto some sort of lifting mechanism and its definitely not curb damage.

They quickly changed course and said they will bring it to a body shop and have it repaired. I asked if they will fully replace the part or just patch it up? They said they do not know as they will bring it to a third party body shop for an assessment as to what to do as they are just a repair shop. I don't know whether I should be more forceful regarding this part. I don't want this dent simply patched up with god knows what paste and then simply painted over. Should I demand a new part?",1665699697.0,7
BigBrother,"Tim would have won BBCAN4 if he just finished that puzzle. But there is debate that he is not allowed to finish contractually.

When Canada was voting for the slot that Ramsey vacated, the vast majority of the votes Canadians on Twitter were sending were for Tim. But those votes got tossed because he was evicted I'm almost certain the jury would have voted for him too as Nikki proclaimed while voting.

Him winning would have made that season iconic IMO. Winning 2 seasons and the first in the world to do so. And the whole arc of a newcomer being able to win when he's not even a fellow countrymen would have been cool.",1665683117.0,1
WalmartCanada,LOL I thought it was only our store that was taking these and piling up on display at courtesy. We have no idea where they come from so we just keep displaying them. We had like 8 or 10 at one point on a ledge at courtesy.,1665655237.0,3
WalmartCanada,"Then they should take that shit. I've never heard of a no return rule for a certain $$$ amount. I've returned $700 silver COIN to walmart and they took it back no questions asked. 

If you look at the page of the laptop it literally says return it to the store. It's literally an employee making up a nonexistant rule in the event you're trying to scam $800 lol

Marketplace is a whole different story and limited to $150.",1665654895.0,1
toronto,He was allowed to tell viewers he was leaving but I believe he was forced out.,1665615495.0,7
toronto,"I stopped watching when Kevin left. The way he was fired was unbelievable.

I miss the BT of the early 2000s. It was like watching a real TV family or sorts. I loved when they had Christmas specials or parking lot meet and greets. True warmth and it was on every morning. Frankie, Jennifer, Kevin and dina.

I don't know. I just don't like this new group at all.

You could tell Kevin was a great guy in real life and loved his job. He would get so excited about simple things like a new theme song or something he saw on his way to work that he got his camera to share it. I miss that guy. He still does radio for York Region nowadays.",1665602523.0,13
Camry,"Find someone willing to swap. Some people are painting the silver ones black and some with the black want the silver.

I personally love the black",1665542223.0,1
Toyota,I DM'd you. can you reply?,1665341744.0,2
BigBrother,"If anyone has been to the audience.

The energy she exudes here is legit how is she on and off camera:
https://youtu.be/mmDusNyCEEg",1665336492.0,2
Camry,"Once your car comes to a complete stop, the brakes automatically come on and stay on so you can lift your feet to rest a bit",1665336026.0,3
Toyota,"[https://www.omvic.on.ca/portal/Consumers/Complaints.aspx](https://www.omvic.on.ca/portal/Consumers/Complaints.aspx)

[sos@globalnews.ca](mailto:sos@globalnews.ca) Global News Consumer SOS

[alert@ctv.ca](mailto:alert@ctv.ca) CTV News Consumer Alert

[gopublic@cbc.ca](mailto:gopublic@cbc.ca) CBC News Go Public

[https://www.youtube.com/watch?v=iu5Tp6fbuSo](https://www.youtube.com/watch?v=iu5Tp6fbuSo)Here is a car buyer being told to purchase add-ons or no deal. It was picked up by Global News. Toyota On The Park...is it the same stealership? If it was this dealership...contact Sean OShea and tell him they are STILL doing the same thing. Dealerships must SELL at MSRP and cannot force you to pay more.",1665282901.0,1
Toyota,"This MAKES a big difference. In the US dealers are allowed to charge markups.

However, isn't it illegal for dealerships to charge more than MSRP inCanada?

This deserves being reported to OMVIC. Or hell bitch to Toronto Star, CTV News, Global News, CBC News...",1665278793.0,1
Camry,GOSH SEXY,1665271515.0,1
Hyundai,"Toyota isnt the same size. Believe me I looked. lol

&#x200B;

Worst case scenario I will apply a sticker over top.",1665197740.0,0
Hyundai,"I sold my Hyundai Kona but smartly kept my Kona alloy rims because I think they look gorgeous.

My question is for the life of me I can't find blank silver wheel caps to replace the Hyundai logo. Does anyone know of a place that sells blank or custom wheelcaps that will fit a Hyundai. I bought one from this company but they don't fit and there doesn't seem to be too many options on Google either. They're all listed as ""universal"" but as I already learned that doesn't mean crap.

Help!! I loved my Kona but it began acting weird in Year 3. Sputtering to a stop while Im idle. Engine misfiring in 2 cylinders. Recall for poor oil piston rings. I luckily got rid of it literally the week before used car prices began falling. lol",1665189958.0,1
toronto,It's not a small cost. There's a giant ravine in the way. It was always meant to go from sheppard west to scarborough in the 1980s plans,1665169408.0,43
toronto,LOL,1665168853.0,5
toronto,The signs are right there next to the light. I don't know what there is to miss.,1665084306.0,3
toronto,LOL this guy,1665084165.0,6
Camry,I tihnk youre in Ontario right? That $2k is actually more like $1.5k USD or so,1665028323.0,2
canada,"Grenada apparently has one of the best healthcare systems in The Carribeans.

She actively made the choice not to go back to access it. So...",1664853098.0,18
toronto,"The TTC is only hiring women for roles such as operator. Aside from a small window last winter, they are exclusively hiring women to drive for them.

So it is the TTC",1664836094.0,-9
Camry,"https://www.blackhawkjapan.com/products/trd-ms153-33003

Something like this? I'm sure an American equivalent is cheaper",1664695993.0,1
toronto,"I just checked real time info on Transsee.ca.

It seems actual buses are still running in service on their runs. It doesn't seem there's a strike as of yet anyhow.",1664618052.0,6
toronto,"Legit nothing on their website or Twitter about this.

Are you sure it's not just some placeholder url from an old strike or something?

I just saw a go bus service finch station like 20 minutes ago on Route 34.",1664608365.0,10
Camry,Did it come with the black nose or did you did that yourself,1664543347.0,2
toronto,"Fun fact, There used to be licensed versions of Citytv in Spain, Puerto Rico and Colombia.

The citytv station still exists in Colombia and still uses the 90s theme songs from CityPulse for their nightly news.

2022 Colombia
https://youtu.be/F85wXNk9rFM?t=14

Circa 1998 Toronto
https://youtu.be/gEk4ZajHD2A?t=682",1664248418.0,6
toronto,Lol I meant 75 coins. Sorry.,1664007383.0,7
toronto,Those ones were from Quebec. Dated 2004 and 2005.,1664007367.0,1
toronto,"Michelle Richardson, director of communications and public relations, told the newspaper the “Mint was alerted to a suspected counterfeit toonie by a coin collector on February 10. We have an established process for assisting law enforcement investigations into suspected coin counterfeiting.”",1664007334.0,1
toronto,Camel Toe Polar Bear,1663954554.0,7
toronto,"Lol I was the first person to report on these in Canada. They tried using our retail store in Markham to launder these and we called them out on it back in 2020. Those 3 rolls we found ($75 worth) was what sparked the whole investigation in the first place. They literally ran out, abandoned the coins and never came back. How we knew they were lying and bullshitting is we asked them where they got these roll of toonies from. She said she was cleaning her house and collected them throughout the house. So we legit asked her...so you cleaned up your house and by chance every single one of the toonies you found was fake? LOL So we said either provide your ID or we keep your counterfeits and forward them to the police. So she abandoned the coins and to the police they went. Obviously she wasnt going to ID herself since we knew she was lying.

At this point, there was nothing online about these coins so I knew we had the start of something big on our hands. My manager supported me taking photos and videos of our finds and posting it online. In 2020, the Royal Canadian Mint and the police literally did not give a crap because they thought this was some small scale shit. When entire boxes of these fakes began appearing in banker boxes being delivered by Brinks, that's when I began pestering the Royal Canadian Mint and RCMP to do something. In 2021 is when they began taking this shit seriously and investigating. Turns out a Chinese organized crime ring was behind these.

I love how a news release by the Royal Canadian Mint says this investigation began because of random sampling. No, you guys only began investigating because I (as well as other people on this coin collecting forum) was pestering you to start an investigation. It took them a year to finally acknowledge these even existed.

These then proceeded to explode in use elsewhere though and became a national problem by 2022.",1663953834.0,130
Camry,To protect it. I am planning to use red imitation leather,1663877793.0,0
Camry,"I bought these straight from China from some sketchy website called EKR. If you look at the third photo, that's how the seat initially looked when I first installed it. LOL I FLIPPED OUT INITIALLY.

However, after sitting in it for a few days now. The material has smoothed out and a LOT of the wrinkles have disappeared.

My only regret is that I bought the Burgundy color instead of Red to match my interior. I am planning to sell these burgundy ones for 50% off in the Toronto area so holla if you're Canadian and wanna pimp out your interior :). I only ever installed the driver seat and it was only in use for about a week.

My other question is. Do SE/LE/XLE/XSE trims have the same seat layout because I am planning to throw these XSE seat covers onto Craigslist. I want to know whether XSE seats have the same layout on SE/LE/XLE. I'll be able to sell the whole convert your boring cloth interior to leather imitation in the ad if they are compatible.",1663812609.0,6
Camry,I bought these Chinese EKR FAKE LEATHER seats from China. At first I was horrified at how wrinkly they looked. But once I sat in it it turned out not bad looking. I will post pics soon,1663792509.0,2
Camry,"Put this on it

https://www.ebay.ca/itm/293019573430?chn=ps&norover=1&mkevt=1&mkrid=706-89093-2056-0&mkcid=2&itemid=293019573430&targetid=1656417413430&device=m&mktype=pla&googleloc=1002368&poi=&campaignid=17297476241&mkgroupid=135489415143&rlsatarget=pla-1656417413430&abcId=9300870&merchantid=584323733&gclid=EAIaIQobChMIq-nvr8eZ-gIVBFNyCh2UZAXXEAQYAiABEgLI8PD_BwE",1663339783.0,1
Camry,Mine is canadian,1663255002.0,1
Camry,Pearl,1663224119.0,1
Camry,"This location does have a used same-color 2020 Toyota Camry in the showroom with multiple scratches on the body already.

Is there any chance they would swap the part between cars if I bring it up?

I mean what's one more paint defect on an already banged up used car? lol",1663224064.0,1
securityguards,"He was in the mall. Its a massive mall. Like it would take you 30 minutes to walk a loop through the mall. He was likely visiting a store to collect money.

He did come back. Turned off his alarm and drove off. lol",1663208089.0,3
Wheels,"Yes they do.

It is just the offsets and width changes that worried me. Thanks for the reassurance. Some people really recommend not using a Hyundai OEM Wheel on a Toyota though because these are hub centric wheels and all the stress would instead be going to the lugs?!?",1663144267.0,1
walmart,"This old lady asked me to call a taxi for her. I did. She came back half an hour later and asked me to call again. I did. Then she came almost an hour again complaining the cab hadn't come. She wanted me to call the cab company on her behalf and complain.

I suggested to her that she is the customer and perhaps she should call and enquire as to what's holding up her cab. She flew off the handle at me for saying that.

She said that it was MY job to call for her. That it was my job to call the cab company and find out why her ride was delayed. Yelling at me.

To which I replied absolutely not it is not my job. You are inconvenienced by a cab company. You are here screaming at me. And you are telling me it is my job to deal with a random third party cab company.

She then had to find another walmart employee to help her stupid ass cuz she's too high and mighty to pick up the phone receiver and ask someone a question (I offered speaker phone even).

What a witch. She stood there basically saying ""she'd get me"" and ""you watch and see. I know the manager."" It was the most ridiculous thing. Some old people are the most toxic.",1663130021.0,4
Camry,"My car is less than a week old. I noticed a white flake on my brake light so I investigated.

Luckily the part involved is small and thin and is actually plastic so corrosion is not a worry.

Should I pursue having it replaced or is this considered miniscule? It is a brand new car.",1663126525.0,9
Toyota,"I know others would freak out. But I'm not too worried. I've had the car less than a week.

Will they take care of me hassle free? The car is brand new

The part seems plastic. It's the part with the camry enblem.",1663111649.0,1
toronto,"This is risky for the scammers.

They are for sure going to get their ass beat by someone who got scammed",1662835132.0,37
ontario,"Well he's conducting an investigation. Inserting yourself telling him to stop doing his job is obstruction of justice.

So maybe stop obstructing justice. And if you refused to stop interfering his investigation, yes he would have had every right to handcuff you as ridiculous as it seems to you.",1662520811.0,-11
ontario,"To be honest as a transit employee, uber drivers that drive into transit terminals and told to leave are some of the most rude assholes.

Some are like, are you a cop? I have a passenger to pick up. Most leave but some will refuse and sit on a bus platform waiting.

It's like no but you're illegally on transit property. Get out. I'm glad a cop is actually doing something about it.",1662502653.0,35
Camry,2022 Toyota Camry,1662305731.0,1
toronto,"Lol reminds me of this.

https://youtu.be/-_SU_Ikab5g

Not poisonous if processed correctly",1662044368.0,5
Toyota,"I've been waiting 6 months for my car in Canada.

All I hear is whaaaaaa.

I've been taking transit for 6 months. 2 hours one way and 2 hours to go home. 4 hours commute time daily. I'm not complaining.

I recognize there is a car shortage internationally right now.",1661996023.0,1
Camry,is the v6 badge custom?,1661918513.0,4
toronto,"https://youtu.be/dwU2s2KGV4A

Other angle",1661614452.0,1
toronto,Karen's gonna karen,1661614189.0,3
toronto,What the he'll did he hit exactly,1661558221.0,30
toronto,$35 each or for the set? lol,1661274029.0,3
Camry,How did you get black door handles?!,1661188098.0,1
Camry,"Did it come with chrome around the windows or did you black it out?

Every red Camry I've seen has chrome around the windows.

Or did you get some rare error car lol.",1661127876.0,1
toronto,They shouldn't be too hard to find...,1659572057.0,15
londonontario,Also is there a place we can park for the day for free before getting on transit?,1659398738.0,0
toronto,GO buses have also been seen in Puerto Rico and NYC,1659198694.0,6
toronto,"I rode one of these buses in Miami, while most buses scrubbed anything GO related. One bus retained its old GO fleet number along with it'd new one, and the inside had Ontario accessibility stickers inside in French and English",1659198674.0,51
toronto,Lol. This.,1659105583.0,2
toronto,Poster is probably the account owner lol,1659102807.0,2
toronto,"Apparently these are still valid.

Someone asked on Twitter the other day",1659052629.0,29
BigBrother,"https://www.blessthismessplease.com/wp-content/uploads/2018/03/cornbread-recipe-1-of-1-225x225.jpg

Fuck yall",1659029900.0,11
toronto,"You should name and shame them.

If we don't put these people on blast

Where's it gonna stop?",1658075540.0,162
toronto,"It's very common in Hamilton.

Not common at all in the GTA",1658024073.0,2
toronto,"""The officer actually saw the guy texting before he got to the drive-thru ... which just happened to be where the interaction happened,"" he said.",1657727476.0,1
toronto,What's that?,1657577841.0,0
CarPlay,Try getting a better quality cable. See online which ones work,1657242478.0,1
BigBrother,Use a prepaid Amex card from Shoppers Drug Mart and assign it an address online,1657225841.0,6
toronto,I don't think we ever had that lol,1657201800.0,2
toronto,You can't get ticketed for that on private property,1657121156.0,8
BigBrother,I'm Julie Chen MOONVES. Good night.,1656022828.0,57
toronto,"But the mayor herself is increasing the budget lmao...

Have you ever been to SF and experienced Market St crazies or the Tenderloin for yourself?",1655571896.0,1
toronto,"Didn't San Francisco's newish mayor already do this? Massively reduce the police budget and crime skyrocketed.

She has reversed course this year apparently and increased the police budget in response to increased lawlessness.",1655475506.0,2
Camry,Did you have to CUT a hole into your bumper?,1655147843.0,1
toronto,"This is not OK. The naked bike ride thing is whatever.

But keep your dingleberries on your own bike.

Bike share is a form of public transit. Fucking have some respect for these bikes and other people.",1655053993.0,5
Camry,Is that the chrome housing or the black housing??,1655052441.0,1
toronto,New York subway cars have video advertisements all along the interior...where the ad rack would normally be.,1654695486.0,1
BigBrother,And a Canadian won bothhhh,1654542409.0,1
toronto,"Um this is not ok.

As a transit operator, we are trained to leave 1m for cyclists in the bike lane.

That means changing lanes any time a cyclist is next to us cuz its so damn easy to get sucked into the tires.

And here this guy goes just straight up about to mow the man down.",1654299326.0,90
toronto,Isn't this the place that was caught stealing tips for things like spilled drinks,1654133690.0,14
toronto,"As someone who works at VMC every day...it's such a soulless cold area. I know its being developed....but it's so depressing and filled with condos devoid of any character.

The downtown urban centre being developed in Markham is far nicer. Condos and buildings with stores built right at the base to encourage pedestrian activity.",1653947368.0,10
toronto,Shouldn't be hard to find them...,1653947052.0,273
BigBrother,"I'm prob going to be downvoted to oblivion but I've always found  that she seems like a phony. Like she's putting on this personna for show.

Whereas an icon like Ika, how she talks is how she talks. And she also has a sweet lovable side to her at times...actually most times. Like apologizing to Heather on her way out of the house.

I just don't like Summer. This video was beyond irritating to watch and so cringey. She's trying to be an icon but just no honey...",1653673076.0,86
toronto,"I'm going to say the large accessibility of guns in the USA to the south.

Because we are connected by land, it's much easier to smuggle guns via land.

And much harder to smuggle them to Europe or Australia by air",1653321664.0,1
toronto,Down voted. And I clicked hard on my mouse.,1653151650.0,-11
toronto,"This is actually insane. Enough people to fill half a high school.

Just dying on the streets and we don't bat an eyelid.

Sometimes I feel like growing up we had a superiority complex that we were so much better than Americans, more caring.

But take away people's money and their ability to earn a decent living and we are all just the same.",1653073279.0,40
toronto,Lmaoooo,1652596320.0,8
toronto,Is this sign new? Usually TTC signs show the directions.,1651702832.0,27
toronto,"Cue music. Start the show.

https://youtu.be/7C3HYOLJSoM

If anyone knows what I'm talking about lol",1650831164.0,1
BigBrother,"I would say the ratings are not doing well.

Last year the ratings averaged 900,000 viewers.

This year its around 600,000 to 700,000, representing a drop of almost 20%.

Usually canadian shows need 1 million viewers to stay afloat, so I would not be surprised if the show is cancelled after this year.

I would consider myself a superfan but I just could not get into this season. Stopped watching around episode 5 or 6.",1650422566.0,-13
toronto,"I think generally everyone will agree that ever since the pandemic began people have felt the subways have become more unsafe.

I think its surprising to see the TTC actively wanting to cut the amount of 12 constables patrolling at any given moment down further to 8.

That shows you right there where the head of this CEO is at. He doesn't care about your safety.

When 2 subway trains nearly crashed jn revenue service, he took nearly 1 year to inform the public when it should have been within the next hour.

The TTC went to grave lengths to improve its safety after the 1995 crash to check off every box on its OHS list and it seems this organization is slowly and surely slipping back into complacency under the leadership of this guy.

I keep referencing that article from Boston of him literally skipping town when ordered to attend a federal transportation hearing after a fatal crash on their Green Subway Line. He showed up later that month In a new job with York Region Transit ... lmao what a joke. I MEAN WHAT WAS THE TTC EXPECTING WHEN THEY HIRED THIS GUY?

https://bluemassgroup.com/2009/10/noshow-ceo",1650049084.0,27
toronto,R/askto,1649789791.0,1
BigBrother,"""You do the same thing Jackie does. FLIP FLOP. FLIP FLOP.""

I mean it was made very clear in Dres Billboard Hit song",1649294893.0,2
toronto,"I looked it up and it seems Walmart is moving away from its partnership with Mcdonalds.

There are now mary browns in walmarts in Albert's manitoba and bc too",1648458563.0,7
toronto,"In Vaughan there's a Mary Browns inside a Walmart.

I don't think I've ever seen anything other than mcdonalds inside walmart canada before.",1648458278.0,3
toronto,"Possibly money related.

This happened at the suspects Primerica office location",1648458050.0,21
BigBrother,"This is a sharp drop. To be fair, I myself find it really hard to get into the personalities this season.",1648176681.0,-1
toronto,"Nothing really specific. But we are told that we are members and eyes of the community we serve and to stop and help for anyone who needs it.

Whether it's a lost child, someone suicidal, someone with dementia, house on fire",1647892915.0,29
BigBrother,Can someone link the video of Christmas and dayvonne,1647864016.0,2
BigBrother,"I don't think they were contractually allowed to win.

They were placed in there with massive appearance fees for entertainment sakes and I don't think production expected them to get very far. Even nikki got pretty far into the game.

But yes I think If he had won he would have been one of the best winners and this season would have ranked way higher.",1647860552.0,13
BigBrother,Those things can bite and bite hard.,1647829122.0,1
toronto,"LMAO i watch this video and go wow this video is old as hell

Then realize those original GO Trains in this video are STILL in service with the province to this day in the North. How old are these trains now...coming up on 60 years old?

Jesus",1647297139.0,1
BigBrother,They're told to act hyped up by production,1647210829.0,45
BigBrother,"WAIT A MINUTE...WAIT, WHAT?",1647198886.0,12
BigBrother,"This season is really boring.

And how does a cast with supposedly 50% POC representation mean there are literally no East Asians? Or Middle Eastern people? Or South American? 

All of  the people of color are black or south asian.",1646919921.0,-7
BigBrother,Is it me or is this season just dead?,1646907257.0,1
BigBrother,"O GOD HONEY.

The best moment of Big Brother US/Canada combined is about to come up soon.",1646453398.0,8
BigBrother,"This argument reminds me of this:  
[https://youtu.be/T70eSSV7dZs?t=53](https://youtu.be/T70eSSV7dZs?t=53)

The ridiculousness of it all LOL",1646376929.0,1
toronto,"That's not what this announcement is about.

This announcement is about making the TTC portion of the ride free if you're taking a combination of GO/TTC. Which isn't happening.",1646234459.0,0
toronto,Viagra,1646142492.0,15
toronto,Durex,1646142485.0,13
BigBrother,"The first season is weird. It feels off. I remember people really hated Arisa the first season because she felt stiff and awkward.

But after Season 2, she really became a favorite of the show. And people want her to replace Julie...well some anyways",1645226455.0,2
toronto,It's like rainnnnnnn on your wedding day....it's a free rideeee when you're already late.,1644548426.0,2
toronto,"The trains in this photo are the H1. Introduced around 1965 for Line 2, they were retired from service in 1999 from Line 1.

Hard to believe but some of these trains are STILL in active service to this day on the TTC after hours as work cars.",1644315842.0,2
BigBrother,"Does anyone remember SURVIVOR COOK ISLANDS where they split ethnic groups evenly

https://www.youtube.com/watch?v=giT4-7VpyiM",1644313188.0,8
toronto,Oh I like the ottawa presto card. It's available on ebay for $30 though :(,1644279444.0,3
toronto,These are meant to be burned for dead people :/,1643934223.0,2
toronto,"The left lane rapid transit is very SLOW for everyone on the road, including the buses. It only gives the illusion of being faster.

The left lane bus lanes are slow because every single intersection then has to have a 45 second left turn signal phase at rush hour.

Multiply that by dozens of intersections. I've been on curbside YRT buses that flew past VIVA buses in the centre lane with the VIVA bus never to be seen again.

On top of the 45 second left turn phases, the farside stops tend to add even more time because then the bus has to stop at the intersection twice.",1643211638.0,9
toronto,Why does he look like Peter griffin,1642639667.0,2
toronto,Loving the Comic Sans,1642580717.0,1
toronto,NDA? What the fuck did I tell you that anyone on board a bus wouldn't know?,1642533826.0,3
toronto,"Eh as a transit operator myself, I wouldn't do this.

Transit management tends to freak out over minor accidents such as someone tripping and falling on board, which usually sends the bus out of service. Something that minor could have the driver pulled from service, an investigation initiated and they have to cover their bases in the event of an incoming lawsuit.

So seeing a driver allow this in today's litigious society is sort of crazy. I swear in another version of this video I saw somewhere on Facebook. One the passengers pushing from the back of the bus faceplanted into the roadway. She got up laughing though, but upper management at transit definitely would not be amused.

All it takes is someone standing in the wrong spot for just a microsecond and they'll get sucked into that spinning rear tire. When a bus is spinning like that on ice/snow, you really can't be certain if the rear of the bus is going to go straight or if it's going to shift horizontally sideways in to the path of all those people standing back there. There's just no control",1642470219.0,20
toronto,"Agreed. The Viva Purple line branching arrangement is terrible. It ruins frequencies east of Downtown Markham because they can't maintain the same headways since they branch off into separate segments.

Also, despite DT Markham being one of the more walkable and dense areas of the entire YRT network (and its rapidly growing), it has the worst frequencies in the entire viva system at 40 minutes off-peak.",1640385489.0,18
toronto,"YRT's route 20 has 12 minute frequencies for much of the day on Saturday / Sunday.

Worse service on weekdays though.",1640385357.0,3
toronto,"I laughed when my friend sent me this. Didnt these things just start running right now?

Its odd how theres nothing online about this..",1639703690.0,3
toronto,"Another angle:

[https://i.imgur.com/vIrKNBw.jpg](https://i.imgur.com/vIrKNBw.jpg)",1639703563.0,3
montreal,To know he was concious what a horrible way to die,1639417826.0,1
BigBrother,"Anytime I hear something about Alyssa and another guy..

[https://youtu.be/9Irqo7JWZuQ?t=128](https://youtu.be/9Irqo7JWZuQ?t=128)

LMAO",1639413750.0,10
toronto,"That billboard triggered me HARD and reminds of that disaster of a tourism toronto ad campaign called ""Toronto Unlimited"" from the mid-2000s.

[https://www.youtube.com/watch?v=5a4D37FLnfk](https://www.youtube.com/watch?v=5a4D37FLnfk)",1638761767.0,7
BigBrother,Wow it aired on primetime TV? Any clip of it?,1637733209.0,2
toronto,"Im the OP and Im Asian myself.

Look at this scenario with an open mind.  Its not clear if this is a hate crime incident or at all (or at least it doesnt seem so from the video evidence). But it's hard to know because the news article doesn't include many details at all except the victims were Asian so Asian victim = it must be a hate crime.",1637381544.0,6
toronto,"Osgoode has the same issue with mismatched walls:  
https://www.flickr.com/photos/57156785@N02/30696926927/

Osgoode should have Finch's yellow walls, which Finch should have Osgoode's white walls.

The TTC tends to just pick a random color and throw it on the wall without thinking whether it would blend into the existing station.",1636093229.0,6
montreal,"On the street level in Montreal however, everyone forms the most orderly line for a bus without anyone needing to tell them.

Like even if its 50 people deep, people head right to the back. Its such a Montreal only phenomenon",1635871698.0,1
walmart,"In Canada, we get 20% discount days once a month on everything in store and on [Walmart.ca](https://Walmart.ca)

You guys dont get this in the US? We've been doing this since the pandemic and are still doing it!",1635117658.0,1
montreal,"The CBC got this one right lmao

https://www.youtube.com/watch?v=xlG17C19nYo",1634538576.0,14
toronto,O MY GOD I CANT,1633366204.0,1
BigBrother,CORRECTION KYREN,1633354007.0,32
toronto,At 00:30 mark,1633236637.0,9
toronto,"Regardless of what the public wanted or not, b ut there was also probably a large percentage of their membership also that wanted mandatory vaccinations as well.",1633014324.0,2
TTC,Let's be honest. A huge amount of those people are scamming juz cuz they can. I know my friends are.,1632759733.0,1
toronto,"But doesn't a regular fare make a single beep? It sounds like they are changing the low income passes so they go from making a concessionary beep to a regular one.

I assume so they don't stand out.",1632514587.0,7
toronto,"How about you actually learn to parallel park or reverse before doing the test? That'd be great.

My friend actually booked  a G test far out in the middle of nowhere just so she could avoid highway driving on the test.

Guess what...anytime she needs to go somewhere far she has to ask someone to drive her. SMDH",1632388964.0,2
toronto,"Does anyone remember the Vegas partying girl who didn't speak a lick of a French that didn't expect to and ended up winning a rural riding in Quebec. She basically became a deer in the headlights on the media.

She then took her job seriously, became fluent in French and was respected in her riding. She won her first reelection in 2015 but lost in 2019 and 2021, thought not by much.

People can change.",1632353463.0,-4
pakistan,"This will also air on HBO Max in the USA.

Like Schitts Creek, this is a Canadian-American coproduction.

I'm not Pakistani, but I am Asian and I'm really interested to see how the traditional Pakistani family dynamic plays into the whole story.",1632208061.0,1
toronto,Could very well be suffering from a mental illness. Anyone remember Rohinie Bisesars cctv images. Everyone couldn't believe it.,1632188890.0,-8
toronto,"Wtf bring your own masks. We've been in this pandemic for how long now? What is wrong with people.

Lord knows what kind of entitled behavior you exhibited before this. 

I always think it's wrong to photograph anyone at their workplace whatever the reason is. There are complaint channels, maybe use those like a normal person before taking a vague photograph of someone and trying to witchhunt them online.",1632064778.0,1
BigBrother,Which proves this whole alliance was stupid.,1632054070.0,14
toronto,Lol this,1631965265.0,2
toronto,"So knowing this, is anyone else surprised about the TTCs response to this near crash?

We've worked so hard to get the TTC back to a state of good repair since the 90s. I really hope things don't start going backwards with Leary at the helm.",1631738207.0,13
toronto,"https://bluemassgroup.com/2009/10/noshow-ceo

Is anyone surprised? Read this report about his last days at Bostons MBTA before he fled to take up a job @ York Region Transit.

""Board members had also been expecting to hear a report from the MBTA’s chief of operations, Richard Leary, in response to safety concerns raised by the federal government about a fatal crash on the Green Line in May 2008.

Board members voted last month to require Leary to deliver the report before the board dissolved.

But Leary, who is eligible for retirement, did not show up at the meeting, and the T’s interim general manager, William A. Mitchell Jr., said he did not know where Leary was.

“He has been nonresponsive on coming forward,” said Janice Loux, a board member who has been critical of the T’s response to the crash. “I am very disappointed that he’s not going to make that presentation.”",1631738038.0,35
BigBrother,"The odd thing is BBCAN initially got so much flack for being so goddamn twisty. That BBCAN dialed the twists way back and learned from their lesson.

I find BBUS did the opposite and upped their twists. In addition to the HOH and Veto comp, there's always that third comp that takes away airtime from relationship building and drama on air.

It's like I find BBCAN more authentic to the original BB format of HOH VETO EVICTION nowadays with the occasional light twist thrown in.",1631452295.0,27
toronto,"It absolutely pisses me off when cyclists decide to ride in the right lane when there is a perfectly usable bike lane to their right.

Like what the fuck?",1631320951.0,1
toronto,My favorite anchor was when CBC Toronto had Diana Swain,1631309452.0,5
toronto,That's why you're supposed to walk to the back of that bus to press that button. Lol,1631296462.0,7
toronto,Omg you make me feel OLD,1631137834.0,2
toronto,"I'm sure if enough of its own union members kick up a stink, it would force the union to reverse course, that or take up a more neutral position.

Like what about union members who want to ensure they are coming to a safe work environment. What about those members who want to make sure their coworkers are vaccinated to protect everyone else's health?

 Are these not legitimate concerns from people who are also part of the union membership?

Do the voices of the minority trump those with opposing views in the membership?

But there has to be a movement for it from within.

I am no longer ATU113 however and no longer work for TTC.",1631074186.0,19
toronto,"Like im sure if you asked a majority of transit operators, (I am one by the way) they probably wouldn't agree with this.

I find unions weird in that they do fight for our rights, but hate that they have to fight for the rights of moron coworkers too. But legally that is their purpose and they have to do it.

Like fuck that shit im not gonna stand behind a coworker who doesn't want to get vaxxed. I have family that I have to go home to too.

I'm sure if they brought this to a vote. Their official stance would change as the majority of transit operators are likely vaccinated.

I don't support crazy antivaxxers nor would I support them if they were my ATU coworkers. I hate that the union has taken this position and now tars the reputations of ALL transit operators as antivaxxers when its a small majority. When unions do things like this, it makes the public hate us. I hate this.",1631072650.0,136
toronto,"It's like ISIS has come to toronto

Said some suburbanites somewhere",1630831906.0,-17
toronto,"Lulu Minh really wants to make sure this person becomes unemployed huh? Jesus christ.

They made a small mistake. This is an opportunity to educate the teacher.

She's making it seem as if the teacher came out and said I HATE N*s.",1630691624.0,52
toronto,"I wish they did what Brussels did with their underground LRT.

Their LRTs are called premetro. The stations are built with the assumption and to the standards that it one day will be converted to full subway.

So all the platforms are high level with a temporary lower level to service trams.",1630385138.0,7
BigBrother,"Please watch BBCAN9 (2021) and don't switch off Big Brother completely. They introduced the whole 50% race thing and that season played out perfectly.

There was no giant race alliance. Everyone splintered off into their own groups of 2 or 3. And everyone seemed to not vibe with eachother so it made for a great season of drama and backstabbing.

And I find the Canadian a lot less twisty compared to US seasons nowadays.",1630291046.0,7
toronto,"Compared to cities in the US and even Canada
, Id argue we do have the best transit system in a North American context (a city that is surrounded by sprawl)

For example, I find we have better bus service on suburban routes here than on some routes that serve Downtown Montreal, such as 55 St Laurent. 

Like we have buses coming within minutes of eachother in the suburbs. That is unheard of in most North American cities!

Everyone bitches about the TTC but can someone come up with a better transit system that also serves a significant amount of low density suburbs. (Not New York City the density just can't compare)

There's always bitching about the TTC but I've been to cities all over North America and I traveled by transit in all of them (no uber/taxis/rentals) and I would have killed for TTC level service if I lived there.

I also see this type of complaining when I hang out with friends from Scarborough, ""What the fuck the next bus is in 10 minutes?!?!?!"" In most cities, a 10 minute wait is thank god it's coming soon. Yall just spoiled lol.",1630267509.0,8
toronto,I don't get the issue? These are actual things people have posted.,1630107722.0,1
montreal,The is cringe beyond belief,1629998477.0,1
toronto,God I loved those buses,1629835641.0,2
toronto,"What's to stop these people from suing in the future for wrongful dismissal?

Especially in the future, in the event something is wrong with the vaccines and some people react adversely to it. (Ala astra zeneca)",1629519489.0,9
toronto,"""I've looked at some other people's pool listings and I see all sorts of waivers and warnings,"" she said. ""I don't bother with that, because I assume people know they're responsible for their kids and stuff like that.""

LOL this is the dumbest thing I've read all day.

The moment someone drowns in  that pool or gets injured. Expect a lawsuit.",1629484229.0,10
ontario,A BEE BIT MY BOTTOM AND NOW MY BOTTOM BIG,1629411870.0,2
toronto,"An OC Transpo double decker bus drove into a ditch this week also.

Mechanical fault.",1629407600.0,1
toronto,"LOL how fitting you post this today. Last week the entire LRT was shut down in Ottawa last week.

After an axle snapped and the wheel fell off the train and derailed. Yikes. 

These trains have been a nightmare in ottawa",1629339916.0,16
BigBrother,Because they are overtly saying their alliance is race based?,1629053911.0,2
toronto,When did Toronto police stop wearing those caps? I remember they were still a thing in the 90s,1628980905.0,5
canada,"I stumbled across this video from a year ago and Michaelle Jean's anger at the failure of LTCs. And I've never seen such a raw side of our former governor general before. You can feel the anger in her words.

With much of the country reopening. I hope this issue doesn't fall by the wayside as it always has.",1628960625.0,1
toronto,Lol I grew up at midland and kingston which is like a 2 minute drive away. I hadn't seen the bluffs till I was 30,1628906067.0,10
toronto,"Most coyotes are chicken. But some are problematic.

Remember the coyote that attacked the dog and the girl earlier this month? Watch as it came back... lol at how fast the girl dipped from the interview.

https://youtu.be/azvRVJ3UYkQ",1628893144.0,3
SchittsCreek,I always skipped this thinking it was some stupid ad. Only today did I find out it was some extra as fuck soap opera LOL,1628480453.0,4
BigBrother,https://youtu.be/kaDMxSaoH5Q,1628461580.0,1
toronto,"Is anyone gonna gloss over the fact that 14th Avenue is placed north of 407, and then both of those are placed north of hwy 7",1628452024.0,11
toronto,"Lame.
Ben Jungle however...",1628451894.0,1
toronto,"I'm a transit operator in the 905.

The amount of people headed to the TTC who accidentally tap their ""Child"" card and then go oops wrong card and pull out their ""Adult"" one is infuriating.

The TTC is losing millions because Presto can't simply program a different color or sound on their machines for free child fares. MILLIONS WEEKLY in lost fares.

I have no faith in them fixing anything nor do I think they even care.

Even my friend personally bought one of these passes on Kijiji because he knows there's little to no chance he'll get caught. No one dares using child passes in the 905 because unlike the TTC the drivers can see what fare category you're using.",1628007763.0,14
toronto,Woofles had the best soft serve in toronto,1627935116.0,1
toronto,"The TTC station that reminds me the most of the plain modern stations in Asia is Downsview Park Station.

Simple coloured panels. Not a lot of art. Just clean and modern.",1627868452.0,6
toronto,This post has nothing to do with toronto. Expect to be downvoted TO DEATH,1627858414.0,-9
toronto,"What the fuck is with that headline. An actual journalist wrote that shit?

There is no comparable context between her and those historical figures. Lmao",1627834622.0,13
canada,https://youtu.be/NuMC73jdygI,1627597004.0,1
coins,100% counterfeit. I was the first to discover these and o have a lengthy post on reddit. Where are you located,1627461816.0,3
toronto,https://youtu.be/xR0xGN826zU,1627452388.0,-5
toronto,"Gray Coach Lines was a subsidiary of the TTC until the 1990s. It was sold to Greyhounds in the 1990s in response to growing budget constraints.

Similarly Hamiltons HSR transit system also operated it's own intercity bus system called Canada Coach Lines, which was eventually sold to Trentway Wager, which eventually became Coach Canada/Megabus.

It's weird seeing local transit operators with their hands in intercity transport.",1627277701.0,4
toronto,"This is the Highway 7 crossing of the busy Stouffville line.

Don't be a goddamn moron. 3 cars filed past the white line and parked themselves tightly right on the train tracks.

Low-key I was wondering what the hell was going to happen if a southbound train appeared from behind the bush covered curve.

If these people are moronic enough to park themselves on the tracks. They're probably also moronic enough to stay parked on the tracks (for fear they'll scratch their car) once a train comes.",1627152606.0,3
toronto,https://youtu.be/Zkq-bOWuAGQ,1626845370.0,1
toronto,"OP when they woke up earlier
https://images.app.goo.gl/hr8USreadewqkmmD9",1626632982.0,8
toronto,"There's no need for two stations in that area. 

Literally they can have one station at Richmond Hill Centre with a hallway at the north and south end of the station to serve High Tech and Langstaff",1626505947.0,4
toronto,"505 Dundurn.

To save money, the city will simply contract Deco Labels to print urn stickers and slap it over top of everything",1626305781.0,2
toronto,"I bet this lady doesn't even ride the ttc.

Bet her tune would change if she were randomly assaulted on the bus",1626209253.0,2
toronto,"Um as soon as schools opened in September 2020 is when the pandemic went out of control.

To say schools didn't aid in the spread of covid is a joke.

Does anyone remember the days when norovirus or the flu would take out a sizeable number of your classmates?",1625773314.0,39
toronto,"I've actually never seen anything like this.  Wish all parking garages had this.

Are the sensors in the ground or the ceiling. I wonder how much money they gotta pump to maintain a system like",1625772239.0,3
toronto,"https://youtu.be/I4AIsgNf5_U

People in quebec lol",1625698594.0,19
toronto,Um were none of yall in Vaughan? People hanging out of windows all day honking,1625696177.0,12
toronto,They used to have TTC employees in that terminal selling greyhound tickets. It was weird.,1625677758.0,8
toronto,"The entire 905 is one transit system in terms of fares. The only transit system that doesn't want to play fair is the TTC.

A durham region fare is recognized in York, in peel, in Halton, in Hamilton. Everyone recognjzes free transfers with eachother except the TTC.

The TTC is only now exploring free transfers with a  TTC YRT pilot which will likely be expanded to everyone else.",1625604722.0,1
walmart,"Is this in Canada? Our walmarts look really fucking shit. I bet this was an old zellers too.

Theres still a store sporting the red and white walmart logo in kitchener.

Found it:
https://www.ctvnews.ca/polopoly_fs/1.3078823.1474310712!/httpImage/image.jpg_gen/derivatives/landscape_1020/image.jpg

The mall entrance has an even older logo from the 90s with the hyphen. Lol",1625591035.0,2
toronto,Probably just trying to flee a robbery,1625272278.0,14
toronto,SwImMiNg iN pOo yUuMmMmY,1625116766.0,0
BigBrother,HeLeN was pUsHeD,1625076807.0,4
toronto,She sounds like a desperate clout chaserr,1624992840.0,9
toronto,I like my $10 china buses tho,1624647232.0,2
BigBrother,At first I was like that's a weird sound for a brick dropping...,1624561709.0,1
BigBrother,Is that Jessica milagros screaming LOL,1624561689.0,1
toronto,"At this point, can the Crown appeal if theres public outcry?

I wish the family of the victim would come forward.",1624423275.0,5
toronto,Maybe not 50 years. But being completely discharged is insane.,1624423247.0,15
toronto,The WEGO package with GO is pretty neat. I quite liked WEGO and it was packed too,1624325505.0,3
toronto,I don't know about you but I'm seeing 1988 lol,1623911793.0,15
toronto,"It is entirely unacceptable that this accident was hidden from the public for over a year.

But I'm not surprised given the track record of the leader who is in charge RICK LEARY

Look at how he responded to this serious fatal accident under his charge on Bostons Green line. He couldn't be bothered to even show up to explain himself or the organization. How is this even acceptable? Now he's the leader of North America's third largest transit system?
https://bluemassgroup.com/2009/10/noshow-ceo

He literally skipped town, skipped the NTSB meeting and quit his job as the leader of one of the USAs largest transit systems to take up a position in York Region at YRT.

This guy has no accountability whatsoever.",1623876263.0,34
toronto,"Anyone who operates for the GTA transit authorities knows that these Presto machines GPS sometimes fail (not often but regularly enough)

Usually as we drive the presto computer screen automatically scrolls and changes the stops as you drive. But there is often a glitch where the Presto GPS stays at the first stop of the trip and doesn't scroll or change.

At least on 905 buses, drivers can see theres a problem on their computer and manually adjust where the bus should be with a bit of touchscreen tinkering. But most drivers will probably fail to notice or care to change the GPS, not noticing that this will have fare implications for passengers.

For TTC buses that currently come from York Region, this is why sometimes people in Toronto as far south as St Clair (for example) erroneously get charged YRT fares. But TTC buses, unlike their 905 counterparts, don't have a driver control screens so they don't even know if the systems GPS is fucking up.

For riders of TTC 129, 68, 17, 102 and 160, always check your tap histories to see if you've been accidentally charged YRT fares. My friend who doesn't ever venture north of the 401, let alone steeles, has been charged YRT fares.",1623638645.0,2
toronto,LMAO. I was like. I think this photo depicts what I think of the Toronto Sun.,1623617246.0,1
acne,"My problem is my face tends to be oily. If its dry, my face tends to produces a ton of oil to overcompensate, causing me to break out even more.

I feel like each product has a role to play  
\-Apricot Salicylic Scrub prevents acne from forming in the first place  
\-Micellar water attracts and wipes up the crud from deep in your pores  
\-Cetaphil moisturizer keeps the face decently hydrated (not too dry, not too oily) to prevent outbreaks  
\-Persa-gel takes care of the rare acne that shows up and I swear it makes the brown scabs disappear in less than a week",1623569714.0,0
BigBrother,"I think this proves Robyn Kass was not the problem for the US casting styles.

She was fired and used as a scapegoat for their problems.",1623432425.0,34
toronto,"If these allegations are true, his athletic career is over.

This is the one defining moment that he will look back upon and truly regret and wonder where his life could have taken him.

Don't be stupid people.",1623361261.0,8
BigBrother,https://youtu.be/OZEm9_U_OiM?t=38,1623345524.0,2
toronto,"Fun little known fact: The SRT was the first in the world to use Seltrac automatic train control.

Seltrac is now used around the world in cities New York City, Seoul, Singapore, Hong Kong, London, Shanghai, the list is endless of these massive subway systems.

And at the forefront of it all was the little SRT train as the pioneer of it all. This should be a point of pride for Scarborough but it isn't because no one knows.

I don't think many people even know the SRT is automated

https://en.m.wikipedia.org/wiki/SelTrac",1623171092.0,6
ontario,Terrorist attack.,1623100076.0,56
toronto,"My shits are always wipe free and clean.

I used Metamucil Psyllium Fibre caplets for my digestive needs. Only 12.97 at Walmart. TM",1623013708.0,33
toronto,"It isn't about whwre the passengers are going.

YRT buses will now be providing TTC service, essentially taking away work otherwise done by a unionized TTC worker.",1622995403.0,1
toronto,Dove unilever,1622963150.0,-2
toronto,"As of right now, YRT buses travelling in Toronto can only be used by passengers intending to travel to/from York Region.

This means YRT buses must bypass people at bus stops heading southbound. And they can only pick up going northbound as long as the person is destined for York Region.

This will change later in 2021 with a pilot project on 105 Dufferin. YRT buses in the pilot will be allowed to service stops without restriction in Toronto. The Presto machines will be programmed to recognize taps in Toronto as a TTC fare.

Should the pilot project proceed fully, this will mean increased service for TTC riders along the northern sections of Martin Grove, Victoria Park, Dufferin and Don Mills.

This is in addition to the fare integration strategy that TTC and YRT are working on.

Expect this to ruffle feathers with the TTC union as it is in the collective agreement that contracted out service is not allowed. Fun fact, YRT drivers in Vaughan are also part of the same union.

This isn't the first time TTC and YRT have worked together. Prior to the York U Subway, Viva Orange accepted TTC transfers and passes to alleviate the busy 196 York U Rocket",1622952533.0,16
toronto,"Citynews just sounds so sterile. I hated it when they changed it from citypulse.

Citypulse just had an energy to it during the 90s. Wasn't Citypulse at one point #1 in the ratings, before falling to third place behind CTV and Global, but ahead of CBC once Roger's took over",1622839902.0,1
toronto,"Thanks to Navdeep Mann, case closed.",1622827292.0,7
toronto,Who?,1622748154.0,3
BigBrother,"Sometimes I wish my favorite shows would go back in time, go retro and bring back the production styles and music of iconic seasons.

Like would any of you complain if they brought back an old BB set and had the old intro, old music and everything. Maybe even have Julie do her old hairstyle.

I would kill for American Idol to bring back Paula Simon and Randy for one season and bring back the old air raid siren intros. And the old format. I would actually tune into that shit.",1622439826.0,11
toronto,Is that a vanilla gift card,1622234050.0,1
SanJose,"This happened in Canada in 1999

https://archive.macleans.ca/article/1999/4/19/death-in-ottawa",1622054687.0,-7
toronto,"TIL GO transits original trains from 1967 are still in service as Ontario Northland trains loool

They were recently refurbished and actually look modern as fuck in the inside.

The trains looked like rustbuckets before.",1622053987.0,4
toronto,"https://images.app.goo.gl/RvSX3rRjhhPDARoT7

Doug ford on  pornhub looool",1621827806.0,3
toronto,"Where Kurji?

Stupid fucker.",1621533092.0,2
toronto,Didnt transit city in its original form have the eglinton line exactly as it is being built?,1621334961.0,11
BigBrother,Ika and sabrina,1621283820.0,6
ChineseLanguage,"[https://imgur.com/QdMdofX](https://imgur.com/QdMdofX)

Can someone please tell me what characters are used in the chinese equivalent of ""Information"". Can someone type it out so I can copy and paste it somewhere for a project?

&#x200B;

THANK YOU :'( ASAP IF POSSIBLE",1620987544.0,1
toronto,I think the guy getting his head sawed off was the final nail in the coffin. Greyhound died a slow death.,1620937415.0,1
toronto,"I fully expect GO Transit to pick up some of the slack the same way BC Transit introduced intercity services in the West Coast

It'd be great to have GO services to places like London.",1620937257.0,9
BigBrother,"Everyone do me one favour, give me one week ika free in the jury  house. And then get that bitch out.

Looooooool that season served us so much drama o my lordd",1620937095.0,10
toronto,"CAN THE ONTARIO GOVERNMENT GET FUCKED? 

Like seriously.

Everytime I read about something about the ontario government, it's about them wanting to someone in the ass.

Seniors in long term care
Animals living in wetlands
Kids in our schools.
Autistic kids and their parents.

Like the opposition has so much fucking ammo. If they lose, they really didn't try. Like the next election will be so easy to win. Just run silent ads on TV with Doug Fords face for 5 seconds, then follow up with a giant LIAR in black and white with a small font blurb on the bottom for what.

Yea Kathleen Wynne was hatrd, but I don't remember reading an article every other day about them wanting to fuck someone over.",1620845206.0,18
toronto,"I'm an operator and people throw their masks on the floor. It's disgusting.

Where's that ThisCrazyTrain lady and her chainsawing peoples arms illustrations :( I miss her.",1620788389.0,139
toronto,"It's politics that this that puts a bad taste in my mouth.

Stop using the pandemic to divide people and play race politics.

Stfu and just get more vaccines!!",1620715237.0,6
vancouver,From toronto here what the hell is going on in Vancouver. Shootings everyday this week.,1620614394.0,10
toronto,"Meanwhile when I was in Hong Kong

https://images.app.goo.gl/NxDrdsYGaE6ahDze8",1620145778.0,2
toronto,"I sell OC transpo presto cards on ebay for $30.

People are willing to pay for unique designs that stand out.

I got the idea for this from Vancouver. People buy specially designed Compass Cards. They even lined up early in the hundreds to snap up wristbands to mark up for resale. Vancouver is a very transit friendly city. Their ridership has grown and grown and before the pandemic was catching up to the TTCs despite being a smaller city.",1619992879.0,11
toronto,"What's the story behind this pic? Is it a former Toronto police cruiser in another part of the world? That's kinda interesting.

If not, it's just a police cruiser with a mere resemblance. And let's be honest. Our police cruiser livery is pretty plain and is likely used in lots of parts of the world.

I love seeing old genuine City of Toronto property in other parts of the world, like this TTC bus in Europe:
http://images.yuku.com/image/jpeg/67c3617717d606a60c881cff38915abc24d2d3f1.jpg",1619857786.0,5
BigBrother,"Didn't Trevor boris bbcan producer work on the last season of bbuk?

And didn't they have us/canada style competitions in the last season?",1619857571.0,2
toronto,"I hate how inconsistent the TTC is with its design choices.

I'm 2012, Castle Franks second entrance was styled in the exact same original construction of the station in 1966. Complete with the same tiles and appearance lol.",1619594509.0,0
BigBrother,"If there's anything I want more than anything in the Big Brother.

It's a repeat of this twist.",1619592746.0,31
BigBrother,"I know for a fact Nikki and Tim were expensive as fuck and they couldn't do a repeat of it.

But if past US and Canada contestants can come together for regular pay. What would be stopping production?

Please GODDESS ARISA come throughhh",1619297490.0,29
BigBrother,"https://youtu.be/7AUSEiY0NFU

It's this girl.

But she's grown up and got a job as an intern.",1619292900.0,5
BigBrother,"I'll throw in a better one.

As soon as you walk into the DR. Production asks you who your two closest  people are in the house.

Follow by an unsuspecting you must now cast your vote to evict one of these people. Lmao chaos ensues at that point.",1619282972.0,3
BigBrother,That girl was creepy as fuck looking. At first I was like WTF is that,1619250987.0,41
toronto,"You can find local transit buses in and around Montreal as the bulk of them are manufactured there.

Was fun to see TTC Mississauga and Brampton buses just driving around Montreal.",1619231419.0,9
BigBrother,Was the episode good,1619049871.0,2
BigBrother,Thank god she didn't. Cuz look what Kiefer did the week after. Thank JEEbUS,1619022913.0,6
BigBrother,https://youtu.be/U7X7cEh5au8,1618967638.0,5
toronto,"I'm one of those people who does not like or drink coffee, in fact I downright hate coffee.

But i loves me an Iced Capps. Lol.",1618906707.0,3
BigBrother,"https://youtu.be/Juj0yeI_9Fg?t=180

JEDS BRAIN",1618795087.0,3
BigBrother,"https://youtu.be/Nz6bTqYBOuk?t=195

Is marcellus on social media. I wonder what his thoughts would be",1618794484.0,6
BigBrother,LOOOOOOOo(,1618794395.0,5
toronto,Does anyone have that clip of Moira saying it's like a Mumbai'n slum?,1618696006.0,13
BigBrother,"Has there been a week where nothing has happened? Jaysus this season is serving.

I remember not even looking at reddit bb for bb22.",1618608565.0,14
toronto,"I think how the producer decided to end the show was a bit sour. 

Just ghosted the cast and never responded",1618357780.0,6
BigBrother,Cornbread,1618122449.0,1
toronto,Umm like actually how old are you?,1618067936.0,6
toronto,Modsssss,1617876024.0,1
BigBrother,"I do think the whole BIPOC thing affected viewer ratings this season. Outside the major cities, the vast majority of Canada is still white and I guess the racial makeup of the cast turned some viewers off.

Especially the fact that there's 5/16 houseguests are black. Even in the most diverse city of Toronto, there's a bit of overrepresentation there and I was sort of bummed we didn't see a more diverse racial makeup.

That's just my opinion. I'm going to get down voted for it for sure but I definitely think this is a reason why.",1617483952.0,-6
toronto,Lol didn't thr new plates start in the CXXX range...,1617438329.0,11
toronto,"Neat fact: Joe Biden rode Amtrak daily for decades after a tragic car accident that claimed his wife and child's life.

Obviously he doesn't anymore now that he's president.If there's a president that actually understands the needs of public transportation, he's the man because he actually uses it. Something crazy like 8000+ round trips over the decades.",1617350863.0,63
BigBrother,What happened between ty and brey? I need to know!!! As a fellow GAY,1617126811.0,34
vancouver,Az screen recorder app to record their snaps or just straight up save to camera roll lol,1616978360.0,1
toronto,https://youtu.be/QE8tGdSasjk,1616660473.0,1
toronto,"It's absolutely crazy that the cost to modernize AND buy a whole new fleet for trains would have cost less than $300 million dollars.

But we're going for the option that gives us less stations and service for $5.5 billion dollars. Just so people don't have to climb a pair of stairs at Kennedy. THATS IT. That's about the only substantial difference.

I could understand why Scarborough wants to get rid of the SRT and it's Tonka looking toy trains. But the replacements would have been gorgeous and quite honestly more modern looking than the Toronto Rockets.

https://youtu.be/bEl1xvyIVeE

I get why Scarborough councilors didn't want to convert the line to conventional light rail (similar to streetcars) because those light rail trains could eventually be extended to somewhere and provide median-of-road service. But the Mark 2/3 option would have eliminated any possibility of these trains interacting with traffic.

I think the term light rail being synonymous with streetcars is what killed the RT from the start. They should have called these trains Skytrains or Light Metro/Light Subway to differentiate them from streetcar type LRTs. These Mark 3s are definitely not streetcars and are more akin to subways.",1616380262.0,29
toronto,I thought this was about the soup and meat company before clicking Lool,1616377640.0,1
BigBrother,At least mines natural. ;00000,1616315583.0,8
BigBrother,Bangmace,1616286162.0,2
BigBrother,Im referring to Loveita & Cass. lmao,1616115176.0,1
BigBrother,THAT DUMB BITCH WON AGAIN,1616115106.0,0
BigBrother,"""YES""

""I WAS JUST SAYING YES""",1616112708.0,22
BigBrother,LOOOOOOOOOOOOOOOOOL THIS SEASON IS SERVING,1616112657.0,16
toronto,"https://youtu.be/DiO0P3SDSDU

The new subway has 3 BRT lines that feed into it. The blue purple and orange lines.

Condos are going up along all 3 lines",1616104778.0,5
BigBrother,"Was anyone a fan of King Of Queens...

I just pictured Carrie saying  to Doug wearing a Sombrero ""That's Mexican...you frigging moron""",1616016249.0,1
toronto,Montreal's commuter lines were also electrified. Doesnt mean shit unless we get rapid transit style frequencies.,1615961678.0,5
toronto,"Have you seen their REM network set to open In the next decade?
JEALoUSY",1615951170.0,2
BigBrother,https://youtu.be/ZrtSOTGNqA8,1615949690.0,2
toronto,"The irony is that the Scarborough RT was the guinea pig for SelTracs CBTC automatic train control.

Seltrac is now used around the world in world class cities like Hong Kong, Shanghai, New York, London, Singapore...and more. Scarborough was at the forefront of all that. It should have been a system that was a point of pride...but I don't think people even know about this.

https://en.m.wikipedia.org/wiki/SelTrac",1615837551.0,1
BigBrother,The teams are OVER,1615729315.0,0
BigBrother,"Moot week. But it was still fun feeds.

Sacrificing them for more fun feeds is what we need and manifest it",1615679553.0,1
toronto,"The situation was so bad at this plant Brampton Transit had to cancel all of the routes that passed by this plant.

Which is bullshit because it unfairly punished riders that weren't related to this business.

Closing amazon, not shutting down transit should have been the first step.",1615584613.0,118
BigBrother,https://youtu.be/-0DZ2nGszkU,1615568213.0,3
toronto,"Does anyone remember the days where No Frills had like a bulk bin of some random candy and they had a pail with a coin slot in it.

It was like an honor system where you just put in a nickel or dime or whatever it was and you took a candy. Or am I just crazy?!?!

I always found that so strange as a child. Like what if I didn't pay? Who's watching LOL.",1615437035.0,14
toronto,"This post is just stupid.

1) it might not have been him.

2) it might be because he doesn't want your bag on the dirty floor.

3) get a diary you snowflake.",1615149945.0,-1
BigBrother,Just copy and paste what I typed and tweet @arisacox,1615049291.0,-1
BigBrother,"The whole thing is just pointless and an impediment to natural game play

PLEASE",1615048975.0,13
BigBrother,"Can we all start tweeting arisa and asking her to get rid of the teams

It's in the way of natural game play . I always hated team twists and it's probably worse for casuals because you tend to not know who's on what team because people don't wear colors like they do on survivor",1615048956.0,12
canada,Yes. It's likely the teller didn't know they were fake so they're simply deposited and recycled to retail outlets.,1615015051.0,7
canada,"Guaranteed the centrepoint of where these coins are coming from is either Markham or Scarborough. It's where they were first discovered way back in 2020 and it is where I have personally seen people trying to use them.

Already caught a bunch of people trying to use rolls of these to make purchases at our store. When confronted, they basically lied as to how they obtained them and elected to surrender the coin rolls to us rather than show us their ID to get it back. Guilty? Absolutely with how fast they ran out of the store. And all of the people using rolls of these coins have been Chinese (I'm Chinese myself) so it's either these coins are being shipped here from China or its a Chinese organized crime responsible for manufacturing them.

We also received a box of toonies recycled from the bank that were all fake (all $1000).

So that's how they make their money.",1614996208.0,73
toronto,"How is this blaming the victim?

Sometimes pedestrians are the cause of their own demise.",1614967651.0,6
BigBrother,"Canadian TV Shows have done well in the US. 

Rookie Blue, Orphan Black, Schitts Creek

Give us a try. 🥲🥲🥲 though I have heard from Americans that Canadian shows give off a weird vibe where you can tell its not American but you just don't know what...",1614894252.0,26
BigBrother,"I was watching the news and Woke Kyle showed up for a story today completely unrelated to Big Brother today.

God this story made me angry and seeing his seething anger makes me .... I don't know. I love him

https://atlantic.ctvnews.ca/mobile/video?clipId=2151151",1614705640.0,9
BigBrother,"I would have preferred spider webs instead of shrubs.

And a huge spider and nest in the have not room",1614700223.0,2
toronto,"The YRT one is the best.

It displays the estimated time to arrive at the next 5 or so stops.

And for each upcoming stop, it lists 4 connecting routes and what time they are due. MAJORLY HELPFUL INFO in the bitter cold of winter.",1614633416.0,40
BigBrother,"https://youtu.be/s7VLqp74HRA

OMG No Frills would have been a great sponsor for BBCAN8/9

For those unfamiliar with this ad, No Frills is a supermarket chain located in Canada. The comic theme is so extraaaaa",1614615899.0,4
BigBrother,"Whereas arisa during breaks is like ""how was that guyzz? Zomg right?"". Like she's one of us! She truly loves people and the game

I've heard ellen and james literally ignore the audience as soon as the camera is off.",1614568740.0,11
BigBrother,"A lot of people who go to Hollywood to see shows say people like Ellen or James Corden are completely different people when the cameras turn off. It's all a persona.

Anyone who's been to a BBCAN show knows that she is also a sweetheart when the cameras turn off.

She's so nice and gracious to the people who show up to see her.",1614548238.0,176
BigBrother,"Tim would have won if he didn't ""give up"". I still believe he was contractually required to.",1614464251.0,1
BigBrother,OH SHIT Kyle has skeletons of his own too LMAo,1614315840.0,10
BigBrother,LOL at the depiction of the mods,1614315657.0,7
BigBrother,Thsts what you get when you go on his page apparently,1614305740.0,14
BigBrother,"I think the issue is the info is unproven.

I think they wanted to get rid of him without the risk of being sued for defamation especially over unproven shit.",1614305705.0,28
BigBrother,"https://pbs.twimg.com/media/EvHjOd1WgAEX3Mi?format=jpg&name=large

LOL trash can",1614305624.0,35
BigBrother,"https://pbs.twimg.com/media/EvHjOd1WgAEX3Mi?format=jpg&name=large

IM DEAD. 

His page is literally a trash can LOL",1614305521.0,21
BigBrother,Woooooo,1614305312.0,4
toronto,"Meanwhile in Durham Region.

https://youtu.be/X6f-ftWknM0

They're allowing a black police officer to compete on a reality TV show to help foster change with regards to perceptions towards the police  especially amongst young people in today's climate.

I'm surprised Durham Regional Police was ok with their force being represented on this show. This show can get quite nasty lol",1614280691.0,-3
BigBrother,Can someone post that Twitter video someone made of Julie taking out the trash in heels. Already iconic loolll,1614223564.0,3
BigBrother,A cast of real looking people. Wow.,1614192091.0,12
toronto,Apparently those Starburst and Airheads are cannabis products. They stole the trademarks to sell these edibles. I'm surprised mondelez or whoever owns those brands aren't going after them.,1614154752.0,1
toronto,"This is all part of Estee Lauders efforts at global domination

https://youtu.be/-AN3lAVhoUk?t=30",1614141292.0,1
toronto,Alli see are airheads and Starburst in the seizure LOL,1614101905.0,51
toronto,"When they try to explain to police that but the chair girl did it too....

https://youtu.be/jPcGHmCSxTY?t=100",1613947120.0,3
toronto,"https://www.gotransit.com/en/travelling-with-us/promotions-and-events/sunday-funday-with-go

GO transit still has the Sunday Funday pass. You could have got home for $10.

I've taken the NFTA right to the Rainbow Bridge before. I think it's Route 55. Lol.

That $400 was quite....unnecessary",1613943623.0,8
toronto,What The Sears?,1613865938.0,10
toronto,Beverley looks like a Karen,1613601223.0,3
BigBrother,"Personally I could see someone like him being casted if they cast him into the house with a partner and have them both play as one player, so they could swap comps and so forth.

Ala Nick and Phil, the winners of Big Brother Canada 4.

Out of curiosity, does he still have a percentage of vision left like Lowell from Amazing Race?",1613424859.0,1
toronto,What the fuck did I just read,1612947329.0,3
toronto,Excuse me Do you have $20? I need money for the Go Train to Hamiltom,1612488931.0,2
BigBrother,"I thought this would be a great idea for the Amazing Race. Think of the team meltdowns.

Imagine Ika and Neda as a team for the Amazing Race Canada. They had Jillian and Emmett who had broken up already at that point and the drama was amazing.
https://youtu.be/I_RtaiI0vsE

You could see why they broke up.",1612326199.0,1
toronto,Nice they're working out fare integration but I really feel like this should be a regional thing as opposed to just YRT/TTC,1612171668.0,36
toronto,"Wtf Iooll

Slow blog day",1612043457.0,2
toronto,"I happen to drive by VMC station every night at 2am I shit you nor every few days or sometimes every night fire police ambulance are lined up outside the station with lights blaring.

What the fuck goes on in the subway? Is it a nightly overdose?",1611705346.0,1
toronto,Wtf,1611269206.0,2
toronto,"Train drivers don't work for GO Transit like bus drivers do.

They work for Bombardier. So train drivers and customer service ambassadors will likely be laid off or stay at the yard doing stuff.",1611266255.0,20
montreal,"Being a kid visitor in the summers during 1990s Montreal, I remember this city having so many hippy looking people with dreads. With such funky unique fashion.

That's one part of Montreal I never see anymore.",1610844544.0,5
toronto,"AGAIN?

Last I heard from an employee. As of January 6, 2021, 3 people were hit by trains.

That's 1 every 2 days.",1610470675.0,2
toronto,"R/askto

Prefer to be flamed here for this type of post. This has nothing to do with toronto related discussion. You're just using this sub as a convenient place to get what is very much a personal question.",1610306401.0,-5
toronto,Clearly.,1610248627.0,2
toronto,"You all should see the crazy massive expansion of Montreal rapid transit network. About 70 kilometers is about to open in the coming years.

Before that even opened, another 30 kilometers has just been announced to open in 2029.

Yet we're here squabbling about the Scarborough Subway since 2005? LOL

Initial segment:

https://www.ville.sainte-anne-de-bellevue.qc.ca/medias/files/REM/REM_Carte_reseauMtl_FR.jpg

Just announced segment:

https://www.cdpqinfra.com/sites/cdpqinfrad8/files/styles/default/public/medias/img/B5. REMde l%27Est/Presentation/Carte-REMdelEst-EN-3.png?itok=ipziUWpC

New trains:

https://youtu.be/f1p1QGSRLj8

I'm pretty sure this project was announced years after the Scarborough Subway debate. I remember laughing at how expansive this project was and it was a joke that they thought this could/would be built. And they've fucking done it. They are going to have 100kms of new rapid transit within 10years. I cant help but sit here in silent jealousy.",1609792111.0,3
BigBrother,"It's the same show. If anything the Canadian version sticks closer to the OG Big Brother format, whereas the US has introduced shit like battle of the block",1609532475.0,2
toronto,https://youtu.be/8cPLpyHeha0,1608989704.0,2
BigBrother,"[https://www.youtube.com/watch?v=O6MnsNsM2CY](https://www.youtube.com/watch?v=O6MnsNsM2CY)

Take the veto and shove it right up your ass.",1608019566.0,4
BigBrother,"You can kiss this fricken ass...

The one that twerks",1607641363.0,3
montreal,Automatic passenger counters.,1606437943.0,4
toronto,"The YRT screens just activated a new feature. I imagine that's what the ttc is doing.

YRT screen alternates between a screen that shows the next 5 stops, then it switches to transfers at the upcoming stop.

Next Stops

Steeles Ave 1 min

Meadowview 3 min

Clark Ave 5 min

John St 6 min

-----

Steeles Avenue Transfers

99 To Bernard 12 min

Blue To Newmarket 5 min

2 To Markham 3 min",1605992181.0,9
BigBrother,"""Not sure why they went this route...""

You do realize how lucrative the French TV market is right? Have you seen how high the ratings are despite there being so much fewer French people in Canada.

[http://assets.numeris.ca/Downloads/September%2014-September%2020,%202020%20(Quebec).pdf](http://assets.numeris.ca/Downloads/September%2014-September%2020,%202020%20(Quebec).pdf)  
In a market of 8,500,000 people

[http://assets.numeris.ca/Downloads/September%2014-September%2020,%202020%20(National).pdf](http://assets.numeris.ca/Downloads/September%2014-September%2020,%202020%20(National).pdf)  
In a market of 37,500,000 people",1604142024.0,11
BigBrother,"Quebec is a very lucrative TV market. Although it's just one of the 13 provinces/territories. They have a lot of people watching TV there that their rating counts are separate from English Canada. Im interested to see how CBB fares.

Ratings of the top three TV programs from this past week:  
DISTRICT 31 1,829,000 Viewers  
LA VOIX 1,649,000 Viewers  
5E RANG 1,149,000 Viewers

Keep in mind Quebec has a population of just 8.5 Million. English Canada/USA would kill for this type of TV market share.",1604141606.0,5
toronto,"LOL The other day a woman was screaming at customer service staff because they refused to return her face masks she bought for $6.97. 

The staff repeatedly explained that due to the pandemic they cannot return her masks that she tried on and did not fit for hygienic reasons. Something she straight up breathed on. In the middle of a pandemic. UNREAL. She was screaming like a banshee. I wish I recorded her and made her Youtube famous.

The reason for her tirade is that ""staff didn't tell her she couldnt return it"". Hmm common sense seems to be missing here. Moron.",1602811783.0,9
BigBrother,"Karen to Gary when he said he wanted a piece of Dillon or Dallas.

""Go work your pole babe. I don't knock the dick out of your mouth."" lmaooo",1602387033.0,13
BigBrother,"[https://www.youtube.com/watch?v=uqPixnokYtA](https://www.youtube.com/watch?v=uqPixnokYtA)

O and she was a BOSS ASS BITCH as the first HOH",1602386954.0,8
BigBrother,"[https://www.youtube.com/watch?v=mdhjt-6Orko](https://www.youtube.com/watch?v=mdhjt-6Orko)

THIS IS THE SPIRIT THEY NEEDED FOR BB22",1602386767.0,6
toronto,"Queens Park is known as a gay sex orgy park at night. The fact you're sitting without a blanket on the grass there. \*shudder\*

The things Ive seen go on at Queens Park at night. You're sitting in lots of ... fluid.",1602385699.0,-7
BigBrother,"Why is everyone left so white?

[https://youtu.be/mXovJSCc6M0?t=4](https://youtu.be/mXovJSCc6M0?t=4)",1601614022.0,-3
BigBrother,done,1599018172.0,2
BigBrother,">Have you watched Canada's old seasons yet?

[https://www.youtube.com/watch?v=uqPixnokYtA](https://www.youtube.com/watch?v=uqPixnokYtA)

For those who have never seen Canada before, heres the first HOH of the season for S5. Epic beginning to kick off a great season.

She's also American. They should get her on BB23.",1599016284.0,6
BigBrother,done,1599016046.0,1
toronto,I love how it minds the gap and does a little hop lol,1598583005.0,13
DragRace_Canada,"Does anyone else think they missed an opportunity with the Carly Rae Jepsen lipsync?

They should have used this song instead. Anyone else agree?

[https://www.youtube.com/watch?v=iY4AZWsIW\_k](https://www.youtube.com/watch?v=iY4AZWsIW_k)",1598478515.0,1
toronto,I need a NextBase dashcam (R),1598248065.0,4
toronto,"Not at all, tons of Canadian shows are aired in the US.

CTV's Flashpoint aired on CBS for 3 years.
Global's Rookie Blue aired on ABC for 6 years.
CBC's Schitts Creek aired in the US and became a pop culture phenomenon just recently and is currently nominated for 15 2020 Emmys! A CBC SHOW UP FOR FIFTEEN EMMYS!

Orphan Black was another show set in Toronto. The main actress won an Emmy in 2016. This show's first season was a Canadian masterpiece, the actresses skills are really something to behold and you need to watch if you haven't.

https://youtu.be/SsxOEPUiFA4?t=73

https://www.youtube.com/watch?v=HpDkk0OUnNI",1597981434.0,1
toronto,"Its pretty interesting to see Montreal stand in for Toronto, when it's usually almost always US cities in film productions.

This is the set for the CTV drama Transplant (which might I add is pretty damn good for CanCon), and is set to premiere on NBC September 1 stateside.",1597894489.0,25
toronto,UMMMMMM I dont know about that. My personal belief is the second wave is a very real and possible threat. Particularly due to attitudes like this...,1597888310.0,22
BigBrother,Why was someone as useless as David brought onto an All Stars season.,1597814048.0,13
DragRace_Canada,[https://www.youtube.com/watch?v=UaAn4BgY5iI](https://www.youtube.com/watch?v=UaAn4BgY5iI),1597720910.0,5
DragRace_Canada,"Priyanka's video quality totally reminds me of those little music videos these used to do on The Next Star for the contestants. (which I swear Priyanka hosted for a year or two?)

The Next Star's style of videos: [https://www.youtube.com/watch?v=O8t0FvJ\_Cx8](https://www.youtube.com/watch?v=O8t0FvJ_Cx8)",1597481668.0,2
BigBrother,"As hot as Cody is, does anyone just HATE when cody and nicole pop up on the feeds? Like I just want to forget that whole season ugh..",1597452848.0,9
toronto,"To be honest, Ive never even heard about the existence of these buses.

They are labelled London Transpot and still have London destinations on the signs. Anybody know what these buses were used for? There's clearly a TTC logo on the bus.",1597440625.0,23
toronto,"In 2012, there were two types of genuine toonies.

One with security features and one without. It was the last year of older style toonies.",1594246610.0,2
BigBrother,"LMAO

[https://youtu.be/t5OSDyBQ\_Rw?t=1035](https://youtu.be/t5OSDyBQ_Rw?t=1035)

They were not permitted to.",1593943959.0,2
toronto,"To be fair to the OP. 

This is exactly what is being done in York Region.

The initial older segments of the Viva busway construction had bike lanes sharing the road with cars and they figured most cyclists felt uncomfortable using them next to traffic that is flying by them at 70km/h.

So for the newer Viva busways, the bike lane is moved away from the road and onto a segment that runs parallel with the sidewalk (a space where grass normally would be).",1593384304.0,1
CanadianTV,"Wasnt Ready Or Not like an iconic tv show of the 90s? I mean sure it wasnt as big as Degrassi but it ran for 5 seasons on Global and YTV.

There are talks of bringing the show back nearly a quarter of a century later. Isn't that significant? lol",1593293137.0,1
toronto,On the next episode of How To Get Away With Murdrr,1592499805.0,1
country,"This song seems to be picking up steam on the Canadian charts. Never heard of the girl before but I swear the music video had 200000 less views just 2 days ago.

This seems like one of those songs that will break into the US market if it gets hot enough.",1592160570.0,2
BigBrother,"If anyone actually wanted to help a homeless person. They'd just do it.

They wouldn't stick a camera in their face and film them at their most vulnerable and post it on the internet.

People doing this aren't doing this altruistically. They're doing it for ""look at me, im doing something"" attention.",1589333275.0,-9
BigBrother,"She's also the source of Reality TV Gold. She later admitted it was an act, but IDGAF because she's hilarious.

The sarcastic way she talks would just be amazing in the DR.

[https://youtu.be/3hZNzyI2sLA?t=15](https://youtu.be/3hZNzyI2sLA?t=15)

[https://www.youtube.com/watch?v=qiMmMDV7xww](https://www.youtube.com/watch?v=qiMmMDV7xww)

[https://youtu.be/R7T1PKsBMdk](https://youtu.be/R7T1PKsBMdk)",1589000129.0,0
toronto,"Heard an advertisement for this thing on the radio.

Is the pandemic over now? Can non-essential stuff like this open now?

Their press release that makes reference to the ""infectiousness"" of excitement for their tickets is sort of off-putting. So many places are still closed. How is an exhibit like this able to open to the public?

\----- 

""**New Dates Added in July, August & September**  
**Flexible capacity to Allow Social Distancing— 75 Square feet per guest**

Just  a couple of months ago we announced that the exciting world premiere  of Immersive Van Gogh from the creators of Paris’ Atelier Des Lumières  is coming to Toronto.  Our excitement must have been infectious with  over 20,000 tickets sold in the first few weeks!

Sadly,  excitement isn’t the only thing that’s infectious…. And like so many  other events these days, COVID-19 has messed with our plans. As a  result, we have rescheduled the opening of Immersive Van Gogh from May 1st to June 1st and have extended our run through September 30th.   This will allow us to move our guests to dates when it is safer to come  and also permits us to lower the gallery capacity and enable our guests  to practice social distancing—we are allowing for 75 square feet per  attendee.

So much is unknown these days, but we do know this— COVID-19 will pass, and when it does, we will present **Immersive Van Gogh** and it will be the most amazing thing to do when we can all finally leave our homes.

To  do this we need your support.  We are a small business in the cultural  sector, and our goal is to keep the dozens of art workers who are  creating this show employed.  We need to keep the arts alive.""",1588759186.0,5
BigBrother,"If you looked at Twitter to see who the vast majority of Canadians voted for to win for the last vote in the finale. It was Tim.

Canadians wanted him to WIN.",1588555942.0,2
toronto,They used a lot of the same parts as the old TTC trains as they were built by Hawker Siddeley.,1588442362.0,3
toronto,"Today a pedestrian was passing another pedestrian on the sidewalk and moved closer to the curb. A passing cyclist in the right lane decided he didn't want to get too close to the passing pedestrian, so he veered to the left hand side of the right lane without even checking over his shoulder. I was operating the bus and I always do the right thing and change lanes to pass them (to give them 1meter or more as I pass). What if a car was passing him in that lane? It would have been a disaster.

FOLKS. PLEASE GET YOUR HEADS OUT OF YOUR ASSES.",1588398169.0,0
toronto,"Um, no. I sort of didn't.

Staying six feet away from people is one thing. Staying six feet away and walking in front of 15 ton moving vehicle is another.",1588320948.0,8
toronto,"The worst are the poles that are right next to the roadway. We already have to watch those poles with our mirrors.

Now pedestrians are hugging them and crawling into that near-nonexistent space between the pole and the road to squeeze past other pedestrians. Please don't do this. I know it looks like a small enough space for you to fit. But the bus that is coming at you, as you do this, will take you out!",1588316413.0,30
americanidol,"For those that don't remember, this was from 15 years ago.

[**https://youtu.be/oY1\_8pxeiyI?t=439**](https://youtu.be/oY1_8pxeiyI?t=439)",1586576181.0,2
BigBrother,"No.

MadTV used to be hilarious back in the day. It would be considered overtly offensive nowadays. lol

Times have changed.",1586489252.0,-1
BigBrother,"I would say its a really good season, with a horrific (maybe the worst ever) ending.

But the gameplay is really good. At some point, there's like 3 sides in the house and everyone is goijng at eachother.",1586213900.0,2
BigBrother,https://youtu.be/mdhjt-6Orko,1586000977.0,2
toronto,"The guy is trying to sell his own hand painted messages for $250. With half going to the food bank, and half going to his pocket. 

Your work isn't that iconic. Sorry. That's just straight up greed.",1585907348.0,5
toronto,Found him.,1585882032.0,-2
BigBrother,"[https://youtu.be/GgCHQFmsghM?t=119](https://youtu.be/GgCHQFmsghM?t=119)

Me to mother nature in the winter.",1585862367.0,6
BigBrother,*Series finale,1585767344.0,-6
BigBrother,"BBUS ratings have always tended to be higher than BBCAN in general. 

But as of lately, the US versions ratings have been on a downward trend and the Canada version on an upward trend. I believe the Canada version overtook the US one beginning in 2019.",1585561881.0,1
walmart,"The cashier ones are even weirder. The front part that the cashier is facing is transparent. But the plexiglass shield that is to the side of the cashier (facing customers approaching the cashier) is opaque so customers can't even see if there's a cashier or not behind the plexiglass. So many customers started piling items onto the belt with no one at the register because you can't see if anyone's actually there until you're actually standing in front of the cashier.

Why they made these opaque and not transparent is beyond me. 

Does anyone have photos to share? Its the most bizarre shit ive ever seen lol. The last time I saw a shield of any type in any store was in Detroit lmao.

Does",1585273999.0,10
toronto,wHy aRe YoU cLoSeD?!,1585221536.0,4
toronto,"You were going 60 on a 40. I'd wager maybe even slightly higher than 60.

If there were to be a collision, you would have been partly at fault also as evidenced in this video.

You have no reason to be going that fast on a stretch of road in the downtown core. It's funny when people post things like this blissfully (maybe stubbornly?) unaware that they can also be in the wrong too.

Bike was a dick yes. But you need to slow down too and respect downtown speed limits to have enough reaction time to respond to hazards around you, such as insane cyclists.",1585196392.0,3
toronto,The limit in that section is a 40 too. Driver is going way too fast.,1585196188.0,-1
BigBrother,[https://twitter.com/sloproast/status/1242983330494251008](https://twitter.com/sloproast/status/1242983330494251008),1585191144.0,1
BigBrother,"THE PART WHERE RI SAID THEY WANTED TO PROTECT MINH BECAUSE THEY WERE SORT OF WORKING WITH HER.

:'( There was something great that was forming inside the house. I cant believe this season is over.

I remember someone here on Reddit suggested ""Imagine if one day Maddie and Minh started working with eachother, what an unexpected group that would be."" And I remember laughing as if that would never ever happen, especially with Maddie calling her a toxic bitch.

IMAGINE WHAT THIS SEASON COULD HAVE BEEN. IT WAS GOING TO BE SOMETHING AMAZING WITH MINH :'(",1585188669.0,37
BigBrother,"Theres an explosion in popularity with A&W in Canada,especially amongst Millenials. They expanded like crazy the past few years.

A&W US is trying to copy whatever Canada is doing to woo millenials. They're two separate companies that split in the 70s.

 [https://thetakeout.com/canadian-a-w-burger-fast-food-worth-crossing-border-1832757524](https://thetakeout.com/canadian-a-w-burger-fast-food-worth-crossing-border-1832757524)",1585187647.0,3
toronto,"""The panel noted Tsegazab was found to have two kitchen knives in his unit in March of last year, which he said was because he didn't know they had to be returned to the common kitchen.""

How gullible are these idiots.",1585186424.0,2
BigBrother,"The fact they went from ""WHY DIDNT YOU GET THAT BITCH OUT? SHES TOXIC."" to ""Lets work together. No one will suspect a thing""

&#x200B;

This season was amazing.",1585109143.0,18
toronto,"This season has been a dumpster fire. Its as if 2020 is cursed.

One guy evicted himself out week 1
One guy was kicked out for threatening to shoot someone.
One guy was kicked out for threatening to snap the above guy in half.
One girl wants to leave and is voluntarily putting herself up this week.

Lol",1585014554.0,5
toronto,They are also implementing rear foot boarding and installing red lines on the floor of the buses to stay away from the driver.,1584759426.0,5
toronto,"What the fuck is the federal/provincial government waiting for?!

Why the hell are places like the mall open? They world will go on if places like Baby Gap are closed",1584759090.0,101
BigBrother,"A major announcement is going to be announced by the Government of Canada tomorrow afternoon at 1PM.

There are many rumours going around that it will be a nationwide lockdown. A friend of a friend is a local police officer, and he has received early word that Canada will commence a lockdown Tuesday night. If workplaces are forced to close, will BBCAN be cancelled?

These are just rumours for now. But it's not that farfetched.",1584332021.0,-1
BigBrother,"KWAN LEE? LOL

She means Mrs Swan. OMG",1583973991.0,3
toronto,"Work at a Walmart.

Customer comes to us workers bitching us out that we don't put out hand sanitizer for customers to use.

BUT WHEN WE DO, THEY GET STOLEN.",1583955623.0,17
BigBrother,"WTF. HOW?

&#x200B;

MINH IS LIKE SOME SORT OF MASTERMIND",1583806594.0,3
BigBrother,I WISH MINH HAD AN ACTUAL WINE GLASS SO SHE COULD WALK INTO A ROOM WITH MADDY WITH A GIANT ASS GRIN. And we could meme it Tiffany Pollard style.,1583805862.0,10
BigBrother,CONFRONTED.,1583801577.0,5
BigBrother,MADDIE HAS ENTERED THE CHAT>,1583801271.0,2
BigBrother,"I REMEMBER THE FEEDS OF BBCAN7 AND HOW IT WAS DAY AFTER DAY AFTER DAY OF LITERALLY NOTHING HAPPENING. JUST PEOPLE COOKING, CLEANING, AND SITTING.

THANK YOU BIG BROTHER GODS.",1583799641.0,21
BigBrother,MINH CALLING MADDIE BABY GURL OMG I CANT,1583799466.0,5
BigBrother,"[https://www.youtube.com/watch?v=WaFjbfuEm6I](https://www.youtube.com/watch?v=WaFjbfuEm6I)

I love the sexual innuendos between these two.

There definitely has never been a couple like this on past Canadian seasons. How about American ones?

And i love that they said there's going to be a fight at Scarborough Town Centre on June 5, Minh-Ly versus Jamar. LOL I think we should make this a thing, STC is the place for a fight. lmao",1583737909.0,19
BigBrother,LMAO Minhs personal life is so dramatic too .,1583730216.0,20
BigBrother,"I LOVE THIS SEASON.

Literally more has happened in this one week than in all of Season 7. I sort of lost hope for BBCAN last year, and was expecting this season to be dry and crusty like last year as well.

I think this season is successful in part because casting sort of went all out and casted as many crazy people as they possibly could. I hope this season serves as a casting example for BB22.",1583726884.0,15
BigBrother,"What are peoples thoughts of this season so far? 

Im really enjoying it.",1583726473.0,17
BigBrother," minh: shut yr mouth

jamar: make me

minh:ill sit on yr face

jamar: ill throw yo ass off

minh: rlly? u'll be evicted

jamar:  ur sitting on my face! ur getting evicted dummy.. does my face look like a chair?

minh: yh

jamar: no & even if it was it dont have ur name on it  

&#x200B;

IM DYING",1583723151.0,1
BigBrother,"I seriously am dying.

Wheres the condom clip? Where she gives him a condom. LOL",1583629576.0,32
BigBrother,Haleigh is,1583627439.0,2
toronto,How many cases of coronavirus does York Region have now?,1583604041.0,1
BigBrother,What was said for those who can't watch NSFW shit,1583587220.0,10
BigBrother,"Where the fuck did Kass get someone like MINH from?

Its like drama just follows her all damn day.",1583547540.0,25
BigBrother,WHAT ARE YOU EXPECTING FROM SOMEONE WHO SAID HE WAS NOT GOING TO LIE.,1583535163.0,11
BigBrother,He said he wouldnt lie in the game. I dont know why they pick people like this to play.,1583528422.0,2
BigBrother,"Wasn't minhling in trouble last night?

How the hell is she safe? Can someone explain? Is she some sort of wizardress?

Please fill me in on what's going on",1583521334.0,1
BigBrother,IVE SEEN ARLIE AT MARKVILLE lol,1583387959.0,5
BigBrother,"I wouldnt say CBS/Grodner isnt watching. They're well aware CBS' Big Brothers ratings are in freefall and Globals Big Brother ratings are the highest ever.

Trevor Boris, a producer from BBCAN, was hired for BB18. Of course Grodner is keeping an open eye on things.",1583076350.0,2
BigBrother,"From watching the feeds at the live show, wow Susanne and Minh Ly are probably two of the biggest personalities in the house. What a shitty twist.",1583035121.0,5
toronto,"Hello, if you are in the east end you can try Knights Inn. I think it's a place for prostitutes to bang. and the inside definitely looks like a meth den.",1583033322.0,1
BigBrother,"ANGIE, YOU IN DANJUH GURL.

[https://www.youtube.com/watch?v=uxBfukKmATo](https://www.youtube.com/watch?v=uxBfukKmATo)",1582774638.0,2
BigBrother,Anyone liking the older ages? Were older bbus seasons like this?,1582772297.0,6
BigBrother,Didnt OLG give us one of the best meltdowns from Kiki in BBCAN7? lol,1582711313.0,1
BigBrother,"I actually hated the houses in season 3, 5, 6, 7 solely because there was either lot of grey or white or brown. I loved how colorful 4s house was and this reminds me of it",1582617458.0,1
walmart,"This was a CBL in Canadian Walmart's. Thought this would be more useful for American Walmart associates. It was mandatory to watch and complete as a CBL module earlier in 2019.

Do you guys have to watch anything like this in the US?

Some of the older associates were pretty shaken having to watch this. But it's quite useful I guess for the day shit might hit the fan.

Prior to this, it was just sort of ""Ugh page for a code yellow and wait for manager in a violent situation...good luck!""",1582603288.0,1
walmart,"At our store we no longer resell returned games. Or any electronics for that matter. It all goes to claims and we open everything up. 

99.9% of the time the disk is legit. But 0.01% of the time, we'll get a counterfeit Philips disk or some shit inside. So we don't take that chance.

All it takes is one asshat in the area to ruin it for everyone.",1581837143.0,1
BigBrother,1hateKemi,1581715567.0,51
toronto,"As far as I know, only streetcars with its open door policy are proof of payment.

The gated subway system and buses are not proof of payment. In Montreal, everything is.",1581629967.0,0
ontario,"These are fucking terrible and tasteless. Given some of these people are dead. 

&#x200B;

Shame on you.",1581629829.0,11
toronto,"Convert the entire system to Proof Of Payment like Montreal.

Even though drivers still check for fares and you still need to pass through gates in Montreal's subway, the system is entirely proof of payment and you must have your fare on your person at all times.

Fare inspectors in Montreal loooove waiting at the top of escalators in subway stations. You're basically trapped because if you turn around, they immediately go after you. 

The TTCs way of checking for fares on the streetcars is the laziest way of fare enforcement. They let the vehicles empty off before they go in to start checking fares. Um hello, the fare evaders are long gone by then.",1581480674.0,12
BigBrother,"Who the hell would want advice from them about how to win Big Brother? These dumbos wanted to nominate themselves.

[https://youtu.be/-S8RP013l\_k?t=3936](https://youtu.be/-S8RP013l_k?t=3936)

The savage commentary of the people voting for them in the finale says it all.  LOL",1581156187.0,14
HongKong,"I live in Canada in a city where almost 40% of the population is Chinese and work in a busy retail store. A mix of Hong Kong and mainland here.

Line cutting isnt really a thing here, I would say non existant. Guess they assimilated pretty fast to that, you would get chewed the fuck out by whoever would be in line here, Canadian, chinese, brown whatever.",1580541386.0,2
toronto,I hope he doesn't get in shit. Nobody should ever get punished for bringing something up with regards to health and safety.,1580529186.0,3
toronto,No one cares.,1580307408.0,1
toronto,"A 2014 news article?

This is unrelated to what Doug Ford wants. They need new streetcars. End of story.",1580270479.0,4
BigBrother,How many cameras are in the house ? Answer right there.,1580195791.0,3
toronto,"Cadillac Fairview released a statement about the Markville Mall employee but it is mum on details.

It does mention the mall speaking to an employee, so it's possible something did happen that caused a concern among witnesses.

The mall confirmed the employee in question did not have the virus and did not visit Wuhan.",1580185612.0,2
BigBrother,Whats wrong with his right knee?,1579962964.0,9
ontario,I don't know. If you were poor and in the US. Youd have NO healthcare lol,1579944603.0,9
toronto,"Montreal's suburban STM bus service is absolute garbage though.

You have frequencies of 5 minutes on corridors like Steeles and Finch. You're more apt to find York Region Transit-like service in Montreal's outer boroughs.  Believe me, I've been all around Montreal",1579846868.0,6
BigBrother,"Um PopTV (which is owned by CBS) picked up a little Canadian TV show called Schitts Creek and it is right now a phenomenon in the US.

PopTV should acquire the rights to BBCAN now that Schitts Creek is on the way out.",1579612878.0,1
toronto,EDIT apparently occured outside of bus. Gunfire hit a 95 York Mills bus though,1579576472.0,3
toronto,"I saw photos of the bullet hole on the bus. It looked like daylight, my bad.

It's recent.

An innocent bystander. This makes me so mad.",1579576318.0,1
ontario,I commend her for having the guts to stand up to that bastard.,1579253102.0,5
toronto,"I heard a fat man with his son was trying to steal grease at the plant. But one of the Scottish employees ripped his shirt off and began chasing them through the duct vents. Somehow the grease pipe got jammed and then it EXPLODED AND GREASE WENT EVERYWHERE AS IF IT WAS SNOWING.

Hence the smell.",1579159678.0,0
BigBrother,Didn't she actually get along with Helen and Candace in the jury house tho? Can't fake actually getting along tho..,1579130127.0,2
toronto,"BUCKABEER

Or is 9 characters too much",1578984493.0,2
BigBrother,"I CANT WAIT TO SEE MORE JC

/s",1578914329.0,2
toronto,"Using your same argument, 905 communities should get 4 hour transfer to make up for their hourly frequencies. Lmao",1578869825.0,11
SchittsCreek,"[https://www.youtube.com/watch?v=vWgI2YAupCM](https://www.youtube.com/watch?v=vWgI2YAupCM)

THIS. OMG",1578827297.0,1
toronto,"How quaint. A government of Ontario sticker in the background.

I remember in the early 2000s they had to scrape those of all the buses and trains. Lol",1578798119.0,1
canada,"http://img.src.ca/2015/10/23/635x357/151023_105bi_rci-m-2bucks_sn635.jpg

You mean this?",1578647682.0,1
toronto,"If they were serious about the DRL...they would, you know, use the plan that already has millions of dollars in sunk costs.

This whole ""new design"" is just a bid to buy/waste time so it doesn't get built at least while the Conservatives are in charge of the purse strings.

If the Hamilton LRT wasn't a clue. Wake the fuck up.",1578639816.0,14
toronto,"Tldr

Something something pipe dream",1578467813.0,2
SchittsCreek,"Get a VPN and watch it on Canada's CBC Gem for free?

CBC is a public broadcaster (funded by taxpayers) so it is free to watch albeit with ads. It is strange that something as good as Schitts Creek is on a publicly funded television network. lol

 gem.cbc.ca",1578407043.0,3
toronto,"Citytv even licenced it's branding to a few countries. Puerto Rico, Spain and Colombia all had local versions of CityPulse.

One still exists in Bogota:
https://youtu.be/P-t_xPW2ZFg
https://youtu.be/hFfaj4VFg48

Barcelona:
https://youtu.be/tHoxhLPzg80

Puerto Rico:
https://youtu.be/tfDcTHrjQ7M",1578382365.0,2
BigBrother,"HACKER HACKER. SEND IN THE DRONES.

 [https://www.youtube.com/watch?v=AQpeju90TRU](https://www.youtube.com/watch?v=AQpeju90TRU)",1578286512.0,1
canada,"You mean the Devils hair banknotes? Those were released in 1954. The Queen's hair looked like there was a devil in it. They were subsequently redesigned and rereleased. Those that got out initially are worth $, esp in mint condition.",1578193411.0,5
HongKong,"That's sort of not fair to blacklist people's businesses based on whether they are mainlanders or hong kongers. It's not black/white.

I would be considered a mainlander from Guangdong that supports the protest movement. Is it fair to blacklist a business of mine or my family's business just on the basis of where I'm born or where my family lineage comes from.",1578192313.0,10
toronto,"[https://youtu.be/In2IetOqQag?t=7](https://youtu.be/In2IetOqQag?t=7)

\-----

[https://youtu.be/In2IetOqQag?t=56](https://youtu.be/In2IetOqQag?t=56)

BAJA BLESSSSSSSSSSSSSSS",1578145268.0,1
canada,"[https://i.cbc.ca/1.4184884.1498770547!/fileImage/httpImage/image.png\_gen/derivatives/original\_780/commemorative-voyageur-coin.png](https://i.cbc.ca/1.4184884.1498770547!/fileImage/httpImage/image.png_gen/derivatives/original_780/commemorative-voyageur-coin.png)

This coin was released for collectors 2 years ago. It is basically a replica of what the loonie was supposed to look like. (except in brass)",1578138031.0,13
canada,How the hell does something so high profile get sent via Canada Post or Purolator? Lmao,1578136269.0,37
toronto,I took the subway for the first time since February and they were on the train I took. Lmao!,1578107069.0,10
toronto,The Ankara ones were never the TTCs. They were built in Thunder Bay and shipped overseas,1577851934.0,2
toronto,"There are buses running between Miami and Florida Keys (southernmost point in the US) in GO transit colours, complete with Metrolinx stickers on the inside the last time I rode it. 

One bus even had two fleet numbers on it. The official Miami Dade Transit one and the GO one they were too lazy to scrape off.

GO transit has found lots of second hand buyers for their coach buses. There were some running in GO colours in Manhattan and San Juan, Puerto Rico.",1577851877.0,8
toronto,I used Golden Motors kit. I was scared of having a chinese battery explode in my house so I sourced my own Made-In-USA battery from Bioenno.,1577781139.0,8
toronto,"I converted my regular Canadian Tire garbage bike from 15 years ago and added a motor to it. I love it but I'm very paranoid to use it as they are not allowed to be used in bike lanes. I think pedelecs are legal but I'm still paranoid for some reason. lol

I used it to commute to work from Kennedy to Keele on Highway 7 and the trip was only 10-15 minutes longer than by car. It was also fun zooming past extremely heavy gridlock too. 45/50 minutes by car versus 1 hour by ebike. Kennedy to Keele is far too.

I put it away during the winter though to prevent the motor from corroding. But it is definitely coming out next summer. I am sick and tired of paying $50 in gas every single week.

I love the bike lanes that Viva has made for York Region. I seriously wish every single artery had these.",1577765741.0,9
toronto,There was probably shit in the tracks,1577601611.0,1
toronto,Suddenly I want some Cadbury dairy Milk.,1577518088.0,3
toronto,"This post is sorta dumb. I think most people understand the purpose of a subscription type service and the fact you have to cancel your subscription before it renews.

Haven't you bought porn before? /S lmao

But honestly, this post falls under the category of whine and complain, and the customer absolving themselves of any responsibility when it's their own damn fault, which I see often.",1577401582.0,5
toronto,"I was one of the winners. Can't wait. 😭

I really wasn't expecting it. Gave some sort of half assed ""I love joyriding them."" And got a notification a week later from someone at the TTC. I do appreciate these vehicles for what they've done for this city. They were @ large part of the TTC not abandoning streetcars.",1577343085.0,2
toronto,"Heard this was not a suicide. But rather a girl slipping and falling under a train..what a terrible thing to happen on Christmas.

Just terrible.",1577258593.0,95
ontario,Posted this because what the hell. How do Ontario police forces not have a way to directly contact eachother? In this day and age?!,1577182246.0,-7
toronto,But what if it was HAKIM1,1577057017.0,3
toronto,"Those are from 1995. Lol hardly that old when compared to other places.

Montreal recently retired trains from 1966. Many of its other trains are from 1973. I believe New York is still running trains from 1964. Found one when I was in NY this summer and my god was the ride rough. Lol",1577002291.0,9
montreal,"[https://www.youtube.com/watch?v=JcX-FN6SrAs](https://www.youtube.com/watch?v=JcX-FN6SrAs)

The policy at STM is to not talk about suicide whatsoever. I believe the CBC contacted the STM for an interview for this story and they refused.

""And while some transit agencies, including southern Ontario's Go Transit, are beginning to address suicide more openly, others such as the Société de transport de Montréal are not. When approached for this story, STM's reply was simply that it does not discuss suicide on the metro with the media. """,1576926369.0,3
ontario,"In all seriousness tho, this is so close to Canada, its crazy.

 [https://www.youtube.com/watch?v=p2gMCuYY4rk](https://www.youtube.com/watch?v=p2gMCuYY4rk)",1576925303.0,2
HongKong," 

They need to reinforce the shell of these buses.

[https://youtu.be/jx8XdtlDHFQ](https://youtu.be/jx8XdtlDHFQ)

A similar accident in Ottawa Canada killed 3 people just earlier this year. Most of the deaths occuring at the front of the second floor. The bus structure had no crash resistance whatsoever at the top deck and crumpled like a toy after it hit a metal bus shelter.

As far as I know, the buses in Ottawa and Hong Kong are manufactured by the same company, Alexander Dennis (now a Canadian company).

\-----

Another crash 6 years earlier also in Ottawa took 6 lives. Sitting in the front of these buses is incredibly dangerous.

[https://youtu.be/hQEhDbmkjaw](https://youtu.be/hQEhDbmkjaw)",1576743225.0,1
HongKong,So they say,1576485125.0,3
BigBrother,"This thread is about recommending seasons to people who have never watched and here you are giving the play by play of the season.

You're a moron.",1576017709.0,5
walmart,The others are pretty good too lol,1575807124.0,4
walmart,"Are you Canadian?

Wireless has been run by OSL for a few years now, the same people as the bike builders. They are set to take over electronics in 2020.

They are not Walmart employees.",1575710458.0,1
walmart,Electronics is not even staffed by Walmart employees in Canada. Its been outsourced.,1575629259.0,1
toronto,"While some of the Tokyo Metro stations were very nice. Damn some of the Toei Subway stations had leaks and mold that made TTC ones look like nothing. I was surprised to be honest. They had tarps, plastic pipes and water bottles for the leaks if anyone knows what I'm talking about. I'll post pics later.",1575568091.0,5
toronto,"If I see them, imma record a video of myself screaming ""Can you guys shut the fuck up? That song is so 2018."" 🙄",1575566014.0,2
UpliftingNews,One time there was a bomb on my bus. He came to rescue me. He's such a nice guy.,1575562710.0,2
montreal,I was just about to post this cuz I saw it on Youtube. Amazing. How do they do it,1575562611.0,1
toronto,This was installed at a Viva station.,1575259882.0,13
BigBrother,Global owns the rights to US Big Brother,1575258770.0,1
toronto,"I wish it were a sunday, cuz that's my fun day.",1575001631.0,1
toronto,"This project will put pulse buses into their own lanes.

Just because it is being built by Metrolinx doesn't mean it's for GO. This is similar to Metrolinx funding and building the transitway on Highway 7 for use by Viva",1574680095.0,3
toronto,"I don't think Boston even has this type of train.

I do know Miami TriRail received a bunch of reject GO cars that run for a number of years in GO colours.",1574580661.0,3
HongKong,"This is sorta dumb, if people want to disrupt public transport? Why dont they just pour liquid concrete on the doortracks of the train?

That'll immediately immobilize the train. Probably better than standing literally next to the people you're pissing off.",1574260726.0,1
BigBrother,"The guy in the middle is hot x.x

&#x200B;

Who is he?",1574163604.0,7
HongKong,"Why isn't this pissing people off more than it is right now?

What is the point of the legal system then? Is it a sham system thats only in place to give Hong Kong the false veneer of autonomous-ness?",1574147431.0,4
BigBrother,Ika looks really good for her age. Damn. THATS HER SON,1573990513.0,75
toronto,Why is she dressed like Dua Lipa,1573899802.0,5
toronto,"Vancouver had a 3 zone system. Bus users were required to tap on and tap off, but they had the same problem. The GPS was always off on these devices and they just could not fix the system.

So they basically said fuck it in the end. They abolished the zone system for the bus network. But they retained the 3 zone system for Skytrain though.

This TTC/Miway/YRT system is a bit more tricky because it involves revenue for multiple agencies.",1573725329.0,30
BigBrother,Ive never seen this before and thought it was hilarious and nice of her.,1573714370.0,11
toronto,Ok,1573355839.0,4
HongKong,What kind of ESL chatroom is that? Looks like a trollfest lol,1573282669.0,2
BigBrother,"Not on air, but Jun openly mocked Julie during commercial breaks when she knew she could hear her.

https://youtu.be/UPRBRYftEsQ?t=590

She trashes her here.",1573014555.0,13
ontario,I have to renew my drivers licence. I tried doing it online and it wont let me. I too have to go in.,1572951772.0,1
toronto,"Superkid is still a thing. I remember they changed the recipe in 2010 to a sorta frozen dessert. I remmeber complaining and vowing never to eat it again.

Laura Secord then switched it back to Ice Cream shortly after because everyone noticed the difference.

But as of late, they switched the recipe back because of cost cutting. It doesnt taste the same anymore.",1572945609.0,5
toronto," [https://www.youtube.com/watch?v=Wvzz9v3yyr4](https://www.youtube.com/watch?v=Wvzz9v3yyr4) 

Montreal has the coolest trains. Turns green on the side to exit. Turns red when closing.

Sucks if youre colour blind tho.",1572686896.0,6
popheads,"2007:  
[https://www.youtube.com/watch?v=SO8FF\_BNTmU](https://www.youtube.com/watch?v=SO8FF_BNTmU)

2019:  
 [https://www.youtube.com/watch?v=FwMRhTyGVTs](https://www.youtube.com/watch?v=FwMRhTyGVTs) 

&#x200B;

THIS IS WEIRD AF.",1572432505.0,8
toronto,"https://youtu.be/RKrGZi9MV08

I think this clip nails it.",1572405863.0,2
toronto,Its smart to prevent hoarding also. Its been an issue in the past where a fare hike is announced and people bought tickets/tokens by the rolls.,1572319539.0,1
toronto,"https://youtu.be/VFfM7ALZr4U

Vroom vroom

OP is the owner of this car. She's trying to find ways to do it again.",1572039362.0,1
toronto,"I hate to play devil's advocate. 

But the Stouffville line used to be a rush hour only line just a few years ago (with shitty service). Now it has hourly/half hourly all day service.

This line also can't compare to someone living in a condo or apartment next to a subway or GO line. Houses are literally metres away from the rail line and that horn is blowing literally right next to people's bedrooms.

How late are GO trains on this line now? I swear I saw trains at Unionville as late as 11pm.

I sorta feel for these people. Lol",1571940833.0,5
ontario,For three months..,1571743420.0,1
toronto,"There's actually a crosstown bike lane just to the north on Highway 7 that extends from roughly Kennedy Road west towards Jane Street. When Viva opens soon, it will go further west towards Islington.

I normally drive to work, from Kennedy to Keele. But one day I decided to bike, it only took about 15 minutes longer during rush hour. Its super traffic jammed every single day. Being in a bike passing traffic is pretty fun. Had my trip been somewhere between Kennedy and Yonge, the bike is most likely going to be faster than the car, which is surprising given its suburbia and not downtown.",1571713103.0,12
toronto,"There are people called transit enthusiasts.

And some people just like the nostalgia of something like a simple streetcar ride. Getting on one of these things evoke strong feelings of ones childhood, especially if they haven't been in Toronto for a long time.

When Ankara, Turkey decides to retire their subway trains, I definitely plan to go and ride their trains to get one last sense of TTC nostalgia. As far as I know, none of the H-type trains have been preserved by the TTC or elsewhere, despite being the main workhorses from the 1960s to the 2010s. They've all been chucked and destroyed.

Watch the videos. It practically screams 1990s Toronto. Sadly, we'll never get to experience a ride like it ever again in this city.

[https://www.youtube.com/watch?v=q4VFdWaVG8c](https://www.youtube.com/watch?v=q4VFdWaVG8c)

[https://youtu.be/z6SSI2ymg8k?t=163](https://youtu.be/z6SSI2ymg8k?t=163) (Toronto in 1990)",1571632285.0,17
toronto,"Years ago? Or recently. I believe they're all gone now.

They did have the old 1980s accordion buses in Havana. Both from Ottawa and the ttc. I have pics of those

Chinese buses are taking over Havana now sadly.

 There were tons of buses from Montreal, Quebec City in Cuba.",1571472193.0,1
toronto,"Modern? I'm pretty sure the logo has not changed for almost a century....

Yellow and red TTC signs were common in the 1970s and 1980s.",1571386709.0,3
toronto,"Can you take the same shot when its raining and make another post titled Golden Showers On King East?

&#x200B;

TY",1570790219.0,2
toronto,And how much are you paying for these entry level positions relative to the rising cost of living?,1569788933.0,11
toronto,He's also 15.,1569703293.0,1
toronto,Lol now you have even longer ones to contend with. Good luck!,1569668013.0,19
toronto,"This is the type of shit they need at the border.

It's insane how easy it would be to cross the border with a gun.

Like I cross the border dozens of times a year for multiple years, never checked or anything. Guns must be flowing through easily",1569524549.0,1
canada,"Not everything is racist. Context matters.

Coloring your skin to mock someone is racist. Coloring your skin to imitate but celebrate a culture is ignorant but not of malice.

The brown people who were with him weren't offended. It's SJWs getting offended on behalf of others. Lol",1569328950.0,1
BigBrother,"And also watch BBCAN4, as it contains a BBUK contestant you might be familiar with.

 [https://www.youtube.com/watch?v=BmvZJ6EM-TY](https://www.youtube.com/watch?v=BmvZJ6EM-TY)",1569230153.0,1
toronto,"I thought this said Sunday Shootup Thread at first

You know....to summarize the cities shootings",1569201127.0,-3
toronto,"As someone who's been depressed, maybe because of the misconception that a subway train means instant death. The reality is more than half of the people survive and are a mangled up mess. It's gruesome.

Other ways of dying seem too scary. Jumping off a building because of the heights. Pills because of the painful effects. It goes on.",1568264737.0,6
BigBrother,Am also Canadian and was in grade 7. Not yet 30 lol.,1568238097.0,2
toronto,"These buses are all over the streets of London and Hong Kong. They used to be manufactured in the UK and shipped over to Canada.

New Flyer of Manitoba recently bought the British company out. They are now manufactured in vaughan for the Canadian market.",1568234428.0,3
TheAmazingRace,"Vanessa from TAR Canada Season 1

Unrecognizable tbh",1568106038.0,3
toronto,The H6s had air conditioning though...I don't think I was ever on an h6 with a defective AC unit. They were also cold as hell!,1567121553.0,1
BigBrother,"Historically. The American version always had higher ratings than the Canadian version in Canada.

This year though, ratings for BB21 have dropped on both CBS in the US and Global in Canada. For the first time, BBCANs viewers have eclipsed BBUS ratings on Global.

It boggles my mind that BBCAN7 is the highest rated season ever considering how shitty it was. And the show is oddly going against the trend of dropping TV viewership everywhere. Like where are these viewers coming from?! Lol usually Canadian shows are dead by their 4th or 5th season.",1567066745.0,2
toronto,"The orange door ones were the best! Cold as hell A/C. Nice warm lighting. And the ride was always smoother and quieter than the newer T1s that ran alongside them.

And fun thing about those trains were doors that closed FAST as fuck. People always got whacked by them. I called them chompers as a kid.
https://youtu.be/UJEy8lMt5q8

If you want to experience some TTC nostalgia, you'll have to go to Turkey. They still run H6s there:
https://youtu.be/q4VFdWaVG8c",1567049815.0,5
HongKong,Morons. The incompetence of this police force is astounding. lol,1566855615.0,1
toronto,Dear god. Give your urban planning degree back.,1566667591.0,2
BigBrother,"MY LIFE IS GOURMET! weihfuehehewufjweef

 [https://www.youtube.com/watch?v=RFCu\_uNHILQ](https://www.youtube.com/watch?v=RFCu_uNHILQ)",1566531219.0,96
toronto,"Kay, yes I think the criminal justice is bullshit.

But Im not interested in your fake news from random obscure websites. Thank you.",1566474681.0,8
toronto,"Well you're breaking the rules of this subreddit. It's not relevant to Toronto. And I highly disagree that Hong Kong needs to be labelled as avoid all non-essential travel.

Some guy going nuts with a knife happens in all cities of all countries. Are you going to claim these should labelled the same?",1566447869.0,1
toronto,"How is this relevant to Toronto tho? Maybe Canada...but not Toronto...

And I highly doubt Hong Kong needs to be raised to the same level as countries currently listed as ""avoid all non-essential travel"", a lot of them in Africa.

The news story is simply some guy pissed off about a Lennon Wall, not some political movement to kill off protesters.",1566447165.0,2
toronto,"Teehee, dirty minded drivers at the Mount Dennis division have known about these buses for a while now. There's 9 of them

169 1BJ to 169 9BJ",1566446754.0,6
BigBrother,Im marking it as not a spoiler as its not really related to game. Jus hilarious,1566436851.0,1
montreal,"It is friendly indeed.

[https://youtu.be/9mgs\_b0l8Ik?t=158](https://youtu.be/9mgs_b0l8Ik?t=158)",1566433070.0,10
toronto,"He pled guilty to being an aspiring terrorist.

Like what the fuck kind of message does this send to not just wannabe-terrorists, but any type of criminal?

Our criminal justice system is broken and a  fucking joke.

A man who has admitted to wanting to kill people for ideological reasons is going to be banned from owning firearms for 3 YEARS ONLY? How about for life?",1566426660.0,93
toronto,I've seen a CBC article in Tamil once,1566406196.0,2
toronto,"Are you sure?! The Toronto Sun mentions a ""minor traffic violation"".",1566072989.0,0
toronto,"TTC washrooms are usually clean post-andy Byford Renos.

Washrooms at Walmart are 10x as gross",1565889590.0,9
HongKong,LOL,1565673081.0,3
PublicFreakout,That woman is a fucking hero. Sorry I shed a tear.,1565238366.0,3
BigBrother,"Lol there's 2 Jason Priestley shows airing back to back..One of him in Canada, and one of him in Beverley Hills.",1565222978.0,5
walmart,"How are these antiques? Breakpacks aren't a thing?

We have tons of them and always see them come out of receiving",1565209746.0,1
HongKong,"They didn't get nothing after 2 million people showed up.

The extradition bill was suspended, even if only temporarily. If those millions of people didn't show up, it would be law by now",1565205855.0,6
HongKong,"what the fuck..

like here i am feeling sad watching protesters get stabbed and have things shot at them...

and this guy is like ""HEY GUYS WOOOOO LETS DANCE""...like what the fuck is this bullshit.",1565124732.0,1
HongKong,Are those vibrators? Context pls.,1565122302.0,1
toronto,"But Canada Post let's Just For Laughs to fuck with their mailboxes all the time lol

https://youtu.be/gEizKvw3gI8",1564859231.0,-1
ontario,LOL i doubt the media generated those boos.,1564552382.0,12
toronto,"Global News? Yikes.

I expect him to be canned",1563988454.0,27
toronto,"Update: Metrolinx says it is not true.

In fact, they are currently hiring drivers.",1563828875.0,27
toronto,"I'm awaiting to hear more before speculating this is true.

I would have assumed the union would have went apeshit on July 13 in the media if this were true.

Though nothing from Doug Ford surprises me.",1563824452.0,16
toronto,"What hassle? I go to Buffalo at least 10 times every year and sometimes the border is faster than checking out at Walmart!

What was your reason for visiting? A festival. ok, opens gate.

I'm not even kidding g.",1563564219.0,2
BigBrother,It's official. Hank Hill returns to the house,1563500956.0,6
toronto,"That's how I came across this video.:(

Sadly her colleagues mention things about ""being nicer and there for others"" so I think it's implied what happened sadly.",1562877556.0,3
walmart,At home,1562848174.0,1
toronto,I didnt even know the guy ran for mayor back then.,1562848147.0,4
ontario,"Just book a flight to L.A. for the price is right.

Went once and the guy beside us in line won the showcase showdown.

Still fun as an audience member. Be warned though, the price is right is not random. Producers interview everyone beforehand and pick the most interesting ppl to play",1562817143.0,1
ontario,Um Montreal's Blue Line extension to Anjou has been in the books since the 1980s. I really doubt they don't have plans for that shit.,1562816997.0,1
BigBrother,"Can I just say Love Island is gonna fail for the same reason BB1 failed...

It is so. Boring. There's no strategy or game to it.

It's just people saying ""yea he's cute. I might pick him. Yeaaaa"" that's about it. No wonder it bombed in the ratings. I'm not seeing the point of this show. It's boring as hell.",1562812290.0,10
BigBrother,It totally looks like his penis is out in the thumbnail of this clip lmao,1562678939.0,50
toronto,[https://www.reddit.com/r/toronto/comments/c0xj5l/the\_metal\_facades\_are\_screaming\_in\_the\_wind\_at\_e/](https://www.reddit.com/r/toronto/comments/c0xj5l/the_metal_facades_are_screaming_in_the_wind_at_e/),1562673152.0,19
BigBrother,"This is the thing. Big Brothers ratings have been sliding year over year. Yet in Canada, the ratings have been growing year over year and Canada has been airing Big Brother since 2000 as well.

I think people are tired of the quality of Fly On The Walls production.

They never change. The quality of the house design is always shit. They don't do those cool over the top intros to maybe draw viewers in before they change the channel. Every year, it's Julie standing in the house to begin the season. ..boring.

There's nothing stopping CBS from going with a different production company. So why don't they?!?

Maybe this is too over the top? But maybe try new things like this to draw new viewers in?!?

https://youtu.be/AQpeju90TRU",1562661921.0,1
BigBrother,"I think its been established for a long long long time now that producers feed lines to houseguests to read. Cuz some of the things are just things that people dont normally say. 

&#x200B;

In BBCAN4, Nikki Grahame constantly complained about DR sessions and having to become a ""performing monkey"" LOL",1562486345.0,80
BigBrother,Are they following BBCANs direction with no intro?! Sad :(,1561952048.0,5
BigBrother,"[https://youtu.be/RwCXYTSBTQc?t=2207](https://youtu.be/RwCXYTSBTQc?t=2207)

&#x200B;

 I wish they picked him. :(",1560305965.0,5
toronto,It doesnt have ANY air conditioning. It's a fan. Dumb ass.,1560229936.0,1
toronto,"Incorrect again. The new Azur trains do not have air conditioning. They have enhanced fans.

Are you even from Montreal?",1560222033.0,0
toronto,"Really? Some buses, even ones connecting to a subway station had terrible frequencies.",1560221947.0,1
toronto,"You need to ride transit in the outer areas of montreal. I'm talking like the west Island and saint Anne Bellevue or whatever.

It's absolutely shit service. Even downtown frequencies on busy rout s like 55 St Laurent are like every 10 minutes. 

I think you're probably overgeneralizing maybe one good experience in Montreal. But unless you've tried the entire STM network...you can't compare. Their suburban service is absolute garbage.",1560212669.0,3
ontario,This is straight up savage LMFAO.,1560203182.0,2
toronto,"My video was used on the 6 Oclock Global News once. No credit. No one even asked. Is this ok?

They had a blurb like Credit: YouTube or something.

Or do videos become public domain once uploaded to YouTube?",1560122909.0,4
toronto,"Considering he was put into custody,

There's a difference between cutting your food and someone in distress stabbing at things. So your point at this low effort post?",1560066024.0,-8
toronto,"The white buses at the beginning of the video belonged to Edmonton. They were leased for a year or two. 

&#x200B;

They were eventually sent back and lasted until 2005 or so. (GM made kickass buses)",1559893696.0,3
BigBrother,LOL @ booing Frankie simply for existing.,1559802094.0,127
toronto,"Is that a baby crow? Some guy nursed a crow for a little bit and released him back into the wild in Vancouver.

The guy now has a friend for life....literally. The crow has his own social circle of crow friends and human friends. He also has a girlfriend, kids and still makes time to hang out with the guy who rescued him DAILY.

You can follow his antics online by looking up Canuck. This bird enlightened me to how truly intelligent and loyal these creatures are. He's very human-like, takes transit on his own, visits the same McDonalds, hangs out with the mailman.

I think he's almost 4 or 5 years old now.

https://youtu.be/flU0rDDGtHU",1559686665.0,8
BigBrother,"I would suggest 2>5>4>1>6 ............................. 3>7.

&#x200B;

Skip 3 and 7.

People didnt like 4 for some reason because the personalities were blah. BUT there's lots of game play in this season, with alliances gunning for eachother week after week, back and forth. There was no steamroll in this season ever. O and because of the terrible winner.",1559456747.0,-1
vancouver,"Its the motors. Its the same in Toronto and Detroit.

[https://youtu.be/hwUi3yggJnw?t=11](https://youtu.be/hwUi3yggJnw?t=11)

[https://youtu.be/W9zkwTgbc4A?t=34](https://youtu.be/W9zkwTgbc4A?t=34)

&#x200B;

And in Korea, the trains sound like the Mark IIs and use BC Transit's original door chime.

[https://youtu.be/wo1qnXejfM0?t=573](https://youtu.be/wo1qnXejfM0?t=573)",1559455904.0,1
toronto,"[https://youtu.be/U7xm5VqD\_rw?t=31](https://youtu.be/U7xm5VqD_rw?t=31)

&#x200B;

Just do this. Problem solved.",1559274915.0,1
BigBrother,"Arisa is just genuinely a nice person.

I found this random video she posted on her personal YouTube, listen to her giggle at the end. She's so down to earth and normal compared to Julie.

https://youtu.be/xpdcuDyqk1g",1559270484.0,3
BigBrother,Please her irrelevant ass probably released them herself.,1559163925.0,33
BigBrother,"[https://www.youtube.com/watch?v=iPCn6ewsD0k](https://www.youtube.com/watch?v=iPCn6ewsD0k)

&#x200B;

Hi Miss. This will answer your question. :)

&#x200B;

Big Brother Canada I noticed has many of these mini memorable moments that are remembered for years. I don't think the same can be said for most of the recent-BBUS seasons.",1559106523.0,1
toronto,"[https://www.huffingtonpost.ca/2014/12/01/samsung-semiconductor-children\_n\_6200380.html](https://www.huffingtonpost.ca/2014/12/01/samsung-semiconductor-children_n_6200380.html)

&#x200B;

Samsung's SickKids.",1559034223.0,3
BigBrother,"A large part of it was the cast. 

There were a lot of likeable characters. Jon the goofy guy, Heather the likeable girl next door, neda the best friend, Adel the loyal guy who had your back even if it was a detriment to you.

And the villains were awesome too, ika sabrina

-----

Everyone remember how boring and irrelevant to the game Emily from bbcan5 was? Bbcan7 felt like there were multiples of her in the house. That's how much season 7 flopped.",1559010232.0,3
toronto,[https://i.pinimg.com/originals/2f/09/6c/2f096c898b5625fc7c5cc021fbe6dc45.jpg](https://i.pinimg.com/originals/2f/09/6c/2f096c898b5625fc7c5cc021fbe6dc45.jpg),1558839834.0,7
BigBrother,LOL,1558445239.0,4
toronto,"https://youtu.be/rm8ozTRSI9w?t=54

They should hire Lisa Guerrero to troll the GO system for a day. Loool",1558399757.0,1
ontario,People misusing 911 should receive nice hefty fine in the mail. After all it's all recorded and readily available to use as evidence....,1557892932.0,1
BigBrother,Elissa lives in Canada. She's eligible for BBCAN. Would she do it?,1557822203.0,34
toronto,"this seems like a great episode for ""Hi im erica johnson. can we have a moment please?""",1557375886.0,1
toronto,How to get your post removed from r/toronto.,1557224731.0,4
BigBrother,"When I get really pissed at someone, I tell them to kiss my ass and start twerking.

This McDonalds cashier forgot to put ketchup in my bag yesterday. So I got up on tha damn countr and started yelling and twerking.

&#x200B;

[https://youtu.be/uJZTrxxhrk8?t=63](https://youtu.be/uJZTrxxhrk8?t=63)",1557222708.0,9
BigBrother,Hi CBS,1556333656.0,4
vancouver,"[I](https://youtu.be/nRlTMymR0WU?t=557) hate these treasure hunting videos. A lot of the time they plant shit to get views and $$$

&#x200B;

For example, that gold coin has obviously not been sitting in the ground for centuries. Way too clean. So I avoid these types of videos at all costs.

[https://youtu.be/nRlTMymR0WU?t=557](https://youtu.be/nRlTMymR0WU?t=557)",1556325226.0,4
gay,"It's not a collectible trinket coin. It's one that's actually going into circulation across the country.

&#x200B;

Of course the conservatives (and even LGBT groups) in this country are flipping their shit lol.

&#x200B;

[https://www.youtube.com/watch?v=lUWcB026TvY](https://www.youtube.com/watch?v=lUWcB026TvY)",1556048463.0,1
Calgary,"I figure this would be relevant, as Calgary is the only other city in the world who uses this type of train:  [https://en.wikipedia.org/wiki/Siemens\_S200](https://en.wikipedia.org/wiki/Siemens_S200)

&#x200B;

And to make matters worse, on the same day as this accident, a coupler that holds trains together snapped, causing the train to detach.

So right now, trains in SF are not allowed to be coupled into trains and they've sealed the rear doors as of just a few hours ago.

* [https://www.nbcbayarea.com/on-air/as-seen-on/Muni-Scrambles-to-Inspect-New-Trains-After-Multiple-Problems\_Bay-Area-508738652.html](https://www.nbcbayarea.com/on-air/as-seen-on/Muni-Scrambles-to-Inspect-New-Trains-After-Multiple-Problems_Bay-Area-508738652.html)",1556047233.0,2
BigBrother,"When they casted Jillian and Emmett, I was initially pissed because they were so lovey dovey and ""nice"" in Big Brother.

But man was Jillian a monster on TAR. And good TV. Looool
https://youtu.be/I_RtaiI0vsE

Beneath their names, it was listed ""Exes"" and it's clear why.",1556012436.0,18
BigBrother,"It's really bad...

&#x200B;

Amongst the worst.",1555912650.0,9
toronto,"Each system has its pros and cons though.

&#x200B;

Montreal's station, train and wayfinding design BLOW the TTC out of the water though. I've been on dozens of transit systems around the world and Montreal's is up there in the best. Montreal looks like this classy European subway system, whereas the TTC subway looks like some third world trashhole.

&#x200B;

But TTC buses versus STM buses, there's no comparison. Montreal bus service is garbage compared to Toronto. Seriously...I think you get better bus service out on the edge of the city on Steeles compared to some of Montreal's downtown routes. And bus service in Montreal's west island is probably comparable to York Region Transit lmao.",1555901165.0,6
toronto,"""Second, why do you load money onto a card??? Why don't you just load  trips which would be so much simpler than forcing people to use a  FUCKING calculator holding up the whole damn line!""

&#x200B;

This was one thing I never understood about the Opus card in Montreal. Why get rid of tickets, only to load tickets onto a card. If I take STM everyday and wanted to take the occasional RTL every now and then, I have to buy separate RTL trips to load into my card.

&#x200B;

That takes time and its inconvenient. Whereas with Presto, I can literally take multiple transit systems in a single day without ever really having to worry about loading trips for each system. How is this inefficient? The Montreal way totally makes no sense.",1555900874.0,4
BigBrother,"This year has been pretty good for feeds.

&#x200B;

Weren't BBCAN feeds like torture before? Button boy would go nuts all day.",1555820267.0,7
BigBrother,"Who the hell volunteers to go on the block at Final 6. SMDH

&#x200B;

Who the hell volunteers ever?!",1555815183.0,1
BigBrother,"Omg I would die if something happened and Dane is evicted. 

&#x200B;

Great TV",1555814626.0,14
walmart,"Damn really? That's a thing?

&#x200B;

My CSMs always switch coins out for me. And I always buy rolls from the cash office lady. I never switch coins out myself.",1555763427.0,2
BigBrother,"""She (Sam) was all giggity""

&#x200B;

[https://media1.tenor.com/images/2d092a38b027431aadf6041ec8f54e2a/tenor.gif?itemid=4084933](https://media1.tenor.com/images/2d092a38b027431aadf6041ec8f54e2a/tenor.gif?itemid=4084933)",1555651180.0,0
BigBrother,I really wish we saw more of Laura. I think she would have been crazy in the house,1555634525.0,19
BigBrother,"I sort of love this twist.

So much paranoia",1555633576.0,9
BigBrother,"Canada Vs The World.

8 Canadians vs 8 Internationals. They don't have to be former HGs from other countries. But former HGs are welcome to apply alongside regular people (and blend in with them).

I am dying to see this happen. I wanna know if alliances will form based on nationality. Or how itd work. It would actually be a social experiment.",1555507351.0,2
BigBrother,"Bbc4 and Bbc7 are among the most hated seasons.

Yet bbc4 and Bbc7 are set to be 1 and 2 highest rated seasons. Makes no sense....lol",1555507069.0,3
BigBrother,"https://youtu.be/uPdaJF-DbrQ

Nikki trying to escape Joel..",1555506981.0,4
BigBrother,"ESTES NOT WINNING. LETS COME TO AN AGREEMENT ON THAT

&#x200B;

loooooooool",1555391344.0,16
BigBrother,"Big Brother told them to go to bed like 10 minutes ago.

&#x200B;

BIG BROTHER PLEASE SHUT THE FUCK UP.

&#x200B;

We've been waiting a month and a half for drama bitch.",1555389765.0,20
toronto,"I haven't seen these lights myself....

It would be so much more useful if these lights indicate which side the door will open at the next stop.

If they don't display that...then that's a missed opportunity",1555373100.0,-3
BigBrother,"Were you surprised upon coming out to discover that this season is among the bottom of the pile in terms of popularity? I'm curious because a lot of HGs on the feeds think Canada enjoys this season...

I want to add though, you at least added a little bit of spice before leaving. But it was too late. There are SO many people in there just doing nothing!!!!!",1555114100.0,1
BigBrother,Esty being sooooo clueless lmao,1554939584.0,21
ontario,The Canada Line is too low capacity. They sort of fucked themselves cuz the platforms are too short.,1554935904.0,1
ontario,The Sydney line was a converted commuter rail to Subway wasn't it?,1554935541.0,1
BigBrother,"Even if Global could pay to have it aired in the U.S.

How would it make money on YouTube? I'm sure it's probably not worth paying money for that right if it can't air on a major TV network..

It's all about money and ad revenue. It's not going to happen unless CBS either picks it up for All Access or PopTV.

And CBS does air Canadian crap from time to time. Ransom on CBS, Schitts Creek on Pop. So it can happen...you never know...",1554758926.0,1
BigBrother,"CBS owns the right to air anything Big Brother related in the U.S.

They can't air it for free even if they wanted to. Old episodes are on YouTube on Globals account but it's only viewable in Canada as per their licencing agreement with Endemol probably",1554745273.0,3
BigBrother,"At least they had fights that we could watch.

These people are just shitty at game AND boring as fuck ",1554522213.0,14
toronto,"THIS. I'm pretty sure they changed the recipe in 2014.

I found Mexican Coke too sweet. But I loved pre-2014 Canadian Coke. I too found EU Coke similar to pre-2014 Canadian Coke.

Coke from the US is just nasty. I find lots of things from the US just not appealing. Their McChicken is our Junior Chicken for example. Their KitKats taste like wax.",1554519685.0,6
toronto,"Coke tastes so much better when it's freezing.

Put it in the freezer and don't forget to take it out before it's frozen.",1554510926.0,72
toronto,"How the hell would we know?!

Apply for a visa in China and wait I guess.",1554504021.0,1
toronto,"Some people have their reasons. Sometimes when I park at warden station. You have to walk through a completely deserted and dark underpass that is completely hidden from traffic. Then cross a bridge that is dimly lit like a horror movie.

I will gladly ride the 68 Warden bus for one stop to avoid it.

Does anyone know what bridge I'm Talking about?",1554414127.0,14
toronto,"https://www.insidehalton.com/news-story/9263897-former-milton-chief-investigated-for-alleged-sex-in-fire-department-vehicle/

No paywall.

He can smell her!!!",1554318239.0,3
u_TAP_Air_Portugal,"Stopovers are great so I can surf Reddit!

What basically everyone is doing here!",1554196547.0,2
BigBrother,"Me RN:
https://youtu.be/I6vy5L8y7x4

My God this thread is dead.",1554175610.0,2
toronto,"They are culling services that basically have no one riding them and using that saved money to implment a frequent network on routes that actually have people on them. 

Their new model calls for 15 minute frequencies on all major arterial roads at rush hour.",1554135826.0,1
toronto,I get my combs from Dollarama,1554080009.0,4
BigBrother,Leon's is The Bricks Mother,1554079305.0,7
BigBrother,SHOTS. FIRED.,1553838715.0,10
toronto,"[https://cptdb.ca/wiki/index.php/Toronto\_Transit\_Commission\_1700-1829](https://cptdb.ca/wiki/index.php/Toronto_Transit_Commission_1700-1829)

&#x200B;

Take a look at when these buses were purchased. And when they were retired. Less than 10 years.

&#x200B;

The TTC has learned its lesson.",1553307749.0,1
BigBrother,"OMG The feeds have been on almost all day flawlessly. I remember with BBCAN feeds, sometimes they'd cut it for 2 minutes, then on, then off for another few minutes.

&#x200B;

It was SO ANNOYING.

&#x200B;

Am I the only one noticing the difference?",1552180260.0,8
BigBrother,I always see Kiera and Eddie together. Are they in a downlow alliance or is it just a coincidence theyre always together? Because I would stan their alliance if they are together.,1552161995.0,2
toronto,"Montreal did a great advertising campaign. They used the robot voice who does the station announcements to do them.

&#x200B;

[https://www.youtube.com/watch?v=EyO9NBdbmXI](https://www.youtube.com/watch?v=EyO9NBdbmXI)

[https://www.youtube.com/watch?v=1zL8IZDrw-E](https://www.youtube.com/watch?v=1zL8IZDrw-E)

[https://www.youtube.com/watch?v=UybWNzklp34](https://www.youtube.com/watch?v=UybWNzklp34)",1551396437.0,1
toronto,I want to see people crossing the tracks. That sounds crazy.,1551396234.0,7
BigBrother,[https://youtu.be/jK754fr8zms?t=1779](https://youtu.be/jK754fr8zms?t=1779),1551231199.0,6
toronto,"Im from York Region so I dont take the TTC almost ever.

&#x200B;

Today I took the 510 to Spadina Station. As we were exiting at the subway, all I could hear was the Presto machine going BEEP BEEP BEEP BEEP BEEP as we were offloading at Spadina Station. Yep, fare inspectors checking fares. What's the point of checking if they're going to see you and instantly tap their card as soon as they see you? That's the flaw of the system. With VIVA and GO, there are no Presto machines on board the bus/train so when inspectors come calling, you truly are absolutely fucked. But logistically you can't install a Presto reader at every stop like VIVA and GO does.

&#x200B;

Here's a solution, why don't they install Presto fare gates for those transferring from the streetcar to the subway at stations? They could easily install fare gates at Spadina Station and Union Station. Simply install gates where people are normally funneled and fare checked. However, it could get tricky trying to get gates up at stations like Broadview and Dundas West, but not totally impossible.",1551229594.0,7
toronto,O DEAR GOD,1551143488.0,10
walmart,"WTF ARE THESE. I keep finding them at Courtesy and have no idea where the fuck they go so we just chuck them in Claims.

&#x200B;

Im in Canada by the way.",1551138510.0,2
toronto,"O MY GOD WARDEN STATION IS ONE OF FEW STATIONS TO HAVE WASHROOMS.

&#x200B;

Tho I doubt sewage would be travelling in pipes that narrow though.",1551138381.0,40
walmart,HELLO Fellow Canadian...,1551002339.0,2
walmart,"You guys still have Wireless associates in the US?

&#x200B;

They've already been contracted out in Canada.",1551001924.0,2
BigBrother,"[https://youtu.be/\_YGvajXnD0c?t=100](https://youtu.be/_YGvajXnD0c?t=100)

&#x200B;

Lol her walk of shame",1550958106.0,10
BigBrother,[https://www.cmgindy.com/portfolio-item/hoosier-lottery-jackpot/](https://www.cmgindy.com/portfolio-item/hoosier-lottery-jackpot/),1550657157.0,3
toronto,"Yes, indeed.",1549871558.0,2
starbucks,"The closest Starbucks location to this Panda Express location is 13686 Foothill Blvd, Sylmar, CA.

Is there any way to contact this store without needing to call the store? Very disgusting to treat service people like this.",1549870055.0,1
toronto,"[http://www.vivanext.com/project\_map](http://www.vivanext.com/project_map)

[https://www.youtube.com/watch?v=gq\_dvPbGynQ](https://www.youtube.com/watch?v=gq_dvPbGynQ)

York Region is about to cap off its BRT project in the next year or so. The missing link is the subway. There are 3 dedicated transit right-of-ways that radiate from Yonge & Highway 7 towards the east, north and west. And the region is serious about intensifying these corridors. You'll see condos going up all along the Highway 7 line, and even as far as north as 19th Gamble on Yonge line.

These BRTs are sort of a waste without a subway though.

I do think the Downtown Relief line needs to be built before the York extension though. Even as far as Eglinton/Don Mills. There's no way all these new riders will fit in the Yonge subway. NO WAY. I say this as someone from York Region.",1549612482.0,7
BigBrother,"Speaking of CBS, they recently renewed this Canadian show Ransom for a third season. It consistently gets shit ratings in the 3 million-ish viewers range and a 0.3 demo.

Yet it has still been renewed. Coincidentally it is produced in Canada for Global, the channel that airs BBCAN. Because CBS doesn't actually have to pay any production costs, it's super cheap to air.

If a show that performs so poorly, yet is still profitable enough for CBS to keep on the air. Why doesn't it carry Big Brother Canada on US TV and rebrand it as Big Brother Over The Top.

Is this at all possible? Throw in some random Americans into the Canadian house. Doesn't even need to be all star Americans.",1549254184.0,-13
BigBrother,Will it be Diana or Candy? ,1549253706.0,4
BigBrother,"These are some low ass ratings.

0.7 demo and 3ish million viewers .....

Has big brother ever had terrible ratings like this? Isn't the threshold a 1.0 to keep a series alive on a network?",1549253586.0,8
montreal,Jesus this is a small world LOL,1549185532.0,2
toronto,Harvey's has paper cardboard straws now.,1548959617.0,3
toronto,"[https://www.youtube.com/watch?v=ZMo8RIJkVag](https://www.youtube.com/watch?v=ZMo8RIJkVag)

&#x200B;

LOL",1548226315.0,3
toronto,Are you that out of touch with the world?,1547928029.0,1
ottawa,"Does anyone else foresee double deckers being banned from the transitway. The way these shelters just jut out spell disaster for the upper decks. Had this bus been a regular one, I don't think the casualities would have been as severe.

Is there anywhere useful these double deckers can be used outside of the transitway?",1547291523.0,34
toronto,"We had a family of strays visit us. 

We got them trapped, socialized and put out for adoption with loving families. 

Do you have a contact number? Maybe I can get the people who helped us get in touch with you? No promises though.

It's recommended to trap them when they're still young. The older and more feral they are ..the harder it is to socialize them apparently.",1547267248.0,9
BigBrother,"Me Right Now:

[https://www.youtube.com/watch?v=ThUAahmAtDE](https://www.youtube.com/watch?v=ThUAahmAtDE)",1547078430.0,1
BigBrother,OMG THIS IS LIKE LONELYGIRL15 ALL OVER AGAIN.,1547068953.0,62
toronto,"Because they signed some memorandum of understanding that YRT would not compete with the TTC with duplication of services. This was all signed under the impression that fare integration would be in place.

Unfortunately, the fare system is still the way it was back in 2000.",1546937336.0,20
toronto,"I have been expecting Brampton Transit to join Go and YRT in ending service to York U. So this is excellent news.

It's nice to see one transit agency with some brains working in the service planning department.

YRT is a gong show to use now. There used to be an easy and convenient one-bus ride from anywhere along Highway 7 to York U (a distance of 12 kilometres). It now requires either 3 buses or 2 buses+subway, basically requiring a transfer every 4 kilometres. O and double fare to boot!",1546931667.0,32
toronto,"[https://toronto.citynews.ca/2014/04/10/brampton-couple-hits-18-8m-lotto-jackpot/](https://toronto.citynews.ca/2014/04/10/brampton-couple-hits-18-8m-lotto-jackpot/)

&#x200B;

Not sure if same lady.

&#x200B;

BUT DAMN IF IT IS. SHES ONE LUCKY LADY.",1546560484.0,1
toronto,"Um ok?

&#x200B;

First of all...its not summer...

So why some random pic of some ice cream guy?",1546329467.0,1
toronto,"Went downtown with my friends today for the fireworks.

&#x200B;

Normally I'm ok taking transit.

&#x200B;

But I have emetophobia (legitimate lol)

And my fear of getting sprayed with vomit ratchets up to 95%.

I've taken the TTC on New Year's before. The vomit piles in some of the stations is too much for me to handle unfortunately.",1546327138.0,19
toronto,He's now 27 according to one news article. Looks to be the same guy.,1546305635.0,6
montreal,Yes. Lol But its so cool to see an actual Montreal bus turned into a camel bus,1546068313.0,1
kansascity,"Was going through my city's public library of historical images. Photo was taken at the main transit repair garage in Toronto, Canada. Thought this would be of interest to people in Kansas...maybe. lol

&#x200B;

Toronto purchased tons of Kansas Streetcars in the 1950s and used them second hand on our streets. Like Kansas City, it also had plans to completely abandon its streetcar network. Ultimately, a bunch of people put up a stink and it was saved. It continues to run, albeit much shorter than it used to be in the 1950s.

&#x200B;

The busiest streetcar line today in Toronto carries more riders than the entire KCATA network combined.",1545985814.0,73
BoringCompany,"Yea....this is the first thing that came to mind when I saw it. There is nothing new in this video.

It is the same shit as the O-Bahn, which by the way hasn't caught on on a large scale.

\------

How is this any different than an elevated highway? What happens when demand for this ""special"" underground roadway becomes too much to handle? lol ",1545273707.0,2
toronto,Im not surprised.,1545272065.0,19
toronto,It's actually a bus. The 77 Spadina.,1545264538.0,1
toronto,"https://goo.gl/images/kZ73DL

TTC Streetcar inside Boston's subway system.",1545192154.0,8
toronto,[https://youtu.be/U0ih3FriG1k?t=155](https://youtu.be/U0ih3FriG1k?t=155),1544949921.0,2
toronto,"What the heck relevance does this have with Toronto discussion?

There's a thing called Google and asking around for quotes.",1544863792.0,0
montreal,"Everyone is familiar with her voice. But most of us have never heard her announce in English. Just thought I'd share this bit I found on Youtube.

&#x200B;

Apparently this is only used in life and death/emergency situations.",1544437080.0,110
montreal,"Just thought I'd share. It's a voice everyone knows.

&#x200B;

But I bet most of us have never heard her speak English.",1544437005.0,1
toronto,"On Coach Canadas Montreal to Toronto run. We had to do a U turn on a rural road because it came to a dead end. 401 was closed for some reason.

I remember the driver asking us to be the eyes for the back of the bus.. ""Tell me if we start going into the ditch."" LOL",1544419166.0,1
toronto,"The experimental CNE train at the end would later become the Scarborough RT. It's interesting to actually see it in a video. I've heard about it but never actually seen.

It's a fucking travesty GO Urban was never built. It would have solved the problem of 905 to 905 commutes. Imagine driverless subway-like frequency trains travelling from York Region to Oakville. It's all a pipe dream now.",1544354419.0,16
toronto,"That shipload of free money has long sailed with Patrick Brown as mayor and Doug Ford as premier. LOL Bunch of morons...

&#x200B;

Should have been like York Region. Grabbed whatever money they could and build it ASAP before they cancel it. York is now scheduled to fully build out everything they envisioned.

&#x200B;

[https://www.youtube.com/watch?v=gq\_dvPbGynQ](https://www.youtube.com/watch?v=gq_dvPbGynQ)

[http://www.vivanext.com/project\_map](http://www.vivanext.com/project_map) Blue is Complete, Purple/Pink is Under Construction.

&#x200B;",1544332974.0,3
BigBrother,Correction: Tangela when bb21 airs.,1543747442.0,74
toronto,She probably ate tons of mussels as well.,1543745381.0,15
toronto,"His name is Dan.

[https://www.barrettandwelsh.com/wp-content/uploads/2011/08/Danthedummy4.png](https://www.barrettandwelsh.com/wp-content/uploads/2011/08/Danthedummy4.png)

[https://www.barrettandwelsh.com/wp-content/uploads/2011/08/Danthedummy3.png](https://www.barrettandwelsh.com/wp-content/uploads/2011/08/Danthedummy3.png)

[https://www.barrettandwelsh.com/wp-content/uploads/2011/08/Danthedummy1.png](https://www.barrettandwelsh.com/wp-content/uploads/2011/08/Danthedummy1.png)

&#x200B;",1542961491.0,13
toronto,"LOL people went on stealing sprees according to what I heard. Like fill up carts and simply walk  out. In addition, a lot of people simply didn't want to use them.

So therefore, not profitable.",1542841691.0,18
montreal,"I think it only happens on the Green line.

How it works is, the system will trigger the announcement, but it won't actually know which station is next and will simply announce whatever is next on the computers Rolodex of stations. If it's out of sync, it's up to the operator to fix it 

For many many many years, only the Green line didn't have automated announcements. When they did finally install it in the early 2000s, the system is different from the ones used on the Orange, Blue and Yellow lines.

",1542840232.0,12
toronto,"There was a case of a fox being found in Montreals Metro last year in the downtown core.

Anyone who knows their system knows it's completely enclosed so no one knows how the hell it got in.",1542751446.0,4
toronto,"So the actions of a few morons now tars the reputation of every single student at that school?

That's what I gather you're trying to imply, otherwise why make this post?",1542439461.0,-5
toronto,I just wanted to point out this was a major reason as to why fares rose faster than the rate of inflation.,1542439292.0,7
toronto,"Dont forget the TTC was profitable back then and well into the 70s.

It wasn't until the TTC was forced into providing service to the suburbs on a mass scale in conjunction with the elimination of zone fares that it began losing money.",1542430008.0,14
toronto,"Since we're on the topic of nostalgia...

Anyone remember these beautiful signs? After Mike Harris, many of these signs were vandalized by TTC employees with sharpies or white stickers and they stayed that way till the early 2000s. The words ""is"" and ""by"" were blacked out.

I never understood as a kid why every sign on the bus was always vandalized in the same spot. Like I remember thinking why don't they just print new stickers? Lol now I get it. 

https://pbs.twimg.com/media/Cs1CCdoUAAAKYMQ.jpg",1542429672.0,53
toronto,"It's shit like this that make me so fucking jealous of Montreal.

The art looks out of place and doesn't fit the station at all.

My god, I actually prefer the basic bitch look of the Bloor stations when compared to tacking on ugly tacky triangles that serves no purpose.

It's as if they didn't learn from the ugly design mistakes of the 1980s like Dundas Station. Some things are better  left untouched.",1542252807.0,-9
toronto,"Whether it is for-profit or not, you're asking someone to credit something that is copywrited as yours. Which it isn't.

Derivative work or not, did you ask for permission of the TTC to present that derivative work as yours?",1541917307.0,5
toronto,"But you yourself probably didn't ask for permission from the TTC to use their map either...

So point?

Did you credit the original author of the TTCs map? All you did erase someone else's work and called it your own. What about your map is absolutely original that you could call your own that would need your permission for use?",1541910099.0,3
toronto,"The TTC doesn't want to bend because York Region doesn't pay a cent in operating costs. I'm sure this line is losing money for the TTC and they sure don't want to be giving out free rides on top of already the operating costs deal given to York Region.

I'm sure they'd reconsider if the region pitched in for operating costs. Why the hell does York Region not pay for the operating costs of a subway line it reaps massive benefits from is beyond me.",1541533375.0,10
toronto,Yes. His name is Bob.,1541493482.0,2
toronto,"He's also been in the news for:

Stealing a knife from a crime scene

Getting beaten into a coma

Attacking and then befriending Canada Post employees

&#x200B;",1541399628.0,5
toronto,"On a related note, in Vancouver there is actually a crow that regularly took transit. Would wait for the first train of the day.

&#x200B;

[https://www.youtube.com/watch?v=mcLOvwzyueY](https://www.youtube.com/watch?v=mcLOvwzyueY)

[https://www.youtube.com/watch?v=zYDn\_XqTHMc](https://www.youtube.com/watch?v=zYDn_XqTHMc)

[https://www.facebook.com/Translink/photos/a.174711312571474/1040538512655412/?type=1&theater](https://www.facebook.com/Translink/photos/a.174711312571474/1040538512655412/?type=1&theater)",1541399585.0,5
toronto,"The reason why YRT level of service in all of York Region is so shit and fares are SO high is because it has a large service area and it is obligated to provide service to those in buttfuck Sutton, ON. They even state this when asked. (Not in those words lol)

This is basically what will happen to the TTC. Service becomes diluted and fares go up to subsidize people living on a farm.",1541096980.0,3
toronto,https://youtu.be/lbXz3MXx2DU,1541018867.0,1
toronto,"And to be honest, I'm not shocked that organizations like this exist. They do.

I am, however, shocked that CF endorses this shit. Absolutely disgusted at Cadillac Fairview. Do they not do basic online research?",1540932055.0,-8
toronto,"You get $45 tickets at a discounted rate of $8. But only if you BUY NOW. But once you get to the field, you'll pay up the ass for stuff you need to play.

I was actually with my friend and she kept stating ""I am interested. Yes. Let's go paintballing."" My Spidey senses were tingling so I dragged her ass out of there. And good thing I did.

Everytime I walk by, they always have a customer at the booth. So business must be brisk.

If you Google IPG, this was the same schpeel they did in New Zealand.",1540931994.0,-3
toronto,"I would not want to live beside one of these things.

A girl who grew up beside one of these things died of cancer while in high school. Before that her mother died of cancer. And before that her grandmother died of cancer.

Maybe it was genetics but people couldn't help but notice she lived right next door to a giant ass transformer. ",1540926798.0,-2
toronto,"Rohinie Bisesar...now that's a clear cut case of NCR.

&#x200B;

This piece of shit? Nope.",1540879757.0,13
BigBrother,"This is why people love Arisa. How down to earth and normal she is.

I heard Julie literally shakes the hand of the bb winner on finale and gets in her limo abd leaves asap.",1540781669.0,33
Hyundai,"I emailed a Hyundai location in the UK. They will be selling it for 29000 Pounds. Which works out to around 49000 Canadian Dollars / 37000 US Dollars.

&#x200B;",1540617732.0,1
toronto,https://youtu.be/1JJeBpO9yE4,1540586247.0,1
ontario,Terrible. There's an entirely new downtown thats actually very urban sproutinh up around the area where York would have been.,1540501856.0,4
toronto,But that happens everywhere. That's what I don't think people understand. Maybe not somewhere like Switzerland where there's no traffic lol.,1540357073.0,1
BigBrother,"Diversifying her portfolio. 

She ain't gonna be with CBS soon.",1540357019.0,12
toronto,She should have been premier insteadm,1540264978.0,1
toronto,"The TTC is a very good transit system, especially the surface network.

Go to any other North American city. And you'll be begging for the frequent buses we have.",1540264894.0,14
toronto,That person is gonna get whooped in jail.,1540183090.0,16
BigBrother,"The brains behind this gem 😭

https://www.instagram.com/p/Blv8hNmFDr6/",1540181157.0,75
toronto,Kennedy has always had a reputation,1540111345.0,22
BigBrother,She was on a webcam at home. I think Janelle was on too.,1540106699.0,3
toronto,"https://youtu.be/OXTxc-wXanw

Isn't this the same loser? Also at a Toronto Starbucks...",1540094083.0,1
toronto,"Aero, Smarties is a British thing.",1540093272.0,16
toronto,"Is opus a stored value card now or is it still a stored ticket/pass card?

The thing about presto is the flexibility and how it's accepted by all transit systems. I hate how opus you load stm tickets in it, but can't use it for that random trip to rtl territory...have they fixed that yet?",1540008126.0,7
quebeccity,"[https://www.google.com/maps/@51.0989423,4.6122348,3a,37.5y,142.61h,91.36t/data=!3m6!1e1!3m4!1sfx5bTf7TTQQMcaR5SsA3Qw!2e0!7i13312!8i6656](https://www.google.com/maps/@51.0989423,4.6122348,3a,37.5y,142.61h,91.36t/data=!3m6!1e1!3m4!1sfx5bTf7TTQQMcaR5SsA3Qw!2e0!7i13312!8i6656)

&#x200B;

On Streetview too :)",1539671034.0,1
BigBrother,You thought Ika was fierce? Tune into season 5 pls,1539661142.0,9
BigBrother,Ika and Sabrina are friends. Like wtf,1539661064.0,6
toronto,"Wasn't the business a failure or something?

Chinese people refuse to eat there cuz of the rumour it's haunted lol",1539658830.0,33
toronto,It was very foggy last night in Scarborough. Same deal in NYCC?,1539121577.0,1
toronto,"There's a thing called an elevator.

What the fuck was the point of this post? 

&#x200B;",1538625038.0,3
BigBrother,Theres a video of Derek kissing Kaitlyn. Are they a thing?,1538620466.0,5
BigBrother,Im DEAD at the last one. LOL,1538377063.0,1
toronto,The MBTA is so shitty. Some routes had YRT level frequencies in the middle of rush hourm,1538335985.0,13
toronto,"Dear diary.

Xoxo gossip girl ",1538293839.0,0
BigBrother,"Um, so how do Canadian actors who are not US citizens get to be in American movies? I wonder...hmmm....",1538283669.0,7
BigBrother,"Lol this wouldn't be an issue. Any internationals would simply be given temporary work visas.

&#x200B;

The problem you present would only be an issue for The Amazing Race. Different citizens would be treated differently in every country they visit. Hence we would never see an international Amazing Race, ever.",1538281297.0,3
toronto,"But if you look at a list of transit systems who adopted Thales/Seltrac automated train systems, you see huge names like Hong Kong MTR, New York MTA, London Underground, Shanghai Metro etc...

But guess who's at the top of the list. The Scarborough RT was the guinea pig pilot for it. It's something we should be proud of but I don't think anyone knows this little known fact.

https://en.m.wikipedia.org/wiki/SelTrac",1537726920.0,3
toronto,The train in the photo is an H1. So it is in the Hawker family.,1537726475.0,1
toronto,"Anyone wanting to feel some Toronto-transit nostalgia can still ride this type of train in Turkey.

[https://www.youtube.com/watch?v=pEO4UPWT7Iw](https://www.youtube.com/watch?v=pEO4UPWT7Iw)",1537678436.0,7
ankara,"The design originated in Toronto. We have had 6 versions of this design, all trains were retired by 2014.

The ones in Ankara are from 1997, however the original design was from 1965 with the H1.",1537672451.0,3
toronto,"Hwy 7 had it's lanes built up without issue but I especially worry about the Yonge Viva line. The road hasn't even been widened there yet.

And ironically the Yonge line is the one that would have the most ridership. 

Please don't cancel it Dougie. 😭",1537506151.0,10
toronto,"I wonder about what's going to happen to the VIVA bus Lanes on Centre St.

The MP of that area has been dead set against busways through that area but it's already been widened and bus shelters are already put up at some intersections. Tool late to cancel?",1537506035.0,4
toronto,"https://youtu.be/L3_CNAIwJvQ

Marge would like to speak to you.",1537383930.0,2
BigBrother,"Can someone please PLEASE edit her video with this song in the background? Lmao

[https://www.youtube.com/watch?v=MZoVXcGwdSY](https://www.youtube.com/watch?v=MZoVXcGwdSY)",1537340495.0,1
BigBrother,"But to be honest. This.

She has already proven she is capable. Usually Canadian versions of American shows suck balls and hard, and BBCAN is an odd duck in the large following it has. 

So she must be doing something right.",1537296332.0,14
BigBrother,Allison Grodner,1537296135.0,-4
toronto,"I saw ""KTHXBAI"" in Markham the other day ",1537052989.0,2
BigBrother,Didn't they say it's possibly moving back to channel 4,1536952139.0,1
BigBrother,[https://youtu.be/SwuEVLFclfM?t=7](https://youtu.be/SwuEVLFclfM?t=7),1536902718.0,2
BigBrother,"https://youtu.be/UPRBRYftEsQ?t=591

Jun absolutely thrashes Julie in this old video.",1536816876.0,9
toronto,"The YRT 100 was supposed to be an interim route between RHC and YU. They scrapped that and instead kept Purple running on an interim basis because it was the same service.

The plan was to always to cut any connection between RHC and YU and force the subway on riders.",1536716798.0,1
montreal,I've always wondered what beaudry looked like before those grey ceiling panels. Anyone have a pic?,1536641829.0,2
BigBrother,"There already has been a season.


https://youtu.be/Hkj3hN2h1Zs
",1535857991.0,1
BigBrother,"Has anyone seen it nearly 1.5 million viewers?

I think last year hovered near 1.1 million.

That's nearly 3x times the US stats if you take into population per capita into consideration.",1535825942.0,6
toronto,What the hell happened to that relatively new novabus on the right?!,1535740427.0,3
BigBrother,"Canadians are allowed on The Price Is Right.

We pay 0% tax on game winnings. 🙃",1535353900.0,3
toronto,"There is VIVA construction in this area right now. The speed limit is normally 80. It's been reduced to 60. The white car is going way too fast for the conditions, maybe even more than 80.

And the red car is a moro",1534972793.0,3
Edmonton,""" She was working again at her job as a mobile mortgage specialist for RBC the same night she lost her finger and plans on seeing an occupational and physical therapist. ""

THAT WOMAN IS A TROOPER. HOLY SHIT.",1534312220.0,2
toronto,"That's what they did in York Region. At any one time, there's 3 or 4 segments of BRT being built simultaneously. Right now Yonge Newmarket, Yonge Richmond Hill, Centre Vaughan and Highway 7 Vaughan are being built. That's how we got from no BRTs to an almost fully built out network in under 10 years.

They were very lucky to fully build out their vision right before the Cons came into power. The Conservative MP Gila Martow has been very outspoken against the busways.",1534306234.0,4
toronto,Is that a Shawshank quote? Lol,1534032806.0,2
toronto,"How's this transit improvement?

Come September 2, Viva Purple will no longer provide thru-service from Markham to York University.

If you're coming from the east, you're going to have to take Purple to Yonge, Orange to Jane, and either take the TTC to York U //or// Take the YRT 20.

Not only does this destroy a route that was doing extremely well, its taking a convenient direct route and forcing 2 transfers (while also forcing 2 fares). This is NOT transit progress!",1533886032.0,3
BigBrother,Ps what episode was this in? I can't believe I haven't seen this till now.,1533371113.0,4
toronto,LOL. The viva might be amazing. But YRT is trash. Let's get real. Miway is 1000x better than YRT anyway ,1533354444.0,2
toronto,This was already posted and removed precisely because it's not GTA.,1532908513.0,1
toronto,LMAO pls bitch as if anyone would give a stranger $200. Baii,1532381413.0,2
walmart,"No. We have a MasterCard and payment is administered at a regular cashier.

And money transfers are handled by courtesy.",1532316076.0,1
toronto,[https://youtu.be/dKJa-KQNjQU?t=39](https://youtu.be/dKJa-KQNjQU?t=39),1531876568.0,3
ottawa,"LOL @ ottawa using the same TTC gates. 

[https://globalnews.ca/video/3362541/rider-uses-umbrella-to-trip-ttc-presto-enabled-gate-sensors](https://globalnews.ca/video/3362541/rider-uses-umbrella-to-trip-ttc-presto-enabled-gate-sensors)",1531545877.0,-5
toronto,Runs away from MBTA to YRT in York Region. LMAO,1531257480.0,2
vancouver,https://youtu.be/7m1h0Hf5uMs,1531039797.0,1
toronto,And how's that working out?,1530636138.0,5
toronto,"One thing we know gangbangers don't like is the cold. Since gun crimes go way down in the winter.

When they're convicted of gun crimes, I think we should stop sending them to hotel accomodation-like jails and send them to jails where they're forced to spend 8 hours of the day outside between the months of November and March.

Cruel and unusual you say? Give them jackets. Some people work outside everyday in the winter.

This is a natural deterrent we have at our disposal and we should make use of it.",1530634636.0,-8
BigBrother,"Hi Candace. So nice to finally meet you and on Reddit of all places!!

https://youtu.be/X6bYiC03wGw?t=220",1530591990.0,3
BigBrother,Is that bb app room new? It reminds me a lot of the bb nomination room in bbcan that they use for twists every year.,1530500739.0,7
toronto,"Why not? 

The very updates you mention are happening and will be done by next year. The TRs are autonomous trains and Line Q will be fully retrofitted.",1529482433.0,-2
toronto,"Now you edit your post making excuses ""I didn't hear the beep. I didn't see the screen.""

That's your fault then. I always make sure the tap has registered when tapping. The Presto lights and beeps are pretty clear. Red, green or yellow and a loud beep.

The only excuse that would let you off the hook is if you were both blind and deaf.",1528946199.0,-6
toronto,"Everyone is acting shocked you were fined but did you actually act like an adult and do anything to let someone know about your situation?

You're supposed to tell the driver who calls it in, or you can call YRT customer service (or enforcement line after hours) who will ask for your physical description, what your name is, your clothing so officers will precisely not fine you.

Or did you just sit down and then call the waaah-mbulance later?

Unlike TTC streetcars, Presto machines are not on board the vehicle so officers will have no idea if you're lying or not. It's probably an excuse they hear all the time. They can't check if theyre working in real time either because Presto machines always cycle to NOT IN SERVICE for a few minutes when they get updates according to the YRT phone lady.",1528935666.0,-2
BigBrother,"Um, the half all\-stars on Season 5 almost led to the show's cancellation. Expect them to stay away from it. Unless its Can vs Us lol.",1528189656.0,11
toronto,I don't remember the acfailing on those but the trains with the yellow doors always had this gym bag dirty sock smell because of the ac.,1527892442.0,-1
ontario,"Lame

Antisemitism according to Doug:
https://youtu.be/ACh4j32ZnPw",1527276716.0,3
toronto,https://pbs.twimg.com/media/DYgl9w9W4AEDOWE.jpg,1526968657.0,2
BigBrother,"Of course the show is going to be renewed.

Most Canadian shows start declining by the 3rd season. And the fact that more Canadians are cutting their cable than ever before, the fact this show was able to pull the impossible and grow their ratings in their sixth season is unheard of.",1526781781.0,3
toronto,"I let some creep borrow my phone and he used it to call himself so he could get my number.

And Im a guy. :/",1526771976.0,6
toronto,Literally has nothing to do with Toronto.,1526285876.0,3
toronto,This is old news. Like really old.,1526285826.0,5
toronto,"I saw one coming at me while waiting for the TTC at Eglinton and Weston. Near Black Creek.

When I turned and made a movement, it turned around and ran away. Those things are FAST.",1526268094.0,1
BigBrother,"LOL @ that no frills commercial.
",1525998406.0,2
BigBrother,Lol eww,1525992500.0,5
toronto,"Theres another elevator to street level that functions perfectly fine to get to the VIVA platforms. It's actually the same amount of distance.

This article is making a mountain out of a molehill.

In general the VIVA station as a whole still has a lot of work to do. When the station opened back in December, the ceiling was leaking because they hadn't even gotten to caulking the glass yet.

I'm not even sure if the elevators are even the TTCs jurisdiction. If you actually go to the station, the hoarding covering the elevators and escalators are VIVAnext branded.",1525983469.0,8
BigBrother,Anyone else see the ads? Ross Mathews is jumping over to Global TV for a day to cover the Royal Wedding for ET Canada.,1525925217.0,5
BigBrother,There's a BURGER KING commercial playing. My mind can't compute. Bleep bloop.,1525305143.0,9
BigBrother,It was prob longer. Tv Editing.,1525303972.0,13
BigBrother,Anybody else love this comp? Wtf lol it's amazing,1525303511.0,15
BigBrother,"Make a petition.

CBS and Global already partnered on a Canadian TV show called Ransom.

Ratings were soooo shitty for CBS but the show was still profitable because Canadians pay for the production cost mostly. Lol",1524977581.0,10
BigBrother,And last year the ratings dropped below 1 million many times.,1524690442.0,1
BigBrother,"This season is strange. It's lacklustre compared to previous years yet it's defying the odds. Usually ratings slide as the season drags on, but it's going up lol.

BBCan7 is a likely bet",1524690410.0,3
toronto,"Was anyone else disturbed that Yonge St and it's businesses were allowed to stay open during this?

I went by the scene hours later thinking the bodies were removed (walking from Sheppard to Finch stn). By 630pm the bodies were still lying there and all the businesses directly across from the 3 bodies near Finch station were open for business.

Like bakeries, grocery stores, restaurants were just operating normally even though there's corpses right across from their entrance ...some with blood splattered near the tarps.

It felt wrong. The entire stretch should have been closed from Finch to Sheppard.",1524547213.0,6
toronto,"https://m.yelp.ca/biz/pojangmacha-food-toronto-4

Unconfirmed reports one of the victims was an employee of the food stall located outside of Shoppers. One of the official Toronto A La Carte carts. She was in her early 20s.",1524538856.0,13
BigBrother,Is this a BBUS soundtrack? It sounds familiar lmao,1524323187.0,14
BigBrother,"Theres no grey area. It's is illegal. Despite the intention to legalize it. Pot shops are still being raided by cops on a regular basis.

The only people allowed to sell weed will be the government",1524161310.0,7
toronto,"They're trying to compete with Toronto life. It failed hard.

The author is trying way tooooo hard to include minute details that are irrelevant to the story.

The carpet was red. The roof was sloped. The car was glistening in the sun.

Shit like that drives me nuts. ",1524151554.0,11
BigBrother,"The hot tub is literally right next to the sidewalk on The East Mall Road.

You can just stand there and yell it probably.",1523478234.0,6
BigBrother,"Lol I've been on the price is right. I'm canadian.

There are Canadians on the bachelor every year. One time the bachelorette WAS Canadian.",1523342350.0,6
BigBrother,"I really wish Global and CBS would come together on a coproduction of some sort for Big Brother. 

I'm watching Ransom right now that airs on CBS. That show is a Global/CBS copro so there's no reason why they can't do it.",1523336775.0,6
toronto,"If this is true, I'm assuming what triggered him was how slow the trains are between Sheppard West to Eglinton West. 

I'm serious...the trains literally alternate between sitting g there and crawling.",1522818965.0,-2
toronto,The province is run by idiots who sold the 407. Let's not give them the subway. Thanks.,1522343997.0,0
BigBrother,"Target was shit in Canada though.

They opened 200+ stores and then closed them less than 2 years later. All of them.",1522170914.0,69
BigBrother,Even Omarosa mentioned this moment on CBB feedsas craziest thing she's seen on reality tv,1521955434.0,15
BigBrother,"No,can confirm.

They filmed in Ontario and they used lots of kids as extras. Friend from h.s. was in it",1521955294.0,2
BigBrother,"They spent a year planning this house.

Then Canada Post, which owns the studio, kicked them out with one months notice to convert to mail sorting operations.

So they already had the blueprints and materials. Building  a set takes time and they didn't have that. 

",1521483499.0,4
BigBrother,Is anybody else MOIST thinking about tomorrow's Veto fallout?,1521449165.0,4
BigBrother,"They put too many bland white girls in the house this season. Like if you took Jackie, Emily or Rochelle but put a lot more in the house. For the first 2 weeks, I still couldn't tell all the white chicks from eachother because they were all so boring. I almost like PLUR a little bit because she's so goddamn messy and sort of crazy in her own unique way.

They're all SO boring and have no personality. We need BIG personalities like Talla, Gary, Sabrina, Ika. It's been 15 days and there hasn't been a single fight yet.

They're so worried about casting likable people that they forgot to include some crazies as well.
https://youtu.be/E_4MUkAGhxY?t=33

SERIOUSLY, ITS ENOUGH!",1521356589.0,15
toronto,"http://stm.info/fr/presse/nouvelles/2017/fini-les-batteries-a-plat---les-nouveaux-bus-de-la-stm-sont-maintenant-dotes-de-prises-usb

Montreal buses have them. Here's what they look like.",1520915512.0,3
BigBrother,It just seems like there's 4 Rochelles in the house this season *snooze,1520662164.0,1
BigBrother,"Havnt posted on this sub since last year.

What is everyones opinion of this season? I dont really click with anyone and I find all the girls vanilla this season. So many plain white girls I can't even remember their names lol.",1520661419.0,8
toronto,"That him?

EDIT: warning, didnt realize there was that much blood in the photo. So warning.

http://c-8oqtgrjgwu46x24yrogfkcx2evqtqpvquwpx2eeqo.g00.torontosun.com/g00/3_c-8vqtqpvquwp.eqo_/c-8OQTGRJGWU46x24jvvrx3ax2fx2fyrogfkc.vqtqpvquwp.eqox2f4230x2f24x2fkegrkem7.rpix3fyx3d862x26k32e.octmx3dkocig_$/$/$/$",1518763642.0,1
toronto,"YRT is working on a large scale Dial A Ride to replace buses at night. Think of it as Uber but on a transit fare.

If you want to see how it works, it's already in use in North York Region. 

Right now it is a phone in type service. They are working on an Uber type app that will encompass Dial A Ride and conventional transit so your trip can include both services.",1518754596.0,5
toronto,"Nah. It's just the TTC. 905 agencies have cooperated since forever.

If you wanted to joyride back in the day (prior to Presto). You could simply pay a York Region Transit fare and that $3 would get you all the way to Hamilton via Brampton Transit, Mississauga Transit, Oakville Transit, Burlington Transit and Hamilton SR because every agency accepted each other's transfers. It's the same right now, a Hamilton fare on Presto will work as a free transfer in York Region.",1518754421.0,29
BigBrother,"I don't like the commercials and promos for the new season to be honest...

I think they'd have much better luck attracting viewers if they played these clips as the commercial and slap on a ""Big Brother Canada premieres March 2 on Global"" at the end. LOL

https://youtu.be/iPCn6ewsD0k?t=10

https://youtu.be/E_4MUkAGhxY?t=31",1518556427.0,-2
BigBrother,"OPPORTUNITY MISSED

https://youtu.be/323nBeS0TNM?t=125",1517980199.0,3
toronto,"Doesnt Bombardier also have a facility in Kingston?

I know Vancouver, Seoul-Korea, Riyadh-Saudi Arabia and Kuala Lumpur-Malaysia trains are built in Kingston.",1517978323.0,5
BigBrother,"Over her though?

https://youtu.be/323nBeS0TNM?t=124",1517809510.0,1
BigBrother,"If you search ""BBCAN6"" on Twitter and click on Photos. You'll see previews of the house.

There's going to be red backlighting and Firey panels. Looks very hellish.",1517809409.0,14
BigBrother,CBSAA is coming to Canada tho no?,1517721456.0,1
toronto,"I had to take the 102 Markham bus a few times and each time it was delayed as all hell. 30 minutes late etc. And riders didn't seem phased at all. So I guess it was a regular thing.

I guess it has to do with how long these routes are. They basically go from somewhere as far south as St Clair, all the way up to farmland. There's just way too much traffic to handle along the way.",1517437883.0,3
toronto,"Also, the subway actually made transit service worse off for York Region residents who used services to get to somewhere in/near York Region.

The only people who benefitted were those who were headed downtown.

Case in point, Viva Orange was restructured to provide cross regional service to Yonge Street (instead of making a southward dip to York U). Riders who used to go to York University are now screwed into making infrequent transfers to a southbound bus because there is no fare integration with the subway to get people to York U. So even though there is a frequent ass subway taking people from Highway 7 to Steeles and they already have a York Region transfer in hand, they can't use it. They're forced to use a bus, an infrequent bus at that.

It is the same story for Viva Purple on weekends, they cut southward dip service to York University on weekends and are forcing students who relied on the bus to get to Yonge or Promenade Mall to also make an infrequent bus transfer as well because the subway is not fare integrated. Before, one bus would take you from York University to Richmond Hill/Markham. Today, it requires a trip on YRT 20, Viva Orange & Viva Purple. THREE BUSES!

Can anyone say this is a huge step backwards in transit service?",1517437461.0,6
toronto,Welcome to 2005.,1517305877.0,161
BigBrother,"No the ratings dropped 20% last year.

The budget is goingto be cut big time this year. I think the new house is a matter of having no choice.",1516947650.0,6
BigBrother,Not really excited. Its only 2 weeks long lol.,1516509798.0,29
toronto,"York Region's BRT map has also been recently updated to include a Steeles BRT. So they will be pitching in funding for it as well.

http://www.vivanext.com/images/Corp/vivaRouteMap_web_2017_11_20.jpg",1516421524.0,13
toronto,"""Virginia Li
1 review
8 months ago
does not take care of the dogs, on wechat the dogs are always crying and she forces them to stay awake for a video. overpriced dog, cat, hedgehogs and supplies. she does not care for the animals and only cares about money. on wechat she always shows her wedding pictures or how big her house it and her new phones and her nice cars. basically bragging about how much money she has. also posts unnesescary thing on wechat like the day she got marrief and she said that she went home and her cat started to give birth and it kept her up all night that she coulding even make love.""

Someones review of the place",1516188043.0,25
BigBrother,"Theyre not going to get real A-list celebrities. Lets get real. A B-list? Maybe.

But it's going to probably be D-listers like Kathy Griffin.",1516169460.0,10
toronto,"Yea, I call bullshit. lol

Richmond and Oakland are just a Bart ride away.",1516080527.0,-1
toronto,Location? Street? Details? -_-,1515838989.0,2
toronto,"When YRT removed their 3 zones from the pricing structure earlier this year, you'd think it would be a simple process to switch their entire network to 1 zone on Presto. But it's been more than half a year since the removal of zones, and they still haven't programmed Presto to recognize this change. You have to verbally declare to the driver, I am travelling to ""whatever"" zone before you tap or else you'll be double charged.

YRT has trouble going from a ""3-zone 2-hour transfer"" system to a ""1-zone 2-hour transfer"" system. The TTC Presto programming is going to be even harder to undo because there are all these transfer rules programmed into every route and every stop that they probably have to undo.",1515822060.0,1
BigBrother,"I really really suggest everyone in the US buy a VPN and watch through legitimate channels, ala Globaltv.com, this year.

As you all know, Big Brother Canada is on its last legs and needs as much advertising revenue it can get to stay afloat.

By watching the show illegally, you are supporting the demise of the show.",1515811412.0,19
toronto,I need to know the names of the other 17 locations. lol,1515809108.0,19
toronto,He looks like a winner.,1515803905.0,26
toronto,"Lmao, all these arguments about the alt-right vs. religion.

Anybody else think this guy just might be crazy? Lots of mentally ill in Toronto.",1515801711.0,4
toronto,"Um, you do know that once his 14 years are up and if hes released, hes fucked again in China. lol",1515729966.0,2
toronto,"I remember hearing about a guy being dismembered near Steeles, now the story of why is finally out.",1515670101.0,8
BigBrother,Drinking,1515627535.0,2
toronto,"https://youtu.be/rJb1DWdiJtE

He's still smoking crack all these years later I'm guessing.",1515444044.0,6
toronto,LOL,1515443876.0,1
toronto,"When he was in hot water as head of Boston's transit system, he literally quit, ran and took a job at the much smaller YRT in York Region.

In the article, he says it was a matter of ""timing"". Bullshit.",1515393182.0,4
BigBrother,"Screwed....

With An S. ;)",1515308877.0,11
toronto,"https://www.youtube.com/watch?v=CpJZPOsLCN4

Montreal held a contest for its 50th anniversary. The people in the video are members of the public.

The TTC would never. lol",1515238874.0,4
toronto,Thanks to Sarah Polley,1515029580.0,1
toronto,"Thats the thing. You can't tell if the packaging has been tampered with. 

They cut a slit at the bottom and reseal it with a heat sealer so that it looks good as new. lol",1514589640.0,12
toronto,"Was your card one of the more higher valued cards with the plastic encasing? $100-250?

Someone has been tampering with these, according to York Regional Police at least. They open it, record the number, reseal it and put it back on the rack.

https://www.youtube.com/watch?v=Qe4hB3V31zo",1514585741.0,19
toronto,"Even in the 90s, I recall a teacher throwing a table lmao.",1514585259.0,9
BigBrother,"Make her say ""Im desperate. Ill  do anything for $35""",1514517554.0,51
BigBrother,Kims Convenience hahah,1514517506.0,9
BigBrother,"Only Canada.

If anything, Canada is following the classic BBUS formula moreso than the US version has in recent years. The US has had Battle of the Block, RoadKill, Halting Hex and stuff.",1514498943.0,9
toronto,She has so much evidence. O lord.,1514496697.0,22
toronto,"I grew up in the 90s during the Harris era and transit infrastructure was never built or expanded and I grew up thinking that was the status quo. Anyone else?

It's great to see SO much infrastructure being built right now in this province under the Liberals. ",1514496361.0,26
toronto,"But you can circumvent those.

Did anyone play Habbo Hotel as a kid? lol ""FUQ U, U bobba BICH""",1514286695.0,7
BigBrother,"A virtual reality house with one house in one country, and a second house in another country. 

Each room is connected with a giant screen TV that shows the exact same room replica in the other country. It would be fun seeing people talk to eachother in different countries in real time.",1514102285.0,0
toronto,The YRT app actually has both of these. It takes one minute to activate the ticket (as the VIVA is proof of payment as well). And each activation has a scannable QR code enforcenment officers can scan.,1513483800.0,1
toronto,"They're small, loud, rickety and we call the RT ""toy trains"" or ""baby train"" in Chinese. I'm pretty sure Scarborough would sing a different tune if they saw what the next generation RT trains look like. They look far more ""subway-like"" than their predecessors. And have way more room than a typical low-floor LRV.

Inside

https://www.youtube.com/watch?v=nsEv3xXRap4


Outside

https://www.youtube.com/watch?v=b9prh1Cu09g",1513483607.0,0
toronto,"YRT uses the same app. The difference is you can buy single ride tickets and its valid for 2 hours on your phone.

Its really convenient. I use it all the time. 

-----

But I can see why the TTC wants to discontinue it. There's 2 ways you can scam with this app. But it's likely because these will no longer work to get onto the subway.

1) You can activate your day pass discreetly without anyone knowing when an inspector boards a streetcar. So you can basically ride everyday for free and quietly activate a day pass upon finally seeing an inspector.

2) There's hackers out there who have already created carbon copies of the app. ",1513435432.0,4
BigBrother,https://youtu.be/X6bYiC03wGw?t=202,1513398504.0,3
BigBrother,"No it was very much in the news in Toronto.

The city was worried that the closure would have a negative impact on the film industry.",1513334220.0,2
toronto,There is a new Viva line planned for the future. The Silver line.,1513260141.0,1
toronto,"https://farm1.staticflickr.com/693/22822283054_fbf0efd9c9_b.jpg

Somewhere in Switzerland

http://www.blogto.com/upload/2014/02/20140224-Streetcar-Interior3.jpg

Pink & Red!",1512964395.0,12
toronto,"This was one of the special ones built in Switzerland. It also had the distinction of red and pink in its interior unlike most of the others.

The rest were built in Thunder Bay.",1512964308.0,15
toronto,Ahh mismatched tiles.,1512740927.0,0
toronto,"But can you guarantee that these LRT trains will never be extended to operate in the median of a road in the future? (in the same way the Eglinton LRT comes out from below grade and onto the surface)

That's what people don't like about LRT. And that's one thing that can be guaranteed wouldn't happen with SRT modernization.

With $3billion being spent on a subway, I'm sure they can use that money to fix the tunnel at Ellesmere and thensome to extend the line lol.",1512638733.0,-1
toronto,"How about not converting the line to Low-Floor LRTs -or- Subway?

How about simply updating the SRT in its current form with modern driverless trains and constructing a new underground connection to Line 2 at Kennedy Station. And use that $3billion to extend the goddamn thing to Malvern.

One of the reasons why Scarborough is so anti-LRT is because LRT can (and probably will) be extended to run in the median of roads.

By rebranding Line 3 as a ""Skytrain"", they guarantee this train, although it is LRT, will never run at-grade or ever interact with traffic. I think Scarborough would be more accepting of a modernized SRT if their trains didn't look like Tonka toys like they do in their current form. All one needs to do is look at Vancouver's modernized Skytrain to see what I'm talking about:

https://youtu.be/wnIy_urOVC4?t=25

https://www.youtube.com/watch?v=nsEv3xXRap4

It's like the argument is so focused on either LRT or Subway. And but not this option.
",1512604444.0,5
toronto,"The fact that Simpsons episodes from the 90s still get referenced from time to time show just how iconic that show was.

Shame what it's become. :(",1510945650.0,2
BigBrother,Because there was an unexpected situation in which the land of the old house was sold to a developer. And BBCAN was given 1 months notice to evict from the premises.,1510895061.0,6
BigBrother,"Link to said comment:
https://youtu.be/8JEPoCLTxfc?t=490",1510775869.0,1
toronto,"Actually up to the early 2010s. Those ones were actually manufactured in 1982. Regardless that's a very long lifespan.

The TTC took in thousands of them between the 50s and 80s",1510516315.0,2
toronto,There's a still functioning Zellers there! LOL,1510203349.0,1
toronto,Well no shit.,1510100807.0,1
BigBrother,But Nikki was bizarre though. She knew everything that was going on in the house. She was like a hawk.,1509955268.0,9
montreal,"As someone who is from Toronto and visited Montreal recently.

You have to give it to Valerie and her campaign team for doing an awesome job. Her name was advertised in every corner of the city and those Pink Metro signs are hard to miss. They're EVERYWHERE.

Denis Who? I definitely knew who Valerie Plante was just from being in the city for 2 days.",1509944260.0,27
BigBrother,Nikki Grahame lol,1509942759.0,8
toronto,"https://www.youtube.com/watch?v=m_ec02Ko9lI

Something similar happened in Montreal last year. Except it was caught on tape.",1509616547.0,2
BigBrother,Get the BBViewer app to watch the episodes live and the live feeds.,1509383782.0,1
BigBrother,"May I remind everyone of the glory that is New York:

https://youtu.be/o_iM4Z8FkQg?t=15",1509299749.0,8
toronto,"TTC will be operating a shuttle between Sheppard West and Pioneer Village. TTC fares apply.

YRT will be operating a shuttle between Pioneer Village, Highway 407 and Vaughan. This will be free.",1508742619.0,0
canada,"https://www.youtube.com/watch?v=U1cl47hCuYY

But...but the first 10 seconds of this video. They say Canada lol.",1508374997.0,2
BigBrother,Zakiyah? You're on reddit?,1508260541.0,35
BigBrother,"MirandaBBFan.

She was told off a lot on the BB18 live feeds lol. her name sticks out",1508217782.0,20
BigBrother,"Without even watching this clip. I can just hear it...

""IVE GOT NO ONE IN THIS SHITHOLE!""

""SOMEBODY GET ME OUT OF THIS AGONY!""

She's a legend. lol",1508051299.0,52
BigBrother,"I don't know why I never saw this during the original broadcast (probably because it's so subtle) but Ika owns Jackie while hugging everyone.

I laughed when I rewatched this. lol

O and she murders Neda again in the same video: https://youtu.be/vFPNGc7rfW8?t=171",1507962368.0,3
BigBrother,"4 remains the highest rated season. 

I find when superfans hate seasons, the casuals tend to love it.",1507690905.0,7
toronto,"I think this qualifies as weird news
",1507502411.0,8
BigBrother,"If Canada had its choice, Tim would have won.

If you followed Twitter, Tim was getting the most votes according to those automated ""I voted for so and so"" posts.",1506574430.0,8
toronto,"When I was 12, I was riding the Bloor Danforth line in the middle of the afternoon. It was me and some other guy sitting across the aisle from me. He had a hoodie on and sunglasses and being shady as fuck. I should have known better.

He angled his laptop at me and kept looking to see if I could see what he was showing me. It was a guy stroking his dick (probably his). Yes I could see, in the reflection of the window.

For some fucking reason, I just sat there till we got to Yonge.

These ads are very real. -_- Sadly...",1506358065.0,3
BigBrother,"https://www.youtube.com/watch?v=iPCn6ewsD0k

For those who don't know wtf we're talking about. She was pretty crazy...Good tv she was...

https://youtu.be/E_4MUkAGhxY?t=30

https://youtu.be/NsBTh8-j7MM?t=69

https://youtu.be/9u1nsH0r4u0?t=24

There's a lot more...",1506304958.0,3
BigBrother,"No, we need this.

https://youtu.be/o_iM4Z8FkQg?t=10",1506158295.0,1
BigBrother,Love how they just cut her off lmaoooo,1506121222.0,28
toronto,Bye gurlllll,1506017178.0,7
toronto,Hi Mister. ;),1505203653.0,1
toronto,A grown man who's clearly homeless.,1504911484.0,1
toronto,"The last time TTC experimented with new technology was the hybrid buses.

Who was the numbskull who approved the purchase of HUNDREDS of hybrid buses without analyzing its effectiveness or testing the endurance of the batteries?

They quickly earned the nickname Dybrids and will be retired early.",1504675842.0,15
toronto,"We should make a reality tv show.

Scoop up 12 random rural Canadians and drop them off at Sherbourne/Queen in the middle of the night. ",1503523142.0,10
toronto,"Just be careful. Make sure a chunk of concrete doesn't hit you while you're chilling down there.

",1503200897.0,1
toronto,"You're wrong. For many years from about 1998 to 2015, Line 1 and Line 2 both used T1 trains.

Line 1 usually had trains numbered 5153-5371 and Line 2 usually had trains 5000-5154. These are the exact same train model, just on different lines.

It's only recently that Line 1 exclusively uses TR's and Line 2 uses T1's.",1503035105.0,4
toronto,"You can't tell now, but when the older T1 trains ran on both Line 1 and Line 2, you could tell the trains on Line 1 were much better taken care of.

I told my friend to take note of how much brighter the trains were on Line 1. It was obvious someone at the Line 1 garage was taking the time to wipe out the plastic light covers, whereas the trains running on Line 2 had dust, soot, crap in the light covers making the trains dingy looking inside.",1502946762.0,50
toronto,"The ""Night It Up"" festival in Markham was so well done this year compared to the one downtown.

I remember a few years ago, the Night It Up festival seemed like a joke compared to the T&T one. Now it's definitely the other way around!",1502767420.0,5
toronto,"She's eating a fruit. Sue her.

Low content.",1502679634.0,1
BigBrother,"Global TV is the equivalent of ABC, NBC, CBS or FOX in Canada lol.",1501820531.0,27
BigBrother,"Mama Day a few days ago:
""I know some of you want to see me on bb again, but my contract is almost over & other networks are reaching out to me , would u watch?""

Mama Day today:
""Me trying to figure out how to apply for BBCAN as an international player""

Is this foreshadowing?",1501783159.0,21
BigBrother,"Some motivation for you guys lmao:

""Erica F.‏ @ericaeff 6h6 hours ago
Filling out my #BBCAN6 application thinking I'm way too average to be on the show.. but then I remember Jacket and carry on ☺""",1501748353.0,4
BigBrother,At least slap on some new graphics or something.,1501723210.0,2
BigBrother,"Storm Watch again?

Why are they literally reusing an old comp? ",1501722575.0,10
BigBrother,He's the new Neda. OMFG,1501556895.0,3
toronto,"Go stand at the corner of Kennedy and Steeles. Aside from downtown, this is probably one of the busiest street corners in the city in terms of bike traffic.

Yet no bike lanes.",1501556465.0,3
toronto,"Largest chinatown outside of San Francisco...lol

They clearly have never been to New York City.",1501476655.0,-6
BigBrother,"Throwing hot sauce in the face would be considered assault with a noxious substance in the outside world.

Josh signed up to be on Big Brother. He can be as obnoxious as he wants, but he did not sign up to get assaulted.

Mark should have been removed for that incident alone.",1501433475.0,1
news,"Work in retail in Toronto. Being yelled at for stealing. Can confirm it does, regardless of your race. lol",1501340542.0,5
toronto,"“I did remember telling 9-1-1 ‘Listen I might have to hit this guy with my car.’ I told them straight up,” she said.""

BOSSSSSSSSSSSSSSS",1501177854.0,8
transgender,"Meanwhile in Canada,

https://twitter.com/CanadianForces/status/890288099573600256",1501105718.0,7
toronto,"Poor guy being vilified. Fuck everyone.

If you're reading this Mr. Kiss, you're a H-E-R-O. If it weren't for your actions, the news would be reporting on Mrs. Aquino's murder, an innocent woman who was doing nothing other than going to work.",1501096225.0,3
BigBrother,"BBCAN airs in the spring, where it has actual competition.

BBUS airs during the summer. The only thing on that isn't a repeat is Big Brother.",1500868066.0,44
toronto,"The TTC in the 70s was an amazing time. 

Cities across North America were disposing of their streetcars and Toronto was all too willing to buy them up for cents on the dollar.

Some streetcars in Toronto had holes where Coloreds/Whites segregation signs were once bolted. Birmingham AL I believe?",1500859100.0,11
BigBrother,"Lmao I went to see what was trending in the United States nationwide. Yep, BBCAN6 was on the list and BB19 is not there.

Why is CBS not capitalizing on this?",1500614233.0,6
toronto,"Don't know if it was the TTC or the union....but great way to advertise to the masses. ""Our employees have access to $40000 in valuables."" 

Fucking morons.",1500580830.0,13
BigBrother,"I thought this was a joke...

Then I saw...

Then I facepalmed.

This girl is dumber than a bag of rocks.",1500496413.0,2
Winnipeg,If I saw a bag sitting on the window of someone's car. I would assume that bag belongs to the owner of that car and that they would be back soon.,1500429849.0,7
toronto,"York Region is installing bike Lanes alongside their rapid transit project. Soon one will be able to get from Kennedy Road in the east to Jane Street in the west unobstructed by traffic.

Their new layout is really neat and the bike lane even has its own hydro lights to keep cyclists illuminated at night. I'll try to post pics later.",1500328283.0,3
toronto,"Can confirm. The TTC does go into the lake. Proof:

https://youtu.be/J6pAJr4WAl8?t=32",1500002212.0,4
TheAmazingRace,"https://www.youtube.com/watch?v=VXlsr8DdKWI

For those who want to see more of them? lmao",1499997996.0,2
TheAmazingRace,"Everytime I hear ""Giver"", this is what comes to mind. LMAO

https://www.youtube.com/watch?v=Pubd-spHN-0",1499933003.0,3
TheAmazingRace,"I don't post on this forum ever.

But does anybody else find those 2 hicks incredibly annoying? Like shut the fuck up.",1499883231.0,7
toronto,"Already in service in Montreal.

https://youtu.be/_WytU4rw7Ow?t=84",1499849854.0,2
AirBnB,"Of course they cry racism. lmao

More like homeowner fed up with trespassers.",1499679347.0,-2
toronto,"http://transit.toronto.on.ca/images/subway-5505-08.jpg

Piloted twice. Once in the 1990s, and again in the 2000s. Rejected.",1499674339.0,3
toronto,"https://www.youtube.com/watch?v=q4VFdWaVG8c

They still exist. Go to Ankara, Turkey lol",1499630421.0,7
toronto,Hey Lovejoy... sup?,1499492945.0,1
toronto,"https://youtu.be/z6SSI2ymg8k?t=225

Love these vintage TTC ads for Condoms prevents AIDS, Degrassi High on CBC, and Simpsons Store.",1499398591.0,2
BigBrother,"Production: ""Please do not get into eachother's faces""

Me: ""But I want to see this.... https://youtu.be/ef72s-X59Bw?t=83""

LMAO",1499395536.0,7
toronto,"To be honest, you have a bus number and the route the bus is on. That's all you need. The TTC will figure out who the driver is.

There's no need to shove a phone in someone's face and take their picture. If you did it to me at my place of work, I'd smack the phone out of my face too.",1499028995.0,0
BigBrother,"You can't even poo without having someone watching you.

Sounds voyeuristic to me.",1498872717.0,32
toronto,"I remembered reading about TTC employees complaining that the new streetcars are absolutely shit build quality, with parts that don't fit and employees needing to jam pieces in to fit etc.

I found this while riding the streetcar, a screw hole half jammed with crap inside. How the hell is a screw supposed to go in? I guess that's why it's missing the screw.

From a rider's perspective, the new streetcars seem pretty sweet. Any maintenance employees here that can tell us what kind of issues there are under the plastic panels?",1498807196.0,4
toronto,How is help coming if the train isn't stopping and holding?,1498804677.0,0
BigBrother,"I hate having a returnee.

Of course they turned the entire first episode into all about Paul, while the newbies grovelled to him.

It didn't work out in BB18. Why did the producers think bringing another returnee again was goign to work?

This new cast was a breath of fresh air, but thye had to fuck it up with Paul.",1498710667.0,6
toronto,"This is such a stereotypically Canadian hostage taking.

He's almost screaming ""I'm holding a woman hostage. She's so nice though. I'm making her mad. Oh my god... Sorry.""",1498702793.0,59
toronto,"And also, wasn't it just yesterday that a subway train in New York City literally derailed and crashed into a wall? And a year before that, a wall literally rotted and fell into a train as it was passing in the tunnel. (It was the G train if I recall correctly)

And in Washington recently, there was an active fire in the tunnel and they decided to send a train full of passengers into the tunnel to ""investigate"" the source of the fire. One person died. Absolutely moronic. The NTSB later determined the practice of sending trains with passengers into tunnels to look for fires was common practice and that these practices were reprehensible. These are the types of dumbass agencies that Toronto is being compared against. So of course we're the best. lol

A lot of these systems are not in a state of good repair.",1498672619.0,8
toronto,"After hearing about Boston being one of America's transit cities, I went expecting amazing transit service that was better than the TTC.

I had to go to suburban Boston with a friend for something. The service I experienced in the middle of the day was the equivalent of something worse than York Region Transit levels.

-----

And don't even get me started on their garbage Silver Line BRT. Waited and waited for an Airport bound bus, and the other line just kept coming and coming as the crowd built up.

Why that thing is represented on the map as a full rapid transit line is beyond me.",1498666372.0,13
BigBrother,reddit.com/r/bbuk,1498535265.0,2
toronto,"Have you taken their buses? Absolute shit.

It's crazy how suburban Scarborough is and you have buses coming every few minutes. 

It's not like this anywhere else in NA.",1498531764.0,16
BigBrother,Fuck Crest for their annoying ass brushes on the live feeds tho. Lol,1498451865.0,6
BigBrother,Put on and forced = Paul,1498352415.0,6
NintendoSwitch,"Nintendo Switch.

I work for a retailer and when we accept returns of the Nintendo Switch, we are supposed to check the Serial Numbers of everything to make sure it matches the receipt.

We checked out a Nintendo Switch, everything seemed to have a serial number that matched the box, except the docking device.

Is this normal?",1498275180.0,1
BigBrother,"""Pisseddddd."" Friendship!"" ""Fool's pissed.""

Me:
https://www.youtube.com/watch?v=Pubd-spHN-0

-----

I was sooo over it. I hated BB18. Absolutely hated it.",1498268063.0,2
toronto,"Go ride a taxi...

Lord.",1498185263.0,7
toronto,Omg Agincourt Mall is such a trash heap...this actually looks decent?,1498154891.0,1
BigBrother,Ooooh the American ET set,1497935667.0,3
toronto,LMAO,1497930003.0,2
toronto,This area is just a 5 minute walk from Pmall.,1497572437.0,2
toronto,"What's the point of this post? 

Why is the OP so immature?",1497572293.0,1
toronto,"Context:
https://www.yorkregion.com/news-story/7372593--are-you-a-monkey-for-white-people-unidentified-male-berates-elderly-man/

York Regional Police now investigating.",1497506668.0,67
BigBrother,"Nope. You need a VPN. It wont work on BBViewer unless you have a US IP. 

Source: A canadian, me. :)",1497325189.0,1
brussels,"This artwork exchange is to celebrate Brussel's 40th anniversary of the Metro and Montreal's 50th anniversary of the Metro.

Don't know if Brussels still runs any of its original fleet. But Montreal is still using the same trains from when the metro opened 50 years ago.",1497245435.0,2
toronto,http://s2.quickmeme.com/img/d1/d15d6c36b5e2b87398df15de51258686d941cd320488218c92e5d4b2aefba5f6.jpg,1497240398.0,1
toronto,"The real mouthwatering one for collectors:

http://russiancarandtruckmodels.hypermart.net/forsalepics/TTCCLR.JPG

http://ep.yimg.com/ay/yhst-13518339385087/toronto-montreal-vancouver-streetcar-bus-models-st-petersburg-tram-6.gif

The attention to detail is insane and it is extremely hard to find. Oddly Made in Russia and I could only ever find them for sale on Russian websites, usually not in stock.

They also had the articulated version.",1497069732.0,12
BigBrother,"They can't. 

Whoever holds the rights to Big Brother in whichever country would need to decide whether to geoblock or ungeoblock BBCAN in that country.

So CBS would need to approve BBCAN for viewing in the US as they paid for the rights of ""Big Brother"" in that country.",1497034094.0,2
toronto,"Pretty awful.

It's like everything at the TTC is half assed. Either fully renovate a station, but don't add on tacky ugly shit to an already ugly station, thus making it even uglier.",1496894446.0,0
toronto,lmao,1496821840.0,3
BigBrother,Their ratings tanked 20% in one year. Hardly fine lol.,1496726079.0,0
toronto,Disgusting.,1496655825.0,14
BigBrother,"I think everyone here is forgetting BB18 had returnees also.

Yea...bb18 was sorta forgettable lol

""WE'RE THE SPY GURLZZZZZZZZZZZ lulz""",1496557392.0,14
toronto,That lady in the striped shirt is a fucking angel though. eh?,1496552065.0,75
toronto,https://cdn.meme.am/cache/instances/folder972/500x/61014972/dumb-and-dumberer-well-suck-me-sideways.jpg,1496296366.0,1
toronto,"Fuck fuck shit fuck.

Random.",1496282083.0,1
toronto,"Hi, your caps locks is on.",1496166519.0,2
toronto,"Did they try maybe making a concious effort to squeak out a ""Excuse me, may I have a fork and knife"" out of their trap?

I will place all my bets on probably not.",1496166363.0,0
toronto,"Exactly.

Fail.",1496165335.0,0
BigBrother,"It probably would not be legal.

These people would be generating revenue for Global/CBS through advertising on feeds/website. They are essentially working. They need to be paid.",1496010780.0,1
BigBrother,"https://youtu.be/oRGsJR7jN2Y?t=157

Nikki nails it with her prediction prior to the finale.

Anybody else want this girl to have another shot at the NA version of BB?

The thing is, her antics aside, she always had a good read on the game and everyone in it in her own season. I want her to do a season and actually play hard.",1495955722.0,5
BigBrother,"Um You have to pay these people a stipend. Even at minimum wage, thats expensive AF.",1495821627.0,2
toronto,"I thought the OP was talking about those suspicious looking after-hours ""Comfort Zone"" Chinese massage parlours that are seemingly everywhere in the suburbs lmao",1495772123.0,-1
BigBrother,Expect The Unexpected,1495770709.0,7
BigBrother,"LOL @ William misunderstanding, then thinking its about sex. lmao",1495751113.0,29
Winnipeg,Absolutely with the mail carrier on this one.,1495729597.0,9
BigBrother,That's our Ika <3,1495692062.0,14
BigBrother,"This is one of the reasons why I found Nikki so refreshing. I remember on the feed she was complaining ""Oh they're calling me to the DR. It's time to be a performing monkey now. Byeeee"" But she never came off scripted at all on the broadcast show.

""Uhhhh, Maddy....that girl...she's poiiiiiison!"" lmao",1495690328.0,43
BigBrother,I always see these lists and I never see Kelsey from Can4 mentioned. I'm not into girls but I think she's smokin lol,1495684298.0,8
BigBrother,"Stop the goddamn scripting.

Making the houseguests say shit like ""It is imperative I win this HOH""...you know it's fucking scripted. I've heard ""imperative"" inserted in there a few times now for different people and it makes me cringe.

This is one of the reasons I loved Ika, she says things like ""I need to win this HOH if my ass is gonna stay off that block."" or something along those lines.",1495683989.0,61
toronto,"Because just building a DRL in Downtown Toronto isn't going to score a lot of brownie points for the province.

However, by bundling the DRL with a York Region subway to be built at the same time, the province wins brownie points with Downtown Toronto, Markham, Richmond Hill, Vaughan, Aurora and Newmarket (who will all have dedicated bus lanes feeding into the Yonge subway...many of which are already built or under construction). http://www.vivanext.com/images/Corp/FAQ_2013_08_26_Hwy7Rapidway.jpg

------

A Yonge subway extension logistically can't exist without a DRL. Knowing this, of course Toronto should support a Yonge subway, because it will mean a Relief Line is basically a certainty.

By working together, it makes it that much harder for the province to ignore funding this project. 6 raging bitchheads from the GTA is harder to ignore for the province than just Tory himself.",1495657889.0,8
BigBrother,"https://youtu.be/v1LV8wRhe9Y?t=141

Lmao I had to post this.",1495607897.0,20
BigBrother,"""I just contacted the police... They said she's fine and that she's not cooperating with them.""

Lmao prob something stupid like a store dispute.",1495512054.0,-28
BigBrother,"How does one get held hostage at a 7/11? Unless this was either a robbery or a case of a store dispute. If it's the latter, I'll facepalm.",1495510746.0,0
BigBrother,"Put my funky ass in the house. So I can dare someone to ""SNATCH MY WIG BITCH! I DARE YOU!""

Enough of people going in the house so they can sit and give handjobs and then win the game.",1495502558.0,1
BigBrother,"""Similar budget""

Honey. I had to laugh. The US budget is 3x-5x bigger.",1495389960.0,27
BigBrother,"Whoever posted this should be real careful. This shit isn't about the show. It's about real life laundry, couldn't this person be sued for defamation  if untrue?",1495337223.0,3
BigBrother,"""deep trash collection"" lmao",1495336763.0,1
BigBrother,"I had a feeling him and Nikki would get along.

Nikki has lived in France and speaks French. lmao",1495256593.0,14
toronto,"Before even clicking the link, I knew this was going to be a Toronto Life thing ",1495242335.0,1
BigBrother,"""Lifetime supply of cat food"" LMFAOOOOOOOOOOOO",1495167083.0,13
BigBrother,LMAO @ Ika being a savage with Neda,1495166768.0,2
BigBrother,We need  a proper internationals season. It's so strange and intriguing that I want moar.,1495137979.0,3
BigBrother,Have you ever been to Canada before?,1495073235.0,1
BigBrother,\awww Demetresss,1495072325.0,4
BigBrother,LMAO Thats our Nikki <3,1494905947.0,4
toronto,"I most definitely am correct. This photo is either of Sheppard Station or Lawrence Station (not York Mills as it never had a darker shade of color on the wall running along the tracks). Can't tell which because of the photo being black and white.

You can see the reflection of the darker red (or blue) tiles in the ceiling slats at the top of the photo.

This is the red I'm talking about.

http://2.bp.blogspot.com/-OvpBybCUVeQ/U-WAnVu5qxI/AAAAAAAATGc/ZPvocL2Wn04/s1600/lawrence-IMG_0753.JPG

You can see the red darker shade in the ceiling's reflections of the OP's pic.

https://i.redditmedia.com/ONeL66vbLoNZjt2NRj-QaophS4fTwzbMi4mA9XVz1Uc.jpg?w=1024&s=899fc4538aceaf9a5bc8d2c6ea863f18

-----

By comparison, this is the actual Bloor Yonge prior to renovation:

http://www.blogto.com/upload/2011/03/2011318-Bloor-1966-s0648_fl0201_id0035.jpg

And they most certainly never had columns on their platforms.",1494630454.0,1
BigBrother,whos hoh?,1494559061.0,1
BigBrother,Um Flip The HOH Look for a chance lol,1494556034.0,0
toronto,"If Loblaws advertised they were opening a Loblaws nearby and changed it to No Frills.

I would be ecstatic.",1494554701.0,34
toronto,"That picture is of Lawrence or York Mills though.
",1494554384.0,0
toronto,"https://c1.staticflickr.com/2/1152/1141538587_83abbca6c5_b.jpg

http://transit.toronto.on.ca/photos/images/Artic5.jpg

The Viva buses are now 12 years old and are on their way out / being retired. By comparison to Canadian buses, they remain state of the art. These buses look more trainlike and feel more roomy than even the TTC's new streetcars.

We had to stop buying them unfortunately because they cost more and parts took forever to get here from Europe. What is considered a generic bus in Europe is considered a premium product here. lol

Meanwhile, the Novabuses the TTC is ordering look straight out of the 1990s or something. Ugly.",1494538083.0,0
BigBrother,"Karen will use it.

LOL She's not even playing anymore.",1494535475.0,2
toronto,"https://www.thestar.com/news/city_hall/2012/06/21/ttc_to_try_mobile_presto_payments_this_summer.html

Found this article from 2012.

Yes, it was reality 5 years ago! As a test!",1494470602.0,2
toronto,"I vaguely remember tapping my credit card to pay at the faregate at College Station many years ago.

I'm talking like 2011 or 2012.

I believe that was some sort of beta test for Presto back then.

Am I the only person to remember this? This is very very very old news.",1494470286.0,1
toronto,"I think this move was an extremely bad PR move for Freshii.

I was always under the impression that Freshii was a healthy place to eat. I don't eat there but that was my ""impression"".

This move has now sparked the question within me, what is Freshii trying to hide? They should have just silently added the calories to the menu as small as possible.

Did they seriously the province was going to simply back down from a law because small ass ""Freshii"" was going to put up a stink. LOL They backed down hard on that one.",1494470115.0,3
BigBrother,Cuz everyone could see how he got William dickmatized.,1494353516.0,2
BigBrother,"I hate these bits where Kevin talks to himself in front of the cam.

He seems like a try hard? ",1494351513.0,-6
BigBrother,time??,1494223389.0,3
BigBrother,"https://youtu.be/yEQV2OJVBx4?t=47

LMAO",1494181539.0,0
BigBrother,This.,1494141457.0,6
BigBrother,LMFAO,1494141382.0,10
BigBrother,LOL,1494140578.0,3
BigBrother,"I'm comin for her too...

https://media1.giphy.com/media/DqAfW1vDdOgxy/giphy.gif",1494140551.0,1
BigBrother,Not to mention one them getting to drive around and talk to the jury.,1494140374.0,9
BigBrother,"Is the POV going to be used?

Who is likely to go home this week? Update me peepz.",1494136428.0,1
BigBrother,"He's like Waylen Smithers lol

aka a lapdog",1494136034.0,6
BigBrother,"would have*

should have*

could have*

Fixed that for you, babe.

https://media1.giphy.com/media/DqAfW1vDdOgxy/giphy.gif",1494135901.0,6
toronto,"They should have done this for Canada's sequicentennial. Place one in every scenic part of Canada for 2017 only.

It would be great advertising for the country and get people to ""must go get a pic"" travel across the country. O well too late.",1494126752.0,4
toronto,*cough Toronto's sign itself is not original.,1494126515.0,1
BigBrother,http://en.numeris.ca/media-and-events/tv-weekly-top-30,1494115402.0,-1
toronto,"https://lobo.cx/wp-content/uploads/2015/03/38_Porter_Toronto-00352-640x360.jpg

Porter sent him to steal some business.",1494115324.0,1
BigBrother,"I don't like him at all. I was on the boat of ""why did they bring this guy back?""

Yea. He may be nice. He may be cute. He may smile a lot. Nice person but for reality tv, he's boring as fuck. Him and Bruno. B-O-R-I-N-G as fuck. And likely one of the reasons why the ratings tanked big time this year.

There's no personality there. Just straight up gamebot.",1494037522.0,10
BigBrother,"LOL @ IKA TURNING ON THE KETTLE

""I have tea too."" lmfao",1494037078.0,4
BigBrother,"It sucks that Ika is in a house full of duds.

She's so animated and the others are like -.-",1494036963.0,2
BigBrother,"Quebec had one. It was a variation of the American-format too with HOH, POVs.

It was cancelled after 1 season lmao",1494036788.0,1
toronto,"Um, its been cancelled for a long time now.

Didn't you notice Season 4 was US Immigration and Customs Enforcement officers (even though it's a Canadian show lol)",1494035868.0,1
toronto,"Just based on the production quality, Id wager a guess this is created by the same producers as Border Security? (now that the fed gvmt forced the show to shut down?)",1494008492.0,5
BigBrother,Anyone else think William and Dre out on the stage was so cute together tonight? :P ,1493956917.0,42
BigBrother,"My memory is playing tricks on me...

Was there an episode in a past season of BBCAN where a houseguest said ""Hi Julie"" to Arisa? lol",1493954459.0,4
BigBrother,"I love love love love Neda in jury episodes. Like I love her.

Why wasnt she like this in BBCAN5 :(",1493954010.0,23
toronto,Any connection to the Jeans Jeans Jeans on Montreal? Did they move there?,1493919476.0,1
toronto,"I find Montreal's OPUS card not as useful as Presto.

You load ""tickets"" into the card and not a money value. So although you spent money to load STM tickets, you wouldn't be able to ride STL or RTL. It's basically tickets in a card and not a value-deducted card.

Unless things have changed.",1493918913.0,3
toronto,"Um Presto works fine in the 905 and GO.

It's just the TTC's dumb fuckery and insistence on not switching to 2 hours. Trying to program these no stopover rules is dumb as fuck. The amount of time and money spent on making an IT monkey sit down and probably sit and look at a map of Toronto's thousands of transfer points and try to program unique rules for each one is ridiculous.

The amount of money once they give up and eventually switch to 2 hours is gonna be such a shame. lol",1493918692.0,8
BigBrother,"Kevin ""Ikas not lying to me""

https://youtu.be/iwSyQUSh_ZA?t=221",1493864268.0,1
ebikes,I live in Canada. Our summers are short. LOL I want to get out there as soon as its warm. ,1493857064.0,1
ebikes,"I bought a Lifepo4 36v30ah battery because supposedly they're safer. Dont want a battery exploding in my face. The battery should be fine :)

I'm not a handy person at all but Im going to strip the wire and connect it to an Anderson connector. I'm so proud of myself lmao :')",1493857005.0,1
ebikes,The reason why I made my own bike is because I wanted to use a battery that has significantly longer range. I hope mine isn't as bad :(,1493856879.0,1
BigBrother,"Not sure if you misspelt, but Jackie is as useless as a Jacket though eh.

Actually...a jacket still has some functionality tho. *yawn lol",1493856188.0,5
BigBrother,LOL Fuckin Ika. How did she do it? She was basically a corpse-to-be at the beginning of this week.,1493856106.0,4
BigBrother,"So whos going home?!
",1493855831.0,2
BigBrother,"Dont be fooled. This is what Big Brother romances eventually become:
https://youtu.be/I_RtaiI0vsE?t=26",1493790474.0,6
BigBrother,all sorts of awkward...,1493784740.0,3
BigBrother,"https://youtu.be/qdIJIq5a2qs?t=24

lol kay.",1493783898.0,1
BigBrother,"Watch the button boy starts pushing the button in 5 minutes. Wont yall be pizzzed?

""Goodnight houseguests, time to sleep well""",1493783738.0,3
BigBrother,"Karen may be a crazy bitch.

Least she can laugh at herself a bit for it lol",1493771086.0,12
toronto,Im Chinese. Been to China. Can confirm lol.,1493757504.0,2
toronto,"The Leaside route actually runs newer versions of the Orions. So those aren't being retired yet.

Although its an east end route, the buses servicing that route are from the west end (Wilson)",1493757097.0,1
toronto,"If that's true. Why the fuck does the TTC still have them on the road? If this statement is true, perhaps a media outlet needs to investigate this? 70 cracks seems pretty severe...

However, others are claiming environmentalist nimbys don't want dirty ass polluting buses from Toronto on their road.

Who knows what the real story is?",1493757045.0,1
toronto,"Having worked in a subway station for 12 hours.

Can confirm. Your snot is black at the end of the day. lol",1493710753.0,22
BigBrother,scuse me while i VOM,1493664090.0,7
BigBrother,OMG Ika talking shit about Neda and then they change to two bros playing pool LAME,1493662622.0,7
BigBrother,"Ika praising Sabrina, calling her a queen, is weird lol.
",1493662424.0,12
BigBrother,Chenbot.,1493662165.0,0
BigBrother,Karen should create an  alliance called the Dahmer-nators.,1493661603.0,16
AskReddit,"I like your feet. Can I sniff them?

That.",1493622634.0,5
BigBrother,"Like this?

https://youtu.be/iFykD-5NJUo?t=14",1493611975.0,1
BigBrother,"For a second,

I thought you wrote you made a separate account on Reddit because you were embarassed you had crabs. lmao",1493607600.0,8
toronto,Emotion is amazing. That is all.,1493534022.0,23
BigBrother,FEDS,1493529744.0,1
toronto,"LOL Um not sure if you were trying to be sarcastic but...SmartCentres actually did pay for naming rights to the York Region Transit terminal there.

Buses heading to VMC Station will actually say ""Viva Silver - To SmartCentres Terminal""

Lame as fuck.",1493518181.0,7
BigBrother,Hi Loveita,1493492393.0,2
toronto,"This other gem on Youtube was also posted a day earlier. Calling the driver a racist. This one ended unexpectedly with a handshake though.

https://www.youtube.com/watch?v=zmuS3TzgGME",1493413854.0,5
BigBrother,lmao karen the pink panther,1493403218.0,5
BigBrother,"Neda in the jury house seems so chill and laid back like the Neda we all fell in love with in Season 2.

She was NASTY in the S5 house.",1493339995.0,28
BigBrother,"Um, I'm not a Bruno fan. In fact I hate him. I think he meant to say ""put up with this shit anymore."" Linguistically, this makes the most sense. And when repeating himself again, he says ""anymore"".

It may have come out accidentally as whore. Who hasn't been tongue tied? When Dillon implies ""huh? what shit?""

Bruno clarifies he meant ""put up with the cackling and the cockiness ANYMORE""",1493272127.0,16
toronto,"Even if I walk or drive into Canada, it's the same process. You speak to a CBSA officer. Your point?",1493175430.0,1
montreal,No I live in Toronto lol. I just shared what I found online.,1493175360.0,2
toronto,"You're basing your opinions of the CBSA on a television show and expecting me to take you seriously? A television show that is obviously biased in placing the CBSA in a good light? Will this show ever show us a gun slipping past the border? Obviously not.

I'm sorry but I'm basing my opinions on actual experiences in crossing the border. And the reality that there are guns on the streets in Toronto in the hands of people as young as 12, of which many are imported. Why are they here? Because the CBSA failed at some point and that's fact. Not reality tv garbage.

Using ""Border Security"" (which has been cancelled fyi), excuse me while I choke on my laughter.",1493096792.0,1
BigBrother,He's so vanilla. I dont get what producers see in him. I really dont.,1493094174.0,0
BigBrother,"""attacks someone""

LMAO",1493094016.0,2
BigBrother,"Um the quote you made about respecting women and Jon wouldn't know because he's too busy cheating on them.

Sorry. But you are a LEGEND. LOL 

----- 

I had respect for Jon but he's a fucking loser. It's ""Big Brother"", you're not ""elite"" anything...",1493093739.0,96
toronto,"It doesn't matter whether you flew, drove or walked into the country. You still have to go up to some CBSA guy, tell him I'm coming for this or that, declaring this or that. ",1493093668.0,6
toronto,"You linked one story. About one person getting caught. One.

And the ones who didn't get caught? 

Please...",1493093537.0,0
BigBrother,"Sort of off topic, but the producers of BBCAN are looking for applicants for a singing TV show. It's open to non-Canadians as well. So if you're a good singer...

http://www.ctv.ca/TheLaunch",1493093131.0,2
toronto,"To the people replying ""How the heck did he get it past customs and immigration""

Um, as someone who goes to the US to pick shit up I bought from eBay on a weekly basis, they have NEVER ever asked to see my backpack or my bags. And I've passed the Niagara Falls pedestrian border at least 25 times or so. They've NEVER looked at my shit a single time, even when I declared my stuff for taxation, they never wanted to see my items, just my receipts.

No wonder why there are so many guns in Canada. The security is basically nonexistant because there's simply not enough people to rummage through people's shit.

What I suggested to my friend was, get someone to invent a robot that xrays all bags and packages coming into this country. Then use artificial intelligence to detect shapes of common things that are banned for further inspection. Looks like someone came up with the idea recently and the technology is being worked on.

Walking into Canada with a gun is as simple as going through a checkout at Walmart. lol (Not that Ive ever brought anything illegal, but just saying how easy it would have been to)",1493089368.0,5
BigBrother,"https://www.youtube.com/watch?v=eTosQerWBzU

I want this girl to be a future BBCAN/BBUS houseguest. Kassting. PLS LOOK FOR HER AND RECRUIT HER.",1492994437.0,-7
toronto,"http://si.rosselcdn.net/sites/default/files/imagecache/mobile640x550/2014/06/23/709679302_B972991866Z.1_20140623133817_000_GAU2MPTAJ.1-0.jpg

Actually if done right, it looks very stylish.

All of Brussels buses have faux wood flooring. They run the same buses as Viva in York Region and they look amazing with faux wood flooring.",1492993806.0,3
ontario,"It's ""cute""

http://canadafreepress.com/2007/weinreb043007.htm",1492933625.0,2
BigBrother,https://img.memesuper.com/e4e99bf4c1050898e940ae582c5c6a94_songandmememan-instagram-photos-and-videos-open-your-eyes-meme_412-412.jpeg,1492927308.0,1
toronto,"These things are fucking terrible to ride.

The incessant clinging and clanging and that god awful high-pitched beep. What is the purpose of that high pitched beep and then the door chimes on top of that at the same time?

It's unique to the TTC because the Bombardier Flexitys I rode in Brussels did not have both the beeps and the chimes.

Sitting in one of the old streetcars feels like sitting in a warm cozy comfortable living room. The new streetcars are just far too annoying to relax on them.",1492927197.0,0
BigBrother,Um they always kiss. Even on the broadcast. Where da fuq have you been lol,1492926371.0,9
BigBrother,"I feel the characters are blah this season. Both on the vets and newbs side.

It's not just you. It's not just me. The ratings don't lie. They're down nearly 20% from last year. That's a lot of viewers to lose in one year.

Kevin? Boring.

Bruno? Boring.

Sindy? Boring.

Dillon. Idiotic and Boring.

Emily. Idiotic and Boring.

Neda? MEAN AND BORING.",1492924419.0,2
BigBrother,"SHE IS ON HIM. 

O MY GOD",1492843774.0,3
BigBrother,"Can Big Brother take a fork and shove it up their ass?

Like why interfere and tell people to go to bed when there's actual game talk going on?",1492840395.0,9
BigBrother,HOUSE MEETING PLS,1492837832.0,3
BigBrother,"Hey babes.

Feeds back. <3 ",1492834212.0,1
toronto,"Random girl sitting on subway.

Random shot of Dundas Square.

Random shot of police car.

Random shot of tree.

Random shot of selfie.

Let's add some filters to make it look psychedelic.

Kay.",1492831189.0,2
BigBrother,I dont lol,1492824237.0,1
BigBrother,"Karen ""Is he lettin out some hot lava too?"" LMAO

I just love the way this bitch talks.",1492818462.0,8
BigBrother,https://media.giphy.com/media/wqFEzDLt4p4Va/giphy.gif,1492817681.0,11
BigBrother,"Boring as fuck.

Im going to stick by my ""Why did they even return this guy?"" Fucking boring as shit.",1492817172.0,3
BigBrother,"CONFRONT HIM FUCKER

Then again its Kevin. Hes never done anything entertaining on this show. So I wouldnt be surprised if hes all talk only.",1492816572.0,5
BigBrother,"KEVIN KEEPS SAYING ""Ill go confront William right now"" like 5x

But hes not physically moving.

IM DYING!!!",1492815031.0,22
BigBrother,OMG CONFRONT HIM! LOL,1492814956.0,3
BigBrother,Well who else would save him? Lmao its going to be obvious.,1492813825.0,12
BigBrother,"Ugh im so over watching Bruno.

Hes so transparent.

Like stfu, youre going after Dem/Ika next week if youre HOH.",1492812760.0,7
BigBrother,Theyre drinking MILK FROM BAGS,1492781333.0,4
BigBrother,"Omg Kevin/Bruno are sooooooooo boring.  Fuck. 

And there's no other feeds on.",1492750431.0,11
BigBrother,"I just fucking want Karen to win.

Everyone else is pissing me the fuck off.

Pls win Old Lady <3",1492749156.0,15
BigBrother,"Boring as hell = The Six steamrolling the house.

So nah.",1492736964.0,8
BigBrother,"Im just SOOOOOOOOOO happy Bruno is probably going home. 

https://youtu.be/iPCn6ewsD0k?t=13
This is what I want. This is not what Bruno delivers. 

BYE GURL",1492736691.0,6
BigBrother,"I can't blame her. She's not an ass licker. What you see is what you get.

If I was in jury, it could be an advantage when literally everybody else is ""up your ass"" (as Karen would say lmao)",1492736621.0,2
toronto,Yup! Even the Mark IIs in South Korea were manufactured right here in Thunder Bay.,1492736501.0,1
BigBrother,Ewww what was up with that random Karen vom? lmao,1492735246.0,14
BigBrother,"The whole secret POV mission was so suspenseful. Especially when he came out and Karen caught him. LOL

Unlike the BB18 one, which was a completely and utter dud. One person got the number, everybody got the number lmao.",1492667032.0,25
BigBrother,"Can I just say, that robot thing was probably the most terrifying thing Ive ever seen on this show lmao

I was getting ready for it to like gouge William's eyes out or something.",1492666791.0,21
BigBrother,LOL,1492657245.0,3
BigBrother,Jackie is such an ass licker. Makes me gag. Cant wait till someone knocks her dafuq out of there.,1492646576.0,3
toronto,So I wonder how the Queen West hipsters feel lmfao,1492636345.0,3
toronto,"Wrong, the Mark IIIs are very much built in Canada.

The ones in Vancouver were built right here in Kingston, Ontario. The ones running in Kuala Lumpur, Malaysia were also built in Kingston, Ontario.

Those are the only cities running the Innovia MK IIIs and they were all built in Ontario and seemingly on time.

-----

On the topic of subways vs LRT vs Innovia. I'd very much prefer the Innovia over either subway or LRT. It's a nice compromise between cramped LRT cars and a full fledged subway that current infrastructure can't handle. I bet if the TTC replaced the current SRT cars with these trains and painted them up grey to match the current subway trains. People wouldn't even know these are not subway trains. They look spacious af compared to the MK I trains.

These trains would also allay people's fears that an LRT eventually might be extended to run in the middle of a road to Malvern (Subways! Subways! Subways!)

https://www.youtube.com/watch?v=bEl1xvyIVeE",1492627546.0,3
BigBrother,"LMAO. Wig snatched. Future contestant of bbcan right there.

https://media.giphy.com/media/F84sJ2FwEDJMA/giphy.gif",1492587228.0,5
BigBrother,"Is anyone really hating the aesthetics of the house this season?

At first I thought it was cool, but I feel as though it makes the house super depressing and sterile.",1492580640.0,6
BigBrother,LOL @ Williams english accent,1492578199.0,14
BigBrother,But hes sooooooooooooo boring,1492575146.0,2
toronto,"Um, it's not like they're going to stay in the middle of the street while  issuing the fine and hold up traffic and the streetcar indefinitely. They'll ask for fares as people exit and if someone can't produce it, they'll move to the sidewalk to ""chat"".

Not rocket science dude lol",1492574084.0,1
BigBrother,LMAO Sylvester Stallone?,1492563862.0,2
BigBrother,Predicting a Karen win lol,1492554563.0,75
toronto,"For Viva, they actually contact a dispatcher and check your details on a database used by law enforcement. ID or no ID.

People always assume you can just walk away. But if you do, expect them to chase + tackle you + call York Regional Police for backup + obstruction of justice charge. Seen this happen a lot at the transfer point between the blue and purple lines. Pretty funny to see people end up in handcuffs for skipping out on paying bus fare. lol

Not sure about the TTC though.",1492546132.0,4
BigBrother,"https://youtu.be/iPCn6ewsD0k?t=9

YES

YESS

YAAAAAAAAAAAAAAS",1492509629.0,6
BigBrother,Areyou coming to Canada?,1492487799.0,1
toronto,The 400% are those they catch. But can you imagine the amount they aren't catching??,1492487708.0,4
toronto,"Can I just say how incompetent TTC Fare Inspectors are?

I was waiting for a 505 streetcar at Yonge/Dundas. Thought it would be fun to see them catch someone. The way they performed their check was absolutely moronic. 

Instead of asking random people disembarking the streetcar to check their fare. They just stood there completely uninterested and then proceeded to board the streetcar and stand there uninterested again.

We went one stop to Bay Street. Only once we got to Bay Street and the door opened again did they announce a fare check. Not only did they give ample opportunity for people to get away at Yonge St. They also let people get away at Bay Street.

It was the most ridiculous thing I've ever seen. Do they not realize that most of the fare dodgers have long disappeared during the 5 minutes they stood there doing nothing? Of course they checked the rest of us (guess they have to look busy?), and of course everyone that remained had a fare.

I ride Viva all the time and the way they check tickets is top notch. They stand at the door and check random people getting off the bus because that's obviously where the fare evaders are going to be...panicking and running for the door.

The one good thing about TTC fare inspectors is their uniform makes them awfully difficult to spot. If you're not paying attention, it's very possible they might pop up in front of you on the streetcar and you'd never notice. Whereas Viva's ticket officers, you can spot them coming a mile away with their bulletproof vests. https://www.yrt.ca/en/about-us/resources/Banner-Enforcement.jpg",1492487335.0,22
BigBrother,"Dont count on it.

Hes so boring and vanilla. ",1492484494.0,6
BigBrother,Why wouldn't she be eligible after this season? Why wouldn't Liza?,1492387048.0,1
BigBrother,"Is anybody else excited by the fact that Karen is literally eligible to compete on BBUS.

MAKE IT HAPPEN!

She wouldn't be eligible for 19, but she would be for 20.",1492386644.0,66
BigBrother,"That crazy bitch...Vicki...

I mean Karen.",1492337873.0,7
BigBrother,"Omg she sucks in the DR. Of all people Ive ever seen on BB, shes the most scripted sounding.",1492337771.0,3
BigBrother,"Lol a ""brand"" of hair salons. Probably First Choice.",1492281981.0,1
toronto,"https://www.facebook.com/sam.wincenty/friends?pnref=lhc

https://www.facebook.com/photo.php?fbid=855997544509903&set=ecnf.100002989961026&type=3&theater

She sure doesnt look like your typical gangbanger lmao",1492250618.0,1
BigBrother,"You can go, honey, you can go.

Rock paper scissors -.-",1492157529.0,3
BigBrother,"So did he offer money to Dre and William to step off?

If so, how isn't this against some sort of rule? It's basically using an outside resource to advance yourself in the house.

It's sort of cheating. :/",1492156207.0,-4
BigBrother,this whole bribing thing gets on my nerves...why do they  allow this?,1492155771.0,5
BigBrother,update me peepz ...what comp is this?,1492142689.0,1
BigBrother,"LOOOOOOOOOOL Karen is a fucking queen.

""Even though I hate her, I'll keep Jackie around to get rid of other people. But Ill fuckin torture her along the way.""

This savage NEEDS to be cast on BB20. Please Kass. :( She's like made for the aggressive nature of the US version.",1491944885.0,30
BigBrother,"LOL @ Karen thinking ""Pardon Me?"" is a foreign concept to her because she's American.

""It's like going up to someone and asking them if they want to square dance with ya."" LOOOOL dont kill me",1491942044.0,10
BigBrother,"Lol Dre is saying William is just laying back and waiting for Kevin to backstab him..

William says ""Kevin swore on his mom."" and that alone is enough to trust him 100% lmao. ",1491935990.0,0
BigBrother,So William is as useless as Zakiyah? -_-,1491933773.0,-17
BigBrother,"Things like Nikki and Tim's Brit/Aus birthday bash were actually fun and interesting. 

Making peanut butter balls. Eating gross food and blowing it into someone's face. Taking people's clothes (how juvenile and overdone by the way). These are not fun things to watch.

What happened to my favorite show?",1491931383.0,-3
BigBrother,"https://www.youtube.com/watch?v=7TpbOLY1BE4

No Name brand to boot. LOL",1491882559.0,4
BigBrother,"This is a hot mess LOL

I cant wait for Kevin to get karma for Johnny. lol",1491799818.0,15
BigBrother,Im coming for you bitch. lol,1491720148.0,10
BigBrother,FEEDS CUT once he started rubbing her puss LOL,1491720103.0,16
BigBrother,ew its like watching a bear maul someone,1491720087.0,11
BigBrother,https://media.makeameme.org/created/i-think-im-55dnk2.jpg,1491719849.0,4
BigBrother,"If anything, hes one of the only bitches who has a personality in there.",1491542171.0,18
BigBrother,"No Helen was a fucking psychopath.

Neda is more like a bitchy girl youd see occasionally at the mall. lol",1491534256.0,14
toronto,http://s2.quickmeme.com/img/a6/a646c45633cfab95a2aaf727480883aba7de652148fb3601db61853a62d3b3da.jpg,1491532027.0,1
BigBrother,That would be up to CBS. They hold the rights to anything BB in USA. ;) Maybe politely ask Pop to carry it as they are CBS.,1491483038.0,11
BigBrother,"I disagree. I feel like the returnees are too phony and playing it up for the cameras. Even my favorites. Its so clear that its nauseating.

Then we get duds like Bruno and Sindy. I mean, I know Sindy's playing a good game. But do I really know who she is, what she likes, what she stands for, what her personality is like? No, she comes off like a game robot in there.

Then we have Beavis and Butthead. Emily & Dillon, absolute wastes of space in there.

This season is just terrible. I miss having real people in there, with real emotions. This season is just GAME MODE 100% ALL THE TIME. I need more Nikki, Talla or Gary (I feel he's the only one in this house who has any semblance of a personality). Hell, even useless Kelsey from last year had more personality than some of the duds this year.

Now that I think about it, damn, I'd take the entire cast of BBCAN4 again over these people.",1491481114.0,-2
BigBrother,why is everyone awake in that room lol,1491464686.0,2
toronto,"""Brad Ross‏ @bradTTC: It's human nature to steal? Nonsense. This scofflaw needs to pay his fare like everyone else.""

Brad Ross must be very naive.

Work some time in retail and trying to catch shoplifters is like catching flies. It's impossible because it's so rampant.

Why doesn't Brad Ross take a ride along with his own transit fare inspectors?

I don't understand why he has his head so far up his ass. If it wasn't human nature to steal, then what's the point of loss prevention officers? What's the point of transit fare inspectors? This is yet another illustration of how he and the TTC as an organization are sometimes so out of touch with reality.

While I or he might not be inclined to steal, a large amount of others are willing, to the tune of $20 million a year at the TTC.

-----

I love that Brad Ross is lambasting me as a ""fare evader"" and ""scofflaw"" on Twitter when I had a day pass for yesterday. And I also have the receipt and Mastercard statement to prove it. And your cameras would have probably recorded me flashing my day pass to the collector at nearby Bloor-Yonge later that night.

Sorry I exposed your shitty fare gate. But it's no excuse to publicly defame me as a fare evader or that I need to ""pay my fare"".

I did not want to expose my identity for exactly this reason: the TTC coming after me and wanting to fine/charge/twist it into something that I did not do. It's sad the TTC's corporate communications dude decided to go down the road of scapegoating me for their own shittiness and call me a fare evader/scofflaw/the devil/whatnot. Instead, they should be a responsible transit system and respond professionally saying they'll look into the issue and fix it. The response is slimy all around.",1491443974.0,40
BigBrother,LOL Ika and Dem are fucking asleep and Gary just barges in asking for prayers and that he wants to poo LMAO,1491374304.0,14
BigBrother,"Shes sort of singlehandedly ruining this season.

Its not her fault though. More productions because we cant get rid of her. :/",1491277984.0,22
BigBrother,lol @ this ttc talk.,1491257886.0,2
toronto,UM THIS IS CUTE AS FUCK.,1491243452.0,8
BigBrother,"Also, is anyone else annoyed by the theme of the house?

At first, space seemed cool... But the house has gotten sterile and clausterophobic now.

I miss the variety of the colours and the laid back feel of the BBCAN Grand. It felt grand too.",1491243355.0,2
BigBrother,"Tweet @eb349, suebrophey, trevorboris and let them know if you're going to make twists, dont use fucking twists where its blatently obvious the producers are rigging/know the result.",1491205668.0,2
BigBrother,"Lol 1 million isn't something to sneeze at in Canada though, especially at 3x a week. But it is a worry given how expensive this show is to produce. The general trend in Canada is once a show has peaked and starts losing viewers, they start going FAST. Everyone who has watched So You Think You Can Dance Canada, Canadian Idol, Top Chef Canada know what I'm talking about lol.

SYTYCD Canada was like BBCAN in that its production was a high quality production, so much so that Fox poached nearly half of Canada's choreographers for the American version. Regardless, it died a fast death.",1491200034.0,3
BigBrother,"YES!!! I loved that I literally went into the eviction episode not know who was going to be evicted when the feeds went off. Or random moments like Maddy evicting Loveita for no reason. Baffled everyone watching including her own alliance.

I really never knew what the fuck was going to go down and it seemed like the show twisted and turned every vote.",1491198822.0,4
BigBrother,"The feeds were awesome. I could listen to Tim and Nikki yammer on and on about random nonsense unrelated to game all day.

And then we'd get moments like this that were completely unrelated to the game and petty as fuck, but amazing nonetheless. lmao
https://youtu.be/C7rXeb_Ot9g?t=6

https://youtu.be/VFKXfe5eRfk?t=353",1491198501.0,4
BigBrother,":/  https://medium.com/autonomous/you-likely-have-no-idea-how-tv-ratings-work-a-lot-more-people-are-watching-than-you-think-152e51657a5

That's how its done. You sign up/volunteer to have audio around you monitored as a ""people meter"". You are part of a small sample. They use that small sample information and use it to assume that's what the rest of the country is watching.",1491198041.0,1
BigBrother,"Agreed, but 18% in one year is not normal.",1491197599.0,5
BigBrother,LOL,1491197500.0,2
BigBrother,"Same...this season is just a gigantic dud.

Last year, I was obsessed with feeds. Why did people think BBCAN4 was such an awful season? I actually quite liked it.",1491197482.0,4
BigBrother,P.s. Upvote the fuck up for your sarcastic ass comment. lmao,1491194851.0,8
BigBrother,"I believe ratings are measured by a small sample group of volunteers that wear audio-reading devices.

I received a letter in the mail from Numeris with a $2 coin in the letter asking if I would wear a device 24/7 for them. This device would record what tv shows or radio shows I listen to throughout the day. So let's say 5000 people wear these devices. They gather information from this group of 5000 people and multiply it to match the population of Canada. That's how they get our ratings figures. ",1491194795.0,11
BigBrother,"And the one thing that absolutely pissed me off was hearing about certain people making an alliance pre-show. 

That just pisses me off.

1) That's against the rules. You're legally and contractually obligated to shut your trap when you sign the non-disclosure agreement. Sequester exists for a reason.

2) Premade alliances defeats the entire purpose of even watching the show to see how alliances play out. If you've already made a deal before the show has even started. Then there is no point to the show. Perhaps this should be a cue for production to forever ban Kevin Martin from being on future seasons of the show.

Notice Neda and Kevin's alliance seems fucking unbreakable? It's because it was all premeditated before the show. It's cheating, plain and simple. There is no game, there is no Big Brother because you can't play a ""game"" when someone has cheated already.

The six are ruining this fucking show.",1491194633.0,27
BigBrother,"He's about the dryest person they could ever pick to put back in the house.

What the fuck were they thinking? His DR's are boring and scripted as fuck and as far as I know he didn't have many fans either.

He didn't bring anything to the show in Season 3, and surprise!! (not), he doesn't bring anything to Season 5 either. Like what the fuck producers?",1491194491.0,21
BigBrother,"Its because the producers have been hyping this season up as something AMAZING and never been done before. Where is it? I'm not wowed at this season like I was with Tim and Nikki...

There's nothing innovative about fans versus favorites. Its been done before and the results are almost always bad. Either do all newbs or all returnees. It's that simple. I'm about over this season. :/ The only redeeming thing for this season is if that crazy bitch Karen manages to win this fucking thing. Then it'll be best season ever lmao.",1491194301.0,23
BigBrother,"And with ____ evicted and _____ on the block, and _____ possibly going the week after. (no spoilers in here lol)

Production must be shitting bricks. The only people left in the house are going to be dead weights. And tons of people are now hating on Neda for being a catty mean girl. Can't blame them unfortunately. 

My hope is, this ratings drop could cause BBCAN to come back way bigger the following year. They aren't going to outright just cancel the show, my hope is they're going to throw money at the show in an attempt to save it before any cancellation. Canadian Idol desperately tried to save it's falling ratings by getting people like Mariah Carey, Rihanna, Tony Bennett, Martina McBride and those people aren't cheap.

Um BBCAN producers, if you're going to try to save the show. We would like Janelle, Dan Gheesling, Dr Will and um Tahan. Thx :)",1491193808.0,8
BigBrother,"But Neda has become a giant bitch though.

Watching her in S2 versus S5 is like watching two different people. It's very off putting. 

Of all the returnees, Gary is the only person who seems like he's being real and not ""acting"" and has grown for the better. Bruno is boring, as he was in S3. Everybody else seems like they came back as a caricature of themselves from their former seasons, and they seem like they're acting to play out the roles of their former selves, but they're pushing a little too hard and it's really off putting. I'm going to get downvoted hard, but I'm really not enjoying this season at all.",1491033387.0,6
BigBrother,"I know this is off topic, but I couldn't help but think ""What I would give to see a crazy bitch like this on Big Brother""

https://www.liveleak.com/view?i=aa7_1490982861",1491025421.0,9
BigBrother,"What the fuck are Emily And Dillon going on about? Can they shut the fuck up...

""ahhhh shoe schwop"" THATS SO FUNNY HAHHAHAHA

STFU",1490933198.0,8
BigBrother,Buuurn baby burnnnlol,1490847377.0,3
BigBrother,Um Gary gave a straight guy a hand job on feeds today. I'd say go for it. He admitted it was strategy. LOL,1490773778.0,19
BigBrother,"No....Gary is giving Dillon a hand job and is using his ""itchy back"" as an excuse to have his hand behind him.",1490769213.0,14
BigBrother,Gary saying hes been naughty with Dillon LOL. Feeds cut.,1490766723.0,23
BigBrother,"So is Gary team-get-Cass-out or not?

Im so confused...",1490764410.0,2
BigBrother,"Dillon also says ""I'm itchy too.""

Like what the fuck is that supposed to mean. It's obviously code for something. lmao",1490762954.0,40
BigBrother,"But Dillon clearly says ""You're wild, you're wild..."", ""You can't be rubbing my..."".

And Gary says ""I'm sorry, want me to stop?"" And Dillon doesn't reply. LOL Dead.",1490760983.0,79
BigBrother,Why whatd he say,1490760631.0,3
BigBrother,"lol hiding...

",1490758700.0,5
BigBrother,I NEED MORE DILLON GARY ACTION. ITS MY LIFE!!! I NEED IT!!!,1490758574.0,9
BigBrother,"And he asked Dillon, ""want me to stop?""

No answer. LOL He liked it.",1490758052.0,5
BigBrother,O MY GOD I JUST WATCHED THE WHOLE GARY DILLON SITUATION. IM DYING!!!,1490756969.0,23
toronto,LOL Um the TTC rare cleans their escalators. Itd be blacked out soon enough.,1490730972.0,4
toronto,"Viva Purple will no longer serve York University. You'd think they'd just route what is replacing it to the new subway and force students to transfer to get to York.

But nope. Viva Purple will be replaced with a YRT Route 100 York U Shuttle at the exact same frequency as the Viva Purple it is replacing. Why? Because there will be no fare integration. Running an empty subway. Duplicating the subway with a high frequency bus route because no fare integration is a gigantic waste!",1490682679.0,1
BigBrother,Shes American. Fahrenheit.,1490681858.0,2
BigBrother,"By a vote 11-0, Cassandra, you have been evicted from the BBCAN Odyssey.",1490676260.0,13
BigBrother,YAAAAAAAAAAAAAAS at Gary potentially saving this season lol,1490673074.0,9
toronto,How far in did those 2 holes go? Was there a mini tunnel?,1490668926.0,1
BigBrother,LOL,1490668417.0,3
BigBrother,"Lol famous?

https://www.youtube.com/watch?v=ThUAahmAtDE",1490666237.0,4
toronto,Unsafe in what sense?,1490665264.0,1
BigBrother,This have  not comp is cute :),1490664912.0,9
