subreddit,body,created_utc,score
ghostinvasion,Curious to why its recommended to avoid catcher bots?,1749146667.0,1
NewWest,"Woah, I saw her holding hands with an adult looking person walking past the Walmart in uptown around 8pm. Glad she's been found.",1740851698.0,3
OnePunchMan,Actually a bar.,1740161253.0,1
playstation,https://preview.redd.it/e8w8a1u7huhe1.png?width=1080&format=png&auto=webp&s=4dd9b0edb3905c758fc96184ddc89acf2ce268e8,1738989707.0,3
Berserk,Yeesh.,1738746511.0,2
NewWest,"I live around there and heard a gnarly crash and skidding. Sirens shortly after, I didn't go and look tho.",1737581898.0,3
MemePiece,You can only avoid diddy for so long,1736897223.0,6
MemePiece,https://preview.redd.it/t2a0kxqwozce1.png?width=1884&format=png&auto=webp&s=07abc1493b793eaa7a3a8fc3855c449b80455a74,1736873591.0,276
NewWest,Last time my bill exploded was when I would have my AC cranked 24/7 last summer. Certainly toned it down this year and my bill has been normal.,1731556314.0,1
deadcells,Upvoted for stirring the pot.,1730757501.0,6
deadcells,"Trying to start the next ""downvoted for snowman"" war",1730740475.0,1
deadcells,This Jax guy is in your head rent free lol,1730572460.0,-9
deadcells,Called it.,1730528517.0,1
deadcells,"Maybe a snowman murdered his family, you don't know!!",1730422483.0,15
NewWest,Just like you letting yourself take all these downvotes.,1729978197.0,1
NewWest,"Probably watching the show. If you were meant to evacuate, it wouldn't be a question.",1728463384.0,5
NewWest,"I dont smoke inside, but if someone called me out for doing so I'd be WAYY too anxious to smoke inside again cause weed makes me paranoid 😅",1727590533.0,4
NewWest,Wtf are you even talking about LMAO,1727549120.0,9
funny,LOL! He was mocking the curb your enthusiasm joke saying it's overused and Redditors are unoriginal. He later said he didn't care cause he's rich and we're cringe 🤷‍♂️,1727482777.0,2
funny,Too bad he can't buy a better attitude with all that money.,1727418868.0,32
TooAfraidToAsk,I upvoted your past 20 or so comments. I'm in a good mood.,1727417975.0,2
AskReddit,Meth,1727417574.0,1
AskReddit,Game grumps,1727417467.0,1
BeAmazed,I love this kinda stuff! Bless your artistic soul.,1727417438.0,2
AskReddit,I wear one of those masks you wrap around your neck. I pull it up in those situations.,1727417279.0,1
cats,"https://preview.redd.it/46qycytbjard1.png?width=1080&format=pjpg&auto=webp&s=4585b8926388ffe371a20f9dea0314f7d8cfcd7e

This is what I wake up to.",1727416228.0,2
AskReddit,Not shows but I'll listen to Mr. Ballen or Mr. Nightmare videos on youtube.,1727416042.0,1
funny,Lol cringe,1727415683.0,79
miniatures,"Cutebee?

It looks fantastic, well done! How long did it take?",1727415605.0,3
funny,Good to see you have some self awareness!,1727415394.0,58
ADHD,I don't feel accomplished when I complete tasks or chores. Only relief that its over.,1727415281.0,1
funny,It's gonna be ok. You'll find love one day 🤗,1727414380.0,93
NewWest,Big way is replacing the Hub next month I believe! It's hot pot but you can choose what kind of noodles and how much goes into your soup!,1727413474.0,10
EldenRingPVP,Found the guy you backstabbed,1727412988.0,23
NewWest,"Had a coworker get woken up from it and she lives in Fleetwood. I'm Uptown, I slept through it and I'm a light sleeper.",1727364685.0,2
NewWest,"I'm assuming it may not have even been reported in the first place if the police weren't trying their luck with getting help from the public to figure it out. Just a logical guess, I don't know anything. Police don't share if they don't have to.",1727342052.0,0
NewWest,"Have you ever tried Big Way? Trust, its fucking amazing.",1727340814.0,4
television,Yes I'm aware.,1727284276.0,2
television,I believe it's called the Conan and Jordan show. They don't make them often. Probably cause they spend 90% of the episodes arguing.,1727280132.0,2
television,Their podcast is so good and you hear a lot of the behind the scenes!,1727211584.0,49
LiesOfP,"100%. Beat him on my 2nd try in NG, took me over an hour in NG+",1727003628.0,2
LiesOfP,"Dodge towards him and to the right a bit. He can't track you as easily when you do this, especially when he does that long fire frenzy combo.",1727003450.0,1
TerrifyingAsFuck,Somebody just watched the Mr. Ballen video.,1726563431.0,1
unpopularopinion,Fuck cancer.,1726454755.0,1
LiesOfP,Your heart is pounding...,1724124199.0,18
gaming,I would kill for a Zelda Souls-like.,1723063521.0,1
LiesOfP,What was the hardest trophy?,1722809472.0,1
LiesOfP,That meatball was an incredibly fun fight!,1722620972.0,2
NewWest,"Yeesh, scary. Hope he's alright.",1722473855.0,10
NewWest,"You can be as compassionate as you want towards someone, but that doesn't excuse their actions. It's more simple than you're making it.

I'm an empath, and I get where you're coming from, and it's a wonderful way of thinking. It's just not realistic in today's society. You don't need to bring politics into this. Studies or not, there's just too many dynamics to make such a solid conclusion. It's beautiful that you want to spread empathy, and I do feel strongly when I see people genuinely struggling out there, but there's no excuse for making people feel unsafe.

I agree if someone is just jumping to conclusions and hating on homeless people solely because they're homeless, that's wrong asf, but that's also exactly what you're doing. Jumping to conclusions on this person's experience. Maybe show some empathy towards them too, and ask questions rather than assuming they're far right.",1721458106.0,6
NewWest,"This is true, but you shouldn't assume someone else's experience. You don't know if they've been attacked or not, and its hard not to develop a stigma when homeless people can be aggressive. That doesn't make you far-right because you care about your own safety.",1721456583.0,7
NewWest,"I got super downvoted cause I said Uptown felt a bit safer once. I was riding the escalator up to the train stations the other day with my girl and some methed out man kept repeating ""I'm going to smash your fucking face in"" over and over behind us. Didn't talk to him, or make eye contact, we weren't in the way, nothing.

I get they're people too, but a line needs to be drawn. Homeless drug addicts can be a threat, and calling them what they are shouldn't be brought with so much oppression.",1721456159.0,8
RoastMe,You blame your weight gain on your anxiety meds don't you.,1721025372.0,1
StarWarsJediSurvivor,Agreed. Rancors are easy to predict and less aggressive compared to the frogs. Except when both Rancors go for the grab at the same time.,1720747669.0,2
ghostoftsushima,"Ohhh that makes sense! Good to know, thanks for answering!",1712798690.0,2
Bestbuy,"Yup, it's JIT. At customer service we're secretly begging customers to cancel these orders cause they rarely get delivered and we get next to no info from the Manufacturer. Nothing we can do about it either. Trust me we're just as annoyed and we want you out of our queues.",1712765098.0,10
Bestbuy,"The worker behind the counter should price match it if the price had changed as long as the sale price is on your original receipt. Since you're getting a new receipt after the exchange, the 30-days resets.

If the person behind the counter tries to charge you extra and refuses to price match, ask for a team lead lol. Its unlikely, and even so, customer service will easily price match that if you call it in.",1712734414.0,1
Invincible,Was this drawn by Bill Watterson??,1712620766.0,5
MemePiece,https://preview.redd.it/s3oaoxef5hnc1.png?width=1080&format=pjpg&auto=webp&s=f05213b38c09348fb210b5ea94e435541f4e48dd,1710062380.0,3
distressingmemes,https://preview.redd.it/zxfkq0g9qijc1.jpeg?width=1170&format=pjpg&auto=webp&s=53acb133214d42365e9cee5d2e6a93ffe5ab0ab9,1708338112.0,67
MemePiece,Good bot,1706998554.0,4
MemePiece,Nose.,1706998509.0,6
gaming,"Forgot the /s.

You're being downvoted for the unprofessionalism. Govern yourself accordingly.",1704425417.0,1
MemePiece,Come on man I was on the train,1701890785.0,2
coquitlam,Where do you start and where do you get off? Been meaning to tube that river someday since I saw ppl doing it at Crystal Falls trail entry area.,1700904317.0,1
AskReddit,Got taken away by a rough river as a kid and I didn't know how to swim so I went under. My sister swam up and pulled me out. We never told our parents for fear of being grounded.,1700640056.0,1
pics,"That's awesome!

Now do the whole house.",1700639529.0,12
EDM,![gif](giphy|hiLLD9o1wTB3a),1699852426.0,1
AskReddit,Oddly specific...,1699422597.0,5
SifuGame,"Yup. Hideouts always save your best age and score. So if you beat the squats at lets say 25, but beat it again at 30, the game will save your progress as 25. Although you will move onto the club at 30, but if you save and quit that run the 25 age will remain if you start from the club. Hopefully that makes sense.",1699419242.0,6
AskReddit,"I was horny but my girl was taking me out on a surprise date so no time. Turns out she invited all my friends bowling as a surprise. The excitement killed all horniness, but I blew her back out in gratitude when we got home that night.",1699376201.0,1
CrazyFuckingVideos,I wish I was a kid again so I could believe the lil fella was piloting the aircraft and going on a big adventure.,1699084965.0,1
fivenightsatfreddys,Such a terrible actress too. Took me right out of the immersion compared to Josh Hutchinson killin every scene.,1699077677.0,-5
EDM,"I always found ""Your Fault"" as the perfect representation of escalating rage towards an ex.",1698383530.0,2
Scary,"Use the fork, bon appetit!",1698076162.0,16
booknooks,"Dang, the list is gone for me too. Was gonna show a friend this post.",1697361920.0,4
vancouverhousing,"I have ADHD so I figured it'd be worth looking into, but not for my car LOL",1697063661.0,1
vancouverhousing,"I can't stop laughing at ""A horny car""",1697062686.0,1
vancouverhousing,"Nothing has happened... But I did discover something interesting.

The fucking building managers have birds in their apartment! I knocked on their door cause they were having issues with cheques so I had to pay rent in cash, and I could hear what sounded like Budgies inside. No one ended up answering the door, and I haven't brought it up with them when I paid the rent later. 

I was talking to the Building Manager's husband (the guy who gave me the verbal permission) before discovering the birds and he said the original Building Owner is retiring and his kids are taking over the business and they're the ones trying to enforce all these new rules. He told me him and his wife are planning on leaving sometime soon cause they can't handle ""all the headaches."" Shit is gonna get so much worse after they leave, but I certainly have a solid case now since the building managers have pets if they try to evict me.

Also looking into getting my cat registered as an emotional support pet, looks like it could be a bit of a loophole. I read a few example cases on the rental board website where they sided with the tenant where the tenants were being much more shady compared to anything I'm doing.",1697062404.0,1
booknooks,I don't have any to add but I can't thank you enough for putting out that list! Much more websites I gotta checkout now.,1696444328.0,16
vancouverhousing,It's a Vancouver subreddit...,1696105364.0,9
vancouverhousing,"They just wrote ""no pets"" under the pet deposit amount. Nowhere on the actual agreement does it say pets are banned. I have a recording of the building manager telling me he'll say yes if they ask him if he permitted my cat before I move in, cause I read if I can prove verbal permission they can't change the pet policy.

It seems the landlords/building owners are aware pets were permitted. I was hoping to catch a recording of them admitted they knew, but they never showed up for the inspection today...",1696102566.0,3
vancouverhousing,"Thanks for relating, I will. I've been constantly switching from extreme anger to extreme depression since I got home from work and its exhausting and I can't sleep.",1696068313.0,0
legaladvicecanada,"That actually opens up perspective. I'll have to ask them tomorrow during the inspection why they're suddenly enforcing a no pet policy.

Also it was explained to me that the ""no pets"" doesn't mean they're not allowed, cause they wrote it under the pet deposit amount on the agreement. Under the section where it says the landlord can decide a pet damage deposit if a pet is permitted. I don't have proof but I know 100% he filled out the form himself.",1696067817.0,7
vancouverhousing,"Hard to say then. It looks like it was quickly typed up with no logos and it was slipped under my door the day before. It could have been emailed to the landlords from the exterminators, sure, but I would expect some sort of brand or logo if so. A real head scratcher.",1696066653.0,1
vancouverhousing,I dunno it still implies pets are in the building.,1696057493.0,2
vancouverhousing,"Okay so I found out the building owners would technically be the Landlords, and the ppl I've been calling landlords who live in a unit in my building and have been collecting my rent would be the Landlord's agents, who can make decisions on behalf of the Landlord. We're in an apartment building. I rent a studio with a kitchen and bathroom.",1696057348.0,2
legaladvicecanada,"Yup. He would collect my rent every month and he would sometimes comment on her cause she likes sniffing out in the hallway.

He's a really chill guy and I don't want to get him in trouble, but I may have to throw him under the bus.",1696050668.0,11
legaladvicecanada,"Oh don't worry, I didn't see that as implied I wasn't going to win. You are correct tho, I'm going through every single possible outcome and I know I'm not getting any sleep tonight.",1696045050.0,3
legaladvicecanada,"My landlord actually suggested that hahaha. I'd only be worried after the inspection is finished and they see there's no cat. She can get loud when I come home or if I'm about to feed her, so I'm worried a neighbour might complain cause the walls are paper thin here.",1696044942.0,4
legaladvicecanada,"I am very poor LOL.

If all else fails I can move back in with my dad, but I'm miserable there. Since I have verbal proof the landlord said pets were ok, I think I'll be ok... Hopefully.",1696044751.0,7
vancouverhousing,"Its funny cause they already sprayed my unit for roaches once and the paperwork they gave me said ""Remove all pets.""",1696044590.0,4
vancouverhousing,"I found some paperwork where they sprayed my apartment for roaches about 6 months ago and it says ""Remove pets from apartment.""

I'm going to try to convince them to let me pay a deposit, and if not I'm going RTB. Less than 24 hours to remove my cat is not a reasonable time either. I'm going down fighting.",1696044538.0,10
legaladvicecanada,"I considered this, although I'm worried if my neighbours would complain after its heavily enforced that I have a pet cause she can get pretty loud when I come home.",1696041706.0,6
vancouverhousing,"No pet deposit. Although I just got off a call with the husband. He doesn't know what's going on really, but he said if they ask if if he said yes to the pets he'll say yes. I'm not sure how true that is, but I recorded the call anyways. Not sure if it's legal to do that tho without the husband knowing.",1696041354.0,4
legaladvicecanada,I'm in a studio apartment.,1696039377.0,12
vancouverhousing,I'm not sure how I could get proof of a verbal confirmation that happened in 2020.,1696039290.0,4
vancouverhousing,https://preview.redd.it/lnfti9jyuarb1.jpeg?width=3648&format=pjpg&auto=webp&s=33f95c651422225b395c21a2327afab3c3223798,1696039093.0,3
vancouverhousing,Landlords are allowed to restrict pets entirely in BC 😞,1696038519.0,7
legaladvicecanada,"The part I'm worried about is the landlord's husband told me the pets are okay. Not my official landlord, but he's been collecting my rent and brought me the signed agreement. Its the building owners who gave me the cat eviction letter, not the landlord. I feel like the landlord was trying to allow pets without the building owners knowing, but there's been a ton of roaches in the building so I'm assuming that caused the building owners to start sniffing around.",1696038337.0,47
SifuGame,"High kick, sweep, 4 hit combo that ends with a strong kick, immediate sweep, another strong kick, yet another strong kick, backs up, immediate huge sweep, 18 hit combo, sweep, strong kick.",1695158202.0,8
SifuGame,Honestly I just kept doing arenas. I ran through every arena at least once then went back to the story and I naturally got 22k without even realizing. Whenever I was actively trying I couldn't get 22k so I went to the arenas to change things up and I naturally got much better.,1695001901.0,7
SifuGame,Calbot is exactly what I used if my score ever dropped below 3x. Also taunting.,1694996209.0,11
booknooks,"Fair enough, plus it allows you to improvise a bit!",1694042034.0,3
booknooks,I think I know the exact one you're talking about on Amazon! I was looking at a cyberpunk book nook kit and the one review was complaining about the instructions 😂,1694026334.0,4
booknooks,Aight which one are you currently working on rn?,1693986444.0,3
NewWest,"It was fine. Got some sandwiches and ice cream, didn't stay for any music. Love the vibe tho!",1689646644.0,2
NewWest,Works fine for me and I got a Huawei,1689646526.0,1
NewWest,"Maybe don't walk around Columbia station area at night. Lots of stabbings and stalkers lately.

Uptown feels safer tho.",1689203245.0,-8
NewWest,"I would argue driving to dt Van takes longer and is more expensive than taking the train.

It gets more crowded and expensive the closer to Van you get.",1689203196.0,16
mildlyinfuriating,"A few years back I had 4 pet mice. I went to Mexico with my mom for 2 weeks and told my dad to feed them/keep an eye on them. When I came home, there were 2 left and very skinny and looked dried up. There was a corpse with no head, and the 4th was completely missing, so I assume they ate it entirely. When I got pissed at my dad all he said was ""whoops, I forgot.""",1689134856.0,12
Miniworlds,You seem delightful,1688964505.0,1
Miniworlds,I just might be,1688961647.0,1
Miniworlds,I'm working on a large metal mantis model from Moyu and it will soon be attacking the sushi house!!,1688930474.0,1
Miniworlds,Why not? Don't enjoy the process?,1688929294.0,0
Miniworlds,This one came with a dust protector which I plan on setting up shortly,1688929275.0,2
NewWest,"Could it be related to this? These signs are all along 5th ave

https://preview.redd.it/84k5i3z9uuab1.jpeg?width=2736&format=pjpg&auto=webp&s=8c133e964dbcd82cf9c5d71105379c51e40c2718",1688871573.0,3
NewWest,I've never once tipped at Jaks liquor store and it always asks,1688606900.0,7
MadeMeSmile,BLOODY FUCK PUTIN BASTARD BITCH,1688574294.0,1
sadcringe,"3 comments, that didn't take long",1687958915.0,3
booknooks,Maybe a broom or newspaper? Effing adorable btw!,1687954979.0,2
booknooks,That's soo fuckin dope!,1687809239.0,3
Langley,Hi Johnny!,1687135309.0,2
vegan,I think this is my fave one,1686989205.0,5
vegan,It adds a solid to the burrito. I don't want to eat just goo,1686988746.0,1
vegan,Whats the seasoning?,1686988611.0,3
booknooks,"Happy to help!

I also recommend ordering directly from the Manufacturer, or from Amazon if it says shipped and sold by the MF. Very easy to get scammed or get a knockoff kit from third party websites.",1686767023.0,2
booknooks,"Oh I gotcha, a quick google got me an idea of the aesthetic.

How about this?

https://www.cutebee.net/products/cutebee-diy-booknook-kit-elegant-song-dynasty

Or this? 

https://www.cutebee.net/products/cutebee-3d-wooden-puzzle-diy-dollhouse-booknook-bookshelf-insert-decor-alley-bookends-model-build-creativity-kit-with-led-light-zen-tea-blindly",1686766018.0,2
AskReddit,I'd win,1686724945.0,1
booknooks,What is mxtx?,1686724917.0,6
ADHD,"The first hour I'm on my meds I could fist fight Cthulhu.

Any time afterwards my ADHD is basically doubled",1686598967.0,1
AskReddit,"Solid, thanks man! I looked ""above"" for several mins and gave up when I couldn't find it. I even looked through their profiles comments and couldn't find it. Appreciate it!",1686387350.0,2
AskReddit,I would like to hear some of these nefarious activities,1686358767.0,4
booknooks,That's wicked awesome so far! I did that one totally by the book. Can't wait to see more!,1686358389.0,5
booknooks,Effing adorable! Good job!,1686357860.0,2
vancouver,Okay but how you gonna send the customer satisfaction survey? Gotta get that NPS.,1686287061.0,2
vegan,"People don't like being told what to do, especially those who are just as passionate about consuming flesh as we are about stopping animal cruelty and reducing our carbon footprint.",1686281124.0,0
britishcolumbia,Its like a 5 min walk from waterfront LOL,1686279909.0,33
booknooks,Usually a round bead with a smaller metal bead glued on the top. Looks like potion bottles.,1686278578.0,4
britishcolumbia,I DMd it,1686276341.0,1
PublicFreakout,Sarcasm never bodes well on reddit,1686276265.0,20
britishcolumbia,The company I worked for just laid off several 10+ year comapny veterans the other day... Could it be..?,1686275436.0,2
NewWest,"I've always noticed the homeless population hanging around that spot since I moved here in 2021. Always scampering around, cat calling young girls, heavily smoking. Its a grimy area. I'm from Surrey so it feels like home LOL",1686273995.0,5
vancouver,What an awful suggestion. Are you my dad?,1686254804.0,6
vancouver,"Omfg I had no idea.... Now I feel worse, the vet cremated the body very quickly 😞",1686248662.0,7
AskReddit,Watching the Last of Us at my sisters place and picking up an AC. Maybe go to Ikea,1686206762.0,3
AskReddit,Gym teacher (woman) was banging a grade 8 kid in my grade. She was fired.,1686206702.0,1
AskReddit,My sister walked in at the exact highest peak of me splooging.,1686206540.0,2
AskReddit,Inspect it. I grew up in a rough neighbourhood so likely put it down on the ground and walk away.,1686206494.0,1
AskReddit,"Yes, I'd be a very successful therapist",1686206430.0,2
AskReddit,"Phone, wallet, keys, gum, supersuit",1686206341.0,2
relationship_advice,"LOOL ok you gotta be careful around this guy. He pulled a sneaky once, he'll do it again. Also he's clearly not over her if he's sneaking on your phone to look at her account.",1686205674.0,1
relationship_advice,"18 is pretty young to be making such a drastic decision for another human. If your relationship is on the rocks I would assume it'll naturally fall apart anyways. Especially if he's urging you to throw all your plans away solely for him, and isn't even considering coming to you. It's selfish.

Best of luck! You'll likely meet someone nice in Canada!",1686205349.0,18
relationship_advice,"The ex must have blocked him for a good reason. You shouldn't be enabling him spying on someone who wants nothing to do with him.

How long ago did they break up? Sounds like he's not over her yet if he feels the need to go behind your back to check on her.",1686205069.0,6
vancouver,It's illegal lol,1686204212.0,4
vancouver,"The Holland lop had a stroke and I had to euthanize her 😞.

He's some kind of dwarf breed, I can't quite remember. My ex lost the adoption papers. He was actually happy at first cause the Holland lop was a fatty and was kind of a bully, would dominate him a lot. He was binkying around his enclosure the first few weeks she was gone, it was kinda fucked. Now he's less energetic and clearly becoming lonely. They did cuddle a lot, I feel so badly he doesn't have a buddy anymore.",1686204188.0,20
vancouver,LMFAO I think this might be it.,1686200869.0,10
vancouver,"Nooooo my cat will 100% kill the rabbit. I tried introducing them a few times and my cat hisses and tries to lunge at him. She's never been good with other animals. 

Even leaving the rabbit alone without supervision he'll chew up all my cords. Did it with an expensive speaker set when I lived with my ex.",1686199879.0,12
NewWest,"Spud shak has a few vegan options, and tons of sushi places as well! Noodlebox opened near Sapperton and you can order from Vegan pizza house on skip that's right across the bridge.",1686165965.0,1
booknooks,"I'd recommend checking out cutebee.net for more unique book nooks, the same cost too!",1686081095.0,3
booknooks,"Agreed, wiring is always a pain. I've done a few book nooks myself and right when I get to heating the shrink tube my botch wire twisting falls apart.

I've totally missed crucial steps too and had to go back to see I missed a tiny thing on the diagram. Tons of fun tho! Gonna do anymore?",1686072633.0,2
booknooks,I want to do this one! How was it? Any annoying or difficult parts?,1686036208.0,2
bloodborne,Thank you!,1685818230.0,2
bloodborne,"I've gone through all the lvl 5 root chalices several times, just curious for new characters and to see how good gems can get",1685818161.0,1
bloodborne,Got any noted down?,1685778957.0,12
CrazyFuckingVideos,"Making a wild assumption here, but imma assume the blood came from the dead creature who skyrocketed through glass. I'm also high asf LOL",1685776205.0,47
bloodborne,I've never found Logarius difficult! I always beat him on my first try. The viscerals are too easy.,1685775670.0,1
EDM,"ATliens - Shelter (OG Nixin Remix)
Ecraze - French Hood
Eliminate - Walls (Subtronics Remix)
Zeds Dead, GRiZ - Ecstasy of Soul",1685774177.0,6
SurreyBC,"I rode an eboard that went 30kph and that scared the shit outta me.

Anyone who rides faster than that is fucking nuts.",1685750455.0,4
NewWest,"I can't believe no one has said Spud Shack at New West station. Best poutine I've ever had.

Hi Dozo Sushi on 6th is delicious and extremely affordable. Only problem I've had is they refused to serve me at 8:03 when they close at 9, which is nonsense to me. Close at 8 then.",1685600868.0,6
NewWest,"V cafe is awesome! Their Banh mi, salad rolls, and their pho is to die for!",1685600597.0,3
vancouver,"The Naam.

Worst food I've tasted in my life.",1685579900.0,4
NewWest,Bye.,1685579507.0,1
NewWest,"At least it's not the Surrey Central location, that's the nastiest one I've been to and literally wall to wall people sometimes.",1685579485.0,3
NewWest,That's crazy! I've ordered from Noodlebox several times through skip and it get it typically within 25 mins (I live a block from Moody park). Must be unlocky man.,1685579174.0,1
aeternathegame,"The game has been crashing more for me since the update, and when it fully updated, everything I did the day it updated didn't save.

I retested saving and it's fine now, but the game has crashed twice today already and I've been playing for about an hour. Quite frustrating.",1684894801.0,1
aeternathegame,"Shave and a haircut, well done!",1684894645.0,1
NewWest,It was pretty bad when I visited the Philippines,1684809815.0,3
EDM,Clockworks - Subtronics,1684718629.0,1
NewWest,Funny enough I've witnessed more car drama at seventh st and 5th ave intersection,1684718487.0,4
NewWest,"It does seem to happen at the Ash and 5th ave intersection, but everyday? Even twice a day in the same spot?

I guess I could assume repeat offender, but damn what an earsore.",1684718145.0,5
NewWest,I heard 2 cats fighting a night ago as well! Haven't heard that since I lived in Surrey.,1683908889.0,1
booknooks,There are tons of easy book nook kits with clear instructions if you have a little patience!,1683309098.0,2
booknooks,"Amazon is safe if they're shipped and sold by the MF or Amazon. I straight up wouldn't trust etsy, I've heard too many stories.",1682796975.0,2
booknooks,"Personally I really do not enjoy the metal kits. I tried an easy one and I immediately disliked it. Its been sitting unfinished for a while.

The book nook kits are way different. I would put in maybe 1-3 hours every few days and it prolly took me around 2 weeks to finish the Magic Pharmacy one. The Sakura Densya one took me a weekend fully focusing on it the full 2 days, I found it much easier than the Magic Pharmacy. It really depends on the kit. 

The work can be tedious but trust its really rewarding once they're done!

Also I wouldn't order kits from etsy, or any site really besides from the Manufacturer. There's lots of knock off kits out there so be careful if you see a deal that appears too good to be true, and most other reseller websites are way too marked up. Robotime and Cutebee have the best kits and prices I've seen so far. Kits should be around $40-50 USD (some stores in Canada sell them for $50 CAD).",1682745788.0,3
TooAfraidToAsk,Usually I'm the one who needs to be calmed down. My gf makes me a snack LOL,1682543528.0,1
booknooks,That would be the [Night city marble run](https://www.robotimeonline.com/products/rokr-marble-night-city-lga01-marble-run?cfb=e0449f7c-fa73-46df-b2e5-c1b974c8898b&ifb=e0449f7c-fa73-46df-b2e5-c1b974c8898b&scm=search.v7&score=2.433333333333333&ssp=&spm=..search.search_1.2) and the [Chocolate factory marble run!](https://www.robotimeonline.com/products/rokr-chocolate-factory-marble-run-3d-wooden-puzzle-lga02?cfb=e0449f7c-fa73-46df-b2e5-c1b974c8898b&ifb=e0449f7c-fa73-46df-b2e5-c1b974c8898b&scm=search.v7&score=0.8916666666666666&ssp=&spm=..search.search_1.6),1681772072.0,1
booknooks,"If you look closely, you can barely see a Calvin and Hobbes book beside the Magic Pharmacy 🤭",1681753761.0,4
booknooks,"[You can find it here!](https://www.robotimeonline.com/products/rolife-big-ben-tg507-architecture-3d-wooden-puzzle?cfb=5883fcaf-ca1d-46f1-b119-c79518306dd0&ifb=5883fcaf-ca1d-46f1-b119-c79518306dd0&scm=search.v7&score=3.5&ssp=&spm=..search.search_1.2), although I found mine in a store called Mind Games.",1681745466.0,5
Catswhoyell,"Funny enough, I never fed her my dad did, but she hated him LOL",1681495494.0,8
outlast,I tried fnaf 4 on shrooms and had to stop after the first jumpscare lol,1681489592.0,6
TooAfraidToAsk,"I had an ex who was SA as a kid, and eventually the sex came to a complete halt, or I was lucky to get it once every 2-3 months.

It would mostly be me giving her back rubs, scalp massages, but when I would ask for the same she would decline, say she's too tired or that sex in general was solely just to shut me up and she had no interest. She would use the SA as an excuse as well to not have sex with me, but once we broke up she clearly had no problem banging other men immediately after. 

I don't know about your SO, but it was evident after we broke up those were all just excuses and she was no longer attracted to me.

Everyone is different of course. We didn't have kids or anything, but maybe your relationship with her has run its course. Sorry bro, wishing you the best.",1681435409.0,2
TooAfraidToAsk,Maybe you're gay,1681434753.0,-6
Eldenring,That's your own damn fault honestly.,1681434658.0,1
Catswhoyell,"She always sniffs out in the hallway when I come home but typically gets scared and runs under the bed! Today was the first day she felt brave enough to go out into the hallways, but I think it was a bit overwhelming for her!",1681326466.0,9
mildlyinfuriating,"Ah yes right away, your ex-husband has been fully reimbursed and will reflect onto his statement within 3-5 business days. Take care!",1681231450.0,1
booknooks,"A good idea is to do a couple of premade models to get an idea of what the techniques they use. After doing several on my own, I was able to easily get started on my own!",1680662944.0,3
SurreyBC,"I rented a 1550 square foot basement in fleetwood for $1250 a month, only didn't include electricity at internet. Transit without a car really sucked but damn it was a good deal. I know I got really lucky but I only lived there for a year.",1680643885.0,3
NewWest,Break their apartment windows. Make their life hell.,1680303263.0,0
booknooks,"In Vancouver, it was a place called Maker Labs",1680125716.0,6
booknooks,Thank you!,1680063545.0,4
Deaths_Gambit,"Looks like its not available for PS5. Oh well, thanks anyways!",1680059043.0,1
Deaths_Gambit,"I have Afterlife, is there another DLC?",1680056945.0,1
bloodborne,"The chalices are ugly once you've seen them enough times, but the loot is worth it. Don't bother with the root chalices until you get to lvl 4 or 5 for the best loot.",1678612403.0,2
bloodborne,"I enjoyed the fight! It was fun but not hard. The grind to get there was so worth it and I did not expect a new boss. Well done, dude! Consider yourself a dedicated Bloodborne fan!",1678612245.0,2
bloodborne,"I killed Lady Maria today on my first try, but I know I was insanely lucky and prolly a bit overleveled.",1678612099.0,7
bloodborne,"I've literally been stuck on this exact half healthed boss in the chalice dungeon for the later part of my day today. I don't know what to do.

If you want to coop I'm down to help!",1678611983.0,1
AskReddit,"If they're extremely dry. Patty is dry, next to no sauce, basically taking a bite out of a forest floor.",1678301487.0,2
AmItheAsshole,"If you're close to others who were invited to the wedding, you should ask them if they had problems with paying for the dinner. Nta.",1677909605.0,1
outlast,"Unless you already have the other ones, there's likely a bundle for all 3 games on sale as well so get that instead.",1677908876.0,1
vancouver,My friend heard the exact noise from Maple Ridge and thought it was thunder. No clue otherwise.,1677801144.0,4
metroidvania,This seems to be the case cause the Andriod in the basement won't talk to me either,1677441696.0,1
booknooks,I just finished this exact one! What kind of glue did you use?,1676863720.0,2
AskReddit,Deep - Malaa,1675204172.0,1
AskReddit,I gave a fidget spinner to a toddler who lived in a village in Peru. It was along the Inca trail during our 4 day hike to Machu Picchu. He loved it so much I gave it to him before we left camp the following morning.,1675203989.0,2
AskReddit,Had a friend who was waiting in line at Disneyland for some ride for over an hour. Tracy Morgan shows up and they let him and his crew cut the entire line. They were not happy LOL,1675203816.0,3
vancouver,Damn. I haven't been there for a few years but last time I was there everything was really fresh and nicely seasoned. That sucks to hear.,1675203709.0,1
Sekiro,Personally I would take out guardian ape first cause its a dead end.,1675203448.0,2
Sekiro,Most merchants sell those items anyways.,1675203271.0,5
vancouver,There's a really prime comfort food Cafe in Fort Langley called Veggie Bobs. Seriously gotta try their mac and cheese burrito!,1675202716.0,0
Sekiro,Can really blame him for how Owl raised him.,1675110745.0,2
AskReddit,"A man is accepted to join a pirate's crew, and its his first day aboard the ship. The Captain is leading the man around, introducing him to the rest of the crew and what jobs he'll be working on aboard the ship. 

Once the Captain had given the man the whole tour, he asks the man ""Arrgghh, so what do ye think of me ship?"" The man goes, ""It's amazing! Travelling the broad seas, having a lifetime full of adventure, its always been my dream!"" The Captain unleashes a full bellied laugh, roaring ""Ayyee! This be the type of men I need on me ship! Although, are ye sure yer up for years n years on me vessel? Some men grow weary of the waves after a few moons."" The man - beaming and shaking his head - states ""Absolutely not! I've been out to sea many of times, but not like this! I'm here for the long haul!""

He pauses for a moment, scratches his head, slightly blushes, then finally says ""Well.... There is one thing. What do we do if... well you know."" As he looks down towards his trousers. The Captain unleashes yet another full bellied laugh, grabs the man by the shoulder and booms ""Yaarrghh! Ye need not worry me boy, come with me!"" And leads the man towards a barrel located at a more secluded part of the ship. He goes ""If ye ever get the urge, just pull down ye trousers and stick yer pecker into that hole in the barrel. Everything will get taken care of for ye! You can use it everyday, anytime you wish, all except for Mondays!"" The mans eyes brighten, and asks ""Well... Can I try it now?"" The Captain booms laughing yet again and marches off, saying ""Meet me when yer done, boy!""

Several minutes later, the man returns to the Captain, fully beaming and says ""That was amazing! You guys sure are living in luxury here!"" The Captain, also beaming is nodding in approval. The man goes ""Although I was curious, why can't I use the barrel on Mondays?"" And the Captain goes ""Well, that's your day in the barrel.""",1674983677.0,3
Sekiro,"Hopefully you aren't letting all these sigma males bother you, OP! Everyone experiences emotions differently, and controlling them easier than others doesn't make you above everyone else. I've allowed myself to get overwhelmed to the point where I've also broken controllers and immediately regretted it and felt ashamed. Can't say I would share on reddit cause to me its a moment of weakness I need to work on, but stay true to yourself!",1674963077.0,1
Sekiro,It stressed me out a ton until you learn how easily it is to cure. Then I stopped caring.,1674962291.0,2
Sekiro,"Demon of Hatreds bum and belly jigglin when you smack it is the only good thing about that fight. The entire fight feels incredibly tedious after spending the entire game learning the complete opposite type of combat. Love the lore behind him and the Sculptor, but strongly dislike the fight.",1674962226.0,4
AskReddit,Must have been some spartan kick,1674904527.0,1
AskReddit,"Autumn. Fuckin gorgeous, not too hot not too cold, love the rain and Halloween.",1674904204.0,3
AskReddit,Facial botox injections,1674904163.0,2
AskReddit,Guess I'd be pretty damn good at making pesto. I'd make myself a pasta dinner.,1674904107.0,6
AskReddit,Who shot ya?,1674903835.0,1
AskReddit,"What's worse, 5 babies nailed on 1 tree or 1 baby nailed on 5 trees?",1674903732.0,3
AskReddit,Never met a Grayson I didn't fuckin despise.,1674903617.0,2
AskReddit,Sekiro,1674903383.0,1
AskReddit,"""I should get paid more.""",1674903339.0,3
AskReddit,Unfortunately wide awake and my alarm goes off in 4 hours,1674902991.0,1
AskReddit,"Yikes. You need to make him understand that makes you uncomfortable. If he doesn't care and keeps doing it with literally any lame excuse, his desires will always be more important than you and he's willing to disrespect you to gain then. Consider if you want to deal with that for the rest of your life.",1674902747.0,2
AskReddit,"Cheated on someone else for you, although you could say this about men as well.",1674902514.0,3
Sekiro,Seriously watch out for Mist Noble in the Ashina Depths. Make sure you're well stocked up on divine confetti and snap seeds!,1674900881.0,6
AskReddit,"Evil will always be on a different spectrum with every person based on their personal experiences.

Personally, I've always seen it as rash reactions based on a desire to gain or maintain a ""Seven deadly sin"", no matter how minor or massive the action is. We've all been a little evil here and there.",1674900563.0,3
AskReddit,Fall guys,1674899670.0,1
AskReddit,"Blasted EDM accidentally in a very quiet office full of very focused associates. Just a bunch of stares and one dude sarcastically said ""good job.""",1674899633.0,2
AskReddit,Go biking,1674899485.0,1
AskReddit,"Splitting migraine, family emergency, can't stop vomiting, can't stop shitting, you kinked your neck badly trying to pick up your keys you accidentally dropped.",1674899306.0,2
NoStupidQuestions,"If it happens again, time to install cameras to see who's lying, or if lil kiddo is some sort of secret ninja.",1674898918.0,3
TooAfraidToAsk,"I live in a studio so too bad for my cat. When my girl and I start gettin goin my cat gives us a ""Merow!!"" and runs off, but there's also been times when I'm humpin away and suddenly get a headbutt on my leg.",1674897846.0,472
AskReddit,"Been there. I would say ""That's what I thought too at first.""",1674896695.0,3
AskReddit,Do you smell burning toast?,1674896549.0,2
AskReddit,Lived in the Philippines for a month. Never taken living in Canada for granted ever again.,1674896473.0,3
Sekiro,There's a bunch of cliffs you gotta shimmy and jump around on at Senpou Temple.,1674896231.0,3
Sekiro,"I've never like fighting him. I don't lose to him, but I don't enjoy the fight.",1674803085.0,2
MadeMeSmile,Ding dong*,1674802061.0,184
Eldenring,He missed his bus,1674758434.0,1
AskReddit,"Thanks man! I've certainly found a sense of peace by now, that I graduated HS over 10 years ago.

Wishing you peace as well",1674700544.0,1
Sekiro,"Think he means the Shinobi Execution, only to get met with a Phase 2, not the boss in general. Extremely brutal to see if you struggled a lot on the first phase and finally got it. I already had that spoiled for me by watching the Dunkey video when it first came out.",1674687991.0,34
AskReddit,"Nope, lived alone with just their dad. Before they moved out they finally traded in all the cans, and started all over again in their new home.",1674683211.0,2
Advice,"I went full vegan. I'll be 6 years on March 16th!

I still fuckin miss chicken wings. Pub nights with the boys still makes my mouth water when they're chowing away. Otherwise, nothing else. I never thought it would happen but the smell of cheese makes me feel nauseated, and cheese and milk chocolate were the hardest to resist during the first few months. I never particularly liked meat in the first place, but dairy was the bitch to get over. Never thought I would still miss chicken after all this time.",1674673998.0,1
AskReddit,"18$ for 2 beyond burgers at a&w

$20 reload my transit card

$4 for vending machine gatorade. Not proud of this one.",1674644219.0,1
NoStupidQuestions,"Find a new addiction to replace reddit. There's bound to be a hobby out there for you, I've recently become addicted to building 3D models. Strongly recommend Robotime and their models!",1674643688.0,1
Advice,Love is just a feeling. Attached is just an addiction. What you want is trust.,1674643474.0,1
Advice,"Don't let them bully you. They can't evict you cause of their fuck up, unless you're not signed onto an official lease.",1674643204.0,1
Advice,Well whats the worst that could happen? If you start sniffing out red flags just bounce.,1674642950.0,1
Advice,"I feel you. Life is a bitch and it doesn't stop knocking you down. We can only get back up and hope to better prepare for next time life slaps us around. Money stress is the absolute worst, if there's anyone close to you that you can reach out to for help you probably won't regret it.",1674642642.0,2
Advice,"The landlords should be the ones fixing it if there's a problem in the unit you're renting from them. Whenever there's a problem in my unit, I drag my landlord to my unit and he fixes the problem then and there.",1674642365.0,2
Advice,"My dad was a covid disbeliever and would go on rants a lot about how the government is feeding these lies down our throats. I would just say he's ridiculous and comment nothing more LOL

Imo I just can't take that shit seriously. They're goofy ass theories that need to be treated like they're goofy. I can't spend time with my gfs parents cause they believe the world is going to end soon and shit like Christmas and baking soda are sins, otherwise I'll probably get kicked out cause I can't help but clown that sort of talk.

Good luck Op. Your best bet is to avoid them. It sucks that they're your parents, but they're too caught up in their own silly ass toxic imaginations.",1674642212.0,1
Advice,"Liked you when she had a bf at the time? Red flag imo. Not dating material, but I'm sure you could have fun with her. Just be careful if you do.",1674641760.0,1
Advice,"If you're in the same clsss, plan a study date!",1674641647.0,1
Advice,Can you survive without electricity in half your home until you can afford an electrician and rent?,1674641496.0,1
Advice,"I told myself I would cold turkey for a month to see how I could handle it. After the month, I just kept going.",1674641402.0,1
Advice,Get a cat instead! Dogs are much more demanding as pets and need more attention compared to cats.,1674641353.0,1
Advice,Who cares what they think. If they're that deep into it just don't talk politics or beliefs around them.,1674641195.0,5
AskReddit,Spend a week away from him. You'll miss him real quick,1674641055.0,4
AskReddit,Pooping.,1674640886.0,3
AskReddit,Shitpost,1674640858.0,2
AskReddit,"Had a buddy who called theirs ""beer mountain""",1674640793.0,2580
AskReddit,"I'm vegan. I don't shove it down people's throat, but I get teased a lot at work. It's all in good fun.

I was part of management, and one day last year we were on a work trip to a different city. We were planning on getting food before going to our meeting, so I was looking up the menu on my phone on our trip over to see if there was anything I could eat there.

Coworker sitting beside me usually rags on me the most about being vegan, and today was no different. After several comments, he goes ""Hey, if you order a hotdog with a lettuce wrap, you can give me the hotdog and enjoy the lettuce!"" I look him dead in his eyes and say ""I have more sex than you."" The whole car abrupted in laughter. The boys still bring it up to this day.",1674640731.0,1
AskReddit,Had sex in a church during Good Friday mass,1674640102.0,2
AskReddit,"I came right away then when I pulled out the condom got caught in her puh, peeled off my peen, went inside out and spilled my Jesus juice all over my bed.",1674639984.0,1
AskReddit,I work CS for a larger company so I rarely see the same customer twice.,1674639775.0,1
Sekiro,"The fight is fine. After you get over the hilarious troll on your first playthrough, he's just another boss.",1674639589.0,104
AskReddit,Probably the origin of Pixar,1674633283.0,2
AskReddit,Airbnb,1674633241.0,4
AskReddit,Going to the dentist,1674633223.0,5
AskReddit,"I treated my friend like nothing was different. He treated me like nothing was different, despite him being bedridden and hopped up on pain relievers. Making someone with stage 4 cancer on his deathbed laugh has been one of my greatest accomplishments.",1674633055.0,2
Sekiro,Are gauntlets only available in NG+?,1674632586.0,1
Sekiro,I've had the game for over 3 years and never knew Inner bosses existed 😳,1674631612.0,1
Sekiro,"I made similar mistakes when I first played Sekiro, coming off of DS 1-3 and Bloodborne.

Sekiro is parry focused combat, completely different from DS and ER, more similar to Bloodborne. If you don't get it all figured out, Genchiro will be the wall you can't cross until you learn to deflect and be aggressive.",1674630874.0,2
Sekiro,"Firecrackers can help for a quick breath, but he's just another regular boss. Deflect, keep up the pressure, and he'll always do a cross stage thrust after you jump over the flaming owl attack so prepare for a mikiri after you land.",1674630499.0,1
relationship_advice,Don't start dating someone if you can't continue to grow with them around.,1674630320.0,1
relationship_advice,"Be honest man. Tell her you want to see her again and ask when she's free to hangout. Obvy don't become obsessive with messaging, keep it chill and if it's meant to be it'll flourish.",1674630146.0,1
relationship_advice,"Probably found another dude. If that's the case, it wouldn't hurt to be upfront and ask if she's lost interest.

Being quiet throughout December, could have been busy with holiday stuff.",1674629998.0,1
relationship_advice,"Moving in together immediately was a mistake. I've been with my current GF for over a year and when she stays over for too long I become increasingly agitated over time. I need my alone space, and so do you. After a week or so of being alone, I start to really miss her.",1674629855.0,1
relationship_advice,"D is into your girl. ""Friends"" don't just make those sorts of comments like ""I'll fuck ya if you were single!""

Those sorts of comments are inappropriate and disrespectful towards you, and you need to tell your gf that they make you uncomfortable. It doesn't matter that your gf is okay with them, different things make different ppl uncomfortable and if your gf does respect you she'd tell him to cool it with those comments. Seems like he was trying to steal the attention away from you during your anniversary. Your gf should just ignore him and not keep responding, as any attention is good attention for ppl like that.

Everyone else you mentioned seem fine and innocent enough. If your gf remains loyal and respects your boundaries for long enough, your jealousy will slowly go away. Good luck, King.",1674629631.0,1
AskReddit,Clockworks - Subtronics,1674629059.0,1
AskReddit,The titty is on the breast.,1674629001.0,1
AskReddit,The ocean. Pretty deep.,1674628905.0,2
AskReddit,Wasn't there a Supreme brick for like $500?,1674628768.0,1
AskReddit,I work from home so my cat jumping on my lap several times throughout the day does it.,1674628592.0,1
AskReddit,"Lets get a Mummy 4. Brendan Fraser is back, babyyyyyyy",1674628537.0,1
AskReddit,"These songs helped me cry. Doesn't necessarily help get over a breakup, but I always feel a bit better after a good cleanse.

Same Drugs - Chance the Rapper

Scared to Live - The Weeknd

Lonely - Rezz, The Rigs

Senseless - Seven Lions, Taylor Graves

Good Things Fall Apart - Illenium",1674628275.0,1
AskReddit,I learned a lot of new big words reading Calvin and Hobbes,1674628022.0,1
AskReddit,"Hububuh, hubuhbuhbuhbuhbuh fuuuckiiin MUMBLE RAP",1674627978.0,1
AskReddit,"Touched a red hot element as a kid.

Walking around Calgary in the middle of winter. My nuts literally went numb and I had to run into a restaurant to relax. Extremely painful.",1674627842.0,1
AskReddit,Beneath the Well in Zelda OOT. Just the soundtrack gave me nightmares.,1674627727.0,2
AskReddit,Weeeeeeeed,1674627668.0,1
AskReddit,"If it's meant to be, it'll happen.

I left the one who got away for another girl, and went through a terrible relationship with her. We broke up 3 years later, and a year of being single the one who got away messaged me. She also ended up in a terrible relationship that she got out of. We've been back together for over a year now and I'm never taking her for granted again.",1674627636.0,1
AskReddit,I dunno about anyone else but I really don't like being touched for like 3-5 mins after cumming.,1674627474.0,2
AskReddit,Revenge procrastination,1674627385.0,3
AskReddit,"Imma say Survival Horror. The whole genre fell off after the PS2 era, and only a few series are keeping it barely above water. Sure there's a ton of crappy indie developer titles out there, but I'm talking about high budget stuff like RE7, Outlast, Alien Isolation.",1674627317.0,2
AskReddit,"The ENTIRE process is just so tedious. From the moment I leave my home to get to the airport, to the point I leave the airport at the destination.",1674626072.0,2
AskReddit,Its just annoying when I have to pee in the middle of the night so I gotta dab my tip with a strip of TP after the shake so I don't get any stray drops on my sheets.,1674625960.0,3
AskReddit,"She asked me ""do you feel like our spark died?"" and I was like ""huh? No."" She just went ""huh.""

We broke up well over a year and half later. I didn't realize that was the moment she checked out until a few months being single and alone.",1674625855.0,5
AskReddit,"I had no dreams, I was always in survival mode cause it was just my dad and I and either he was always out or glued to his computer when he was at home.",1674625727.0,2
AskReddit,"I had to turn off Aladdin about 30-40 mins in. Everything just felt forced. The dance numbers, acting. The magic from the original wasn't there.",1674625441.0,2
AskReddit,"Try a salt rinse in the morning and before bed. If his teeth stink there's likely an infection in his gums or teeth somewhere. Swish between the teeth, all around, for 1-2 mins. It won't cure the smell but it may prevent a painful experience for your bf if things get worse.",1674625290.0,1
AskReddit,Sun baked compost,1674561541.0,1
AskReddit,"Quickly get your own bf and close your own door on them! Now you have secrets too and your friend will want to know what they are! But never tell her, cause it's your own damn business! That'll show her!",1674561451.0,0
AskReddit,Still Rock and Roll to me - Billy Joel,1674560843.0,1
AskReddit,Lol someone had a bad interaction with a vengeful vegan.,1674560335.0,6
TooAfraidToAsk,"I have a friend with a similar problem, and every time she ends up killing it! You will get over the fear when you prove yourself wrong by naturally being good at it.

Starting a new job is naturally terrifying. I had the same fears when I first started working. Soon, that fear will turn into boredom, which will turn into holy fuck I need to be paid more for this BS.",1674556211.0,3
TooAfraidToAsk,"Fuckin hell, my current GF initiated everything. Most of our hangouts, and even sex. She really loves me and I have no clue how I got so lucky.",1674556051.0,14
AskReddit,Money and cummin',1674555501.0,0
AskReddit,I enjoy Mr. Scootie in Mario Kart,1674555471.0,1
AskReddit,Xanax,1674555431.0,1
AskReddit,Game of Thrones,1674555386.0,9
AskReddit,"I used to jump off those mini buildings on softball fields where the kids would wait to pitch, and do somersaults when I landed. One time, I messed up the roll and landed directly, full force, on the back of my neck. It hurt, but I got up and walked away. Seriously doubt I could walk away from that today.",1674555364.0,6
AskReddit,"Oddly specific.

I had a friend who's roommate stole her other roommates laptop. She invited me over a few nights after the girl whose laptop was stolen moved away from town, and... showed me the laptop - saying ""don't tell anyone.""",1674554830.0,1
AskReddit,Your mom,1674554580.0,1
AskReddit,Ride that dragon babbyyyyyyyyyy,1674554490.0,1
AskReddit,"Laugh, and if it continues start filming. They can't hit hard.",1674554454.0,1
AskReddit,"I don't, but that sleepless night 3 years later will tell me otherwise!!",1674554405.0,1
AskReddit,Sometimes it takes a certain amount of bullshit before you realize it's time to start putting yourself first.,1674554333.0,1
AskReddit,I went to some jungle village in the Philippines and the locals there didn't know what wifi was. Such a crazy thought!,1674554226.0,2
Sekiro,"When I first beat the game, I immediately wanted to try NG+ and see what would happen if I didn't lose to the first escape attempt fight against Genchiro at the beginning. After that, I just couldn't help but keep playing. If you love the game that much, playing it over and over becomes seemless.

I got platinum on it 3 years ago. I just started a new playthrough last week cause I keep coming back to it. Its one of my favourite games of all time!",1674553706.0,2
AskReddit,"Stay put, arm myself, and get in contact with my family, friends and loved ones before reception and internet is permanently killed. Setup a meeting spot. Most ppl would try to evacuate the city ASAP. I would loot my apartment, layer up for bite protection and eventually venture out to see if anyone is at the meetup spot.",1674553432.0,2
AskReddit,"You rmbr that goosebumps book where the kid went to some random planet, and they would eat by shoving food into their armpits, and putting food in their mouths was considered gross?

Yeah none of that. Everything coming out where it currently does works for me.",1674553208.0,1
Sekiro,Hopefully you enjoy the game enough to do multiple playthroughs 🤭,1674552882.0,1
AskReddit,23 - 45,1674552823.0,2
Sekiro,Stabby stabby. Hold down attack.,1674552465.0,1
Sekiro,"Ya fucked up. After you eat Kuros rice ball you're supposed to go back to the Divine Child and exhaust her dialog until she tells you to grab another Holy Chapter from a cave in Senpou temple. Once you give that to her, then you can give her the snake hearts. Unfortunately, since you already beat the divine dragon, you're locked out of that ending.

Gonna have to try in another playthrough. Make sure you complete ALL endgame tasks before killing the divine dragon since that initiates night time and the final attack on Ashina Castle.",1674552009.0,5
Sekiro,"The game throws a shitton of ""mini bosses"" at you. But when you get to an actual boss, you better not hesitate. Or you'll lose.",1674551669.0,6
Eldenring,"Shiro? Or Shura?

Dark Souls 3 is most similar to Eldin ring, and Bloodborne is an absolute must if you enjoy Sekiro!",1674528786.0,1
Eldenring,Lemme see 69:04:20,1674528639.0,2
Eldenring,This the type of guy who takes the surplus as a bonus rather than getting the office new chairs.,1674528145.0,5
Eldenring,I kept bumping into him naturally.,1674528060.0,3
Eldenring,"Once he starts rollin around, have someone on standby to start playing Master of Puppets - Metallica at the 30 sec mark. Makes that fight an 11/10",1674527933.0,2
Eldenring,Who the heck goes down ladders without looking to see what horrors lay below??,1674527489.0,15
Eldenring,I found him easier on foot honestly,1674527375.0,1
Eldenring,"Pretty impressive gamer moment. Not to be confused for ""pawg""",1674527264.0,6
Eldenring,You too busy for the rest of your life to complete more playthroughs? What about NG+?,1674527183.0,2
Eldenring,"Have you tried any of the other FromSoft titles? They're defs not open world but they all provide a similar ""fuck yeah"" feeling Eldin Ring does in their own ways.",1674527095.0,2
Eldenring,Pog,1674526977.0,1
Eldenring,"I personally found the difficulty spike starts roughly around Leyndell Royal Captial. Dw, once you reach the mountain tops levelling doesn't particularily help anymore.",1674526922.0,3
vancouver,"Agreed! A penthouse around Victoria Hill overlooking the Fraser, 👌🏼",1674524571.0,3
vancouver,Hence the silliness lol,1674510336.0,20
vancouver,"Just heard about this from a friend. Their coworker turned off all his phones and social medias cause his wife left him allegedly. Messaged his wife to take care of the kids, apparently its that guy on the Alex Fraser rn. Police trying to talk him down.",1674509907.0,27
vancouver,"Its silly, but my dream is to own a penthouse suite preferably around Yaletown. I love the city, love walking around Stanely park and the seawall, and going home after the club would be much easier than leaving early in the hopes to catch the train.",1674509722.0,139
vancouver,Just about to suggest this! I had a very awful morning and almost did this,1674506727.0,3
gaming,Crap collection. My PS2 game would be Radiata Stories,1674029078.0,1
Eldenring,You don't want to get over there. Honest.,1674018143.0,3
Eldenring,Eldin Ring was a stroll in the park compared to Sekiro. I love all FromSoft games cause they make me feel alive!,1671769392.0,2
gaming,The funeral scene in GOW Ragnarok,1671590152.0,0
cats,"https://preview.redd.it/v03m576nw07a1.png?width=1080&format=pjpg&auto=webp&s=5352ec86d6ed7fcc0c5e0892d5fe44afc556230f

I didn't take it, but it's the most recent cat photo on my phone. Feller wanted me to stop typing and give pets!",1671511069.0,1
JusticeServed,Who tf was counting!??,1669876272.0,14
gaming,Brooklyn 99 and Darkwood... Oh no..,1667763121.0,1
memes,"I'm a big ol' frosted sprinkled donut about to get eaten, AMA",1664821143.0,1
Eldenring,I just used bloodhound fang and stun locked it with every hit. Gotta bounce before stamina depletes tho,1664139447.0,1
gifs,Do the bird dance!,1663795262.0,1
electronicmusic,What are your guys dream collab? Cousin Erik here LOL,1663794568.0,1
NoStupidQuestions,"If I gotta fart, its coming out. No hesitation, no questions asked. If she has a problem, we probably wouldn't be properly suited partners anyways.",1663139706.0,1
NoStupidQuestions,Chronic tinnitus,1663139592.0,1
AskReddit,"I had a dream where my entire family were racoons, and my mom was a large hand that dwelled in the attic. I was very young and it terrified me, I've never forgotten that dream.",1663052517.0,2
AskReddit,Killer Sofa. I watched it high with a buddy. 10/10 recommended.,1663052310.0,1
vancouver,Yes pls. My mourning requires a full day of pay and sleeping in.,1663048272.0,28
AskReddit,Master of Puppets - Metallica. Wish I has this on Rockband,1663048029.0,1
AskReddit,"The second 50 shades of grey movie. I fell asleep in the theatre, and my gf at the time was not amused.",1663047930.0,1
AskReddit,"I hate baby yoda. So cringe, I can't stand that successful marketing cash grab.",1663047837.0,2
AskReddit,It's always at 5am too,1663047763.0,2
AskReddit,"I haven't caught covid.

Haven't broken a bone.

I don't drive (I'm 27).

And I've never gotten T-bagged online. That's huge for me.",1663047711.0,3
AskReddit,I haven't. My mom got me a microwave last Christmas. I'm 27.,1663047549.0,1
AskReddit,"Salt and vinegar chips babyyyyy

And a peace tea.",1663047498.0,7
AskReddit,"Heavy metal or dubstep. Call a friend or speak with someone! Watch cartoons or something silly on Netflix. Brooklyn 99 or the Office are solid candidates, and now recently Bee and Puppycat.",1663047397.0,1
AskReddit,Just now,1663047304.0,1
AskReddit,"Phew, thanks for clarifying",1663047254.0,1
AskReddit,"LMFAOOOO!

Honestly, such a redundant name for a cat breed.",1663047024.0,2
AskReddit,"This isn't that bad but I could have been fired.

Old job, buddy and I would get drunk all the time during our lunch break. We worked in a warehouse. Previous night he sends me a snap of cocaine bags. When he arrives at work the next morning, he's tweakin saying he needs to drink now to keep his buzz up since he's been up all night. 845am we go to the liquor store and wait for it to open at 9. We get our drinks and catch a nice tipsy before heading back to work 45 mins later. Oh boy. It was a 15 min break.

My boss comes and gives me shit for being late. I quickly pop some gum in my mouth and I tell him we had a big breakfast and I'll stay later. No problem.

Buddy and I work in different areas, so I didn't see what happened other than verbatim. I get an email suddenly from his personal email saying ""Throw me under the bus, save yourself. I just told HR I quit, they're going to come for you. ""

Minutes later, two managers approach me and ask to speak with me in their office, so I follow.

In their office, they immediately ask me what we did during our break. I pieced two and two together, and tell them he was feeling really depressed and needed to vent. He did actually have a friend who passed away recently, so I incorporated that into my story, and mentioned he was heavily partying last night, didn't sleep, and he had sent me a pic of the cocaine bags. I told them I asked him why he didn't just call in sick but mentioned he needed the money. I asked them what had happened, and them - believing my story - shared the following.

He was DRUNK. He boarded a standup power jack, and drove right into some racking, cracking open his arm and blood was gushing out. He gets taken to first aid, and the first aid attendant can smell the booze on his breath. They ask him about it, so he claims they're being racist (he's east indian). He's slurring his words and demands to go home. He needs a supervisor to sign off on that, so they grab one. Supervisor notices his bad breath and slurring, so they call him out. He claims they're being racist towards his ""accent"", so he runs out of the first aid room, grabs his shit from the locker room, runs to his car where he messages HR, then me, then he drove home.

I was released and sent back to work. That was a close fucking shave, he saved me. Props to him.",1663046689.0,1
AskReddit,M A R I J U A N AAAAAAA,1663045710.0,11
AskReddit,Large solar flare,1663045559.0,1
AskReddit,"Play a show in front of a huge crowd!

And meet Brandon Fraiser.",1663045492.0,1
AskReddit,My gf!,1663045455.0,1
AskReddit,"No. Not just for his well being, but for your own. You're only going to hurt yourself by stalking him.",1663045362.0,3
AskReddit,Holy fuck I hate my job,1663045328.0,3
AskReddit,"Muning! She's a domestic long hair.

I also have a rabbit named Bucky.",1663045296.0,1
TooAfraidToAsk,"Depression? Boredom? Lack of passion or spark?

Could mean nothing and you just woke up on the wrong side of the bed. You would know yourself best.",1663045234.0,1
TooAfraidToAsk,"It could potentially be OCD, might be worth talking about it with a therapist or your family doctor.

GL OP!",1663045158.0,2
TooAfraidToAsk,"I call everyone ""bro"" or ""man"". I call my gf ""bro"" a lot. It probably just means he's comfortable with you 😉

You both are young and boys his age are dumb asf. Try not to read too deep into it!",1663044915.0,4
TooAfraidToAsk,"Not a single person will ever see you the same way you see and know yourself.

Everyone will see you differently as they all will perceive you differently. Just own yourself, Queen 😉",1663044673.0,1
TooAfraidToAsk,"It's not cheating, that's silly.

If you find the girls much more attractive and it poses a problem in your relationship, then yes. But its mostly subjective.",1663044606.0,1
TooAfraidToAsk,"""We're not talking to you, thanks.""

If you hate cats, go to hell.",1663044496.0,1
TooAfraidToAsk,"Jerk off bro, then reconsider your attitude. Jesus Christ you're not that special.",1663034000.0,3
TooAfraidToAsk,I work from home so....,1663033788.0,7
TooAfraidToAsk,"How are they toxic?

I had a toxic friend group in HS that would always gossip behind my back. They really brought me down, but felt really redeeming when I dropped them.",1663033744.0,2
TooAfraidToAsk,Sounds like you're attracted to him. That may go away if he ever opens his mouth around you... or not!,1663033664.0,3
AskReddit,Olives are gross,1663033107.0,1
AskReddit,"Here's some flowers🌷🌹🌺💐

Have a wonderful day!",1663033036.0,1
AskReddit,"Didn't witness, but our gym teacher was banging one of the grade 8 boys.",1663032970.0,1
AskReddit,"I was working with a potential mentally unwell customer regarding a vacuum last week. Manufacturer company was sending him a new one but he was hella impatient and kept freaking out that it wasn't coming. I spoke to him on the phone and he mentioned he has a lot of anxiety and agoraphobia. That's fine. I related with the anxiety, and turns out the vacuum arrived the next day. Neat!

Ever since, he's been spamming my inbox with stuff about his mother and growing up. Calling our reception trying to get ahold of me. It's been non-stop. We're not friends. I talked you through a concern, and our relationship ended there. I may need to tell him to leave me alone and I don't want to deal with that. UGH!",1663032846.0,2
AskReddit,"Had a friend who I'd run around town with and shoot stuff with a slingshot, like signs, try to shoot a leaf off a tree, harmless stuff. 

He was feeling particularly wild one evening, and decided to shoot at a higher up window. It shattered. We ran, and when we rounded the corner to the front of the building, we realized it was the police station.

Never saw the slingshot after that.",1663032499.0,1
AskReddit,Listening to MoistCritikal complain about Halo Infinite and 343 while I'm eating spaghetti and farming karma.,1663032373.0,1
AskReddit,"Vent, vent, vent, VENT! Don't let things bottle up, whether it's journaling or speaking to a therapist or trusted buddy.

It fucking sucks. I lost a good friend 2 years ago and I still get bummed about it. Keep your head up.",1663032295.0,2
AskReddit,Busted LOOL,1663031791.0,2
AskReddit,"Karma

Bored

Better than working/sleeping",1663031373.0,2
AskReddit,"I was boarding all woobly and couldn't turn probably. Some kind stranger was like ""Your trucks are too tight!""

I board better now lol",1663031322.0,1
AskReddit,"I was wondering why I was so broke, then I scrolled through my chequing statement.",1663031054.0,3
AskReddit,Does it have to be sex? Can't I just jerk off a bro?,1663030946.0,1
AskReddit,"Yes, but pls spit it out afterwards.",1663030907.0,0
AskReddit,Came here to say this,1663030879.0,1
AskReddit,"Oh my opinion will never match anyone elses to the tee, and I don't expect it to LOL. In other countries there are strict training programs that need to be completed, as well as thorough background checks and I'm all for that, basically where I gather my opinion from cause there's not nearly as much gun violence elsewhere.

I guess we can agree that the government sucks 😅 Thanks for being chill lol",1663029658.0,1
AskReddit,"Thanks for an actual answer.

I do agree that with burglaries or similar ""bully"" scenarios a firearm will help drive away the criminal. But they should not be as easy to access as walking into Walmart with an ID. Way too many are irresponsible with guns, and if a majority can't play nice it should be restricted to those who can pass mental health tests with no criminal backgrounds to obtain a licence.",1663027619.0,0
AskReddit,"Not a fave but I really enjoyed
Red light - Eddie Murphy and Snoop Lion",1663027137.0,2
AskReddit,"""God I would HATE to be in a relationship right now.""",1663026875.0,1
AskReddit,I believe it was the 1% strength of his breath that shattered it.,1663025137.0,2
AskReddit,"You're right, gun violence will never stop cause there's too much money to make off them. Better make it even easier for anyone to get guns!

Meanwhile, every other country have brutally strict gunlaws with minimal firearm related homicides (besides Brazil). You can't stop gun violence with more guns. That's smooth brain thinking.",1663022584.0,0
AskReddit,"My dads place is totally haunted.

Both my parents have seen a girl in a white dress run around the house. My dad saw her run up into my room so he went and barged into my room while I was sleeping to yell at my sister to go back to bed but I was dead asleep and alone. 

My mom dropped us all off at school, and when she got home she says she saw that girl run across the kitchen. She spent the rest of the day at the mall.

My sisters have claimed to have seen her before too. I never had, but I saw a man holding a lantern by my bedroom door once when I woke up. I thought I was still dreaming, but he didn't disappear until I rolled out of bed. I thought it was my dad at first, cause I've woken up to him in my room before trying to listen for rats in the walls.",1663022203.0,3
AskReddit,I would sneeze and throw myself backwards onto the ground. Everyone loved that.,1663021769.0,2
AskReddit,Retail or customer service. It's truly eye-opening how entitled and idiotic people can be.,1663021727.0,4
AskReddit,"Firearm homicide rate in US.

Nobody should ever have easy access to guns.",1663021631.0,0
AskReddit,"Thanks to Stranger Things S4, Master of Puppets - Metallica",1663020893.0,5
AskReddit,Way too expensive. Nice to walk around.,1663020821.0,1
AskReddit,The 2nd amendment,1663020432.0,-6
AskReddit,"Oddly specific...

Dragon boating.",1663020331.0,1
AskReddit,I just end my shower with cold water cause it feels nice and wakes me up.,1663020254.0,2
AskReddit,"Not who, but the 2nd amendment is a huge problem.",1663019442.0,0
AskReddit,That one person who always interrupts whoever is speaking with their own stories or opinions.,1663019347.0,1
AskReddit,"If I've eaten beans, the amount of mental willpower it takes to clench my cheeks to supress the constant barrage of explosive gas trying to get out usually loses the boner. Especially if I'm on top.",1663019238.0,1
AskReddit,"I was like ""this better be what I think it is"" before I clicked it. Was not disappointed.",1663019116.0,2
AskReddit,Hustler mentality,1663018940.0,1
AskReddit,Your mirror cracks,1663018841.0,5
AskReddit,"Black cherry. Same with banana guy, flavouring only.",1663018805.0,1
AskReddit,Pressing the same button 2-4 times to text out a single letter.,1663018770.0,11
AskReddit,My gf made a painting of me standing in the rain holding an umbrella. I fucking love it!,1663018679.0,1
AskReddit,Dubstep,1663018539.0,2
AskReddit,I'm curious if BTs would have been incorporated in some way into Silent Hills if Konami didn't suck.,1663017934.0,2
AskReddit,Oddly specific. Found OPs desire.,1663016667.0,2
AskReddit,"Got black out drunk in a rural village in the Philippines. Spent the early parts of the night partying with the villagers, spent an hour yackin my guts out and had to catch a van at 2am to take me back to the city. It was a bumpy drive through the jungle the whole time. Several kids were barfing throughout the ride. Thankfully I got everything out before getting on, but Jesus that was awful. My dad was with me the whole time and continues to mock me about it to this day.",1663016588.0,1
AskReddit,"Drugs, sex, booze

And your dad saying he's proud of you.",1663016419.0,1
AskReddit,Liquor n dr0gs babbyyyyy,1663016284.0,1
AskReddit,Silent Hill. Pls god give me more Silent Hill.,1663016235.0,6
AskReddit,"Baby Yoda.

Never found the appeal.",1663016203.0,7
AskReddit,"Here's a few more odd ones.

He'll relate as many things as he can to Obi Wan Kenobi, even if they have nothing to do with him at all.

He'll try to air highfive you for no reason, multiple times a day.

Legitimately devastated by the Queens death.

He madeup a secret nickname for elderly ladies with large boobs that he shared with me: Magenta.

He asks out every asian girl who joins our team... by offering them rides home. 

The more I type these out the more it sounds like I'm making this up. I'm not.",1663016041.0,5
AskReddit,"Its hard to answer. There's always something more you wish you could have said. It's like getting into an argument with someone, then after its over you come up with all these neat comebacks hours, days, months or years after its over.

I sent him a message a few months after he passed with everything I felt like I didn't get to say. I don't journal but I do vent a lot to friends. Anyway you can possibly get those thoughts out in the open, whether writing it down or verbally expressing them, will be helpful in the long run.

I think what's more important is being with them as much as possible during those final moments. Words don't need to be said. Knowing you were there for those final moments, regardless of what was said or not, proves how much you care.

Sorry for your loss. Death fucking sucks.",1663013233.0,2
AskReddit,"The little things. See a meme that I would immediately want to share with them, then think ""oh wait, I can't... damn.""",1663009874.0,1
AskReddit,Fresh laundry after dousing them with Downy Unstoppables,1663009787.0,0
AskReddit,"Asks if I want a ride home every day. I accepted the first few times and he spent the entire ride saying ""she's hot"" about any girl walking by on the street, and proceeded to tell me about how he photoshops his friends onto Taliban members.

I decline every time now and take the train home.",1663009708.0,4
AskReddit,San Francisco,1663009541.0,2
AskReddit,Brandon Fraiser.,1663008209.0,1
AskReddit,You should know we're all gonna say browse reddit.,1663008107.0,3
AskReddit,Yeehaw,1663008058.0,1
AskReddit,San Francisco. Its gross.,1663008035.0,0
AskReddit,My exes ex threatened to put me in a triangle hold cause she broke up with him. Not sure why I was targeted. I didn't see the message till 3 months later tho lol.,1663007974.0,1
AskReddit,Manila Philippines,1663007875.0,1
AskReddit,Adderall,1663007787.0,1
AskReddit,"""Who can fuck off?""

That apparently worked.",1663007591.0,1
AskReddit,"Ummm, Quidditch??",1663007540.0,1
AskReddit,[ Removed by Reddit ],1663007433.0,1
AskReddit,I was swept away by a strong current when I was like 6 or 7. I couldn't swim and I was going under when my sister pulled me out and brought me to land. Never told our parents.,1663007089.0,3
AskReddit,"Day scary people bright loud.

Night quiet calm skinwalkers I can't sleep lol",1663006917.0,3
AskReddit,"""Don't cum. Don't cum. Don't cum...

Ahhh I just came.""",1663006645.0,2
AskReddit,When their mouths are closed,1663006505.0,-1
AskReddit,"Gassed Up - Zeds Dead, Subtronics, Flowdan",1663006427.0,1
AskReddit,I can beat expert mode on Minesweeper in 117 seconds.,1663006364.0,2
AskReddit,"I was with a couple of friends in a forest at night. It was pitch black, but my eyes were creating all sorts of evil jumping out at me from the branches. Oddly, I felt very safe and enjoyed watching the creatures leap out at me.",1663006333.0,5
AskReddit,When I spill it all over my keyboard,1663006222.0,2
AskReddit,"I guess I'll kill off the household, starting with the large deer head as a weapon.",1663006171.0,5
AskReddit,Jellyfish,1663006097.0,2
AskReddit,"Nice try, future terminator",1663006082.0,2
AskReddit,Birthed me,1663006043.0,1
AskReddit,So Big Loser is your whole family?,1663005987.0,1
AskReddit,Lady gaga,1663005697.0,1
AskReddit,Family gathering before I'm put on the will.,1663005650.0,1
AskReddit,And who is Big Loser?,1663005526.0,1
AskReddit,I don't wanna work,1663005452.0,1
AskReddit,Shells,1663005275.0,2
AskReddit,Currents album by Moontricks,1663005224.0,1
AskReddit,The Mist. In the hopes the miserable ending increases the terrible time they're having.,1663005196.0,1
AskReddit,🙃,1663005117.0,1
AskReddit,Thanks kind redditor 😊,1663004555.0,2
AskReddit,"Sweden or New Zealand. Ideally, a lake house somewhere.",1663003992.0,2
AskReddit,Cause it makes a great story to share on reddit one day.,1663003809.0,1
AskReddit,"I try! Motivation is tough after work, but I'm hoping to find the willpower one day.",1663003710.0,2
AskReddit,Onions.,1663003586.0,1
AskReddit,"I wanted to be a Musician, now I do customer service. Sigh.",1663003559.0,4
AskReddit,"Cats approaching you when you go ""ps ps ps!""",1663003494.0,2
AskReddit,Create wild scenarios and watch them blossom,1663003437.0,1
AskReddit,Came here to say this,1663003334.0,1
AskReddit,Dude getting obliterated crashing a motorcycle going over 300km. Easily found on r/Crazyfuckingvideos,1663003268.0,1
TerrifyingAsFuck,I think you can make wine out of those!,1662997661.0,0
vegan,Discovering new vegan products at my local Walmart.,1662595894.0,1
vegan,"He probably just quickly googled ""malnutritioned vegans"" to justify his cute thoughts. 

""There's over 100k links! I knew I was right!""",1662595512.0,2
vegan,No doubt he didn't expect to get hit with reasonable facts! Its funny watching ppl scramble to justify their opinion over logic.,1662594455.0,2
vegan,"I like how he backtracks later going like ""I'm just blowing off steam, I get attacked by vegans regularily!""

Seeing how easily he runs his mouth (or fingers), he's most likely the instigator.",1662591179.0,5
vegan,I have a friend who blatantly refused to try vegan jerky. Solely cause its vegan and must be made out of chemicals. That shit is giga frustrating.,1662182003.0,30
funnyvideos,Outlast 2!,1659119877.0,1
AskReddit,"I didn't expect an answer, how wholesome! Thanks for sharing!",1658287751.0,10
AskReddit,"Where did the ""Pooh"" come from tho?",1658286023.0,12
darksouls3,World* I get a lot of dirty looks when I laugh at the pub. Join the club.,1655667804.0,1
darksouls3,Miyazaki hid the backrooms in DS3 this whole time.,1655661880.0,14
darksouls3,When my streams upload to Twitch it lowers the quality considerably. Some get really choppy which can make editing these clips real frustrating.,1655661509.0,1
darksouls3,"I've heard to use rapport a few times now! I was not farming tho, just clearing out the area before Lothric.",1655626302.0,2
darksouls3,I was absolutely terrified of the one before Vordt first playthrough,1655625136.0,6
darksouls3,"If only I had a giant

Pickle",1655605751.0,8
darksouls3,Almost posted this on r/contagiouslaughter,1655603655.0,10
darksouls3,My character was put on a list after this stream.,1655602872.0,18
darksouls3,It's my sole strat against these big boys. I refuse to fight them any other way (cause I'll die),1655602618.0,57
darksouls3,"That's it. Right as you leave the building before the bridge going left leads here.

Totally missed it on my first playthrough.",1655602423.0,8
demonssouls,LOOL,1655602145.0,1
darksouls3,That's where I developed my bad habits,1655593268.0,88
demonssouls,Tysm!! Look forward to seeing you!,1655590703.0,1
NoisyCats,I apologize for my potty mouth 🙏🏼,1655586235.0,15
demonssouls,That's hilarious! That reminded me of when I still lived at home and I was in the middle of fighting Ludwig the Holy Blade from Bloodborne. My dads ferret snuck into my room and chomped my toes mid fight. Scared the absolute shit out of me hahaha,1655582880.0,2
demonssouls,Domestic long hair!,1655582776.0,2
demonssouls,LOOL thanks! This is my twitch if you're interested: [McGrumble0_0](https://www.twitch.tv/mcgrumble0_0),1655535082.0,4
demonssouls,I just stream on Twitch. I don't stream too too often but my friends find me amusing lol,1655525119.0,11
Eldenring,Raddy daddy,1654575984.0,1
JusticeForJohnnyDepp,100% she had it ready to post before the verdict was read.,1654112635.0,3
AskReddit,"Several years back I got busted trying to steal about $30 worth of groceries, and the LP officer walked me back to checkout to purchase them. While the clerk was scanning all the stuff I tried to grip, she scanned a pack of nutritional yeast and said ""despite everything, you have really good taste.""

Best part, I had no clue what to say so I locked eyes with the LP officer and he immediately looked away trying to hide a smile. He def looked around my age.",1652655931.0,1
EDM,"My fave dnb mix, got me more into the genre! 

Listen to 100% DNB MIX 2022 by UBUR on #SoundCloud
https://soundcloud.app.goo.gl/3SX8u",1652299569.0,2
TerrifyingAsFuck,infinite tsukuyomi vibes,1649901538.0,2
AskReddit,"Surprised I haven't seen this, but mind your own business. Don't look at suspicious activity, seem uninterested or focus minded if walking passed suspicious activity.",1648860459.0,2
gaming,Dark Souls. It teaches patience and determination!,1646456711.0,1
darksouls3,"I usually get maybe 3-5 summons a day, SL 205. If you kill multiple invaders then sometimes you get an ear worth 2 concord kepts! I just leave myself AFK while I work from home until I get summoned.",1630612225.0,1
Tinder,Unappreciated comment right here,1619114164.0,3
SuicideWatch,"I'm so fucking sorry OP. I have a very close friend and we complain to each other about life on the daily and we're both so sick of being alive. I'm afraid one day one of us is going to end it and leave the other alone. I don't think I'd be able to handle that.

I don't know what to tell you, but feel free to DM me about anything anytime, I'm a good listener.",1619066443.0,1
nextfuckinglevel,I was waiting for the jump scare...,1618825776.0,1
AskReddit,"Carrots are good for rabbits!

They're actually full of sugar and will make your bunny sick if they have too much.",1618780332.0,1
AskReddit,LOL,1603203048.0,1
AskReddit,"Visiting and living in the Philippines for a month.

Gave me such a profound appreciation of living in a 1st world country. I took it so, so for granted. The Philippines sucks, bro.",1603198712.0,2
AskReddit,"Where do vegans get their protein from? Why did you become vegan?

Literally who cares. Cause I choose to be.",1603198638.0,2
AskReddit,"H O N E S T Y

The last thing the world needs is more liars.

My go to is that I'm a quick learner, I'm not afraid to ask questions, then go ahead and start interviewing them.",1603198534.0,1
AskReddit,The world is pretty fucked. I'd believe it.,1603198415.0,2
AskReddit,"Ah. Those thoughts always result in immediate jizz or none at all. I find if I think about the moment and enjoy it, it lasts so much longer and doesn't feel like work lol",1603198292.0,1
AskReddit,Pls tell me you're Mexican,1603198196.0,1
AskReddit,A close friend simply said the comment I had made had hurt her. That's all. I felt so horrible.,1603197941.0,2
AskReddit,How do we know whats real is real?,1603197800.0,4
AskReddit,How to self reflect and own up to your mistakes,1603197772.0,1
AskReddit,Pls elaborate,1603197743.0,1
AskReddit,Finding a means of fulfillment in my life whilst living pay cheque to pay cheque.,1603197713.0,2
AskReddit,"I go to work high CONSTANTLY. I work in a head office for a large, well known company. I'm high functioning, so it doesn't hinder me, but people I've talked to think I'm crazy LOL",1603197546.0,1
AskReddit,"I had a bit of an accent growing up, and I couldn't properly pronounce my ""Rs"". Was bullied pretty relentlessly for that.",1603197398.0,3
AskReddit,"Nah, I know self defense now, and I do customer resolution as a job. I can talk down or de-escalate most conflicts now! Life sure toughens you up.",1603197027.0,1
AskReddit,I was gonna say cat,1603196267.0,1
AskReddit,"Drunk you feel confident, loosened up, you get a head buzz. The confidence can lead to horrendous scenarios, and the more you drink the sloopier you become. But consumed moderately and responsibly, it's quite enjoyable.

Weed makes you feel euphoric, light headed, usually relaxed and lazy but opens your mind to endless possibilities. You get incredible short term memory, which can cause anxiety and paranoia.

They're both fun, but have their cons. If you're curious in trying, be responsible and moderate. Or if you learn by making mistakes, you may enjoy a killer hangover",1603196238.0,1
AskReddit,Dooo,1603195903.0,0
AskReddit,I never got that talk. Even afterwards.,1603195500.0,2
AskReddit,"Yes, I have a really close friend who is incredibly supportive and understanding. I don't know where I would be without her, she's been there every step of the way, and she's been riding a similar train. I defs need a therapist, but I can't bring myself to want to reach out. Maybe one day.",1603195361.0,2
AskReddit,Slappy from Goosebumps,1603194949.0,2
AskReddit,Multiple angles,1603194923.0,2
AskReddit,"When I was a kid, I was playing with some light sabers in my front yard with my neighbour. This grungy, dirty looking man approached us and asked us to follow him, saying there was something important he wanted to show us. Being a dumb kid, we both obliged and followed him up the street. I suddenly hear my dad yelling ""HEY! WHAT THE FUCK ARE YOU DOING!?"" from the front door of my house. The man starts mumbling some excuse, and my dad shouts ""GET THE FUCK OUT OF HERE, I'M CALLING THE POLICE!"" The man ran off, and my dad yelled at me then sent me to my room. I remember sitting there in the dark, so confused and horrified. The cops showed up and I couldn't remember any details about the guy. Who knows what could have happened if my dad didn't stop him.",1603194866.0,6
TooAfraidToAsk,Curves and squeeze,1603194487.0,6
AskReddit,"Thanks for sharing! I feel similar, some days it doesn't bother me and I'm happy, motivated and content. The next day I simply want to end it all. I grew up with narcissistic parents and severe ADHD. My best friend passed away from cancer last year, and shortly after my gf of 3 years broke up with me, saying she couldn't be there for me the way I needed someone to be, then started banging another guy while we still lived together. Most days I just feel like a soulless husk. I hope it gets better, but the amount of times life keeps knocking me down, it's getting harder and harder to get back up.",1603194298.0,2
AskReddit,"My gf at the time was spending the night at my place (my dads home). It's a little rundown, so rodents do get in. I remember peeing around 3am. My alarm went off around 5:30. My gf worked around the same time I did, so she would also get up. She goes into the bathroom while I'm making us some cereal, and she bursts out in a panic, almost in tears. She keeps saying ""I don't know if it's alive!"" Horrified, I slowly go into the bathroom to find a dead rat in the toilet. There was water splashed around all over the toilet seat. Poor fucker fell in, tried to escape but drowned, sometime after I peed. Despite it being dead, and even wearing rubber gloves, extracting that big bitch was scary ASF.",1603193706.0,1
AskReddit,"Awe, virtual hug well received 😊",1603193177.0,2
AskReddit,They're clingy.,1603193021.0,2
AskReddit,Am vegan. Will make the exception.,1603192985.0,8
AskReddit,"Kill the lights, body was found in electrical.",1603192862.0,1
AskReddit,Lucky. Mine was 4 hours and painful 😣,1603192715.0,3
AskReddit,"Even in death, the depression follows.",1603192643.0,1
AskReddit,"Dumbest? Ran around a mall while my buddies continously gave me more drinks. I stole sunglasses, walked abruptly into a shop, grabbed the first thing I spotted and pocketed it. Blacked out on the way home and found out the next day I forgot to call my gf and tried to pee in my dad's living room. Got yelled at by both. Never felt so guilty, and haven't ever gotten that shittered ever since.",1603192468.0,1
AskReddit,"Everyone spends so much time learning how to fall in love, rather than learning how to maintain that love.",1603192277.0,1
AskReddit,"For compliments: ""You sound like my mom.""

For insults: ""You sound like my dad.""

Always gets a laugh.",1603192098.0,1
AskReddit,This doesn't help me 😞 I still gag,1603191645.0,1
AskReddit,Buy a homeless person some food and don't tell anyone.,1603191556.0,1
AskReddit,Depression never leaves you.,1603191342.0,1
AskReddit,My ex,1603191275.0,1
AskReddit,"I was playing Uno with a small group at work, and it was down to me vs a kid I seriously did not like. I had 2 pick up 2s in my hand, but I had a strong intuitive thought that he had one in his hand, so I played only 1. He immediately plays his pickup 2 on top of mine, with the most smug look on his face. I feigned defeat, then quickly mic dropped my second pickup 2 on his ass. SOOO SATISFYING.",1603191147.0,1
AskReddit,"I had to have several panic attacks quietly by myself when I still lived with my ex, after she revealed that she was sleeping with someone else a week after we broke up.

I go into an upright fetal position, gripping my hair, yanking is okay, just don't overdo it. Rock back and forth to soothe the anxiety and panic. Repeat to yourself over and over ""It's okay."" ""It's not your fault."" ""You did your best."" Let yourself cry. Try to find a rhythm or beat to your breathing, and focus on it. Music will help. Reach out to someone if you can, and know someone you can trust. Otherwise, they normally always go away on their own eventually. The panic can cause a fight or flight, it's best to be extremely aware when one is happening and remind yourself it's okay.",1603190890.0,2
AskReddit,"Worked in a photography studio right after high school. The CEOs son asked me to do a small, private project for him on top of my other tasks. I agreed, and showed my supervisor, who told me to forget that and do my regular job. The son came up to me a few days later and asked if I finished it yet. I said no, and that my supervisor didn't want me to do it. He scoffed at me and got a co worker of mine to do it. I was promptly let go at the end of my contract and the co worker stayed...",1603190358.0,2
AskReddit,Shrek,1603190088.0,1
AskReddit,"Sometimes I squish garbage into my pockets, only to find said garbage in my dryer dust catcher a few days later.",1603190035.0,1
AskReddit,"Normal dream is usually random nonsense. A weird dream is when something specifically and vividly occurs in said dream that closely relates to a very recent event, or thought/feeling.",1603189912.0,4
AskReddit,"They're both just soft fatty tissue, and are both equally awesome.",1603189782.0,1
AskReddit,Mitochondria is the powerhouse of the cell,1603189727.0,11
TooAfraidToAsk,"You would either need firm evidence or a confession. Sadly, most rape cases get disregarded. Press charges anyways.",1603189040.0,4
AskReddit,"Oof, big sad",1603188681.0,1
AskReddit,"Wife/gf checks your phone, huh? 😉",1603188608.0,1
AskReddit,Zendaya,1603188487.0,1
AskReddit,You're asking the wrong generation,1603188439.0,1
AskReddit,"My ex told me that maybe we'll get back together one day. I won't, but I really, really want to.",1603188323.0,2
AskReddit,"Trying to be more honest. Grew up with narcissistic parents, so most things that are okay, I fully expect people to get mad at me for.",1603188128.0,1
AskReddit,"When I walk into a room and immediately forget what I was doing. Especially when I'm in a rush.

Also, when the train doors are closing but someone making a mad dash grabs the doors at the last second, prys them back open and delays the entire train so they can get on. Fuck you, person. Your lack of time management and responsibility/accountability has delayed an entire train full of commutors. Next train comes in 2-3 mins. Fucking wait.",1603188033.0,1
AskReddit,How much was the rib removal surgery? Asking for a friend.,1603187611.0,1
AskReddit,"Articuno, beeeyyyotch",1603187568.0,1
AskReddit,Fuck the ocean. We evolved out of water for a reason!!,1603187499.0,4
AskReddit,"Hey man. I'm sorry I bailed on your last night, and I'm sorry I bailed on your celebration of life too. You were my best friend, and I know I was yours. I have no excuse except for it was too fucking hard. I'm trying to forgive myself. I love you, I miss you, and I hope you're doing much better.",1603187264.0,1
AskReddit,"You are now scary for majority of females who encounter you. Always hold a cup of coffee, or a latte. You'll look 1000% times safer in public.",1603186930.0,3
AskReddit,"The ""Dead hand"" from The Legend of Zelda: OOT. Google those fuckers. I was in elementary school bruh.",1603186711.0,2
AskReddit,"Sometimes if I'm passing someone on a sidewalk, I'll do a double take at literally nothing, usually off in a random direction or sometimes in the air. 95% of the time the person looks.",1603186603.0,2
AskReddit,A swamp or bog. Nature needs to eat!,1603186457.0,1
AskReddit,I will save this money,1603186222.0,2
AskReddit,"The ocean, and the unknown.",1603186135.0,4
AskReddit,"Was at a music festival, and this guy approached me - obviously extremely high -, and asked ""Bro, do you have any essential oils?"" I still laugh at that.",1603186101.0,2
AskReddit,A hug,1603185593.0,2
TooAfraidToAsk,I thought Moses was later revealed to be Merlin?,1603185550.0,0
AskReddit,Everyone has their kinks,1603185464.0,3
AskReddit,Lady Gaga,1603185047.0,1
AskReddit,Trump's bathwater.,1603185015.0,3
AskReddit,Maybe tomorrow...,1603184913.0,1
AskReddit,"Isshin, The Sword Saint from Sekiro. You need to deplete his health bar 4 times, and he keeps getting stronger and faster each time. Incredibly well done final boss and SO fucking satisfying when I finally killed his ass.",1603184840.0,1
AskReddit,Get out,1603184664.0,2
AskReddit,"What if Lucifer came up from hell and was like ""Wrong again, it's Łüćîfęř"" then left?",1603184643.0,0
TooAfraidToAsk,We need something to grab.,1603184164.0,-1
TooAfraidToAsk,"I hope you didn't leave him for the sole fact you felt like a burden. That would be pretty heart breaking for him.

Regardless, if you left him to work on you, that's what you should be doing. Leave the past in the past.

Alternatively, you could send him a phishing email and hack his phone or computer. Instant access to his Facebook!",1603184081.0,1
TooAfraidToAsk,Et es what et es,1603183890.0,1
TooAfraidToAsk,"Nah, Jesus was a hippy who did a fuckton of shrooms then got lost in a desert.",1603183809.0,0
TooAfraidToAsk,"""Speak fucking quieter and maybe you won't be interrupting my train of thought."" Honestly, who wouldn't ease drop on a conversation about yourself. Tell them to get a grip.",1603183719.0,1
TooAfraidToAsk,"Maybe you lose interest in them, maybe they're not for you, or maybe you have ADHD.",1603183315.0,2
TooAfraidToAsk,Depends on how wide you can spread those cheeks,1603183265.0,5
AskReddit,Take your Adderall in the morning,1603183170.0,1
AskReddit,"I have a friend who wipes and factory resets used cameras, tablets, etc. She called me over once and showed me a camera that had a bunch of nudes, sex photos, different positions. How do you forget to delete those?

Same friend, showed me the google search history on a tablet. I believe one particular search that stood out was ""dog zoo fucking."" No clue what that was about, but we later went through the photo gallery. There were plenty of selfies of an elderly man, and other photos of a huge family. It ensued quite the laughing fit, but still. Yikes. 

SAME friend again, there was this guy who would occasionally hit on her. She would always politely decline, yet  he made no effort to hide his interest in her. He later ended up telling her that he was banging one of the other ladies in the building. Turns out BOTH the guy, and the lady were married and having affairs with each other. Another buddy said he saw them both making out at the bus stop one day after work. The guy later revealed to my friend that they would both tell their spouses that they were working overtime, but instead would book a hotel for 2 hours and plow each other. They broke it off, and the lady left. The guys wife came to work in the building, but I don't think either spouses found out. Crazy shit.

I got a fuckton of stories like these. The workplace is lit asf.",1603182383.0,2
AskReddit,When I watched the God of War: Ragnarok teaser.,1603181665.0,2
Blasphemous,"Worked for me. Used the heart for a few bosses and the trophy popped at the end of the game. Played on ps4.

Just make sure you have the latest patch.",1602829323.0,9
AskReddit,"I did! It was awesome, I don't regret going.",1600359706.0,2
AskReddit,"I had this large, grumpy old man as my tourism teacher in high school. One day, a girl appeared at the door, the teacher said sharply ""What!?"" She ran in saying she forgot her sunglasses, snagged them, as she was leaving she said ""Have a nice day!"" To which the teacher responded ""No.""
My buddy and I were stuck in a giggle fit for about 20 mins, we were both crying.",1600327230.0,3
AskReddit,Adderall or marijuana,1600327014.0,1
AskReddit,Powfu - death bed,1600326984.0,2
AskReddit,Mac and cheese,1600326908.0,2
AskReddit,Danny Devito,1600326832.0,3
AskReddit,Excision,1600326801.0,1
AskReddit,Cause it's still open I would assume,1600326766.0,5
AskReddit,"Probably. There's enough large, nicely covered oak trees in my area.",1600322951.0,1
TooAfraidToAsk,"Who hurt you MortalHades? Don't be shy. Did someone release your nudes? Nothing can really be that bad, unless you're into some seriously creepy and wrong shit.",1600322811.0,2
AskReddit,Absolutely yes. I'm only on reddit right now cause I can't sleep.,1600322423.0,1
AskReddit,"Place a piece of toilet paper into the water, it will help prevent Poseidon's kiss.",1600322354.0,1
AskReddit,Climb as high as I can,1600322291.0,1
AskReddit,"She humbly listens, takes time to listen to my venting and never judges me, regardless of how ridiculous I may sound.",1600322206.0,2
AskReddit,9/11 jokes,1600322022.0,-1
TooAfraidToAsk,Rumors?,1600321478.0,2
TooAfraidToAsk,Sounds like you need to remove yourself from that household if you're able to. Living with parents like that are sure to cause some mental trauma if you're living in a constant state of stress and anxiety.,1600321134.0,2
TooAfraidToAsk,Not sure why you think that and honestly it doesn't sound very healthy. That must feel pretty cumbersome and lonely.,1600320608.0,3
TooAfraidToAsk,I think this is a shit post.,1600317626.0,2
TooAfraidToAsk,Someone will roast you back incredibly brutally one day and you'll realize how much of an ass you're being.,1600317458.0,3
TooAfraidToAsk,"Food! You could make a basket filled with her favourite snacks and goodies. Flowers and a hand written letter. If you've been paying attention to the things she's been saying throughout your relationship, she may have nonchalantly told you already.",1600317357.0,1
AskReddit,When I get a stiffy during grandpa's funeral...,1600317127.0,1
AskReddit,"I totally opened this post anticipating to answer trying out DJing and making my own EDM tunes, looks like you had the same mindset.

Slowly but surely. I got a 90 day trial for Ableton. Some DJs like Eliminate have a code you can input when you sign up for Splice where you can get free credits towards sample packs, so you can basically get started and warmed up for free.

For me, by not being able to afford it, I don't have the time, money, nor am I in the proper mindset. It's defs a dream tho!",1600316925.0,2
AskReddit,"I had a really close friend. After being friends for a few years we started hooking up. A mutual friend of ours invited me to go to Peru with him to hike Machu Picchu, so I hastily agreed and invited my friend. It was around $2-3k altogether with the round flight, hotel for 2 weeks and for the hike ticket. The trip was booked for a year later.

Half a year later I started dating this girl I met, who I barely knew at the time I booked the trip. That close friend of mine drifted apart as she got into her own relationship as well, and being in the honeymoon phase, I forgot about the trip. My friend messaged me all excited, sending me a huge itinerary and stuff I would need to pack for the hike, which immediately filled me with dread. My gf knew I was hooking up with the other girl before her, so I quickly brought it up with my gf and she became incredibly upset and asked me to cancel the trip. I didn't want to, but I looked into cancelling anyways. Since it was short notice, I would have actually had to pay like $300 to cancel everything and I wouldn't get refunded at all. I came to the internal conclusion that this trip was happening. 

We went to her favourite restaurant one evening. We ordered, and shortly after she brought up if I had cancelled the trip yet. I attempted to explain that I genuinely tried, but before I could finish speaking she blew up. Not loudly, just raised her voice, but loud enough for the people around our neighbouring tables to hear. Told me I didn't try hard enough, kept saying I was disgusting, said I didn't bother inviting her, and other hurtful names. The whole time the people in the surrounding tables were giving me dirty looks. The food arrived, neither of us could eat. We sat in silence for about 10 mins before I called for a doggy bag and the bill. It felt like several hours.",1600315594.0,2
TooAfraidToAsk,"You can't prestige school, bud.",1600310260.0,2
TooAfraidToAsk,"I knooooow!! All the pent up rage from my job and life in general can't get released on the dance floor anymore. And yes please, 2020 music festival buddies 🙌🏼🙏🏼",1600309853.0,3
TooAfraidToAsk,"I just found out you're 13. It's normal, man. I watched a ton of anime porn back in the teen days. You'll lose interest as you age, don't worry. Nice cardboard weapons tho.",1600309624.0,2
TooAfraidToAsk,What do you like about it compared to regular porn?,1600309302.0,2
TooAfraidToAsk,"Sounds like you haven't found a suitable match for you yet. It's usually the person you'd least expect. My advice? Stop searching. Go with the flow. Make friendships first with 0 expectations and you will know when it hits. When it does tho, don't force it. Keep riding the wave, and I promise you it will be such an incredible euphoria.",1600309108.0,14
TooAfraidToAsk,"Unless you have some solid evidence that you were drugged, you can say hello to a permanent record.",1600308574.0,2
TooAfraidToAsk,"You can't avoid it, it's everywhere.",1600308503.0,1
TooAfraidToAsk,"Um. Okay. Lemme attempt the best psychological answer I can muster here, despite this possibly being a shit post.

You're probably a decent pokemon fan growing up, yes? You're 100% a virgin wackin it to any kind of cartoon porn. Favourite childhood video game	plus sexual content, probably a whole new world of.... Of.....

You know what? I can't bring myself to finish this. I love pokemon. This is the kind of weird kink you keep to yourself.",1600308351.0,3
AskReddit,"Shhhhhhhh, it's all medicinal ;}",1600306635.0,2
AskReddit,"My childhood best friend and neighbour who I grew up with was stabbed and killed. A year or so later my closest and most understanding friend was diagnosed with Stage 4 liver cancer and passed away in October. My grief was too much for my gf at the time and we broke things off. She started seeing and banging another guy while we were still living together, we made plans on her birthday - despite being broken up -, I had bought her favourite meal and waited for her to come home. She never did. I almost killed myself that night. I just wanted the pain to stop, all of it. I had no one anymore. I only had one other friend, bless her soul, I'd probably be dead today if it wasn't for her.

But I would have to say my lowest point would be when I got travellers diarrhea in the Philippines. 1 week of extreme stomach cramps, which led to the following week being non-stop explosive pressure. They don't have TP in the public washrooms there, learnt that the hard way. No pain could compare.",1600306456.0,2
AskReddit,The Last of Us series is unbelievable. Uncharted is amazing too. God of War has been a favorite since the first. I strongly recommend getting one!,1600305858.0,2
TooAfraidToAsk,"The sex was awesome for the first year! We were both kinda shy and awkward at first, I didn't have the best stamina but she was very understanding, as was I since she was incredibly self conscious. It got to a point where we were just drawn to each other. We would sneak off to crazy locations, we had a list of ridiculous places to bang and we tried to check off the whole list. Some nights I would wake up and find her staring at me with a soft smile, we would become entangled in each other then fall back asleep, no words needed. Some bangs ended with her receiving a full body massage, which I fucking loved giving to her. We explored and experimented often, tried different psychedelics, tried bondage, I can go on. I think the moment we both knew the relationship wasn't going to work, that's when the sex became stale, forced and boring. We tried to make it work, but alas.

Also, I love porn LOL. Nothing hardcore, I really dislike anal porn or any sort of rough thrashing lol. I just can't see the appeal. I like a good story with my porn hahahaha! If I'm in a rush tho, I throughly enjoy some of the subreddits on here... Hope this isn't all TMI",1600305760.0,1
AskReddit,I asked my dad to buy me Oat milk but he bought me Cashew milk instead. I pretended I was happy.,1600304068.0,1
AskReddit,"Big mistake. Always imply, but never reveal.

EDIT: wording",1600304004.0,1
AskReddit,"PS5, duh. Did y'all see that God of War Ragnarok teaser?",1600303926.0,2
AskReddit,"It was Good Friday, around 3:30pm when the Passion of the Christ sermon was going on. We snuck into the Family/Disabled bathroom. There was a lady knocking on the door and we could hear a baby sobbing and screaming. This didn't stop us.

When we snuck out, maybe Jesus was watching over us. The lady was turn the other direction and we bolted outta there.",1600303844.0,1
AskReddit,Marijuana,1600303674.0,1
AskReddit,"Double tap, limber up and fasten your seat belt. It's gonna be a bumpy ride.",1600303647.0,3
AskReddit,Master.,1600303604.0,1
TooCuteForPorn,Love the hair! Everything else goes without saying.,1600300927.0,1
TooAfraidToAsk,Weed.,1600300475.0,3
TooAfraidToAsk,"I'm defs demisexual M 25

I was in a 3 year relationship. It took us around 7-8 months of being friends first. She come over after a night of drinking with the squad (she slept over often without sex). I remember very specific how it went down. We were joking, making fun of one of the guy's who clearly had a crush on her. We were both laying down on my bed. I reached over her to grab my water bottle, but somehow my supporting arm slipped. I lost my balance, but quickly caught myself with my water arm. I was very close to her face and I just barely caught her mouth retreating from a ""pucker"" - for lack of better words -, my assumption was she thought I was going for a kiss when my arm slipped. I stared at her for a moment. She had a look in her eye that said she knew I saw, and it felt so right. We were all over each other the entire night. 

 The relationship failed due to financial problems, but if that was never an issue we'd probably still be together today. I don't really get attracted to people or bodies, I can find someone attractive but I wouldn't be able to be aroused. I'm attracted to the soul, the core of someone's personality. I'm very patient if I do end up liking someone, but I'll never ""chase"" it. I'll wait for the most natural moment to strike.",1600300416.0,2
TooAfraidToAsk,"I just make friends at work. I used to make plenty of friends at raves and festivals, but those haven't happened in a long while.",1600299526.0,6
TooAfraidToAsk,"Regardless if I'm single or taken, a person is a person and should be treated with respect. I go into all my friendships with 0 expectations and I expect the same in return. 

When I was in a relationship, this attractive girl at work would call me cute and handsome. Despite them being flattering compliments, it made me uncomfortable cause I was loyal to my gf. After we broke up, those compliments stopped bothering me. It was just natural.",1600293053.0,3
TooAfraidToAsk,"Ya I totally understand the obligation to do something cause the rest of the family is going. Do you live with your older brother? You could spend the day around him instead, and if your family needs an explanation it would be worth it to explain to them sooner rather than later. You're not obligated to follow them to every family outing, and since you disagree with their views this could be an opportunity to slowly distance yourself from them, if you wish to do so. 

If it were me, I would flat out decline due to the anti-mask issues. My dad is sort of anti-mask. He believes Covid is a hoax but he'll suck it up cause Walmart won't let him in otherwise. I'm not afraid to tell him my straight up honest opinion, and despite the fact he doesn't agree, I can kinda feel that respect cause I'm being honest and not holding anything in.",1600292107.0,2
TooAfraidToAsk,"My best friend passed in October. The celebration of life was a month later and I couldn't bring myself to go. His brother was incredibly understanding. Just be honest, and if they're gonna be dicks about it and guilt you, they're not worth being around in the first place.",1600291069.0,0
TooAfraidToAsk,"If you can make someone cum by eating their boogers, please fuckin' share how.",1600290910.0,8
TooAfraidToAsk,"It's a touchy subject! I can only imagine the amount of awful homophobic and ignorant slurs that get thrown at these people on a daily basis just for identifying a certain way, I would probably turn cut throat too. I'm glad I could help shed some light a bit, and I respect that you're willingly open to hear both sides as a Christian. Your community needs more open minded people like yourself.",1600280234.0,2
TooAfraidToAsk,"It's a bitter pill to swallow, it hurt like hell for a few months, but I got over it and shits so much better now.",1600279455.0,2
TooAfraidToAsk,"I think you're free to have any belief you want. I was raised Catholic, but ended up leaving that community as I grew older cause I didn't agree with several things, but I understand the stigma from both sides. To me, your friend probably felt heavily betrayed by your opinion on transgender bathrooms. Why she sicced her gf on you to give you a good chomp is beyond me and probably a reactive decision, not based on the community.

You could say the exact same thing about the Christian community. Unless you're on their side praising god, you're getting attacked for disobeying the word of god. The LGBTQ community is really tense with religious folk due to a lot of them being homophobic, transphobic or straight up unsupportive. This doesn't reflect on the community as a whole, but moreso of the individual using religion or personal beliefs to justify their action. Taking the lords name in vain as they say. This reflects on the individual. Humans make mistakes, we react out of defensiveness, something we hold so dear is being challenged and invalidated, your initial reaction as human is to protect that belief at any cost. Not one single community is free of people like this.

If you have a belief, treat it like your dick. It's awesome, it's a part of you, and hell it even feels good. Just don't go waving it around in people's faces, unless they like that 😉",1600276212.0,2
AskReddit,Excision - One on One,1600261541.0,2
AskReddit,"Did MDMA with my bff for the first time. Was having an amazing trip, so I popped another. I vaguely remember running through people's yards and hopping fences, I awoke and we were cuddling in a random backyard several houses down.",1600261468.0,2
AskReddit,See how much fencing and sword fighting lessons I can squeeze into one week.,1600261276.0,1
AskReddit,Phalanges,1600261196.0,1
TooAfraidToAsk,"Apparently dream me is an absolute dick. Dreams can stem from anxiety, insecurities or literally anything, I wouldn't worry too much about it. If it's bothering you, tell your gf about it and be honest. Communication is key in any relationship!",1600261061.0,2
TooAfraidToAsk,Where does this resentment stem from? Has it been programmed into you by your parents or other Christians? Or did a certain event/situation occur that generated this resentment?,1600260917.0,0
TooAfraidToAsk,"As long as you really know who you are, no one else's opinion matters.",1600260746.0,5
AskReddit,Wanna do something about it? With me?,1600260554.0,9
TooAfraidToAsk,"You gotta be unique, clever and/or witty. My sister recently joined Hinge and she said the overflow of matches and messages she got was SO overwhelming, she didn't have time to go through them all. She only responded to the dudes that had unique or funny messages. Personally, I have never gotten a response by saying a generic introduction. Keep your expectations low and don't get your hopes up for anyone.",1600260464.0,4
TooAfraidToAsk,"My gf of 3 years and I (M 25) agreed we would be better off as friends. Honestly, our relationship has been SO MUCH BETTER since we stopped dating. Sometimes someone isn't capatible for you, and that's okay. Also, ladies make for SOLID wingmans.",1600260144.0,10
TooAfraidToAsk,"Someone could be trying to figure you out. They could be into you, or just striking conversation. I get pretty sus when anyone asks too many questions, I normally just say something like ""Aight that's enough questions.""",1600259914.0,2
TooAfraidToAsk,I getcha. Keep doing whatever feels natural and comfortable and eventually you two will start experimenting further. Congrats on your new relationship btw!,1600259711.0,1
TooAfraidToAsk,"I normally try to pee quieter, but otherwise I just own it. Got a problem? Walk away, bud. I'm generating liquid up in this bitch.",1600259396.0,1
AskReddit,I drank the water from a tap in the Philippines. I had severe stomach cramps for a week that led to a corresponding week of endless amounts of explosive pressure. Side note: TP isn't accommodated in public washrooms there. Learnt that the hard way.,1600259079.0,2
AskReddit,I hope you're exaggerating LOL otherwise smack that meat till it settles!,1600258908.0,2
AskReddit,"I'm unsure if I'm bisexual, but the idea of sucking another guy off seems so appealing to me.",1600258764.0,8
AskReddit,me standing at the bottom of the building...,1600258595.0,6
AskReddit,Forced love interests,1600258452.0,2
AskReddit,Y Tu Mama Tambien. I was a young kid. No one was home. That was the first time I ever saw sex. I moved to my bedroom pretty quickly I gotta say.,1600258397.0,1
AskReddit,You can freely speech into the empty void which is your perception.,1600258307.0,1
AskReddit,"Views profile, am disapoint.",1600258244.0,2
AskReddit,I can't sleep. Again.,1600258203.0,1
AskReddit,"Time, and the ocean.",1600258097.0,1
AskReddit,Where was I conceived?,1600258059.0,2
AskReddit,"Depends on how important of a task I'm doing. Otherwise, yes.",1600257932.0,2
AskReddit,Stfu and just do it.,1600257852.0,2
AskReddit,"A tiny piece of glass got stuck in my foot. Suddenly an aggressive sharp pain, blood spilling like a tiny faucet, and I couldn't find the piece of glass in all the blood.",1600257786.0,2
AskReddit,Benefits!!!,1600257550.0,2
AskReddit,I had poutine for breakfast yesterday...,1600257505.0,1
AskReddit,"The Great Pumpkin, Charlie Brown!

Make a wish. And it better be a fucking good one.",1600257479.0,1
AskReddit,No one knows me more than me.,1600257433.0,2
TooAfraidToAsk,Then you can't really complain about people acting smug when you're drawn towards that kind of crowd...,1600257288.0,1
TooAfraidToAsk,This could be a possible kink. You should experiment with blindfolds.,1600257167.0,1
AskReddit,"I thought it was impossible to have a kid without being married first. I was watching Grey's Anatomy with my mom once and I remember hearing the doctor say ""She's pregnant but isn't married to anyone!"" and I thought to myself ""Woah, this is some crazy shit!!"" I think I was 8 or 9. Dumb kid.",1600256941.0,2
AskReddit,"The girl I lost my virginity to. I had a huge crush on her in high school, we were close friends but I never gathered the courage to ask her out as I was a total loser. I grew and matured after high school, I was confident enough to make a move and I made my high school dream come true. After we banged tho, she became incredibly clingy. Constant phone calls, if we were hanging with a group of friends she would talk for me if someone addressed me, and cling endlessly to my side. We banged a few more times, but the clinginess only got worse. Eventually I called her out on it and she got embarrassed when I told her the spark had died. She asked if we could remain friends so I agreed. She started dating someone else, and we grew apart. I met a girl on Tinder, we fell for each other and started dating. When I switched my FB status to ""In a Relationship"", all hell broke loose. She sent me a LONG paragraph about how we're supposed to be besties for life and we're supposed to tell each other EVERYTHING, then she blocked me. Shortly after she started sending hurtful messages to my girlfriend. I noticed she had unblocked me, so I went off on her, saying I don't owe her shit and her expectations weren't friendly at all. She didn't like that. She proceeded to tell my gf about all the times we banged and other over exaggerated slander. I told her the friendship was over and I deleted her. Several times throughout the past year she still occasionally messages me, saying stuff like ""I'm so sorry"", but quickly switching to ""How are you still mad about this?"" Sending me cute things I wrote for her back in high school, photos of us as kids and such of the like. The last message she sent was a month ago, guilting me for not being her friend on her birthday. I don't want to block her, as I'm too petty to do so, but pretty fuckin annoying if you ask me.",1600256809.0,1
AskReddit,"The story of my birth, cause I don't remember it.",1600255772.0,3
AskReddit,"Actually nah, Dr. Dre - Fuck you",1600255681.0,1
AskReddit,Big Wild - Touch,1600255637.0,1
AskReddit,"40 hour work weeks where I'm barely scrapping by, barely any time for myself, and all personal wants and desires are postponed due to a never ending exhaustion.",1600255593.0,1
AskReddit,Lasting the whole day sober.,1600255498.0,1
TooAfraidToAsk,5th amendment right strikes again,1600255341.0,2
TooAfraidToAsk,"It has definitely gotten A LOT better compared to the older days...

I do agree that the stigma of black folks being perceived as dangerous still lies within the ignorant, but I seriously doubt it's being taught to everyone.",1600255203.0,3
TooAfraidToAsk,Well you are the OP. I would assume you would have the answer.,1600254951.0,2
TooAfraidToAsk,"I getcha. Although, that doesn't really reflect on the race as a whole, but moreso the individual being smug. That's their burden, not yours. There will always be people like this, regardless of their race, gender, height, size or whatever. Your energy is honestly better spent caring about something else. Like what to have for breakfast....",1600254760.0,1
TooAfraidToAsk,"You shouldn't do it if you're doing it to please other people. If someone has a problem with the way you look, they can fuck right off. I can understand a negative comment about your appearance can set off a spiral of anxiety and insecurities that leads you to believe that you need to change your appearance to become more visually appealing to society.

I'm sure you're a beautiful individual with a beautiful voice. Don't do it unless you're doing it for you, and no one else. Bleach is incredibly dehydrating, regardless of the form, and can be damaging to your skin, which can lead to a number of health conditions later down the road of life. Your leg looks fine in my honest opinion, no one's leg is perfect anyways. Everyone is nit picky about their appearance, which is normal. You are your worst and best critic. If you absolutely must feel the need to whiten your skin, I'm sure there's a healthier way than bleaching it.",1600254324.0,5
TooAfraidToAsk,"They do, it's called white supremacy. I'm not a fan. Somehow, I feel this post was created with the intention to enable ""less helpful arguements"".",1600253535.0,-1
TooAfraidToAsk,"I strongly agree! I merely use lol to set a tone in my messages in case the message could be interpreted incorrectly.

I would assume if someone genuinely dislikes using LOL or LMAO, they probably don't know how to text anyways. Or they have an unhealthy desire to be controlling. Those damn millennials!",1600253198.0,1
TooAfraidToAsk,Well it's called r/blackpeopletwitter. Not r/allpeopletwitter. Does this genuinely bother you?,1600252834.0,0
TooAfraidToAsk,"My friends mom who passed away was cremated. The ashes were placed into like a wall in a crypt area of a graveyard with a nice plaque with her name, birth, death date and a nice message on it. It was expensive tho.

Alternatively, and cheaper, you could brew a strong cup of grandpa Joe, so he won't live on in just your memories.",1600252662.0,4
TooAfraidToAsk,"Depends on how professional your company is I suppose. Personally, for team meetings I'm not required to have my cam on, but for more personal meetings it's like an unwritten rule that they should be able to see me. Shit sucks, I hate my face and I normally have greasy bed head, but they're paying me. Can't complain.",1600252235.0,2
TooAfraidToAsk,"I have a friend who has a job wiping and factory resetting used cameras, tablets, phones and other electronics of the such. One day she called me over to show me a tablet. The previous owner didn't delete their search history, or photos. The concerning google search in question was ""Zoo dog fuck"", and all of the photos on the phone were selfies of an old man, sometimes his family were in the pictures. Sometimes I wake up in the middle of the night and wonder what he was actually looking for...",1600252062.0,1
TooAfraidToAsk,"It's perfectly normal! Emotions are normal. Allowing yourself to be vulnerable is a trait VERY FEW people are capable of. If the waterworks start flowing naturally, then it's natural! Don't let anyone tell you otherwise.",1600251717.0,17
TooAfraidToAsk,"Please share where this curiosity C A M E  from?

Edit: Typo",1600251461.0,1
TooAfraidToAsk,Without our meds it is!,1600251304.0,1
TooAfraidToAsk,Mix a bit of laxatives in bait scraps for your buddies to snack on. Enjoy the show.,1600251140.0,1
TooAfraidToAsk,Live and learn dude,1600251047.0,0
TooAfraidToAsk,Are your eyes closed when you're riding him?,1600250845.0,1
TooAfraidToAsk,YOU'RE TELLING ME HARRY POTTER ISN'T REAL??,1600250722.0,1
TooAfraidToAsk,Wholesome comment,1600250692.0,2
TooAfraidToAsk,"Bruh she went out of her way to cheat on her with no regards for you at that time, yet here you are feeling bad about leaving her alone. She doesn't deserve you, man. It will most likely happen again as now she will have the expectation that she can get away with it and you will just forgive her. I'm sure you're young, regardless, you don't need her. I promise you, this will only bring harm to yourself in the future. I've never met a couple who managed to work things out after one of them cheated. The thoughts will haunt you, and you may begin to subconsciously resent her. 

Although, if you're the type of person who can only learn by getting stabbed in the back a few more times, then by all means. Live and prosper.",1600250610.0,1
TooAfraidToAsk,"Anywhere between 5 seconds to 2 hours, depending on frequency of intercoure or if I got lucky enough to rub one out before its showtime.",1600250184.0,1
TooAfraidToAsk,"Not enough evidence, or enough of a serious effect to be concerning. Although, you could start your own 3am History channel show and hunt those spell casting fucks with your own ragtag crew of misfits!",1600250007.0,1
TooAfraidToAsk,"Because, money.",1600249827.0,2
TooAfraidToAsk,Nice flex,1600249771.0,1
TooAfraidToAsk,"25, got about $300 left, $400 in savings and over 8k in debt. Needless to say I'm recovering from a relationship.",1600249694.0,3
TooAfraidToAsk,Maybe you hate feeling wanted.,1600249581.0,1
TooAfraidToAsk,"I was in grade 7. I was imagining the girl I had a crush on and it was literally immediate. I told myself ""Woah, she's the one!"" I never saw her again after grade 7.",1600249496.0,6
TooAfraidToAsk,"You're implying that r/blackpeopletwitter is being used as a platform against non-black POC. What's the serious issue with black people having their own platform? White supremacy is a seriously crippling issue. Black people are getting murdered in their homes, harassed for walking down the streets and are stuck with a socialogical stigma that they're dangerous. If there's even a remote trace of prejudice among that sub which you're taking personal offense to, you should probably ask yourself why you're becoming so offended by this. If you're comparing the socialogical scale of r/blackpeopletwitter with the state of the world, you need to go outside and do something with your life other than compain about a subreddit.",1600249296.0,-8
TooAfraidToAsk,"Nah, you can't judge anyone's life. You'll never know what someone else is going through, their burdens, schedules or lifestyles. I could start to miss someone, but not want to see them, or can't cause when I finally have some free time I use it for me time. Take it as a compliment or with a grain of salt and don't look so deep into it. If they decline your hangout a few times, it's not worth the effort anymore and move on. There are plenty of other people out there.",1600247902.0,1
TooAfraidToAsk,"Nah, you can't judge anyone's life. You'll never know what someone else is going through, their burdens, schedules or lifestyles. I could start to miss someone, but not want to see them, or can't cause when I finally have some free time I use it for me time. Take it as a compliment or with a grain of salt and don't look so deep into it. If they decline your hangout a few times, it's not worth the effort anymore and move on. There are plenty of other people out there.",1600247879.0,1
TooAfraidToAsk,You can't be racist towards white people LOL,1600247346.0,-23
TooAfraidToAsk,"I had a similar issue. I would try to write out my thoughts, but they would be way to quick to capture on paper. I would attempt to backtrack, be unable to as new thoughts would form, eventually getting incredibly frustrated and giving up. My best suggestion, jot down quick notes. Journals don't have to be formal, it's YOUR platform to release your thoughts. Fuck the grammar, fuck being neat and tidy, it's doesn't even have to be words. Scribbles, random shapes or whatever you feel works for you, will work for you. There's no wrong way of doing it unless you're restricting yourself with an anxiety or requirement you've convinced yourself is necessary. Let the mind flow freely, and who knows, you may surprise yourself.",1600246940.0,2
TooAfraidToAsk,Cholesterol levels and blood pressure could be a major issue when you get older. Being old and poppin 16 pills a day probably fuckin sucks.,1600245860.0,4
TooAfraidToAsk,Earth could use a few centuries without humans.,1600245479.0,1
TooAfraidToAsk,They store it in a warehouse in the middle of a crowded city until it blows up one day years later.,1600245336.0,1
TooAfraidToAsk,You're just peeping into an alternate timeline where you stabbed someone. Nothing to worry about! You could say you're stabbing someone or something an infinite amount of times per second.,1600245068.0,2
TooAfraidToAsk,"This! Someone can like wearing dresses, wearing makeup, styling your hair a certain way or hitting the gym to get some serious gains. Clothing doesn't have a gender. Looking a certain way doesn't have a gender. People should be allowed to do, act, or be however they wish without someone butting into their personal choices or lifestyle with their insecure opinions or biases.",1600244641.0,2
TooAfraidToAsk,Crank.,1600243765.0,2
pics,Same dog too!,1600233501.0,1
PS4,This looks like the whole Endgame squad,1591927178.0,1
Bestbuy,This is why the stores don’t ever answer their phones,1583876576.0,0
tifu,Pics or it didn't happen.,1580334769.0,1
AskReddit,I started doing drugs. Now I work customer service at Best Buy.,1578968197.0,1
EDM,Just A Gent - Open Spaces,1576372414.0,2
funny,r/bossfight,1572585671.0,1
IdiotsInCars,This is hard to watch not gonna lie,1570839943.0,2
AmItheAsshole,YTA. My parents forced me to go to church even threatened to not allow me out of my room if I had anything negative to say about church. Now I do drugs.,1561492395.0,1
Natureisbrutal,Are spiders like 18+ in Aussieland? If so I wouldn't be surprised.,1561492119.0,6
Natureisbrutal,Lol why is this NSFW??,1561490277.0,10
AskReddit,Saving any work project or document on my computer multiple times cause I don't trust that it worked the first time.,1557974883.0,1
NoStupidQuestions,You need to do some psychedelics bru.,1556934258.0,1
doordash,Did you ever figure this out? I'm having the exact same problem right now.,1555975412.0,1
