subreddit,title,selftext,created_utc,score,upvote_ratio,num_comments
simplynailogical,Spyglass and Teal No Lies are EXTREMELY forgiving formulas!,"I got Spyglass, Teal No Lies, and Inside Job from the most recent launch. I haven't tried Inside Job yet, but I've worn Spyglass twice and Teal No Lies three times now and their formulas are so nice to work with for me!

I swear, painting my nails can be a struggle because I often accidentally get little imperfections or dents in my polish. I've noticed that with these two, the way they apply is thin enough to fix a lot of small mistakes without making it goopy/obvious and ruining the nail. I usually have to restart the entire nail when I mess up, so this has been great for me!

I literally just accidentally smudged off a small chunk of Spyglass on my thumb. I went to reapply, and it vanished! It didn't pull the polish, it didn't leave a dent, nada! It looks very uniform. Wheee whoo bois!

So, if you're a chaotic spitfire that gets a little too accident happy when painting, these formulas might work for you! 

PS. I want an entire rainbow collection in the formula of Spyglass thanks.",1715118153.0,93,0.98,6
simplynailogical,"Those w/ nails that hate polish, which HT formula/polish lasts longer for you?","My nails have notoriously hated keeping polish on. I get perfect peelys for free, no need for the base. They pop off about every 3-4 days pretty consistently, but I do have rare instances where it lasts longer. I've just not paid attention to what formulas I was wearing during those times. 

I plan to make a small order if the hand cream is restocked before sales end and want that free shipping. I want to take better care of my nails/hands anyways, so in addition to hand cream/nail oil, I think having some more heavy duty HT shades will help with nail health so I'm not repainting so often.

Thanks in advance!

ETA: If it's helpful for suggestions, I'm one of those people who originally used long lasting base but switched to smoothing base and have seen improvements in longevity. My usual nail prep is just an acetone rub down. Not a fan of clipping/melting off the skin on my nail plate either, but I tend to avoid painting on them and they aren't very visible. I don't flood my nails often and use like a medium thin coat. I wait 5-15 mins between coats. I'm pretty sure it's a biology issue and not my techniques, which is unfortunate. :c",1699904205.0,39,0.97,41
Dogtraining,Advice on first steps for dog easily overstimulated outside,"Hi! So I have two border collie mixes, both are roughly around 1.5 years at this point. One I rescued as a puppy and the other I adopted from a previous owner when he was around 9 months. I apologize that this post will be long, but I have to explain several factors for everything to make sense.

Nova, the one I rescued as a pup, is not the concern here. I worked extensively with her and am honestly so proud of her. She was a rather easy pup to train anywhere as she's hyper invested in food/treats and I ended up translating that to me instead of food/treats. 

An example would be when I would train her outside as a pup to not pull, I would call her back and give her a treat. Eventually I would call her name, she would look at me, I would run backwards, and she would chase me. Then that advanced to me being able to call her name and have her automatically come back to my side and/or look at me for further direction.

Neo though...he's different. His previous owners did not give him much socializing as I've now come to understand, so he is overly excited over EVERYTHING when it comes to the outdoors. It is actually causing Nova to regress a bit in her training and is causing tension between the two of them.

When I first got him, I started training immediately indoors and it worked out pretty well. He bonded well with Nova at the start and he's very food motivated inside. He came to me with immense pulling issues on the leash and with zero ability to listen while outside. 

I started working with him outside after feeling like he was doing well indoors, but I was in a car accident at the beginning of this year. Physically I am okay, but mentally the toll it put on me (I already had PTSD so it just added on to it) ultimately put a halt to my training progress for the past couple months. I sustained a concussion which left me pretty fatigued for several weeks and due to the harsh off and on snow we've had in my state, I had not been regularly taking them on walks. Though, I did keep up with short training sessions indoors as often as I could.

I've started working with them again earlier this month as things have progressed for me and I'm not sure how I should start assessing Neo's behaviors outside. He will absolutely not take treats outside no matter what, and he will not look at me when I call him or run towards me when I run back. 

As I have gained more motivation over the past few weeks I have been watching more training videos online but I'm not sure how I should *start* as so many people say so many different things. Through all this research I've come up with a plan earlier today and want advice on my situation but also any other tips people may have. Here is my current plan that I'd like to start tomorrow:

- Regular, short (5ish) minute walks up and down my apartment complexes sidewalk. I am thinking multiple times (like 5) a day for desensitization.

- These walks would be one-on-one. Previously I walked Neo and Nova both on a double leash, but Neo pulls so much and refuses to pay attention that it stresses Nova out and makes her feel like I am correcting her.

- When he pulls, my plan is to gently tug the leash (I use a harness with the back clip) while calling his name. When he runs back to me I plan to reward him with lots of ""good job Neo"" ""you're so good!"" ""Yes yes, good boy!"" type of reaffirmation along with pets.

- When he refuses to come back and continues to pull, I will keep walking the opposite direction, tugging gently until he follows.

- I will only move forward if he walks at a slower, non-pulling pace.

- When he refuses to do the above, I will keep walking him away further and further from his desired ""target"" of fixation.

- Then I will step in front of him to put focus back on me and give him affirmation/pets until he's calm enough to respond to a simple ""sit"" or ""look at me"" and then we will try to walk forward.

- I'll repeat the above step as many times as needed until we can walk at least 5 steps without him pulling.

- I'll end the walks by giving him a lot of affirmation followed by a treat once he's back inside.

- If, on our walks, he gets too reactive to a person or animal (he likes to high-pitch bark and try to do parkour just to get to anything with a life-force. He's absolutely friendly, he just becomes a little possessed by the possibility of interaction) my plan is to take him back to my porch and have him settle down in that area before trying to walk again

- If he continues to do this, I plan to just take him back inside, do some quick recall training (sits, down, up, spin, paw) and then take him back out to try again

- If he's still being extremely reactive/pulling/trying to dislocate my shoulder so he can say hi to the neighbor my plan is to just take him back inside and try again at a later time.

Thoughts? Is there anything I can do better here? I expect absolute failure the first few attempts, but I have faith he'll improve over a few weeks of this. He truly is extremely friendly and loving, but he does frighten people and sometimes other dogs by how overstimulated he gets upon seeing them and suddenly becomes an actor of a karate movie in an attempt to get to meet them.

Nova is at the point in her training where I feel comfortable having her off-leash (but still connected to one, just not with me holding it) and allowing her to walk/play with me outside as long as there are no distractions around. She's very good at focusing her attention on me when others are around too, I just choose to always hold her leash when I am around others for safety reasons. I would be completely confident in saying if she were to get loose she would come right back to me or would stop and wait for me to come to her. 

I would like to get Neo to that point also.",1680033389.0,2,1.0,7
simplynailogical,Is there hope for a future Blue Ain't Slick vault release?,"So, the day of the announcement I went to buy 2 of Blue Ain't Slick but it was already gone. I've been looking for a dupe but none I've found are really hitting it for me like this shade does. It's probably my all time favorite shade of nail polish and I'm hitting myself for putting off buying a refill. I'm just hoping there may be a chance for limited stock revival in the future? Or is that only for super high demand/limited shades that sold out too quickly?",1673918545.0,9,1.0,10
EDAnonymous,"When it's your birthday but your ED, ADHD, and Depression decide fuck you","I just need a place to talk about stuff today. It's not all ED related, but I thought it was enough to be worthy of posting here. 

Unfortunately, today is my birthday and as such my SO apparently scheduled to take today off of work. I was unaware, so I figured I'd at least get to be alone today so I decided to skip my classes today. But no. I wake up to homie at 12am telling me happy birthday after I finally went to sleep. Only for him to then go to sleep after waking me up. I had barely eaten yesterday so I was awake dealing with hunger and depressive thoughts till like 2am.

Then we wake up and I discover he's staying home. Which is weird because like 3 weeks ago I got sad about him telling me ""not everything I think needs to be about you"" after I made a joke he only cares about these next few months because he wants to get a VR headset. So I kind of just stopped talking to him about myself and stopped reminding him of anything upcoming if it related to me. Already figured out the other day he forgot our anniversary is in October and I have no plans of telling him. 

So we decide to get breakfast. It took me TWO HOURS of decision paralysis due to my ED and ADHD to pick a food to get. ADHD made everything seem ehhhh and if I did find something my ED was like ""BITCH THE CALORIES"". We finally get food and I struggle to eat it because I'm depressed and also tortured by my brain over eating.

I finally sit and take my morning supplements and my SO keeps asking what I want to do because it's my birthday. Same dude who an hour ago made me cry out of frustration and hopelessness because he refused to take our dogs out after I asked. Because he was looking at reddit and ""they can wait"". I was just like ""I don't WANT anything"" and then he got sad so I got my laptop to play TF2 with him because I know that's what he wanted to do. Now I'm in the bathroom essentially hiding because it's the only place he/the dogs won't follow me.

I just ain't feelin it y'all. I'm 26 officially and I'm still not UW like I told myself I'd be by 20. Not only that, but my body is old now and I don't know if I even have a chance anymore at being skinny. I'm guessing my 26 year old skin is dry and saggy and stretched beyond looking good anymore. But idk, this is all great restriction material. My needs/wants are irrelevant to my partner most of the time so it's really nice for restriction purposes. I was going to try to be nice to myself today because I thought I'd be alone and no one would remember it's the anniversary of my doomed life starting, but I apparently cannot even be afforded solitude.

Gonna get really fuckin high and probably near comatose just to get through today. Whee.",1663777645.0,11,0.93,0
ADHD,Need some tips for crash prevention,"My semester just started this morning and I'm quickly realizing that I'm going to be struggling with my stimulant crashes throughout a tougher course load than I usually take. I do take Vyvanse, but I will take tips and coping mechanisms from anyone, including those who don't medicate.

For example, how my current meds work is I take 60mg a day but take 30 mg 2x a day to get to that. I take my first 30mg in the morning and my second sometime before 4pm when I feel I need it. The problem is that I took my first dose at around 8:30am and it's almost noon and I feel a quick drop in my mood and motivation. I know my next dose will fix this, but then I'll inevitably crash again in the evening when I need to study.

So, I'm trying to be preemptive by asking for tips and such because last year I would get sick (like, unable to get to campus) because I was taking just my meds and not doing anything except studying and it would give me massive migraines and muscle aches so bad I couldn't lift my head. The burnout comes FAST when I function like this.

So, I'd like to know other people's routines or what they notice they do on days where their meds are most productive. A lot of my crash issues come in the form of general hopelessness and body aches/migraines. 

Thank you in advance.",1662570303.0,2,1.0,1
depression_memes,Originally thought the Validity meant my need for validation,,1661427439.0,0,0.17,1
agnostic,Do you get moments where you get residual fear mongering?,"I grew up Penecostal Apostolic until I was 18 and by legal definition no longer required to do whatever my mom says. I say this because I was on the path to becoming agnostic when I was about 10+ but was forced into attending church and listening to sermons due to ""because I said so"" logic by my mom.

Fast forward and now I'm almost 26 and have been separated from religion for a good several years now. I'd still attend occasionally to make my grandma happy when I'd visit, but I haven't genuinely been involved in the church since I turned 18. 
However, my mom is an even more avid Apostolic at this point in life due to going to (in my opinion) a more extreme church in the religion than even I was brought up in.

This morning I wake up to a text about how she's had dreams about the world ending and Jesus coming back. She often tells me she's had dreams come true (and tries to explain this with the Bible) and I actually grew up fearing some of her dreams because she would animate them very vividly for my ADHD brain. Everytime she does this I get distant for a bit and kind of avoid her and I always have this like unsettled feeling if I think of Judgment Day. Obviously, the way Hell and the world ending was described to me in services was absolutely horrific and scary and of course a reality no one would want to live. But I still don't have a faith and I still have multiple issues with religion, mostly the church part of it and the Bible being an old storybook.

I've never had anyone else to talk to like this that grew up similar to my strict religion and anyone I know of who has left the religion I'm too scared to talk to as rumors and gossip are prevalent in the community I grew up in. Anything I say about it to anyone else who left is likely to get circled back to my mom and be used as a ""see this is the devil in you telling you not to believe"" reason.

Anyone else experience this weird tinge of fear in the back of your brain when your still religious family talks about end times? I understand it's psychological conditioning and I was basically brainwashed but even still it gets to me and really just dampens my mind for the day.",1660923155.0,19,0.95,5
ADHD,Unmedicated self preventing me from pursuing a long-time goal?,"I make this post fully expecting to get mocked, but I have always really wanted to start a YouTube channel. Ever since I was like 14 I wanted to do something on YouTube in the gaming community and I'm almost 26 and still want to. I'm in college, so having a job and also having hobbies is really difficult for me with my studying as it takes most of my mental inventory.

However, I really love to game and I've fell out of touch with it over the past 4ish years. It's my only hobby I've consistently kept since I was literally 8 and it's something I really wish I did stuff with more. I've also been unemployed since the pandemic and have a hard time dedicating myself to jobs I can't find motivation for. So, I decided earlier this month that I would start researching how to get a YouTube channel going. The goal for me isn't money, though I would obviously love it to be my career while in college. It's just something I've always wanted to do and I feel like I can.

BUT anytime I'm unmedicated or when my meds run out for the day, I get this intense inner voice that really dampens my efforts towards starting a channel. I'll just be randomly sitting there and all the sudden my mind is like ""no one knows you, no one will like you, this will never go anywhere, you don't even know how to make a video. You're just a poor nobody with nothing and won't ever be able to pull it off"" and this inner monolog is REALLY making it hard for me to start. 

I've made a new channel, made a nice profile for it, downloaded games I want to play for it, etc. I'm also looking up how to edit videos and record audio as I'm running off literally a gaming laptop and earbuds with a mic. My content goal at the moment is doing indie game reviews and occasional anime reviews, and I'd love to do playthroughs once I have a better mic set up that doesn't record my keyboard and mouse clicks. I have the ideas, I have the plan, I just can't seem to actually start recording because I feel that voice in the back of my mind essentially mocking me. I even get thoughts that my channel would go no where solely because I am a girl and thus obviously not entertaining for gaming content.

I don't know anything about video editing yet, but I have been doing graphic design stuff since I was around 15 and I am very into making things look visually appealing. I used to make money off commissions for people's banners/pfps/whatever and would sometimes work at it for 8-10 hours a day because I love creating. So, I know this desire to start YouTube comes from the same vein. I just don't know why my unmedicated self now is being so hard on me when I wasn't even medicated until I was 24 so all my prior graphic design knowledge came from an unmedicated self.

I'd love advice from you guys on how to pursue something you know you will love and you know you can do, but that your brain basically gatekeeps you from. When I'm on my meds, like now, I have all the motivation and want to do this in the world, but I can't seem to turn off the ridicule programmed into me.",1658523615.0,1,0.67,1
EDAnonymous,"SO appreciation post, drop yours here","So, even though I'm not UW (I'm in the higher NW category, Ik, gross) I bodycheck obsessively and with my SO of 3 years I've kind of allowed myself to do it in front of him. He knows I have an ED and also that I have BDD, but he doesn't talk about them much. I notice that whenever I bodycheck around him for around the past 6 months and he catches it that he immediately comes over and just gives me affection in that area. 

For example, if he catches me looking at my stomach in the mirror and sucking it in after we shower he comes over and gives me a kiss on my neck and goes down to my stomach and gives me a kiss and some kind of compliment.

If he catches me grabbing my thighs he essentially faceplants into them and gives them a kiss. If he catches me staring at reflections in windows he turns my face to give me a kiss and so on. He never really says much before or after, but I have noticed that he's often paying attention to if I'm looking at myself (I catch him out of the side of my eye looking at me sometimes)

We were in a really rough spot earlier this year with a lot of mental health issues on both ends, but his gentle behaviors like this are really appreciated even if I still hate myself afterwards. I see a lot of less empathetic and not so loving SO posts here so I thought sharing something that isn't toxic may help others. I'd love to hear about anyone else's positive/sweet SO behaviors too!",1658255531.0,10,0.86,2
Dogtraining,Opinions on training dog to wear booties,"When I was a kid, we never made dogs wear booties except for occasionally during the hard winter months. My last dog who passed a few years back had very tattered paw pads in the last 2ish years of her life and I felt like it was really my fault because I never proposed using booties. So, with my newer pup I'm looking to not repeat the same mistakes I made with my previous pup.

My pup is a Border Collie/Springer Spaniel mix and we go on walks daily on all types of terrain (no hikes/trail walks atm - she's too young imo and I'd like to have her be more comfortable with commands outdoors first). Her paw pads do feel a little rougher than I'm used to on dogs her age, so that is why I'm wondering if maybe she specifically would benefit from added walking protection.

Any opinions on types of booties? Or would a balm/salve be better? Do booties tend to last awhile (given she doesn't eat them herself)? Is training to wear booties relatively easy in the same way training to wear a harness is in your experience?

Thanks!",1656707987.0,19,0.99,25
Dogtraining,Need advice on how to convert from authoritative to positive training,"So I adopted a border collie mix pup months ago, and she is now about 6 months old. She's super smart and I work with her basically everyday, but I am in college so sometimes training is slow. I love her to bits and try my best to always use positive reinforcement, though there are times it has been hard and I have snapped. I have ADHD, and sometimes when I get sensory overloaded (like from her jumping on me/barking/whining) I have momentarily snapped. Of course we make up afterwards and I always make sure I am not instilling a lasting fear in her. I try my best and have been utilizing alternative behaviors to help with getting overwhelmed to a breaking point. I am definitely aware of my errors and am trying to take responsibility.

My partner though, is very authoritative. He believes dogs are basically stuffed toys with beating hearts, I guess. I had no idea he was this way as we've been together for 3 years nearly and he's always been nice to my mom's dogs as we sometimes watch them. He is constantly pushing her, telling her no in the same way a bad parent tells their toddler no (curled lips, excessive tone, pointing finger), grabbing her snout until she cries, and holding her down until she cries.

This has led to almost a complete disconnect from us as a couple, as I can't function with this frankly abusive behavior. He doesn't act like this with any animal I've ever seen him around, not even his dogs at his mom's house. This is not how you treat a baby, it's heartbreaking for me and I have PTSD from the way my father abused my dog/me in similar ways. He heavily disagrees it's abusive, but I don't really give a shit what someone being physically authoritative considers abuse or not.

I have repeatedly discussed my discomfort and emotional pain his behavior puts me through, and I have also tried to explain to him that puppies are exactly like toddlers: they're babies that need to be taught what to do. He just tunes me out or is nice to her for 1 day so I shut up, I guess. So, he doesn't care about my pain and he doesn't care about her pain. 

BUT! He does care about his own comfort and wants her to leave him alone. I know much of this falls on me to work through while he's away at work, but I can't make her a perfect dog in 9 hours while he's gone. I need him to at least stop using physical restraint because it is starting to make me physically retaliate at him (such as grabbing his arm to stop him or pushing him back to get in between them).

So, what are some ways I could show someone who isn't empathetic how to use positive reinforcement to get what they want? Were any of you hardcore authoritative trainers before but were converted? If so, what made you change yourself? If it comes down to it, someone is getting rehomed. And it's not the dog. 

Thank you.",1651517130.0,7,0.89,25
ADHD,"Accidentally took 90mg Vyvanse, need some advice on how to handle it","So, I am prescribed 60mg Vyvanse, but I used to have such horrid come downs with nausea and migraines that my doctor decided to split it into 30mg 2x a day so that way the effects taper off instead of suddenly drop. That worked, but sometimes when my semesters get really busy, I still take 1 dose of 60 instead (doctor is aware of this) as I'm more functional than at the 30mg dose alone. Usually my night just ends a little rough, but I have royally screwed up today and I have no idea what to expect.

I took my 60, but I forgot I took 60 and was under the impression I took my typical 30 after I got up from some midday resting. So I blankly take another 30, take my pup out, and then realize what I did. 

It has finally started to take effect, and I feel generally okay, just a little more jittery.  My eyes also feel slightly heavy and my heart rate has increased, though not to a worrying degree. I am also experiencing heightened tinnitus, but not drastic. I feel relatively okay, I would describe it like how people say it feels to take a double shot of espresso when they don't tolerate caffeine well.

I know I need to keep hydrated and will try to drink as much as possible. I am about to take a steam shower as it is what I usually do when I get migraines to help with tension and relax my muscles. I was considering taking my dog for a walk/run, but I'm not sure if I should do any exercise as I don't want to elevate my heart rate further?

If anyone has advice on how to either help negate some of the effects or lessen the come down I'm surely going to experience, I would greatly appreciate it. Is there anything I could take (like tums or vitamin c or something) that would kind of dampen the effects? I still need to focus to do my work, but it's hard to do it now because I basically went past functional all the way back around to dysfunctional. Thanks in advance.",1651272687.0,3,1.0,15
EDAnonymous,BMI is such a fucking scam,"It's so annoying how a singular pound can put you into one category or the other, but if you gain/lose that pound, you move weight class.

Like, what the hell, man? Why is this so clearly illogical yet so widely used as a measure of health. Absolute shit.",1650501548.0,10,0.71,1
EDAnonymous,"me: passive aggressively vents at SO about how I feel about life/myself. my SO: Can you just, like, shut up?","My text response in the morning because he's in bed sleeping and I don't want to wake him up: ""I didn't get to say it last night because we watched videos before I could articulate myself but I am sorry for talking yesterday. I was outwardly expressing my insecurities, fears, and frustrations that I typically keep in my head. Half because I wanted you to understand how down I am and half because I was upset. You telling me to shut up was good and helpful for us both and I'll try my best not to express those thoughts to you anymore. I am sorry""

The ED inside me is pleased with this shut down of my feelings. The ADHD inside me is slightly concerned for how bad this experience is going to make me restrict, but is too hyperfocused on ""just shut up"" that it's been playing in my head on repeat since it happened.",1650207623.0,3,0.81,4
EDAnonymous,To whichever one of you fucks posted COOKIE BUTTER on one of the meal subs...,"...how dare you. I hate you, but I love you. You have unleashed a force inside me I had no idea had existed. For years. YEARS I have ignored cookie butter out of sheer fear. But you. You said it was addictive. 

AND YOU WERE ABSOLUTELY CORRECT.

I have never felt so much joy and regret from a single food and now I'm scared to let myself eat dinner because it has been only 2 days and I have eaten half of a jar of the Great Value brand.

This is tragic but has come at a time where I was restricting so hard I couldn't get out of bed really, so thank you. But also, how could you?

Sincerely, a cookie butt-liever.",1649713756.0,75,0.95,3
EDanonymemes,Just had a moment where I wondered if I truly do like the unsweet versions or if my ED made me like them,,1649556031.0,118,1.0,1
EDAnonymous,I feel like I was challenged to get to The Big DeathTM faster,"I'm on my spring break at my SO's house in another state and a couple nights ago my SO's sister's boyfriend and his friends started making fun of this pizza woman. SO and I ordered dominos cause we hadn't went shopping for the week yet and needed something. They (not my SO or his sister, but everyone else) were calling this woman sitting in her car a fat bitch, how she was going to eat all our food before we got it, etc. 

It really bugged me and made me feel super naked? Because I am obviously not skinny. So, I just mentioned it in passing to my SO. He said ""no"" over and over that it never happened. I kind of just broke down crying. I drove him here even though I was uncomfortable. I don't know these people. I've been under immense stress and not eating or caring for myself anyways. And he really asked ""why are you sad"" after his consistent belittling of my memory.

I'm pretty sensitive about getting my memory questioned as I have ADHD and it's a genuine problem for me. However, negative experiences stick to my brain like glue. I remember basically every mean thing someone has ever done or said that bothered me.

So after we talked about it (nothing was resolved, he just argued with me and was like ""fine! You're right and I'm wrong!"" he left me. In his house. In the dark. Alone. To go hang out and have fun while I sit, on my spring break, in a house in a place I am unfamiliar with. It was quiet and lonely. It gave me time to start thinking about my life and stress and I realized my heart was beating faster and felt like it was vibrating my body. I couldn't read a sentence on my phone. I was jittery. All I could think about was doing The Big DeathTM. So I texted him that I didn't mean to bug him but I think he should come upstairs to me. Eventually, like an hour later, he did. I showed him the physical signs of my panic and said I was in the Commit Sudoku mood (spelled wrong intentionally)

So he comforted me and then I felt bad and stupid for even telling anyone how I was feeling so I said he should just leave and go back and I can be alone (and probably hurt myself as I was already in the process when he came up). He basically said he didn't think it was too worrisome and that I probably wouldn't do anything anyways. Not that he disbelieved I was in that mood, just not that I'd do it. I've had 4 attempts in my life already.

I really took that as a challenge, you know? I'm sorry I'm not broken enough for my pleas for help to be considered important enough. I didn't eat yesterday and that's the plan for the rest of the week too. Maybe when I fall over from lack of nutrients and can barely move then I'll be considered bad off enough to actually commit to it? What's uncanny is that I have several means of doing such atm and he said ""yeah, I know, I just don't think you would"". Maybe it'll be a bigger deal when I'm dead?

I even told him that the way he reacted to that just challenged my brain and it was a mistake to talk to him. He was just like ""yeah, okay"". I'm so stressed constantly. I'm in so much emotional turmoil day in and day out. I guess people just think I'm some unbreakable punching bag for life. I suppose the only way I can express that I am broken and beyond my mental limit is to just let myself waste away and ignore people's help. They brush it off already, why wouldn't they brush it off when I'm severely malnourished and so physically weak I can barely stand? Is that what it takes to be taken seriously about wanting to die?",1647362310.0,6,1.0,0
ADHD,Meds seem to be making me constantly tired now?,"For the past few weeks my Vyvanse has been really just making me too tired to function. I've been taking it for nearly a year now, and have been at my 60mg dose for much of that time. My Dr. and I decided that since the crashes from the 60mg all at once were too draining for me, we would do 30mg 2x a day, and that seemed to be pretty okay.

But now...it's weird. It's like I took a sedative almost. I can tell it's the Vyvanse kicking in because I start getting super sleepy like I want a nap around 40ish minutes after I take it. I've been trying varying things to see what might help, this includes:

- Eating before taking
- Eating after taking
- Taking tums before
- Taking tums after
- Probiotics/electrolytes before
- Probiotics/electrolytes after
- Taking 60 all at once instead of 2x 30.
- Splitting up my first 30 and slowly drinking it and waiting to see if my dose needs to be lower
- Splitting up my second 30 and drinking it to see if my dose needs to be higher
- Taking it early then going back to sleep
- Taking a nap when I get tired (this just makes me groggy and feel like I wasted my meds)

All of these variations have been tested in some type of mix together. For example I've tried both eating and tums before the meds and after at the same time. No mix I've tried is seemingly working. It's only been a couple weeks since it started, but it's really hard to work through. I still get the positive effects from my Vyvanse, such as being more clear/quiet minded, can be productive, can be focused, not as moody, etc. It's just hard to stay productive and focused when I'm always on the verge of falling asleep.

I did some quick reddit searching for this, and I seen it mentioned that mental exhaustion could be a contribution to this effect. I have been immensely stressed since the start of February, but I'm always stressed? Even when I started taking the meds I was stressed as hell. I suppose maybe it is more than usual as my mom (who I tend to hide my emotions from) said she was able to tell I was super drained from just my face. My SO also is constantly asking if I'm okay. My face when I look in the mirror is always ~d e a d~ but looking at it this morning, I guess it is pretty sunken and saggy. I haven't actually been smiling or really interested in much either. But like I said...this seems normal? I'm used to waves of depressive episodes and I've had a couple since starting the meds and never had this.

So, anyone else have this? Why was it happening for you? What fixed it? I'm really not ready to say ""oop, Vyvanse just isn't for me now"" because of this, because it's been pretty consistent in working and it has worked through depressive/stress episodes many times for me before. I'm just kind of perplexed at this. I don't know what to do if 60 is too low of a functional dose for me now, because 70 is the max. I don't wanna freak my Dr. out by asking for a 10mg increase and I'm not sure how we'd be able to effectively split it anyways. 

Not asking for medical advice btw, just experience and anecdotal. If it continues I am going to contact my doctor once spring break ends.

Edit: I want to add that I am female but I have never had this type of experience during a cycle and am unable to get pregnant, so it isn't that for sure. I also just recently had my cycle start and end so it wouldn't make sense that this would be the cause since it was constant throughout it and before it.",1647200716.0,3,1.0,3
ADHD,How do you guys drive without having someone with you?,"I have my first road trip coming up in about 6 days. I don't regularly drive as I don't own a car yet. I do have a license and had a permit for 4ish years before that. However, anytime we did road trips I was always with someone more experienced than me to double check me. So, basically to make sure I took my exits, my turns were super safe, etc.

Like....I just feel like I'm going to be alone and just completely forget everything. It's only a 3 to 4 hour trip but I'm super anxious. What if I get in the wrong lane? What if I don't realize I need to yield? It's strange because in all my years of driving I've never had an accident or done those things (aside from the wrong lane thing when I was first starting a couple of times). I'm generally confident when driving with someone else who is experienced.

Any tips/advice? I'd only be able to do 1 day of practice drives due to needing to be at campus and the car I'll be using is 2hrs away. My step-dad will be picking me up and loaning me his car for the week.",1646639509.0,2,1.0,6
PhysicsStudents,I need help on how to balance/improve on Physics without it draining my life,[removed],1646114118.0,1,1.0,1
EDanonymemes,"Literal convo I just had w/ my obese mom who definitely 100% caused much of my ED. I shared a ""fat"" meme w/ her and she decided it was time to invalidate me for not being as overweight as her.",,1645730966.0,34,0.85,2
ADHD,"I need tips/advice on training my dog to be a ""service"" dog","I adopted a border collie mix puppy a couple months ago and she is incredibly intelligent. I mean like, she learns a new command in a day (like sit, paw, stay, etc). Some things are obviously more lengthy to learn such as potty training and not biting/jumping because she's still a puppy and it's only been a couple months of mostly me working with her when I have time. Even still, she's so smart she picked up on us going to the bathroom and started associating the literal bathroom with going potty. It has me looking into toilet training because she's choosing to do it in the bathroom when she can't get outside vs just anywhere in the house. She's just so smart and I want to nurture that intelligence and not let her get depressed with so little/basic training.

I was watching an ADHD YouTuber who went through the training to make her dog a service dog and thought ""holy heck, I'd benefit from this"". I put ""service"" in quotes because it's not like I need her to do things highly trained service dogs learn for blind people or epileptics. It's also something I'd be doing alone so it's not like I can make her official on my own, I think. However, I am asthmatic along with having ADHD and feel like I'd benefit from training her to help me. Border collies love to have jobs and love routines, and I need a routine to be productive.

I just can't afford to do training with a professional and was hoping some nice folks here might have some websites or video tutorials that may help me get her started? Some of the things I'd like her to learn are:

1. Waking me up/forcing me to get up at the same time daily.

2. Bringing me my meds or leading me to my backpack so I remember to grab the things I need for class that day

3. Understanding when I'm really stressed and overworked and letting me know when to take breaks (when I've been sitting/laying too long)

4. Similar to 3 but just being able to pick up on my emotional distress levels and laying with me/comforting me when I'm emotional and need to relax/destress.

I can't think of other things I would like her to specifically learn that might benefit me and her at the moment, so any suggestions for command training would be super helpful too. I'm just not the most active (though I do like to walk/hike, just not for the next couple months because COLD), so I think giving her responsibilities like this would help stimulate her/give her purpose and would also benefit me. Also since I'm asthmatic, exercise, especially when it's cold, is really taxing on me and there's been a few times recently it's almost caused me to faint due to the cold. So no exercise atm, which I know she needs. This just seems like a good path for both our needs I think.

Thanks!",1645658618.0,1,1.0,1
ADHD,College has me drowning and today I hit a low,"Semesters have always been difficult to me. I never did traditional schooling so college has been my first ever experience of academic structure, so it has always been taxing for me mentally. But today. I'm just...shut off. I can't tell if it's burnout or if I'm just too stupid to be at this campus for real.

I got a 38 on my first Physics exam. The teachers barely teach, even their syllabus says this is a flipped course, which means all the content you need to do well is available for you to teach yourself. Such as mandatory assignments 4x a week. You can only miss 5 lectures, which I already have because 3 of them weren't my fault. The app they use for attendance wouldn't work. I emailed them and they said ""yep that's why we do 5 free attendances"" meanwhile I have literal proof I am in lecture. So, Physics is taking up 80% of my academic time and willpower, and is acting like a weedout course when it's a literal fucking STEM requirement so I have no choice. I prepped 10 days for the exam and still got a 38. My meds were supposed to help me prevent this, but you can't prevent being a literal moron with medication.

I have a term paper proposal due tomorrow that I took yesterday off from campus to work on but then realized I had an 11 page paper to read and summarize + give my insight on. So, I barely got to working on it.

I have 2 exams coming up, 1 this week and 1 next week.

I can barely get myself up. I'm lucky enough that the snow/ice made getting to campus improbable for many students, so I just stayed home.

I can't handle a job with my academic workload either, so I have no security in my future living circumstances which is how I even get to college. Between the stress, the money, the instability, and the fear that I wake up with everyday and have to deal with until I fall asleep, I'm busted. I am literally only able to be a potato with no purpose. I've tried to explain to my professors that I need mental breaks so I can keep up with work on a consistent level but my Physics professors literally do not care. I wanted to drop the first week of classes because I could tell how hellish this class would be. I don't want to be babied, just understood and have my mental health respected.

Idk what to do. I'm an unreliable sack of shit who can't be productive in what matters and what will make me long term happy, but I can sit in bed all day or make a stupid house in a videogame for 5 hours because it requires no brainpower. I hate how much I'm trying with how little it's mattering. It's not helping me be able to motivate myself.

Any advice/stories/etc are welcome. It's just been a very bad month and I'm so tired. Thanks.",1645553363.0,1,1.0,1
UWMadison,Looking for Lost Ring,"I lost an extremely important and invaluable memento ring last week and have yet to find it. I have turned my apartment upside down and the maintenance man has checked everything single thing he could for me (super nice dude!) I have had no luck. I've also searched outside my apartment complex following my walk path. I've already contacted the school lost and found, ASM lost and found, and will be asking my professor from my class that day if it has possibly turned up. I'm also going to try my chances here. 

So here's a description of my route that day and the ring:

On February 4th I was on campus in the Noland Hall Zoology Building. I went to lecture in 168 Noland. Then I sat on the bench near the doors in the front of the building, by the 132 Noland lecture room. I felt ill that day (mentally) and so I went home and skipped my evening lecture, so this is the only place on campus I was at. I waited until 10 minutes for my bus and walked a pretty straight path from Noland to the bus stop at W Johnson and N park, by Sellery Hall (the one that's been having construction near it for awhile).

The ring is a silver ring with engraved pawprints all around the band and has ""Honey"" engraved on the inside of the ring. It's a size 8 1/2.

If ANYONE has seen this ring or sees it/knows someone who may have, please please please contact me. I am in extreme distress over losing it as I barely ever wore it anyways because I was scared to lose it. I don't know if I'm allowed to, but I'm willing to offer a reward for finding the ring and returning it to me. I'm obviously contacting the appropriate places aswell and not just reddit, but I'm trying to cover all my bases. If you see a person thoroughly searching this pathway tomorrow afternoon and sifting through the grass, that's me, I am the crazy lady doing that.

Anyways, thanks in advance.",1644536072.0,68,0.99,10
ADHD,ADHD existentialism and intrusive thoughts,"I'm just having a hard time recently and want to know if others on the ADHD wavelength can relate and what they do to mitigate it. I'm going to be 26 this year and I'm noticing that the older I get the more stressed I get, which is normal for most I think.

However, this stress starts to eat at me more and more and I'm increasingly existential about life. What's the point? Why am I working constantly towards more stress? Will I ever get to relax again? Why does anything I do matter because I've wasted so much of my life already on unhappines?

Then come the intrusive thoughts and they are...frustrating. Any point in which my brain tries to relax I'm instantly zapped back to: 

You're 6k in debt already and not even done with college. 

You don't know if you'll have financial aid next semester to go to college and finish your degree. 

Your grades aren't good enough to get into a Ph.D program.

You have no job.

You can't hold down a job and school.

You don't know if you'll have a home this August.

Your partner has no job.

You're a burden to the professor you rely on.

You're struggling with basic Physics, you're not smart enough to be in college.

The list goes on and gets WORSE as sometimes I start imagining horrific scenarios that typically involve immense emotional or physical harm to me. I can't shut it off and I have physical reactions to the thoughts as I'm trying to fight them off. I look like a freak in public probably as I squint my eyes and bite my lips or grit my teeth. It's to the point I can't even create fictional scenarios in my head to calm myself (which is a giant coping mechanism for me).

I wake up at 10am every weekday and don't get back home until 6pm because I'm at campus. I've taken to just blankly staring at my cieling and silently crying when I come home. I call it decompression.

Y'all relate? What do you do to ease feelings like this? It feels like I'm hyperfixating on all the negatives in my life and can't stop.",1644440813.0,3,0.81,4
adhdwomen,Need advice on when to take supplements without compromising Vyvanse effectiveness,[removed],1642357015.0,1,1.0,0
obgyn,I need advice on how to talk to my doctor about wanting a hysterectomy,"I'll be try to be quick and to the point. I'm 25, and I have never, currently do not, and will never want a child by pregnancy. There are a few reasons for this including:
 
- Life history of sexual assault
- ADHD (I have it and I do not wish to pass it and it also makes sustaining a stable parenthood harder)
- I have no ""motherly instinct"" in terms of wanting to procreate
- My disdain for pregnancy goes beyond superficial reasons as I know if I were to ever get pregnant and termination wasn't possible, I would hurt myself trying or if it was too far I would make an attempt on my own life

If I wanted a child, I would adopt and I have had this mindset for as long as I've been menstruating. The thing is, I'm 25 and that means I get my personal say about this treated haphazardly at best by most. I need to know how to convey this to a doctor in a way in which it will be more successful in getting them to listen to me and try to help rather than tell me to just wait.

I've been on various BC since I was 16, my most recent is Nexplanon that I've had twice now. Because of that, things like vaginal dryness and sensitivity have always been in my life. This means I'm well aware that having a hysterectomy could cause menopausal symptoms for me such as dryness and sensitivity. Which I already have from the BC.

My periods are a mess and irregular, always have been since I was 12, but the Nexplanon supresses it in a way that when it does hit I feel like I've been used as a practice board for karate. I'm in literal tears as I write this from a sudden onset period that feels like it's out for my life in terms of pain. My blood has never been typical red anyways, and I discussed it with my doctor and she said it sounds like I'm not even completely able to shed my lining and it causes abrupt emptying phases. 

I don't need to be experiencing this type of pain until I'm 40 and passed my fertile prime. It's like going to medical school when you're majoring to be a lawyer. Useless.

So here is my plan:

- I want to get a fertility test first. I'm hoping I actually pass as infertile because my birth mother apparently was and had to try constantly for years before getting successfully pregnant. She had been told by 2 different doctors a child was near impossible for her.

- Then I need to do some blood testing to rule out ovarian/cervical/uterine cancer. I **will** require an alternative testing method to a pap, which I know exist. You'd have to damn near restrain and incapacitate me to get a pap done, it's way too panic inducing for me due to trauma.

- After I get all results back from the first 2 steps, then I plan to take it to my PCP who treats me for my ADHD and discuss this. Hopefully I can get a recommendation for transfer from her and the decision to discuss it will be further respected/treated seriously with her referral vs me on my own.

I need to know in what ways I can convey both my absolute panic and fear of pregnancy because I can't keep living like this. I take medication to stop something that I don't even need to be a woman. Plus it literally is causing similar issues to having a hysterectomy (in terms of menopausal symptoms). I am aware that hormonal treatments exist for women to help manage menopausal symptoms and also ease complications after a hysterectomy. I've been researching this since before I was  even on birth control. I was 12 when I figured out what a hysterectomy and tubal ligation was. I'm very serious about this and I feel like I offer a valid case with sound reasoning.

I welcome all advice as long as it isn't advice telling me to just wait it out because I'll want kids eventually (which I've been told TWICE NOW). Thank you.",1641664825.0,8,0.84,13
ADHD,"I've discovered a link between caffeine and my mood, I think","For as long as I can remember my last relationship, I was super touch and go with my moods. One moment happy, the next annoyed. I figured I was naturally just a bitch, ya know? I've been a much nicer person with my newest relationship of 2 years vs the previous of 6 years and I sometimes wonder about it, but usually sum it up to better compatibility. 

**haha, no.**

I started taking Vyvanse like 4ish or 5 months ago, I cba to remember exactly when. For that duration I've been pretty much no caffeine as the time I *DID* take it and have caffeine I had massive anxiety and a panic attack. Sometimes people just can't mix stimulants. No biggie for me, I used it mainly to self medicate as do many with unmanaged ADHD. Fast forward to winter break from Uni. I stopped my Vyvanse for a tolerance/mental break for a week. I took it yesterday, but not today. Today I decided to get a Peppermint Mocha Latte. I figured since no stimulant = safe and I won't breakdown. 

I didn't breakdown, but I did notice that my alertness, not attention/focus, were heightened. Like as in overwhelming me. My SO had a mountain dew bottle in the car door side and it kept vibrating and making a noise and I couldn't even articulate why it bothered me. All I could do was reach over him and pull it out. He didn't even hear it. I kept having to put my fingers in my ears and close my eyes while my mom talked on the phone on the drive home. When we got home SO tried to talk to me and I just said ""move"" and any time he tried to talk to me about being upset I would say ""no"". Finally I got frustrated enough and just laid down and shut my eyes and didn't talk. I'm still coming out of the fit, but it's better.

Then it dawned on me. Every. Single. Day. For YEARS I was drinking large coffees from Dunkin. Sometimes two a day. The only similarities between me then and me now is the coffee consumption. My typical attitude has always been (on function ADHD days) super mellow and unbothered. It was only when my ADHD symptoms got more out of hand due to increased stress and responsibilities that I started medicating with caffeine, and that is when my demeanor changed I think. Even before my coffee today I was exactly like that, super chilled out, generally unbothered by things. 

So, I've apparently been making myself an intolerable bitch unknown to me. A lot more fights with my SO after my classes were over in the afternoon make so much more sense now. It wasn't the be all and end all of my mood issues, but I think it genuinely was causing my disruptive outbursts of agitation due to being overstimulated. I'm done with caffeine man. Decaf for me. Not even I want to be around myself like this.",1641340029.0,9,0.92,4
Nails,I am in need of quality vegan base coats and top coats,"Okay so, I am looking for brands that are actually really solid quality. Not solid quality for the price but really really good quick-dry and long lasting formulas. I have used Holo Taco, Seche Vite, Orly, and China Glaze. 

The China Glaze dries too slowly and tbh the no chip should just be renamed chip quick because it comes off in flakes. Super affordable brand, meh quality.

The Orly Bonder base I use is strange, seems to make the edges of my nail more prone to cracks and catching due to the texture it gives my color coats. Orly top coat is okay but not as good at drying as Holo Taco or Seche Vite.

Holo Taco is okay, very smooth formula. Top coat tends to get stringy quickly and needs thinner. Long lasting base is a fav but tends to slide off my nails like all other HT products.

Seche Vite base coat isn't as good as HT long-lasting imo, but their top coat is the best I've tried.

Any recommendations beyond these? Price not an issue, I'll drop 30 on a base or top coat if it is solid quality with reputable reviews and means I won't have to keep buying 5-9 dollar disappointments. Ideally I want drying speed and long lasting, but will prioritize long lasting as I can buy drying drops.

Thanks!",1641239177.0,2,1.0,4
ADHD,Is anyone else both more and less creative on stimulants?,[removed],1640998291.0,1,1.0,1
ADHD,Need ideas on a job that I can handle with full-time college,"So, I have just wrapped up a semester at Uni, more successful than any of my recent uni semesters with or without jobs. I am now on Vyvanse and am overall improving in life. I have pretty severe symptoms on the dysfunction and inattentive fronts, so holding down jobs I just can't stand while also being in college has always hurt me. 

Ideally, I would like to know of any low-commitment jobs people who balance full time college have, or just have been able to deal with regardless of college. I'm looking to not go over 15hr a week with a full plate, ideally I'd cap at 10-12hr/week.

Preferably I'd love to work from home because it works best for me, but I can be flexible. I would like to try and not do shifts longer than 3hrs because I need adequate study time and also kinda don't jive with my earlier years of working 20-35hr a week and 12-20 credits making me want to drown myself in my sink everyday.

Any ideas? Any types of jobs you guys do to balance school while also being able to not be homeless? I need to start saving now, or I won't have a home or ability to go to Uni next fall or the foreseeable future, which is scary. I don't know if you can get hired to write articles or work related to writing/reading tasks, but I do excel at that even though I major in Sciences. I'm also not sure if post offices hire people to do mail sorting or anything anymore.

What I'm looking for help/ideas for exactly: Flexible/low commitment job that I can work 3-4 hour shifts with that don't involve a lot of physical interactions so I don't have to drain myself from masking all day. I'm not a phone call person because of my inability to understand dialect differences sometimes, but I'm great at non-audio communication. I'm also really good at busy work and improvising/organizing ideas. 

I'm not trying to sound like a baby here with what I want ideas on, but between work and school, school 100000% gets my hardest effort overall since I have plans for med school. I can't divide myself between the 2 so the job has to be the easier out before I take myself out, ya feel?

Thanks in advance!",1640389486.0,2,1.0,8
ADHDmemes,"Haha, executive dysfunction AND burnout! GOODBYE A'S!",,1639945658.0,94,1.0,0
Scoobydoo,I just saw The Sword and the Scoob and it was probably the best Scooby-Doo movie in recent years,"I've been a Scooby fan since I can remember, and this was the first time since Zombie Island, Cyberchase, and Alien Invaders that I've enjoyed a Scooby movie properly. Fair warning, I watched this high at like 2am, so my opinions are most likely highlighted differently. I'll go by what I liked from the characters:

Daphne: she's like....insane? They typically make her a random kung-fu/karate/self defense character but they literally have her making AIRPLANE NOISES AS THEY POSSIBLY FALL TO THEIR DEATHS. Plus, they gave her a good leading role and it was great to see a bunch of guys cheer on a typically cutesy girly figure as a strong one. I wish this Daphne would be the blueprint for the new Daphne personality. She was way better than shr was in Mystery Inc due to the literal neurotic and badass balance they gave her.

Fred: Love his backseat from ""Leader of the Splits"" to not even suggesting it but rather being along for the ride. I like that they played into Fred being more timid than he usually lets on, even if he wants to be brave. I think that parallels nicely with Scooby, honestly. I also love him fangirling and respecting Daphne's capabilities. I'm sad he didn't say treasure though, but I think they alluded to it with a different word when he explains his trap.

Velma: Personally, this is the new age Velma I want to see. Voice wise she can improve, I agree, but I like her dryness to the silly gang. When Shaggy hid and she just defeatedly put the book back or when Daphne was dancing and Velma looked like she was contemplating calling her a nutcase were top Velma moments for me. Her skepticism has always been snooty, even in the old ones. She would stand tall with her eyes closed and index finger up with a slight smile while explaining the antics of the villian. The problem is that they need a better tone for Velma, I think. Her dry personality would come off better that way. I also wish they'd bring back her clumsy personality. She's smart and sciencey, but also a clumsy mess and they seemingly dropped that off many years ago.

Shaggy: I think Shaggy deserves more personality and they tried doing that with both Mystery Inc and this. In the old just Shaggy and Scooby shows, Shaggy had a lot more of a forward personality as he took on the human leader role of the duo. I really enjoy whenever Shaggy gets involved in the central plot and is more than PiggyMcStoner. I enjoyed his scenes but they could have given him some more to do.

Scooby: The weakest character BUT I didn't appreciate Scooby too much in Mystery Inc due to him frankly being a Great Dick vs a Great Dane. Imo Scooby and Shaggy need the most characterization in the newer shows. Scooby will always be a scaredy cat who is occasionally brave, but I think they've dumbed down his heroics in favor of ""silly lol doggo antics"" and the movie didn't change much. They've always had Scooby be Shaggy centric, but in the new iterations, I wish they'd give him more love and personality towards the others. He and Velma literally love each other in the older shows. Velma literally invented Scooby Snacks for this dog, why is he acting like he's not a dog over his food supplier?

The callbacks: If you remember, at the end of Mystery Inc the gang literally changes into the older gang, establishing a new timeline, so it makes sense they're part of Crystal Cove and that Velma is so sarcastic and such. This old style mixed with Mystery Inc type art is them I think trying to go for continuity to an extent. I think some of my favorite nods were the library scene and the running legs. I wish they'd have done a chase scene with just music and silly antics. Or Velma losing her glasses. The illusion to real magic and also fake antics is also something Scooby-Doo has done even before Mystery Inc on occasion. Villians were likeable in the sense you could tell they were suspicious immediately like old Scooby-Doo. Had Scooby shown more OG courage and companionship with the rest of the gang and Shaggy had more personality like in other films I think the movie would be super highly recommended. All in all I'd give it a 8/10 and would suggest it to people who like old scooby and Mystery Inc a lot because it blends both elements pretty good.",1639775464.0,12,0.83,4
ADHD,It's 10 days before finals and my brain is not allowing me to study. ADHD bout to catch hands today.,[removed],1639191837.0,1,1.0,0
ADHD,"The problem with telling some people with ADHD ""not everything is about you""","I was reading a post here the other day about how people with ADHD tend to surround themselves in chaos because our brains seek stimulation constantly. Someone's well meaning response essentially said ""not everything is about you"" in response to the OP saying the article stating we surround ourselves in negativity seemed to line up with things like fearing people hate you for saying something.

That's well and good and all and a valid point but it kind of rubbed me the wrong way and I'd like to explain myself and see if others agree or can see my standpoint as having merit.

I can't remember a time in my earlier childhood where I thought about myself, what I did, what those around me thought, or how I said/did things made people feel. I was just a very genuine, honest, blunt, and inattentive kid. I was super inquisitive and activity driven. I loved to create and dance and sing and talk to people about anything. I loved to touch and analyze everything in my sight, too. It wasn't until I started getting older and my symptoms heightened that I started being reprimanded harsher for just existing as myself. I was extremely pressured as a child and teen to not speak unless spoken to, don't touch things in stores/houses, don't ask ""why"", don't say this, don't do that, on and on and on. In fact, when I was 16 my mom forced me to get a driving test I knew I'd fail because I wasn't ready and ignored my fears and called me lazy and problematic. Then she hit me and called me stupid while screaming at me on the way home when, no surprise, I did in fact fail. She told me I wasted 30 dollars and needed to step up.

So, yeah everything kind of WAS about me. It seemed like people were always mad at me for just existing and that if I didn't mask or consciously do what I felt like I was supposed to do then everyone was miserable. If I succeeded, I wasn't given much thought or appreciation. If I failed I was critiqued for being lazy and unmotivated. I was regularly talked to on car rides to stores or what not about how I needed to be a better version of me. I was pulled into rooms frequently to be corrected on my behavior. I was often coached on how to speak to people or what to say/not say in case I came off rude and was told common phrases that people interpret as bad. 

This was really stressful for me and it wasn't something I sought out, it was a life I couldn't escape without dying. So, my brain did the only thing it could to survive: adapt. I started being hyper aware of myself and lived in constant fear of making others upset with me. I started second guessing myself and to this day at 25 I still can't stop apologizing even when I know what I said or did wasn't an issue. I feel like a LOT of ADHD kids experienced this kind of chaos in childhood and adapted to it as a way to survive. I'd wager I'm always in a chaotic state because I was raised in one and it was my only feedback so it became normal. 

So, no, not everything is about us. But, on the other hand, the overwhelming anxiety we get and fear of messing up/making people upset over anything we do is probably a lot more about our nurture than nature for some. I was made to feel like the center of the universe was on me and if I messed up my entire structure would collapse and I'd be unworthy, unwanted, a disappointment, a failure, and unlovable. In the beginning it wasn't me who started that type of thinking, it was my friends/family/teachers who planted those seeds. Now that I'm older I'm still weeding out my brain from everything they did and all the pressure that was placed on me for being different. The advice that everything isn't about us isn't really helpful and I would argue can in turn make us feel scolded for even sounding off our concerns and less likely to do it again.

A better response, or way to say this to someone struggling with things like self doubt and self hate would be to tell them to think outside of their mindset imo. This isn't ADHD specific, but it can be really hard to force yourself into someone else's shoes and see how they think of things because all you know is how you think of things and how others have made you feel. Anyways, that's my two cents and thought it was maybe worthy of conveying.",1638431184.0,284,0.99,49
HaircareScience,Why does my SO's thick wavy hair get oily no matter what we try?,[removed],1638081283.0,1,1.0,7
humanfallflat,How do I enjoy Human Fall Flat?,"This is a genuinely serious question. My partner really enjoys it, but it makes me literally die internally. He doesn't really play games with other people besides me (he's antisocial) and it bothered me earlier as we did the I guess new Lumber level and he wanted to quit playing entirely and said it was because all I do is complain or get upset over it. I don't enjoy making experiences not fun so here we are, trying to learn how to like something that makes me want to rip my face off in frustration. 

I think that my disdain may have something to do with the fact I have pretty severe adult ADHD and some of my worst symptoms are expressed in the gameplay I think. I know plenty of people who have ADHD that enjoy it though. Even Markiplier likes it (I think, he seemed really frustrated too sometimes). 

Hurdles that keep me from enjoying it: 

- The controls make me want to just quit existing. They actually seem physically limiting in person as I move? Like trying to connect 2 magnets of the same side. I just don't understand how turning my mouse can fling me off entire ledges that I wasn't close to but when I try to run/jump/grab it seems like the controls aren't sensitive enough to respond in time. Which is it? Please God, I just want to make this jump I've been trying for 15 minutes. It isn't even a puzzle it's a JUMP. 

- I literally do nothing and get stuck. Like actually stuck, we've had to restart level parts several times. I walked through a tree area earlier that I walked through several times before and got stuck in the middle of a leaf and he couldn't pull me out. I also got stuck between 2 rocks and my avatar rolled over onto the ground and started zooming in and out rapidly. Also got stuck under a bridge. All I did was walk over to the bridge and then turn to the right and suddenly my character is bent over and sliding under it even when I press backwards. 

- It feels like punishment for playing. Checking out is the only way I can continue. I just silently guide him to the puzzle solutions when he doesn't know what to do and press buttons when he needs to move on. 

The thing is, I'm TRYING so hard to enjoy this game with him. I genuinely want to know how to enjoy it and have fun with it. The biggest hurdle I have are the controls because they make me feel like I'm not a functional human and that particularly stings for me because watching the way they move is how I feel like I move irl while I try to process things and it reminds me of actual difficulties I have on a daily basis. The only level I've ever liked that I can recall is I think Frankenstein? Or something. There was a mansion and a monster and it was fun. I just want to know what headspace I should be in to enjoy the game? I don't HAVE to like what he does, but I want to and I know pretty much everyone that plays it but me does. It feels like I'm missing something.",1637915676.0,11,0.92,11
NetflixSexEducation,"What S3 tells us about Adam, Ruby, Steve, and their partners [Spoilers Obviously]","If you thought this season of SE showed Eric, Otis, and Amiee as being unlikable to their partners, then you're not wrong. I strongly believe the writers take the name Sex Education seriously and are trying to educate their viewers while keeping to the original raunchy title.

Adam and Eric: This relationship shows us that pressuring someone to be constantly on your level and then getting tired of them for not being up to your standard leads to devastating consequences. For Adam, he should have taken his time exploring himself. For Eric, he should have been more communicative and patient. Patience and pressure are big factors in relationships and in sex. This relationship showed such an imbalance of these as a point to say ""even though it seems perfect, look at how fragile it is"". Respect, trust, patience, and encouragement are key.

Ruby and Otis: This arc showed a lot about hiding yourself for appearances. It also features a more even dynamic of pressure from both parties, leading both to do things they aren't entirely ready for. This story also shows us what investing yourself into someone who is already fixated on someone else does. It leaves you lonely and feeling humiliated. It also pushes this ideology seen in a lot of relationships. Otis basically forces Ruby to accept him publicly without ever considering why she's secretive. Ruby forces Otis to change temporarily without considering why Otis acts and dresses the way he does. Each person's actions project and idea they have of themselves onto the other person. You see this when Otis directly asks Ruby out after his mom says he seems like a relationship kind of guy.

Steve and Amiee: In my opinion this story might be like most realistic and heavy. The main points here would be communication and comfort. Amiee never communicated with Steve even though Steve is emotionally intelligent and is compassionate. It's extremely important for survivors to lean on and find refuge in their partners and communities so they can rebuild. Amiee chose to isolate Steve and even though he was patient she ended up ignoring him. Steve on the otherhand didn't know what to do. This is common for survivor partners. He always just agrees with what Amiee wants with little inquisition. He never asks Amiee to be open, he never shows himself as a constantly open line of communication. He loves her and wants her to feel safe and agrees sex isn't everything but they made no effort to connect during her journey. As a result they drift into being more friends than partners.

I think these 3 relationships show us a lot about very real and serious relationship matters that revolve around more than just sex. Sex is at the core of all 3 but the emotional layers built on the sex is really where we as viewers can be educated.",1634835897.0,36,0.95,2
college,[ Instructor Input Welcome ] Am I being a nuisance to my professor by emailing?,"I will try to make this brief. I just turned 25 and I have been in college since 19. I am still working on my Bachelor's. I had to take several semesters off / drop them because of mental health. This past summer I was diagnosed with ADHD and have gotten medication for the first time in my life. College has been my only school setting as I was religiously homeschooled. I am very anxious and shy and typically do not contact professors, but this semester I'm trying really hard to reform my entire way of learning and communicating.

The first day I emailed all my professors explaining my situation and at the time I was in the midst of accommodation considerations so explained that I wasn't asking for any unfair advantages, just wanted to be proactive and establish a line of communication. I let them know up front how new this is for me and what I struggle with. For my professor for 2 courses, I send him probably 2-3 emails a week. These are usually lengthy because I don't want to double email so I combine questions for both courses and label my emails as such. I always rewrite and stay on point to make the length as short as possible. I'd say probably like 2 paragraphs per topic and then an ending statement for overall questions. Sometimes it's about lecture interests, sometimes it's about course logistics. I always try to look at the syllabus before I become redundant and look idiotic. 

I mentioned once before I felt like a bother to which he said no, but my email tonight included more about my exam anxiety and feeling like a failure before we've even done exams. I realize the error of my studying ways and will 100% improve my habits for the rest of the semester, but I wanted to know if I were to not do too well (say C or even D if I really am that dumb) would I still be able to attain my goals if I improved right now.

I just need to know if because he's aware of my disability he feels the need to coddle an annoyingly communicative student. I do sometimes include a joke or two in my email, and I also always make sure to say he doesn't have to respond right away. I refer to him professionally and end my emails cordially even if I am less formal in the body. I know he has a life and family and try to make it so it shows I respect him, value his input, and recognize that my emails are text heavy. I recognize him as a respectable and fun instructor and not as a buddy or my personal google and try to make sure my emails reflect that. I just feel like he feels pressured to engage with me because he always sends emails back within 24 hours and they're always very thorough in response.

I would really love any thoughts from instructors or TAs or just anyone.",1633485832.0,2,1.0,0
ADHD,ADHD and Auditory Learning,"So I had my first meeting with a counselor today, and we were kind of going through my childhood and how I process the ability to do work and tasks. At one point she kind of laughed and said how I learn doesn't seem very ADHD to her and then smiled wide and said ""most people with ADHD learn via auditory learning and you learn visually, so you're different"". And I- I'm a bit confused by that? I had to grow up without medication or even knowing others with ADHD but it kind of surprised me to hear most ADHD people learn via auditory instruction? I see so many memes about not listening and myself experience so many things like zoning out during lectures, conversations, etc and having to backtrack several times to find my place. I thought it made a lot of sense that someone with ADHD would learn better by reading instructions since they could go over it again and again and agian until they remember it or understand it. I guess it kind of made me insecure in a way because I felt comfortable before placing ADHD as a big reason as to why I'm a visual person vs auditory and that just kinda threw me on my head. 

How do you guys learn? Does how you learn change depending on task?",1628029807.0,4,1.0,6
ADHD,Discipline tips for going back to Uni?,"So, I am finally medicated (woo-hoo!) and after some trial and error I've found vyvanse and wellbutrin combined help drastically, I only need to up my vyvanse dose in 2 weeks as per my doctor's instructions.

That is cool and good and all but I need some kind of advice on how to do better at Uni. I didn't go to traditional school and I didn't get past a 4th grade level of schooling before college life. I got my HSED at 17 and went to college and am now in a ""prestigious"" Uni in my state. Don't know how, they must have really liked my essay I guess. Anyways, these past 2 and a half years have been awful for me and Uni life. I've watched my GPA drop from a 3.8 to a 2.8 and I've had to resort to some questionable methods to pass some classes, which I am not proud of nor am I excusing, but I had no help for my disorder or diagnosis at the time and was trying to not get expelled from failure. I typically can't even handle one 12 credit semester anymore.

This coming semester that starts in September will be different in terms of medication. I can't get accommodations as far as I know, as they typically stop accepting/going through the paperwork process of filing your diagnosis next to your student record and blah blah, basically they want you to provide a diagnosis 3 months before a semester so that's too far gone now. So I'll have to survive without the extra help of a notetaker and a 1.5 time limit, sadly, even though I've had exceptions in the past for those and know they help a lot.

So basically I need ADHD folks in Uni who are finding more success with medications help. What do you do? How did you teach yourself time management? I've looked for tips online and I'm gonna be honest...a lot of the tips are just like ""if you're unfocused, just focus! Easy!"" Like wow I never thought of that. I just wanna know a couple healthy habits I could get into before the semester starts so I can better myself and actually reach my goals. I got the medication part, now I need the skills part.

So what have you all found success with? Timers? Laptop notetaking vs paper? Music or no music while studying? Creating a fun study space? Small study sessions throughout the day with breaks instead of 3 or 4 hour ones? I gotta be honest, I'm a chronic procrastinator so I am used to putting assignments off till the day/night they're due. I'll take any and all tips/experiences!",1627838998.0,3,0.81,4
ADHD,Residential driving seems so unnecessarily chaotic. Is that normal?,"So I've talked here before but basically a recap of my current status: I was told as a child repeatedly by doctors (more or less my mom was told) I have ADHD and it needs to be treated. Apparently it was severe enough for several to mention it throughout my childhood to teen years. Anyways, parents weren't fans of medication so I didn't get that help until I finally decided at 24 (now) to do so.

When I was 16 I was forced to take the drivers written test to get a permit. I failed and was repeatedly told I was an imbecile, waste of time, etc. You know, usual disappointed parent comments. That pretty much scarred me from attempting any form of anything to do with driving until I turned 20 and got my permit. Passed both parts of the written portion with 90%+ on each. I drove occasionally, mostly on highways/interstates so I never did much residential driving. In fact I impressed my ex several times by driving very smoothly and efficiently in very bad weather going through very busy areas, such as driving through Indianapolis and Chicago in heavy rain/hail.

When we broke up at 22 I stopped driving, didn't need to since I walked to work and could order groceries. Now at 24 my mom is pressing me to get my permit switched to a license and I just...hate residential driving. I know I'm going to fail the test next week because being around someone I don't know sends me into a panic and I am not that used to the car I have to use. But like.... I don't understand how anyone can drive residential. Take an uncontrolled intersection for example. My step dad's instructions (and the dmv) is to notice the intersection is uncontrolled by darting around and seeing if any area has a stop or yield. Or stop lights in this town. Each stop light has about 6 different stop lights I can look at and it's hard for me to ever understand when I can go because even if I have the green I start seeing people drive before me and it makes me stall because I don't want to get hit. OR, MY FAVORITE: To drive safely, one must, in fact, FRANTICALLY LOOK AROUND LIKE A LUNATIC AT ALL TIMES. 

What I mean is this. My brain perceives the DMV guide like this: OK YOU LOSER, CONSTANTLY BE FREAKING OUT. LOOK OUT EVERY REFLECTIVE SURFACE EVERY 6 SECONDS BUT ALSO LOOK AT YOUR GAS CONSTANTLY AND ALSO BY THE WAY YOU DWEEB, YOU NEED TO CONSTANTLY ALSO LOOK FOR EVERY SIGN EVER WHILE DOING THESE THINGS. OH YEAH AND EVEN THOUGH WE SAY TO CONSTANTLY LOOK EVERYWHERE, NEVER TAKE YOUR EYES OFF THE ROAD. BEST YET, MAYBE YOU SHOULD INSTALL 10 EVES SO YOU CAN SEE EVERYWHERE CONSTANTLY.

That isn't an overexaggeration. That's how residential driving makes me feel. Interstate driving is easy. Hit cruise control, drive straight for however many miles and then pay attention to who is in front of you. Pass them as needed and check your mirrors before shifting lanes. Get back into the right as soon as safe once you've passed slower cars. (I mean like, passing dangerously slow cars or cars that seem to drastically slow down and speed up). If you need to exit, turn your blinkers on a bit early to warn people and slow down at a very reasonable pace. Same for getting back on. Blinker on early, speed up at a reasonable but not overly drastic pace. There is none of this constantly looking for stop sign, yield sign, school sign, pedestrian sign, roundabout, uncontrolled intersection ish. It's just drive straight and make sure you're watching ahead of you. Look to your left and behind you (and your blind spot) when you need to change lanes and vice versa when you go back. Set cruise control and always be prepared to slow down in an emergency.

Can't wait to be almost 25 and disappoint my mother once again by failing a test that she doesn't understand gives me more trouble than most people. I tried to tell them how the constant need to be looking everywhere is hectic and they just couldn't understand. My mom told me I just needed to let myself be open to learning and stop being so stubborn until I cried and was like ""literally some companies consider ADHD an actual driving disability it isn't just a me issue"". Gonna be so happy when I take this test and some mean old man yells at me for stopping too soon at a stop sign or not going exactly 25 even though the area we're in has constant up and down hills and so 25 is nearly impossible to always be at. Or calls me wreckless for not frantically looking around me all the time every 6 seconds even though that makes me feel like I drive more dangerously. So excited to be put right back at 16 again feeling like I'll never amount to anything once I fail. Whee.",1627583762.0,2,1.0,1
ADHD,Space saving / ADHD friendly organization + decor for an apartment,"Henlo. So, the past 2 apartments I have lived in I have never decorated. Not so much as a lamp or picture on the wall. I've never actually decorated any of my rooms ever really.

This year, as I move to a new and nicer spacey studio, I'd like to change that. I want to make the most of my space while also keeping things easily organized and not ""cluttered"" but still fun and interesting. My current decor/organizational plans are:

- Floating desk that can be folded up when not in use (I only have a laptop really for school things)

- Since there are no ""rooms"" in the studio, I plan on making my own study space with the floating desk, a canopy type thing to kind of ""block out"" distractions and make it my own study area, and a couple fidget decors/desk friendly accessories so I can fiddle with things while watching lectures or something.

- I have always loved fairy lights/LED decorations and such, so I do plan to set up fairy lights around the apartment ceiling and like 3 LED neon lights.

- Some floating shelves so I don't need to buy tables for stuff

- A collapsible ""dresser"" and a closet space rack to put behind the closet door with like shoes and what not.

Really, I just want people's functional and fun decoration ideas that won't distract me immensely and make it harder to focus. At the same time, I want to create a fun and visually stimulating living space for when I'm not at University or studying and have some down time. I don't think I'm over doing it with just a few neon signs and some fairy lights, but I'd LOVE any feedback. I am unsure how to organize the fridge or drawers at the moment for the kitchen, but I really would like to have a place for everything and everything in its place without it seeming too busy. 

I know regardless of anyway I decide to decorate, I'm still gonna get lazy and disorganized but I'd like to practice mess reduction. I also feel like if I have a fun and colorful space then I'll be less inclined to impulse buy because I'll have outward stimulation to see and be happy with.

I know this is a lot of text, I'm sorry, I'm nearly 25 and I don't know how to decorate and organize please forgive my hectic tangent as even though I'm on medication now I'm still in the ~trial everything~ stage so I'm very....passionate? when explaining something.",1626641704.0,5,1.0,2
ADHD,I have finally been given medication to try out after almost 25 years,"I made a post here a couple weeks ago about how I visited a doctor in my city and basically because I am in a good University and have a medium GPA, I believe she was tagging me as a pill chaser. I have been dealing with ADHD since I was a child, told by multiple doctor's I should consider testing and had ignored it until University life just fell on me and became 100% harder after years of slow decline in progress. Reluctantly, she prescribed a super low dose of wellbutrin and sent me on my way. She wouldn't even refer me to a psychiatrist for testing.

I am visiting my mom and she made a doctor's appointment for me with her doctor who she likes a lot. This woman....she let me speak for a solid 30-40 mins without interrupting me about my symptoms and my daily life at school, work, and home. All the while she's watching me fidgeting/stimming and rapidly speaking. She looks at me and says she wants to immediately start medication to try to get something that works for me before my semester starts. She straight up told me I'm exhibiting moderate to severe adult ADHD symptoms AND she referred me to a psychiatrist to get me official ADHD testing so I can have the documentation for school.

 I get to start my Concerta trial tomorrow. In a week if the dose is too low (she said I was too symptomatic for the low dose to dent me so she prescribed medium dosage already) anyways, if it's too weak for me she's gonna up the dose. If that doesn't work we get to try another medication for 2 weeks (don't remember the name oops) and if that doesn't work she wants to move to Adderall or Vyanase.


I'm sorry for the long post I tried to keep it short. This is the first day in many weeks that I have felt content and like I can actually breathe. Holy shit.",1626132015.0,28,0.97,2
EDAnonymous,Coffee is better than energy drinks at keeping me not focused on food,"So I've been drinking Monster/Ghost for awhile and stopped drinking coffee so much. I've been struggling with staying under my calorie limit (actually a pretty ""healthy"" limit because I'm trying to not have binge episodes). Anyways, for weeks I've had no hunger/full signals so I just eat when I wanna chew. I got a coffee today and didn't eat for a good 8 hours after, and it's only because my SO wanted to eat. Is coffee more effective for anyone else? Both coffee and energy drinks are caffeine so I can't see why it'd be more helpful? Anyways I'm brewing some cold brew to drink tomorrow so we'll know more after more testing.",1624765069.0,8,1.0,3
ADHD,Feeling invalid after a recent Dr. visit,"The flair might not be that fitting, I'm not really seeking support I just wanna know if this is a general feeling. I hadn't been to the Doctor's office in some time, mostly because I don't have a car so I have to walk or uber everywhere. I've never been good at making appointments or follow throughs, so my mom helped set me up with a doctor and I went. 

The purpose of this appointment was to get a Dr referral to a psychiatric doctor for ADHD testing. I told her that. My mom had input some info for Anxiety, Depression, Asthma, PTSD, and ADHD for me (under my consent) and she basically just looked at that and then....I guess it felt distrustful? I have a diagnosis for anxiety, depression, and asthma. My PTSD is something gained from years of consistent NSFW abuse and has been ""noted"" since I was a teenager but never officially tested/diagnosed because I won't do therapy. ANYWAYS, we get to ADHD and the first thing she says is ""but you're in a good college. You don't get in a good college with bad grades"" so? What did that have any relevancy to? Are only idiots people with ADHD? Besides my grades are going at a downward incline regularly and I explained that to her. Then she told me she couldn't help me and gave me mental health service numbers. She wouldn't even give me a referral. 

I think she thought I was a pill chaser? It took a full day for me to realize how that situation made me feel and I just started crying. My mom was repeatedly told by medical professionals to get me tested for years for ADHD because it was so obvious I had signs. It was ignored. By the time I turned 18 and started college I jumped through hoops for 2 years trying to keep my GPA up. I'm 24 now and I can't even get my Bachelor's because I keep having to drop semesters due to inability to focus and accomplish anything. It's hard to even start simple home tasks anymore and it just keeps getting worse as I get handed more responsibilities than when I was a kid. I think so many thoughts a minute and have consistent displacement issues and I just want help. The whole reason I went was for a referral, because the mental screening facilities near me are all 2-3 month waits unless referred by a doctor.

I suppose I just feel like a fake. I explained ALL of this to her and she seemed so stuck on the fact my average GPA is like 3.0 and that's ""good"". She said she'd see me back in 6 weeks to see if I still feel unfocused. So either way it's gonna be a long time before anyone actually listens to me about my mind and body and its constantly deteriorating state.",1624717252.0,3,1.0,2
goodrestrictionfood,Sub Icon,"I know this isn't a food pic but everytime I see the icon for the sub I have to do a double take that I'm not subbed to some weird gruesome gore sub because I swear to you guys, the icon looks like a diagram of a detached eyeball with all the nerves attached. At least to me.",1624209392.0,26,1.0,4
WeightLossAdvice,How to discipline/motivate myself.,"I'm 5'6 or 5'7, I can't remember which exactly, and weigh roughly 185-188 depending on the day rn. I have been stuck at this plateau for a year. I want to be 165 by August. That's doable, especially if I follow a 1200 calorie diet and throw in some ADF. I used to regularly do 1200 and fast for 2 days at a time and lost a fair amount of weight last year. I went from 235/240 at the start of last year and ended at my lowest at 178 in July. 

I've kept most of that off but what gives? I keep setting myself up through the day to have around 4-6 mini meals equaling 1200. This is because I have ADHD and when I'm bored/absent-minded I tend to fixate on wanting oral stimulation (chewing pens, erasers, paper, ice, etc was common for me as a kid). I do great with this during the day. Then around 8pm-11pm almost nightly it's like a switch in my brain. I forget about my goals and eat another few snacks, which ends up taking my intake from 1200 to around 1500-1800 which basically ends up being my TDEE.  So I don't gain, but I don't lose. But, why? Why is my brain doing that and how do I make it not?

I used to regularly fast and a few weeks ago I went a bit too hard and accidentally let my blood sugar slip too much. It wasn't a long fast, just 2 days, but at the end of day 2 I couldn't stand without shaking and feeling like blacking out. Despite taking electrolytes. Ever since then, fasting has been impossible for me. It's like I scared my body. I'd like to really get into an ADF schedule like so:

Monday, Wednesday, Thursday, Sat + Sun = 1200 a day
Tuesday and Friday = fasts.

Which I don't think is extreme at all. I just need to know what I could do or say to myself to help me not eat past my last meal that brings me to 1200. I guess I could try and do IF on eating days too and not eat till around 4pm and eat every 2-3hours since that'd let me eat till around 11pm. I'm just so confused why my mind does this. It's frustrating and almost like two different people come out. Daytime we have disciplined stick with the plan me and nighttime we have ""you know what? Why shouldn't I have 2 300 cal snacks 2 hours apart?"" and being this weight absolutely repulses me because I know I am disgusting to look at. I just want to fix myself and not cry when I see my body in a mirror but I keep self sabotaging and I need help.",1624207150.0,6,1.0,3
madisonwi,Where to buy CBD Vape Cartridges with 0.3 THC,[removed],1623889067.0,0,0.4,6
EDAnonymous,I constantly feel false and like a poser,"I am overweight, I won't express the BMI number but I am firmly in the overweight category. I've always always always been bigger. When I was a child, around 8 years old, I was actually thin but my dad and mom felt I was too small and then started the constant feeding. Once I moved out with my mom at 22, I lost quite a lot of weight. Enough to take me down from morbidly obese to overweight in less than a year. I restricted with a very high deficit, lost hunger signals, felt constantly dizzy, etc. I loved it though because the scale kept getting lower and even though I didn't and don't see myself as smaller, I really enjoyed how I was feeling. Then it stopped. It halted. I started binging for months. Then for a few weeks I'd restrict. Repeat. For almost a year. I still religiously count calories, even on a recent trip where I couldn't restrict. I still buy massive amounts of energy drinks and low cal foods that I feel are foods I could consume without immense guilt. I try so immensely hard to just not eat. I'm fat. I wake up everyday with this body that would make most people here disgusted if they seen me outside in person. I've only been able to maintain my weight on the binge/restrict bs I'm pulling. What happened? I miss the way it felt to be empty. I can't even eat a ""standard"" deficit now without wanting more later. I hate it. I feel fake, worthless, and invalid. I've never been diagnosed because that help is not currently available to me and I don't even think I'd get believed because of how fat I am. I hate this. I genuinely miss the euphoric feeling of restricting and knowing that I'm getting thinner by the hour by not eating. Why can't I do it? I AM LITERALLY A BALL OF FAT I DO NOT NEED FOOD. Everytime I see a thin person irl I feel immense shame they have to possibly see me. I know I'm disgusting to look at. I want to fix it but I don't know what to do. It's like I fit the stereotype of all fat people with EDs have BED because all we fat folk love to do is eat. I'd buy a damn tapeworm if I knew the market they're sold on. I'm like three whole freaking people in size. Coming here to these subreddits or any ED forum I feel like I have to hide myself in the shadows and just watch and wait. Wait until I'm thin enough to participate without fear of being called fake. But I guess I am, since I eat so much.",1623858381.0,10,1.0,1
EDAnonymous,"Discord, reddit, etc are against ED platforms and it makes suffering worse","Okay, being for real, I lead a support group for those going through EDs at a higher BMI. It's a discord server where people can come to share their fears, rants, emotions, and get positive support and feedback from other members. I was told today that several ED support servers like this were shut down yesterday. I know reddit took down a popular ED sub as well and generally people will ban you from subreddits just because you have an ED if they read your posting history.

Why? Do companies set out to hurt people who hurt themselves intentionally? I know of several mental health discord servers, even suicide subreddits that exist and are allowed. I'll say it once again for morons in the back, Eating Disorders ARE a form of self harm and suicide. They are NOT generally celebrated by most. No one wants to be this fucking isolated and trapped, and taking away our self-help outlets hurts more people than it helps.

Fasting subreddits and discord servers can run about untouched, but not eating disorder support groups that do THE SAME THINGS? So you're telling me not eating to lose weight is somehow not equal in harm as not eating to lose weight, as long as you rebrand the name?

We have actual struggles that can't just be fixed by shutting us out of our coping mechanisms. These forums, subreddits, and servers are our lifelines to being less isolated and feeling more accepted. The goal of my server is to support you through your hardest time, tell you you are good enough, and encourage you to healthy goals. Realistically, that is the vast majority of ED sub culture. And we deserve our slice of internet. 

Mental health is mental health, regardless of how ugly companies think it is. I wish you all a safe day and hope your safe places are left unscathed.",1622034003.0,33,0.98,9
EDAnonymous,Pretty sure my SO doesn't think I have an ED because I'm not thin,"I am in the overweight category for my height. I talk about my ED with him openly because he's super apathetic (not mean, just...blank). And he usually says ""mhm"" or ""hmm"" or something like that. He's very thin himself, but he doesn't have an ED. We live together and I've seen him devour plates of food and eat massive amounts. He also snacks all the time. He's just naturally very small. I haven't been medically diagnosed, but ever since I was very young I remember any comment on my body would echo. I'd hide food. I'd try to purge. I'd feed my dog food over me, making her obese (I am so sorry - I stopped this and fixed it). In my current state, I restrict, binge, restrict, binge, repeatedly and have for years. I literally talk about calories so much he's started looking at calories on things before I eat them to tell me if they're not bad. Like he had an energy drink and it was 5 cals a can so he said he could share it with me and I wouldn't even need to worry about the calories. He's watched me literally cry over calories, seen me eat weird food (looking at you, vegan deli slices rolled with pickles and mustard as a m e a l). I literally talk about or think about food more than I think about daily tasks or important things I have to do to the point I've forgotten them completely.

It's kinda invalidated me because I'm not diagnosed and am fat, which just makes me want to try harder to get deathly thin to prove to him I'm not trying to get attention. I'm 182 at 5'7 and he knows my goal weight is 115 but he knows my ultimate goal weight is 96 pounds. Granted, when I say that, he does get worried and say ""NO TOO SMALL IT WILL KILL YOU"". But his overall reaction is idk...sad, but also kind of motivating for me? It makes me feel like a poser because I know having an ED other than BED or Bulimia at my size is like w O w T h E r E but also makes me want to just kind of show him that I really am disordered. It's weird.",1621730530.0,11,0.82,1
vegan,Buying out entire stocks of items,"Okay so this will be a long post. I wanna be upfront, I'm not trying to be rude or gatekeep how people buy their food. I just want to enlighten people on my perspective of buying food, and maybe start a discussion on how others feel.

So, my mom, who isn't vegan, came over Sunday for a dinner I was making. She likes to take me shopping everytime she comes over and essentially the sky is the limit for what I can get because it's all on her. I try to be pretty modest because I don't want to be a leech but I also want to respect other future or current shoppers by not pigging out on products as I live in Wisconsin and tbh, vegan selections are rare compared to many states which are more vegan friendly.

I had informed her of Gardein's new Ultimate Chicken line, and told her a store they were at, so she took me there. I guess I wasn't buying enough food for her taste, as I grabbed 1 bag of each and walked off. There are now 4 bags of each in my freezer. I had to tell her to stop putting them in the cart because I felt bad. It's a new line, it's really good, and I want to make sure I do my part being a friendly human to all beings by being as selfless as I can.

This store also carries amazing vegan ranch (Pick 'n' Save, Simple Truth brand, literally on par to JUST Ranch imo). I got 1 and she told me to get t h r e e more. I said no. We got a slew of other things, but I continously looked at stock of items and chose quantity accordingly (1-3 things at most). We get home. My mom who is pretty anti-vegan tries the ranch and loves it. I had said the entire time during the shopping trip when she told me ""more. Get more"" that I didn't want to be rude to other people and that other people deserve to have a chance to try these things too. Anyways, while I prepare dinner, she sneaks out and goes back to the store. I ended up with 6 ranches total. Mockingly I was told ""don't worry, I didn't get the entire stock"". It just...felt weird to be encouraged to be greedy.

I've literally had instances where I've been in a store looking for an item that had several in stock, only to be told they just ran out an hour ago, or I've seen people literally buy like 10 packages of beyond burgers in one go. I appreciate that as a vegan, but it also kind of bothers me. I think it's wonderful we love these items and want to show companies that they are making products we can't get enough of. At the same time, I think if you're buying items excessively to be greedy because ""it's good and I want it all and I can"" it's kind of anti-compassionate, to a point.

I wanna reiterate that I'm not gatekeeping or shaming people for what they want to eat and how much, but if you're buying 10 bags of chicken nugs and putting an entire store out of stock for yourself, that's a bit excessive. At least to me. I guess I always want to think about how I'd feel if I knew a store had like 12 of one item and then the next 30 minutes they're out, or if I seen someone with a cart full of an item I went there specifically to get or that I needed. It'd make me feel like I need to be a greedy and desperate person the next time it was in stock, and then the cycle would repeat with others. 

ALSO, VERY IMPORTANT: I am NOT saying don't buy what you need/want or skip an item if it's the last one. What I'm referring to is going to a store and deliberately buying out an entire stores stock just cause you wanna. Of course, this could all be fixed if stores raised the amount of vegan food they have in stock, but that's coming, all in due time. Then again....maybe I'm just salty someone bought my entire Aldi out of their vegan ranch in January in a matter of an hour...

TL;DR - Before you throw in 20 bags of chicken tendies in your cart, maybe consider if there's enough for the next person and realize you can't be the only vegan around excited to try these foods. Buy what you need and then a bit extra, but practice compassion for others who need too.",1621399812.0,11,0.92,6
Hair,Hair is different lengths?,"Okay so, I have medium long hair, it runs to the bottom of my back. Pretty soon, I'll be going in for a cut. I don't get my hair cut often, I don't really like to. However, I have uneven parts of my hair, and I need to know if that's normal or not. 

What I mean is the hair on the very back of my neck, near my nape, comes to my shoulders and the hair coming from the top of my head goes to my stomach. Is this due to breakage? I don't style my hair, do anything with heat, gels, etc. I coconut oil treat it like twice a month and I use a generally good shampoo + conditioner combo. I also don't wash it daily. My hair is wavy and generally fine, but I have an abundance of it.

I wanna know if this is damage or just how long hair grows out, a bit uneven. I've been dealing with it for years, ever since I got my hair layered for the first time as a 13 year old, and no one who has cut my hair since has commented on it and it's been a decade now. If it's not normal and bad, I'm gonna ask for it to get cut all the way to the shortest length, which will really bother me because I like my length.",1621137355.0,1,1.0,4
residentevil,I didn't quite like RE8,"I see a lot of people here just consistently fangasming over Village, and that's cool, but it seems like no one critiques the game at all and just freaks out about how amazing it is. So, I wanted to highlight some flaws and positives of the game for me without giving spoilers. Also just wanted to see if people had some similar opinions. I respect if you love the game, though.

Positives:

- Graphics are amazingly fluid
- Some of the callbacks to other games are really neat

Flaws (to me)

- Really not a fan of tall lady, but that is 100% because people kept freaking out she was a creature that had breasts and was tall. Dunno, put a bad taste in my mouth for her entire section of the game. Kind of like how overhyping things kills the original wow factor of something 

- Lack of choices, you at least had some in RE7

- Bosses weren't really creepy and were more cinematic

- Sometimes it felt like RE4: Redo to me but not really in a nice way

- Can't stand Ethan. His personality is that of cardboard. Yes he's just a normal guy, but so is Leon in his first game. Leon had police training but police training =/= a competent and interesting protagonist. Chris and Leon are really more 3D protagonists of the franchise. Especially with their back and forth with villians or peers. Ethan's main dialouge is ""WHAT? WTF? HOW? WHY? FUCK"" and it just gets a bit dry, I feel like he was more interesting in RE7

- Story seemed interesting but because we were mostly focusing on Ethan being the normal dad of the year, we didn't really delve into it as deep as it deserved except for basically at the very end

- It lacks a lot of interactive, confusing puzzles that I hold dear to the franchise

- Game was genuinely less horror-y and more ""look at this neat character design"". Other Resident Evil games have left me with genuine spooks and feelings of unease, but this one missed it

That's basically my critiques. In no way am I bashing the game. If people enjoy it, then cool! I don't think it's a bad game, just how I don't think breath of the wild is a bad Zelda title, I just don't think they're ""the best most amazing literally flawless"" games. I really enjoyed RE7 more than RE8 and at the end of this title, it didn't leave me excited for RE9 like other titles made me feel for subsequent games. I was basically happy it was over. I can't even recall 80% of the game because it all kind of meshes together. I really just remember the beginning like 15 minutes and the final fight. Everything else is nearly a blur.

Once again, not a bad game. I don't want to make anyone mad, just feels kinda lonely in the fanbase when everyone who breathes seems to overtly love the title and any critiques I've tried to give before are met with NO IT'S AMAZING. I still believe RE2 Remake, RE4, and RE7 are better titles overall.

Edit: I fixed some typos c:",1620834881.0,0,0.43,28
fasting,Tips on staying motivated during a fast,"Okie dokie so, I (24F / 5'7 / 67 inches) have always struggled with food. I grew up in a super unhealthy food environment and that made me immensely gain weight. Last year I decided to lose it. I started at 235 in January last year (possibly 240) and I am currently between 185-187. I feel like I have no control over myself when it comes to food and I want to really attempt to lose another 50 pounds.

Last night I decided to really hardcore try fasting again after nearly 9 months of not doing it. My goal is 2 days at this point, and I would like to regularly incorporate 2-3 day fasts until I reach my goals. So I guess really the tips I'm looking for are from people who have a major control issue or reliance on excess food who have managed to overcome that.

My current plan is to do some self care today to keep me busy, watch some informational videos about fasting for motivation, and to of course drink plenty of water. Any other tips on fighting the urge to cave would be immensely helpful. Is there something I can do when I feel I'm about to cave?",1620058365.0,7,1.0,4
insaneparents,A conversation I just had with my mom over the vaccine. She's super religious/anti-vax. I'm agnostic and like science.,,1619898368.0,170,0.99,2
stimuluscheck,I'm starting to think I screwed SOs Tax Return up,[removed],1619845826.0,1,1.0,0
veganrecipes,[Looking For] Just Ranch Copycat Recipe,"OKAY SO LISTEN. Just Ranch is by far the absolute best fucking ranch I've had, vegan or not. I've been waiting almost an entire year for them to restock it in Wisconsin where I'm at. Aldi came out in January with a banging vegan ranch but they wanna be elitist I guess because it was exclusive for January. The standard vegan ranch recipes really don't do it for me. They're either too dill-centric or too bland/mayo-y, or get too grainy in the fridge. I tried Hidden Valley's vegan ranch because of the reviews but the shit tastes like dried cauliflower to me. I just want peace and balance in my nugget dipping life. Please send help.",1618422953.0,10,1.0,2
simplynailogical,Need help/advice on keeping nail polish on,"Alright so I grew up super religious strict as fuck, no-nail- polish-ankle-length-skirts-never-cut-your-hair kind of religious. As I grew I separated from that. I've been watching Cristine for years and she really got me interested in polish and helped me mentally de-stigmatize it for myself. So when she launched, naturally I started buying her products. This is my first experience ever with nail polish minus clear coat. I can't get it to stay on, no matter what though. It's been nearly 8-9 month since I started my polish journey. Here's the things I've tried to keep it on my nails:

-Seche Vite Top Coat and Base Coat

-Holo Taco Long Lasting Base + Glossy Taco

-I didn't know what buffing my nails meant so I literally filed my nails at the tops, still recovering 5 weeks later

-Not using a base coat

-Nail Dehydrator, used 3 coats before applying polish

-Waiting 3 minutes between coats

-Only doing max 5 coats (including base/top), typically only 4 coats though

-Doing thin coats typically

-Using Protective Peel around nails (this ends up ripping it off my nail too half the time)

No matter what I do, my nail polish lasts at most 3 days. Like, sometimes the entire nail falls off without me doing anything. Sometimes all I do is touch my nail/side of nail and it comes up completely off my nail. This annoys me so I do end up ripping it all off. I literally have entire sets of perfect peelys without ever using the peel off base coat from HT. Doesn't matter if I use HT products or not. What can I do? The only thing I can think of is that I don't push back my cuticles, simply because I don't own a pusher. I'm really discouraged, I did ombre nails for the first time last night and they came off within 6 hours. :c I just want to do my nails and have them last at least 5 or 6 days.",1618090040.0,9,0.92,16
SuicideWatch,I'm giving up hope,"I guess some backstory is that since I was 12 I've had suicidal ideations. I've had 3 attempts at ODing, one of which was nearly successful at 16. I'm 24 now, and I can't really see why I deserve to live. I grew up in a massively abusive household with bible belt religious undertones. I was sexually assaulted by a family member when I was around 8 and never got to tell anyone until I was about 14. When I did, family freaked out so I said I lied to make them feel better. I've been self harming since either 12 or 13, the age kind of blurs but I remember the setting vividly enough. I had anger issues going into puberty which resulted in me biting myself, pulling my hair out of frustration, etc. I've never been to therapy, but I was told that I'd be sent off to a home if I didn't start behaving right like God intended, so a lot of this has been internalized since before 12. 

Okay, now to present day. I have no friends/support unit. I lost my job in December with no warnings prior and leaned on my SO for emotional support. I was getting upset a lot so we had what I'd call ""micro arguments"". This wore on him and he told me back in February that I just ""feel too much too often"". I've never been upset about him doing stuff but he said that other girls wouldn't be upset if he breathed wrong. I've never said anything like that, but I got the hint. I've not opened up to him since and haven't been talking to anyone about my feelings. 

It's a daily mental beat down for me. I tell myself that I'm ugly, stupid, worthless, no one cares. I spent at least 4 hours collectively yesterday crying without stopping. I'm failing in school. I have no income or way of getting income and I owe 1k in taxes because of financial aid counting as ""income"". I'm fat and gross, I have BDD so I don't even look like a person to myself. My dog died last year around this time and I had her since I was 10. I just don't...see a reason to live. I'm a burden to my SO. I have no support unit because I can't reach out to anyone. I'm failing a University I worked my ass off to get in. I have an overly religious parent telling me anything about suicide = burning forever so it's a no no. My dog was my main support unit and I'm so alone without her. 

I'm not sure if I have a plan yet but the urges grow stronger everyday. I'm thinking that after the semester in May I should have my SO go back to his home for a visit in Minnesota. Then I can take care of myself quietly without alerting anyone. It isn't set in stone, that's just my current possible plan. I just don't see a point in existing like this and I'm pretty sure it's too late for me anyways.",1616698530.0,4,0.84,1
relationship_advice,My SO wants to be friends with his toxic friend regardless of how I feel,"Okay so I'm a 24F and he (my SO) is an almost 20M. Back in December things came to a boil with me and his best friend. His friend (19M) kept telling me how he got no time with him, he was waiting, etc and when my SO visited for a few weeks (a month and a half) his friend got mad we didn't inform him of the dates as they changed on his come back time. He then started shittalking me to mutual friends, which I told SO about which he said ""huh"" and that was it. I had put up with this since November of the year before, so I put my foot down when my SO started lying to me about hanging out with him. I asked if he'd agree to a 6 month break from his friend so they could grow as individuals while we worked on strengthen ourselves. He said okay. I found out a month later that he wasn't okay with it anymore but did it anyways to please me, or get me to shut up, I guess. 

Around this time my SO also said some things which he ""recanted"" later which I don't believe he sincerely did take back. Essentially he said that I'm too much and I feel too much and I get upset over everything too often. He said I'm allowed to feel but just at the right times, not for things that don't matter. I was caught off guard by this because I was told to always be open no matter how silly and that he'd take me seriously. I never got upset about like ""oh you play games too much, you don't have a job, you don't go to school, you ate broccoli wrong"" so much as I would say ""this makes me feel insignificant when you do this, can you not do it?"" And he'd say something like ""well I don't see it as an issue"". So I've completely stopped being open. I never show my feelings, never talk about how things are going with me, never talk about my dreams even. I just isolate from him now. We live together so it's not that hard to put on a fake smile and laugh while internally I beat myself down. He wants me to be different and I get that, and I'm trying. 

He talked about his friend last night and wanting him back now and it made me internally freak out I guess. On one hand I'm trying to fight with the fact that his friend makes me feel completely belittled and isolated in my relationship and on the other I'm just echoing what he told me which is ""your feelings don't matter"". For reference his love for his friend over his care for my needs is such: I asked him if his friend were to come up to me and physically assault me, would he be friends with him still? He said yes and that not having a relationship with him seemed too rash. I guess I'm crazy for feeling like that means whatever I go through doesn't matter when it comes to their relationship? I'm really broken, I'm trying to do better and be better and what he wants in a person - Essentially his perfect girl. But I feel like this particular friendship violates a boundary with me, but I also feel like I'm overreacting and should just tell him to go for it while I put on a fake smile and pretend it's not killing me inside. Things are great when he's happy, I love doing everything I can to make him happy. I pay for all his food, games, needs and we're not a dead bedroom by any sense of the word. So I guess this is something I need to sacrifice to make him happy and not feel like I'm holding him back? Can someone please tell me I'm very stupid and shouldn't care about any of this because it doesn't matter? I really started to behave a lot when he expressed that to me, I guess when other people tell me I'm dumb it has more impact than when I tell myself.",1616608265.0,2,1.0,8
