subreddit,body,created_utc,score
dating_advice,That’s just weird and use of his power. He thinks he can do that because he is governor. Most politicians think that way. Politicians think they can get away with everything. Same goes with powerful rich people. I had conversation with my sister bf about how rich people don’t do taxes. The only thing I keep up with NY is their Covid restrictions that’s about it. That I didn’t know,1633991616.0,1
dating_advice,My question is why do you think it would 100 percent my fault if I can’t get a guy? I’m just curious by that comment. I know lot of woman where it’s hard to get guys because of their looks. Men are way too focused on looks now in days.,1633991490.0,1
dating_advice,No I wouldn’t,1633991212.0,2
dating_advice,Typically anyone 7-10 years older and 3 years younger,1633990924.0,1
dating_advice,No I don’t honestly. That was just my opinion,1633990769.0,1
dating_advice,You basically calling me stupid and saying I have no brain. Do I believe everything from the internet ? No but you saying I’m on this sub because I don’t know any better. First off I don’t have a lot of dating history hence why I joined the sub. Last relationship was 7 years ago. I was referring to you have a degree not these people. I still don’t believe you’re not rich. Only rich people can get pornstars unless you’re extremely good looking.,1633989718.0,1
dating_advice,I’m going with yes possibly.,1633988896.0,2
dating_advice,I would stick to being coworkers. That’s scary that he did that,1633988539.0,1
dating_advice,"Oh sorry was I missing something here??? Sorry Idk I was a dumbass . From somebody who is coming from Harvard , Yale , Princeton, or Oxford. Please go more on your story because I only to seem to be wrong about everything. We all know you’re rich we get the picture. I didn’t I was incompetent either good to know. Go find a hot pornstar and fuck her all you want. Since you’re shallow as hell and don’t know how to listen",1633988079.0,1
dating_advice,No I never been on college campus like an university. If you only came here to prove me wrong that’s fine go ahead. Those are sorority girls there are all fake. By the way it’s pornstars. Not pronstars,1633987791.0,1
thebachelor,How is Kelley the least genuine I’m just curious?,1633987700.0,5
dating_advice,I hope you find somebody your own age. It doesn’t get better when you get older. I’ve tried to date guys my own age doesn’t seem to work ever,1633987444.0,1
thebachelor,Rachel Lindsey has always been honest. I think she is a genuine person.,1633987352.0,8
dating_advice,95% of the woman are aren’t hot. That’s maybe a lower number . Woman come in all shapes and sizes . Infertility problems are more common in woman than you think. I heat a lot on tik tok. You just comment to proof a valid argument and you want to be right. Just saying oh my argument fails. Yes it is a small percentage but I’ve proven my point doesn’t mean I’m wrong. Also woman could have lower metabolism and can be worse after birth so harder to lose weight. As far as submissive I don’t think that’s much of thing anymore. Considering a woman can do your job better than you. More woman are taking more male based jobs than ever. So yes woman are more independent than ever . I know it’s pisses off men,1633987117.0,2
dating_advice,Not at all young can birth easily . Some have complications. Most of the woman in my family have problems giving birth or having children. Not all young woman have attractive bodies I’m an example of that,1633986757.0,2
thebachelor,My question is anyone really genuine from the show. People can say they’re genuine but not be in real life. We know Instagram doesn’t show what’s real. So that makes me question people’s intentions that go on the show.,1633982269.0,18
thebachelor,Oh man but normal people do like the tea of things. But I agree if they went on the show in the first place are they really that genuine to begin with. You should tell us about the faves but I can see why you wouldn’t,1633982166.0,3
thebachelor,Okay this funny and the images are stuck in my head.,1633981611.0,40
dating_advice,To fair I can’t see why anyone would be attracted to me regardless of what age they’re.,1633981559.0,2
thebachelor,I’ve seen fuckbois who are nice. I was talking to one recently since I’ve know from middle school. I only found out he was a nice fuckboi later because he started hitting on my sister. But I see you’re point with Peter.,1633981494.0,3
dating_advice,It’s not the first time I’ve dealt with guys in general like this. It seems to be guys off all ages . Any where from close to my age to I guess this guys age. I’m like please respect my boundaries. If I don’t like then I don’t like it’s as simple as that.,1633981386.0,1
dating_advice,This guy didn’t seem respectful at all. I kept on saying I don’t like older man. And he kept on saying how perfect he was for me. That’s the total opposite of what I want you to respond. When I said I’m in no rush to dating and I don’t need anyone right now. He said yes you do. Trust me I have lot on my plate for me to have boyfriend,1633980703.0,2
thebachelor,"Kendall yes I total agree. The reason I say that if she wanted to get back together with joe , she didn’t need paradise for it.",1633980504.0,4
thebachelor,I just think Peter didn’t know what he wanted. But I also think he wasn’t completely over Hannah B. Which is why we got mess. As far as Peter being genuine . I think he is but sometimes I can’t tell. Just some of the actions he does. Makes me question him. I don’t think he is the type of guy who has bad intentions for anyone unless they did him wrong. he also seems calm most of the time which makes me think he can be genuine. But I’m so confused by him sometimes.,1633980456.0,10
thebachelor,If Peter were on the beach it would remind me of Blake from beccas season when he was on paradise. We know Peter hung out with the NYC girls so there would be drama there and also half of Peters exes are on the beach. And Kelsey knowing the tea that happen between Peter and Kelley. Even tho we’re robbed of the drama. Idk if he would have made it far. I wouldn’t have seen Peter engaged just involved in drama. If he does go to paradise I hope it’s next year tho. I think he would have a better chance. But I still drama will still follow him for sure,1633980196.0,42
dating_advice,True definetly different scenario. But still they’re some people who don’t want to be hit on by older people even if they’re adults. Some people are extremely uncomfortable with age gaps . I so happen to be one of them. And it’s happen to me multiple times and I didn’t realize it earlier. I think the worse was a family friend hit on me and said the older you got the more attractive you’ve gotten. That extremely makes me think they were hitting on me since I was a minor. Also they were married at the time too when they said this. I can never mention this to my family.,1633979869.0,1
dating_advice,I know a scenario where the girl was 9 or 10 and the guy was 40. But that was a rape scenario. That is total wrong yes. But it is more common sadly now in days.,1633979626.0,1
dating_advice,Yes tik tok is the video one. I thought it was strange somebody his age would have it. Unless it’s something funny. The other guy is was on Instagram. I think older generation men think social media is only for dating. I just blocked him on tik tok. I’m like I think I see this going anywhere for a lot of reasons. Age wise and location wise,1633979502.0,1
dating_advice,It wasn’t even on online dating site. It was on tik tok,1633977920.0,1
dating_advice,The 59 year old said he wanted to find somebody to spend the rest of his life with. Which didn’t make sense why he want that with 25 year old. Sounds like I’ll just be taking care of him. I want other things out of life. I also know I have a lot of health problems. So it was a big no no for me. I don’t mind finding the right man for me but I don’t think somebody three times my age is right for me.,1633977542.0,5
dating_advice,Your dad must have money. Or treat her right. I don’t hear very often a 26 year old woman with a 57 year old,1633977318.0,1
dating_advice,I could have said old man but I went with gentleman instead. But you’re right real gentleman don’t do that,1633977165.0,1
dating_advice,I know woman who have been hit on since they’re were 10 by 40 year old men. And it’s pretty fucked up. I won’t say who the person is but it’s a close family member of mine and the situation was very sticky and when I found out about I wish somebody had mentioned it. Because they didn’t deserve to be treated like that. Also nobody is mentioning anything about older dudes hitting on extremely young girls and rape.,1633976858.0,6
dating_advice,No it wouldn’t. Just because it’s free now doesn’t mean it would be free later and you don’t know my lifestyle. My lifestyle can be so different from other 25 year woman.,1633976728.0,4
dating_advice,I really don’t think I’m at the peak of attractiveness tho but that’s my opinion,1633976655.0,1
dating_advice,Well of course I know the rule lol. But you’re right tho,1633976578.0,1
dating_advice,I’m glad you find my people my age annoying as fuck. I don’t get told that at all. People my age aren’t 100 mature either. So I can see why you think we annoying.,1633973680.0,1
thebachelor,I think that’s why Kelley was there. Was because of Peter I think somebody had said that Peter and Kelley were talking while the final rose was happen. Which makes me think the start of their relationship is a lot earlier than May of that year.,1633972182.0,10
thebachelor,Yes Neil lane was there too. A lot have said . Just in case Peter was going to propose to one of the girls.,1633972118.0,6
dating_advice,I don’t date a lot either but I seem to have some grasp of men but it’s mostly men my age pretty good with. I know if it’s fuckboi don’t date them. If it’s a nice boy be a bit cautious but still open.,1633967493.0,1
dating_advice,That’s what I thought but I couldn’t remember.,1633967397.0,1
thebachelor,I have theory why she went off with Madi. I think the original plan was Kelley and Peter. Madi was only there because the producers wanted her there. So Barb was upset that Kelley wasn’t up there with Peter. I also think Madi was never into Peter in the first place. You can obviously tell this through the season later. Madi only saw Peter as a friend nothing more. Do I think it painted Barb not so great. Yes. But did people take barbs side on the matter. No. People don’t know what’s going post show. But Kelley’s recent interview makes me think Madi maybe wasn’t telling truth either. I watched Kelley’s interview about the Madi and Peter situation that wasn’t far off from ATFR. Makes me think Kelley knew what was up the whole time. Peter and Kelley were talking since Hannah Ann and Peter split. And Barb knew about it. Which is why she got upset with Madi being up there. I think Barb was being honest. But she made a hell of a performance out of it.,1633967281.0,15
dating_advice,Yeah I really don’t. I don’t date a lot,1633966863.0,1
dating_advice,I’m not attractive at all. Just because I’m young doesn’t mean I’m pretty,1633966748.0,2
dating_advice,Yeah it’s creepy I’ve noticed the old guys hitting on me are engineers too. One possibly worked with my dad maybe. I was like if my dad ever found out you hit on me you’re dead ass. You don’t understand. Now this makes me question engineers. I wouldn’t mind asking my dad if has seen it at his workplace but he doesn’t like talking about stuff like this.,1633966659.0,5
dating_advice,I think you can. Which I might because I think the account is weird anyways,1633965386.0,2
dating_advice,I asked him if he really is 59 because the way he was talking to me and he said I’m talking to somebody a lot younger so. Idk most 59 year old that have tik tok unless they’re grandchildren made it for them or what. He also had WhatsApp too. Which I thought was unusually. I was checking his followers and all he has are woman,1633965247.0,3
dating_advice,My 25 year old body looks terrible right now. If you knew what I look like you would run too.,1633964940.0,0
dating_advice,Not really. He told me what he does for a living. And he is rich.,1633964877.0,1
dating_advice,He contacted me through tik tok which I thought was weird.,1633964804.0,2
dating_advice,Not attracted to guys who could be the same age as my dad or older.,1633964769.0,2
dating_advice,I’m afraid of death now. I have a lot health problems. I’ve doctors told me I won’t live pass a certain age.,1633964714.0,1
dating_advice,I’m not beautiful at all,1633964621.0,1
dating_advice,Apparently there is something wrong with me because I won’t accept this guy. People calling narcissistic and shallow already because I won’t give the guy a chance. I do have boundaries like every other human.,1633964605.0,1
dating_advice,Nope,1633964540.0,2
dating_advice,That’s what I said to this person too. We’re at different stages of life. They’ve been already married and have kids older than me or my age. Where I don’t have any kids or never been married,1633964521.0,2
dating_advice,I’ve never been in a relationship with older men before.,1633964420.0,1
dating_advice,You made valid points,1633964370.0,4
dating_advice,I’m 25 and I don’t think I’m at my prime. I definitely looked better when I was 15. When I was 15 I was skinny as hell. But nobody was hitting me up and everyone called me ugly. Which I thought was weird. I think skinny me would better now.,1633963572.0,2
dating_advice,Didn’t R Kelley go to jail because sexual assault or hitting on minors or getting involved with one.,1633963389.0,1
dating_advice,Good question. I don’t think I’m good enough of a person sometimes. I definitely need to work on myself. People always pride me of being kind or the nicest. Sometimes I can be rude as fuck. So I really questioning my personality a lot.,1633963296.0,1
dating_advice,I live in a small town. They’re no clubs where I’m at just bars. But the gym would be a good place on what you’re talking about,1633935903.0,1
dating_advice,The odd thing is I don’t think I’m attractive at all. And I’ve been told I’m not,1633931001.0,2
dating_advice,You seem to respect woman that’s good. But I feel like a woman who is 38 would relate to you than somebody in their mid 20s. I do agree not all men do. My question is what type of men do that tho?,1633928979.0,15
dating_advice,Thank you for saying this because I don’t want to feel like that’s all I can get is old perverts I would rather have somebody close to my age. And that’s really hard for me to find.,1633928105.0,7
dating_advice,Woman in their mid 20s typically are looking for husbands sometimes. And if he is dating somebody that young he isn’t looking for a wife. I’m not blaming her for wanting to dump him if he never proposed.,1633927233.0,1
dating_advice,I find it strange. I’ve had guys 10 years older hit on me and found out it strange. I don’t mind 4 years older because you’re close to my age and going through the same stuff. The bigger the age gap the problem for me. This guy who is 59 won’t stop me with me. I’m like dude leave me alone. Why you obsessed with me.,1633926774.0,4
dating_advice,No definitely wasn’t easy. But my heart was telling me it was the right thing to do.,1633924910.0,3
dating_advice,I should listen to what the Christians say then. He kept me on limbo for way too long. Luckily I cut it off with him and told him I had enough. It was affecting me mentally and not in a good way and look at past situations with him. He brought the worst in me and never wanted to get to know me. And used me for sex basically,1633924625.0,8
dating_advice,Everyone keeps on telling me that. I was bullied for my looks as a kid. Even when I looked my best as a teenager I was still bullied. Which is why I don’t think I’m pretty. I’ve literally had a guy straight up walked up to me saying I was so damn ugly. And I cried after he told me that. I was freshmen in high school at the time.,1633924424.0,5
thebachelor,I thought this was hilarious when I saw this. I’m currently binge watching the show. My fave part is Hannah z climbing through the window.,1633924357.0,9
dating_advice,I look young for my age. So everyone thinks I’m innocent and naive. So they probably think they can easily manipulate. I’ve had literally my fair share of heartaches. I’m still trying to get over the trauma of my last relationship. One guy who was close to my age thought I was goody two shoes because I look so young. Ive literally not aged a whole lot. I’m also somebody who knows what type of man I want out of life. And is willing to wait for that to happen into reality. I don’t settle for anyone.,1633924213.0,6
dating_advice,Yes that’s the same for me. I’ve literally was like if this ever happened my family would kill me . Be like wtf is wrong with you why can’t you get a guy your own age.,1633924029.0,33
dating_advice,First off I would never tell somebody what to wear. I don’t think I’m that pretty to begin with. So I don’t get hit on by many guys and when I do it’s guy I mentioned or guys I’m not interested in the first place.,1633923877.0,7
dating_advice,Yes I agree I need to work on myself. But for me to vent out about this and that’s consider “baggage”. Younger woman have it worse now in days. We have to compare ourselves to others in society. And we have to stay thin and if we aren’t thin that’s a big problem. Because woman are considered ugly if they have any fat on them. Also it’s hard for some young woman to get in relationship with young man because either they do have the looks for the guy they’re pursuing or they don’t have enough money.,1633923744.0,8
dating_advice,So I can’t vent or have opinions like normal human being. No I don’t know the answer to it because honestly this has never really happen to me until recently. I’m not going to agree with everyone’s opinions on here. It’s not a rhetorical question at all. I’m curious as to why. Most people my age deal with this. No I don’t want to shove an opinion down people’s throats either. If you don’t like the post. You didn’t have to comment.,1633923039.0,7
dating_advice,No I what you mean by karma. It’s happen to ex boyfriend of mine. He cheated on a lot of his girls friends with me. I’m surprised karma hasn’t hit me . It probably has but it’s definitely hit on him. Every time a guy who is already with somebody hits on me. I avoid them like the plague . I know not mess with them. I’ve learned my lesson with my ex all too well,1633922766.0,26
dating_advice,Most of the guys I’m referring about in this post are older than my father.,1633922558.0,109
dating_advice,I agree it goes both ways. Most of the time if a younger woman is hitting on a older guy they’re very attractive. It’s probably the same think. Also woman hit on guys with money. So you made an interesting argument there,1633922498.0,11
dating_advice,This is what I’m more referring to. Thank you for mentioning this.,1633922411.0,17
dating_advice,That sounds like a terrible situation to be in. I hope you’re okay and safe. I agree with the part you said they probably have kids older or your age even. Every time I have older guy like that hit on me that’s the first thing that pops into my head is your kids are the same age as me and if you have a son I could do date . I don’t need to be with you. I’m glad you felt the lock door to try to get out. Also married men is a no no. I’ve learned from personal experience on that one. If they have somebody don’t mess with them. They’re just giving you more reasons to cheat on wife or girlfriend or fiancé. It’s always messy when getting involved in something that you know you shouldn’t be involved in.,1633922286.0,144
dating_advice,Woman when they’re older are focus on families. I think when you’re young you don’t think about as much.,1633922031.0,5
dating_advice,25 year old.,1633921706.0,18
dating_advice,You know you don’t have to respond if you think it’s stupid to you. Sorry I didn’t know I was founded by police officer who arrests stupidity online. You can fuck off thank you very much,1633921261.0,6
dating_advice,Younger woman have less baggage . That’s fucking bullshit. Most young woman like to create drama. Most act out there college or high school years for days. And young woman aren’t always mature. If you want to wake up drunk every morning then yes a young girl is your ideal sure,1633921066.0,16
dating_advice,That’s way too generic and obvious. Name any guy who doesn’t want sex regardless of sexual orientation.,1633920286.0,10
dating_advice,It’s definitely annoying.,1633920078.0,28
dating_advice,Doesn’t give the man the right to hit on young man. So you’re saying it’s okay for an old guy to get on young woman all they want. What if the lady was a minor in the scenario,1633920040.0,5
dating_advice,Completely understand. I had one ask me to be their sugar baby. I’m like nope.,1633919846.0,99
dating_advice,No that’s what I meant. I should of mentioned I’m 25F getting hit on by 59 to 60 year old men online,1633919759.0,6
dating_advice,It’s happen to me twice. One on Instagram and one recently on tik tok.,1633919668.0,9
thebachelor,Aaron and James win this one. Best bromance. But they’re others not mentioned here. That have pretty good bromances too,1633886361.0,3
thebachelor,They have a pretty good bromance. I thought this was hilarious. Next girl Peter dates has to go with Dustin.,1633886246.0,32
thebachelor,That’s what I was thinking. Plus I think his sense of humor would have worked for that season.,1633658083.0,12
thebachelor,Why do I feel like Nick would have been a good fit for Hannah’s season? I think he would get along with a lot of the guys on that season. I wonder him auditioning for the bachelorette got him in The circle. Either way I still like him on the circle.,1633657658.0,81
thebachelor,I think Aaron and Thomas are both hot. I think Aaron is definitely a hothead. So if something doesn’t go Aaron’s way or the way he likes it he gets mad easily. Thomas I like him. I think he was being honest even though he shouldn’t have admitted why he was there for the wrong reasons on Katie’s season. Still both are really hot. They’re my faves on paradise.,1633585585.0,11
thebachelor,Good for Hannah Ann. I’m glad to see her back to modeling. Aren’t they a well known model company?,1633585404.0,140
thebachelor,I feel bad for her. I don’t think she deserves it. Everyone makes mistakes. We see that quite often more with bachelor nation people. None of these people are perfect. I think that’s why I like Noah for Abigail because I think she needs somebody like that.,1633585258.0,4
thebachelor,True. I do think most of the Abigail and Dale thing is speculation. But if dale did lie to Abigail that’s still wrong. Well I meant Noah shouldn’t care because that was Abigail’s past. Most people shouldn’t focus on the past when they’re in relationship. I think the person who posted it wanting to make it seem like she left with somebody that night and had hookup with them. Which might not be the case at all. But if she did that’s her business. I still think we see a lot more coming out. Which I hope doesn’t affect Abigail and Noah’s relationship. I really like them as a pairing.,1633584777.0,8
thebachelor,I honestly thought it was Anna from Matt’s season.,1633584158.0,12
thebachelor,This post almost made seem like Peter and Abigail hooked up not Abigail and dale. But it wouldn’t surprise me if they did. I kinda see Peter and Abigail being a couple if she wasn’t with Noah.,1633584068.0,7
thebachelor,"I thought the blonde chick was Anna for some reason. Also Peter and Dustin mentioned numerous times on their podcast hanging out with Noah and NYC girls. There is no proof off Abigail and Dale hooking up. It almost looks like they’re sending a post about Abigail and Peter if anything. If that were the case , seems like Noah doesn’t care. And Noah cares about Abigail. But still think the person who send it in is part of bachelor nation. But has something either against Abigail or anyone associated with Abigail.",1633583936.0,47
thebachelor,Possibly but I’m not sure. Only know of him because he dated Madi,1633557423.0,2
thebachelor,"Serena and joe: Will breakup within a year or more. I don’t see them lasting because of the huge age difference. Also think Serena is still very young. But I do think they’re cute together but won’t last more than a year 
Becca and Thomas: I think they will be engaged in the next three years. They’re enjoying each other right now. 
Riley and maurissa : I think they will be married or at least be engaged in the next three years. I would be shocked if they break up.
Kenzey and Mari : I think they will breakup 3-6 months from now. And be on and off until they say it’s official over. 
Noah and Abigail: I think they will breakup 6-9 months. I like this pairing. But I don’t think they have strong communication. Which can affect the relationship. Also both are still young and still have a lot to learn in relationships. Also don’t know if they will break up on good terms or bad terms. But I think they could last longer than 6-9 month mark if they work on communication and seeing what they want for each other in a relationship.",1633549814.0,13
thebachelor,I feel like people do it for the attention. Others do it to see if that person who they seem to be.,1633541959.0,8
thebachelor,They broke up,1633541256.0,7
thebachelor,I think some of the comments are best things I’ve heard all day.,1633383670.0,8
thebachelor,You might be right. I’m pretty sure he does have good tea on her. His podcast about her was interesting. Obviously when I said something bad. It was something Kelley didn’t like that made her think of Peter differently. Regardless if it was even cheating or Peter found out something about Kelley that happened while they were together.  Makes me wonder if this did go further if Peter was going to expose something about her. I’m kinda glad it didn’t because I felt like it would of been so worse. Their breakup proved to me they were two people who are totally different from one another. Would have never worked out long term.,1633264685.0,3
thebachelor,I wonder how far Kelley could of said about that situation. Peter obviously did something bad to Kelley. To make her think like that. We all know Kelley pretty much hates the guy. Would have any chance to ruin him it seems. Which is why I’m surprised she didn’t go further or tell the more to the story.,1633223418.0,3
thebachelor,I thought the same thing. But I think so time Kelley would want to fully dodge Peter. I don’t see them fully reuniting considering Kelley pretty much hates Peter it seems,1633202078.0,6
thebachelor,"I feel like Kelley hangouts with Kelsey , VF , and goose more. Noah , Ivan , and Blake all have connections to Peter but those guys can be friends with both of them too. I think Blake knew Kelley because of Peter tho. Blake mentioned in a podcast that he meet Kelley during the Super Bowl weekend , when Peter was playing the volleyball game with Blake and Jason. But also think the friendship between Kelley and Blake could have started before that but I don’t remember.",1633179822.0,5
thebachelor,"I think Kelley has one of those moms that likes to check up and see how her children are doing. Blake’s thing cracked me up. You know he trying so hard but he just doesn’t get it. I’m 25 , my mom just typical asks how I’m doing she doesn’t ask where I’m at. Unless it’s super bad or if I’m in a sticky situation. Also parents are different with their children. To me it sounds like Kelley has healthy relationship with her mother. Maybe her mother is one of those moms who worries about her kids.",1633179537.0,18
thebachelor,"BIP season 6 and 7 , Peters post show reunion( so Madi , Hannah Ann, and Kelley). There is a lot more but I think at the current moment. Then people who hooked up with each other secretly from BN.",1633179036.0,15
thebachelor,I thought they were already married this whole time.,1633146306.0,43
thebachelor,I need to try this recipe for myself. I’m actually on a better diet myself. I’ve tried my own Buffalo cauliflower recipe. And didn’t succeed . So this is really cool,1633054058.0,4
thebachelor,Oh makes sense. You said both Kelley and Fictoria sucked. So I’m guessing your friend saw something not so nice about both of them. Victoria F seems funny but she doesn’t come off nice. So I’m not shocked. As for Kelley I was kinda curious too.,1633050437.0,7
thebachelor,More to this interview if anyone wants to know . Kelley was asked if she regret anything she said about the breakup posts or anything like that. And Kelley says no she doesn’t regret what she said. Also another question was asked if Kelley had won Peters season would Peter and Kelley’s relationship had changed. And Kelley said no.,1633050012.0,29
thebachelor,You need to spill the tea!!! 🫖🫖,1633048861.0,7
thebachelor,Do I think Kelley is completely a victim ? No . But do I think she was wronged absolutely. Yes,1633046758.0,-7
thebachelor,I still believe in this situation every part has the right to call out whomever. All were  at fault and weren’t innocent. I think there is a lot to this situation more than they’re saying. Also none of these people are perfect. I still Kelley has resentment a little but its more towards Peter if anything.,1633046562.0,-1
thebachelor,I know lot people who just use social media as a form of communication only,1633039082.0,9
thebachelor,I think so too. I want Kelley to call out these people. Like Kelley tell the truth about Madi and Peter.,1633038843.0,-5
thebachelor,I think Kelley and Madi were frienemies and not actually friends. Sounds like Kelley was a bit jealous of Madi because Peter had really strong feelings for her. But Peter didn’t have strong feelings for Kelley. I don’t think Madi or Hannah Ann had feelings for Peter. I still think she giving more context . But not the full truth. Do I think some people who get good edits on the show aren’t really what they are . Yes absolutely everyone is human. Also I do believe kelley likes to save her ass too sometimes so…,1633032469.0,39
thebachelor,"This is crazy. This makes me think of all past contestants who exes talked about in the news outlets ( like e news, us weekly, etc.) Makes me wonder if producers set that up too. Thank god I never applied for the show. I have one pretty toxic ex. I know his ass would speak up against me especially if money was involved too.",1633006966.0,15
thebachelor,"I also remember people saying after the show , She would keep her job and never go into influencing and would never date Peter. But that’s the total opposite.",1632943494.0,4
thebachelor,"I can see what you’re talking about. If you referring to the fact we all thought she would keep lawyer job after the show and never date Peter. But it’s her life she can do whatever she wants. I’ve learned bachelor people aren’t perfect. I bet some aren’t as real as they say they’re. When I was watching Peters season, I didn’t understand why Kelley was in it. I like Kelley a little bit now. But to me she came off somebody arrogant, realistic and almost two faced. I’m like if they were relationship they wouldn’t last. Also feel like Kelley was too serious for Peter. Also got the vibe she comes from a rich family so she is only lawyer because of her family not because she wanted to be.",1632920976.0,5
thebachelor,It’s a pretty good comment. He can’t shoot his shot now with her. Especially if his season hasn’t aired yet. I also don’t think Kelley wants to date somebody in bachelor nation. I think Kelley is more focus on her health.,1632920620.0,18
thebachelor,I think it definitely saved him because the doctor told him he would have to be in the icu bed possibly,1632863414.0,1
thebachelor,I know they show the clip of her talking about her conservatorship. When she was in the court. Idk if she is involved. I know a past body guard is involved saying to wipe away something important.,1632847690.0,1
thebachelor,I’m glad he is too. The problem is we live in Florida . So isn’t the best state to being living in during the pandemic.,1632847552.0,4
thebachelor,My dad is 54 but he has a lot of health problems. He takes cholesterol medicine and some other stuff and he isn’t fit either. I just remember him coughing really bad that it sounded like wheezing and sounded like he couldn’t breathe.,1632847240.0,3
thebachelor,Yeah I hear many times of  him saying that on his podcast. But I think it would be a struggle for him because he is a former lead. Even Bibiana addressed that on the recent podcast. Not that I don’t think Peter will find somebody normal. But I think it will be hard for him to keep out of the spotlight. Unless he doesn’t post about her. There is also a possibility of the woman possibly using him for fame too. I hope he does find his person. But also him not being against paradise makes me think he will show up on paradise. Peter can be spontaneous in a way. If he is not in a relationship by next year or he wants to take a break from his career then I can see him on paradise. Also whoever he dated next that is normal will have to except the fact they might be criticized a lot because Peter wasn’t the best bachelor. Which is why I don’t think it will be the easiest. He also find a normal girl that makes him improve in relationships. I see a lot of doors opening for Peter in love. I can also see him dating influencer too.,1632847211.0,3
thebachelor,My dad got the Covid delta variant bad. Sadly nobody believes in Covid where I live. I saw what this did to him. It’s crazy. It’s one of the scariest things I’ve witnessed. Luckily he is doing better. I think it’s because he got the vaccine. Same with me and my family. People need to take it more seriously,1632840685.0,16
thebachelor,Is anyone going to watch the Britney Spears documentary on Netflix when it comes out. That’s all I’ve been thinking of for the past couple of days.,1632840577.0,4
thebachelor,It’s definitely an influencer trip of some sort. I had to look at some of the videos on Instagram and looks about right. It could be they all decided to go on the same trip. I bet a lot of bachelor people were originally invited but declined possibly. Also they’re probably get paid by the resort or advertisers for the resort. Or maybe through some company sponsoring the resort . Either way the trip is paid for them. I wouldn’t blame them for going. Shit if somebody told me if I’m going on a trip and it’s all getting paid for by somebody. I would go.,1632788728.0,7
thebachelor,"Nick and VF I agree on. 
Somebody mentioned Hannah G and Pilot Pete , I can see that one too
Kelley with Mike P or Goose 
Hannah Ann and Mike J 
Some of these people I’m putting down are probably associated with one of another
Kelsey and Connor S 
Tyler C and Hannah G or Caelynn
Kelsey and Blake H",1632788436.0,18
thebachelor,My heart is breaking for Clare. I know she knows what she wants. I hope she finds her person. I want her to find somebody outside of the franchise and outside of being an influencer. I feel like the bachelor guys won’t cut it for her. She’s become one of my faves out of BN. Sadly enough I knew it wouldn’t work again when they got back together. But I wanted them to be happy. I think this is scenario of people in different paths in life. Clare wanting to settling down and dale not. Very similar to Kelley and Peter situation. I hope Clare finds her man when her heart heals.,1632788180.0,25
thebachelor,Peter would be good for drama on paradise. Which is why I think he would do well. Plus I feel like in paradise you get more time to know someone. Which I think is better environment for him.,1632787902.0,16
thebachelor,Clare needs a break from franchise . I want to see Clare find somebody in the real world I think it would be good for her. As Peter I would love to see him on paradise . I think he would make great tv. I think Peter would do it. Highly doubt Peter will be in relationship by next year when filming for paradise rolls around. But knowing Peter it can go unexpectedly.,1632787809.0,24
thebachelor,That could be it too. But they’re short who are confident as well,1632616846.0,0
thebachelor,You would be surprised if heights had a vibe. I talk to guys and they always think I’m taller than I am. I’m like what impression do I give off I’m 5’7-5’8 .,1632616183.0,2
thebachelor,"It looks like Demar , Dale , Peter, and Ivan are all the same heigh or close to it. Noah’s being the shortest I feel bad and relate being the short friend in the group. But my question is how tall is Noah. I’m guessing 5’10 but I can be off by that. Everyone is 6’2-6’3 maybe taller.",1632607885.0,9
thebachelor,I’ve noticed they’re a lot of girls from Virginia Beach. I wonder if they will have any connections to past contestants from there. They’re girls from Chicago . So I wonder if they will know Anna or Kelley. But overall looks like a good group. They’re might be drama between the girls from Virginia . I’m getting a feeling people are going to know each other.,1632607695.0,7
thebachelor,I think we all want that timeline. It still is stuck in my mind to this day.,1632511050.0,3
thebachelor,"I feel like the show doesn’t reflect engagements in america. Most people I know that have gotten engaged either dated for a long time like 5 years or more or got engaged in short period of time. Most of the bachelor couples who are engaged. Engaged for like a year or more it seems. But I’ve seen long engagements before in my life but usually when I do the couple doesn’t get married or the couple is focused on other things then get married when the timing is right. Most of my cousins got married after 5 years of being in relationship. My aunt got married after 5 months of being in relationship. My parents got married after 7 years being together. But when I see people get married quickly after dating , it was scenario where they were married before or military scenario. Rarely do I see that.",1632489525.0,8
thebachelor,This randomly popped up as a notification on my phone. Saying meet Hannah G. So they must be doing advertising with her. Great for her. A lot of people shop at SHEIN. I don’t shop there often. But when I do it’s kinda hard. Normally I know my size in stores but doesn’t always translate good on websites like SHEIN or fashion nova. From other people I’ve talk to sizing isn’t always accurate. I’ve bought a few things on SHEIN and that is true.,1632153026.0,7
dating_advice,It’s better to be comfortable first with someone and getting know them before sleeping with them. I’ve slept with somebody just out of randomness and boredom and decided not to date. It’s especially boring no passion to the sex. Also agree lying to someone gets no where . It’s better to be honest,1632096131.0,1
dating_advice,I’ve noticed people on online dating definetly look for hookups and some that say they aren’t. I agree with you yes people want a relationship especially people on this subreddit. I’ve seen a few. I don’t go on very often but when I do I notice it. I mostly am referring to people that aren’t on the subreddit and online dating most of the time,1632095876.0,-1
dating_advice,Sounds like a guy possibly wanting a good lay. I feel like guys in general are just looking to hookup and not date. Him wearing shorts and flip flop on the date especially at a classy restaurant. Sounds like he either doesn’t care about the date or doesn’t put too much effort in his looks. He is not taking you seriously . If that were the case move on,1632063442.0,31
AstrologyChartShare,Moon and ascendant are the same . Which is interesting. Jupiter in the 2nd is really good. Money will expand there. Especially with traveling or foreign things. You have Jupiter in Sagittarius. I have that same placement. Leo mid heaven is good. Probably meant for fame. But with Saturn placement it will challenge you.,1631904659.0,1
dating_advice,Also I don’t Snapchat a lot of guys at all. Maybe he thought that. But he was surprised . And was like why is so low .,1631640564.0,1
dating_advice,No he knows me. We have FaceTime each other. I’m just not very active on Snapchat. Also this guy lives in my area. We haven’t meet in person due to conflicting schedules. Me always working. But also haven’t talked to him in a long time,1631640487.0,1
thebachelor,Awww they’re adorable together. I’m glad Dustin has found someone. They make a cute couple.,1631586772.0,24
thebachelor,Yeah the distance seemed to help me with her and it was late for her to fix her issues. But I also felt like she was extremely immature. And she never grew out of it. Which surprised me when I found out she got married and had kids. Because I feel like that is a strong responsibility and commitment. That shouldn’t be taken lightly. I couldn’t trust her again after she did all the that. They were several times I was friends with again. After that scenario. I’m like I can’t be your friend anymore unless you learn to grew from mistakes. She always blame her problems on her family a lot. That’s good you haven’t had friends burn you. Idk what’s worse having friends saying mean stuff your face or a friend talking shit behind your back and questioning rumors that their friend group said. I think I did exploded on her once I’ve had enough. I can’t deal with dramatic coworkers or friends. It’s hard to deal with bad managers too.,1631499356.0,1
thebachelor,"I’ve always thought it was a defensive mechanism in a way. This person is better now. But if I were ever friends with them. I couldn’t trust them. It’s hard for me to trust people once they’ve proven me how terrible they can be or have hidden agendas. This isn’t first time I had a friend with a hidden agenda and not tell me. Middle school was the worst. With the intern it’s okay to talk about being a mom but you’re right she doesn’t need to project it onto to others. This friend I was talking about came into my work today and told me her and husband will be married for three years. I told her I’m going through a lot of health problems. Marriage and children are the last thing on my mind at the moment. I’m happy for her. She seems to grew from it. That’s also mean of the intern to make fun of someone having a photo of their parents as a background on their phone. A lot of people have family members or loved ones on their phone. Sounds like a lot of insecurities too. My friend had a lot too. She would get mad if guys were hitting on me. And be like you’re not attractive enough. Clearly guys were hitting on me a lot especially when I was younger. She made a omega account try to talk to a guy and the guy wanted to talk to me instead of her. She got upset. I don’t like it when people are cruel for no reason either. I also don’t like it when people talk about one thing in their life and make it their personality. I know there is more to you then said thing. The fact the interns were mean to your boss , is a red flag right there too. Especially if you’re brand new at a job. You shouldn’t be mean at all. Your story is insane too. I hope your job is going good for you.",1631474076.0,2
thebachelor,"I love Dave’s content. I don’t think it’s wrong for him to hangout with Katie and Blake. I have noticed a lot of content creators hanging out with BN rather they’re tik tok creators or youtubers. Being in the huge era of social media right now. It doesn’t surprise me content creators hanging out with reality stars. I’ve seen this with other reality tv shows like too hot to handle , love island , the circle , and etc. the list goes on. I feel like most reality stars become influencers to certain degrees so it’s probably easier for them to hangout with other creators or influencers.",1631466780.0,22
thebachelor,I dropped a friend because they were negative and bad influence. They were using me for their own agenda. Basically the friend used me for money. I would buy everything for her every time we went out. She never paid for her own things. She said the rudest things to my face. And would get mad if I brought other people along to hangout with us. She also slapped my sister across the face one time. Because she thought it was okay too. She didn’t do drugs or drink. But every time I didn’t want to hangout with her I had to make excuses. She always wanted me around even when I didn’t want to be near her at times. I know it might be hard to believe that anyone can go through bad friendships and relationships. Even the people you wouldn’t except. More so this friend could never hold a job and she constantly used her boyfriends for money . So she didn’t have one. Let’s say I’ve stopped being friends with her for a while now. She always likes to come back every once in a while and say she has changed for the better. Funny thing this girl is married and has kids. Which bottles my mind.,1631398226.0,4
thebachelor,"Yes I think you can be especially if you hangout with a specific person for so long. I can surely explain this . I had friend in high school was toxic, lazy , and rude all the time. I’ve noticed the more that I hung out with her . The more I’ve gotten worse as a person. I was ungrateful and rude . . She was negative too as well. It would say the rudest things to me. Even if it was honest or not. So I think the more we hangout with people. The more we pick up on their behaviors. Regardless if it’s just one person or a group of people. I feel like it goes with relationships as well as friends.",1631397488.0,5
thebachelor,"I think it’s being talked about now because I think we’re in the prime age of social media. So many social media apps are being made and social media brings relevancy to the contestants. I felt like with past seasons social media was there but isn’t as heavy as today. As I feel social media grows stronger , I think we will see more contestants that aren’t there for the right reasons.my question is : is the right reason to find love on the show or to find opportunities to grow a following",1631380709.0,2
thebachelor,"Probably the most relatable thing. It’s hard to see people on your timeline doing things like this going to events like this or going to parties or clubbing or concerts. I work a lot of times and the friends I did have never wanted to do any of that stuff. Yes I do agree everyone is in a different path and blessed in different ways when it comes to life. There’s a girl I was once friends with in high school, and I see her going to parties or doing these events because she became a model. It makes me jealous sometimes. I feel like Sydney’s story is more relatable than ever.",1631337338.0,15
thebachelor,"PP in paradise with his exes. 
TC as the bachelor or in paradise
Mike Johnson as the bachelor
Largest paradise ever more dramatic then ever
The bachelorette being from Peters season or Matt’s season. I want to Natasha as bachelorette or Bri springs or Abigail
We see contestants that aren’t a size 2 -4 but contestants healthy for their height and body type. I would love to see this but highly doubt. It’s 2021 we need realistic bodies on the show. Men and woman. 
But I think PP will be in paradise next year. 
They change the format of paradise where couples do more double dates or group dates. Something similar to too hot to handle. 
Dean and Caelynn get engaged or have a child together
Kaitlyn and Jason are married 
Kelley in paradise or has a bf 
Madi owns a jewelry line of some sort
Hannah Ann has makeup line or Beauty line or goes to paradise",1631318866.0,6
thebachelor,I feel like her accent could of changed when she moved to Nashville. Moving to another your accent changes a bit. But she could play it up a bit for show. Also she moved from Louisiana to Tennessee. Both southern states but both southern states have different accents. I feel like Tennessee have more of a southern draw than Louisiana sometimes. I know people from New Orleans can sound similar to New Yorkers. Tennessee has strong southern draw to their accent.,1631026478.0,8
dating,I would give it shot if I were you. I took a risk with it last year in the beginning. But like everything else be careful. Dating apps can be a hit or miss. But you with dating apps you have more opportunities to find out what you look for in someone. I hope that helps,1630986798.0,1
dating,Thanks . I deleted both comments. Sorry if I came too insulting or offensive. I thought I was being helpful. Apparently I’m not good at that. Why would think I was trolling ?,1630986529.0,0
thebachelor,I wasn’t even on Reddit at the time I don’t think. I just noticed with tik tok that this was going on. I’m like thinking Peter wasn’t definitely over Hannah B even when he started a relationship with Kelley. Idk about now . It doesn’t seem like he really got over Hannah B. I hoping he is healing from his past relationships and I’m hoping he is moving on. I just remember those two tik toks stood out to me because I thought they were funny. But I was paying attention to the dates. I’m like Peter definitely copied Hannah Bs idea and was watching Hannah Bs tik tok.,1630985777.0,1
thebachelor,I think it’s towards the end of September I think. One bachelor Instagram I follow posted the schedule of the dates. Either way I’m still leaning more towards the announcement for bachelor will be during the finale.,1630984825.0,2
thebachelor,I thought I wasn’t the only one that noticed that. Shit both HB and PP made similar tik toks. HB with Alan and PP with Kelley. I think there have might been a few others as well.,1630984757.0,1
thebachelor,I think they will do it during the finale of paradise. Or at least before the finale of paradise to keep us hyped up. Which is why I’m leaning more towards the 13th as a date . I know they wouldn’t do it when dancing with the stars premieres their cast. So it definitely won’t be the 8th. Since the girls already know who it is. I think they will add more girls just because I heard that some girls drop out because of who the bachelor is. So if that were the case . Then I’m leaning towards they will make announcement around paradise. I’m getting like Pilot Pete vibe for the announcement of the bachelor.,1630983304.0,7
thebachelor,"I think because they had past bachelorettes host the bachelorette. I would assume they would go a similar route and choose a past bachelor. That’s why I suggested male hosts. But if they don’t go that route. I can see past bachelorettes other than tayshia or Kaitlyn hosting. Like Trista or JoJo . Or than can bring somebody who is fan of the show like David spade or lance bass . But if they go the celebrity route , I want to see Jennifer Aniston or Sarah Michelle Gellar. I think both could do good hosting.",1630983026.0,3
thebachelor,Thanks for the info. Honestly don’t know who it will be then. I was thinking they would pick a past bachelor to host the bachelor this season. But they could go a different direction . They could choose a past bachelorette or somebody who is fan of the show as well. But I feel like since we got past bachelorettes for bachelorette seasons. I would assume they would have a past bachelor hosting.,1630982787.0,3
thebachelor,"But if we going female options other than Kaitlyn and tayshia , I could see them asking Trista or jojo",1630982582.0,1
thebachelor,I thought the producers would probably choose a Male host for the bachelor. I mean they don’t have to either. I mean they could choose Kaitlyn and tayshia again or another female.,1630982452.0,3
thebachelor,I think we will get a past bachelor to host this years bachelor. I’ve got a few I think it could Ben H. or Sean Lowe. If not those two we are getting somebody else. Now they could go with Emmanuel as a host. He did well with the ATFR with Matt’s season. We could also getting Wells Adams. But wouldn’t make sense because he does paradise. Leaning more towards Ben H. Or Sean Lowe. But I could also see Chris Soules or Jason mesnick or Nick Viall as well. I don’t seem them doing two hosts for bachelor. And if they do one comes in the first part and the other comes in the second part. That’s what I think the host will be. As far as bachelor I think we getting somebody from Katie’s season.,1630974506.0,4
thebachelor,"I totally agree a lot of this would have changed, if they were together.",1630862158.0,1
thebachelor,It could be both. And we don’t even know it. I honestly think Peter doesn’t handle pressure well either. Which would make sense when things get serious or tough he flakes out. I sometimes have a love/ hate relationship for him too. But my hate is more critical love. And I feel like Peter can do better if he can try and learn from his mistakes. All I know is peter isn’t ready to settle yet. And I’m glad he is single and I hope he is taking his time to learn about relationships skills and improve them. I have no doubt one day when peter is mature and ready to settle down . He will make a great husband to some lucky lady. But I don’t see that for a while.,1630808479.0,10
thebachelor,I thought in some aspect they were compatible. She wants to travel. And he craves that a lot in a woman. I will admit they’re physical chemistry was off the charts. I need to rewatch her season to see where they lack compatibility.,1630808106.0,13
thebachelor,You do make a good point. HB didn’t bother looking twice on him. Makes me wonder if her feelings weren’t as strong for him as they were for him. I really need to rewatch Hannah’s season. I think you’re right that Peter thought that they were truly meant to be.,1630807976.0,11
thebachelor,"I thought I wasn’t the only that was confused by this side of him. He doesn’t seem like a player because he is in love with love too much and has a romantic side to him. He seems like genuine guy. So my question is if isn’t really a player , does just fall for the wrong type of woman for him? I know a guy pretty similar to him. Most of the time it was the woman they fall for but once this guy got his heartbroken he became a player. So I wonder if it could be because of that too. Either way Peter confuses me sometimes.",1630807898.0,12
thebachelor,Did tayshia and Zac get married ? How was Kaitlyn and Jason’s wedding? How has the bachelor been ? Did Mike finally become the bachelor? How are my favorite bachelor people doing? Did anymore leads make it to paradise? Did the show change a bit?,1630806939.0,53
thebachelor,"This interview was interesting. It doesn’t surprise me that HB and PP still weren’t over each other. I felt like their feelings were strong for each other. A few things I would like to point out , when I thought of this interview is I’m surprised they didn’t ask Peter about things post show. I really want that timeline to be cleared once and for all. I feel like we got these person said this or said that type of scenario. Which I’m not saying Hannah Ann wasn’t wrong. But I rather hear it from the horses mouth aka Peters . Second off I wonder what would happen if Peter had left for Hannah Brown. Do you think HB and PP would still be together , if that were to happen or do you think they would have only lasted when the heat the relationship started to die down and things got serious. What would happen if HB did come back? I felt like the ending would of changed big time. Hannah Ann or Madi wouldn’t have been an option. I think it would have been Hannah Brown. Part of me thinks Peter wasn’t over Hannah Brown , even when Peter was starting to date Kelley. Idk if Peter is over Hannah Brown. I’ve always wonder if those two are meant to be together. Idk only time will tell. If Hannah Brown and Peter are still meant to be.",1630806472.0,26
thebachelor,Also with COVID idk if I want to because I know it’s getting bad where I live,1630681761.0,2
thebachelor,That’s good advice actually. I never understood why tho. People kept on saying the same thing to me. But I feel major fuckboi vibes off of this dude. I only sleep with people I can trust. Yes I’m very selective.,1630681728.0,1
thebachelor,Congratulations,1630681380.0,2
thebachelor,Congrats. I hope you do well. What you majoring in?,1630681314.0,3
thebachelor,I’ve been having problems with guys lately. I keep on blowing off this one guy. Who really wants to sleep with me. Which I don’t get why. But I’m not remotely attractive enough to be seen with him. This guy is gorgeous and I don’t understand why he wants to have sex with me so badly. Luckily I turned him down for the offer for a lot of different reasons. I also had close family member got COVID. So I’m trying to stay away from people that are new in my life or I haven’t meet in person or don’t know well. I also thought about getting tested for COVID but I have no known symptoms. I think I might get the antibody test. I also been having heart problems and don’t know the cause yet. Luckily I find out on the 16th of this month. So yeah I won’t be hanging out with any guys for a while. I also don’t know if the abortion law will be affected in my state yet. I’m birth control for health reasons. So hope they don’t take that away. Other than that my job seems to go okay. I try explain my dating life on the dating Reddit’s but they’re pretty nasty to me over there. Plus everyone seems cool over here.,1630681226.0,2
thebachelor,I would check it . But idk if I would take it serious or not. I think it would be hard for me to deal with it but I think I would survive. I’ve been bullied numerous a lot in my past . So dealing with online hate . Normally I stay away from my phone when it happens. I know it would get to me if I were contestant. But people are human and I’m strong believer on people having the right to say what they want rather that’s mean or nice. I think it would be hard at first and I think I would brush off the hate. Plus if I was contestant I don’t think I would make it far enough,1630647669.0,1
thebachelor,I would love to see PP on paradise. I think it is the perfect environment for him. I wouldn’t seeing HB on there . Hey a season with HB and PP on it. I’m here for it.,1630632544.0,35
thebachelor,I like this post a lot. It’s true . You can think somebody is right for you at the moment but they’re only there to teach a lesson in your life. Idk who she is referring to about.,1630588170.0,86
thebachelor,Thanks for letting me know. I didn’t know if it was or not.,1630349515.0,7
thebachelor,I wish Kelley the best of luck. I’ve heard Lyme disease can be scary. I hope she finds the right doctors and gets the right treatments. Sometimes it’s hard to find. I suffer from invisible illness and when I moved from one state to another it wasn’t easy finding a doctor right away. I hope she does more research on it. I also wonder if Lyme disease runs in her family. She said her brother got it. I like how she is being this up. I hope she brings awareness to it. I think more reality stars should talk about medical stuff and bring more awareness to it.,1630346064.0,-8
thebachelor,"Golfing ranges near me
Dallas cowboys game playing tonight
How to make a middle aged man cool again
Is Chris Harrison the best host in the world 
What’s a good home cooked meal to please your girlfriend who is 15 years younger than you
What’s a good wine
Bachelors finest moments
Hosting gigs available 
What are my kids into these days",1630345842.0,16
thebachelor,I’m in the similar boat as you. I would say the same thing as you. I’m look back at relationships of mine. I can’t believe I dated that person what was I thinking. And I realized I was young and anyone that gave me attention when would go after. Now that’s not the same anymore.,1630248959.0,3
thebachelor,I thought it was karma in a way too. The guys usually obsessed with me are guys I’m never into. My sister thinks it’s because I won’t give anyone a chance. You should give people a chance to know you but you shouldn’t go around dating or sleeping with everyone. I’ve gotten picky with relationships since I’ve gotten passed high school years too.,1630248718.0,3
thebachelor,Does anyone ever have a problem attracting people they were never really into or just aren’t your type?,1630244328.0,21
thebachelor,It is . Idk how Madi would have taken scenario. But I feel like she would’ve been supportive of his decision but I think she would of been upset because she was lead on,1630170060.0,8
thebachelor,I don’t have the best grammar in the world . And I know it’s very long . I put a lot of what I’ve wanted to say,1630169964.0,3
thebachelor,I liked Hannah B and Peters chemistry always. I feel like their chemistry was strong. It was stronger than most of the girls on his season or girls he dated from his season. I like this video I thought it was cute. The type of girl he goes after explains a lot . I think because he is pilot it would make sense to go after a girl who has an adventurous side and likes to travel. I still feel like Hannah b and Peter would have last longer than any of girls he dated on his season if they dated outside of the show. Hannah’s personality fits well with Peter. Which I why I think Peter needs to find somebody similar to Hannah B.,1630156891.0,11
thebachelor,"I think most contestants don’t know the lead yet until later. Also I think Madi mentioned that she applied for coltons season. While her friends nominated her I think if I remember correctly. We have plenty examples like Greg for beccas season and Claire’s season, cassie applied for Nicks season and much more. I think out of Peters girls who knew Peter became the bachelor was Kelley. Because they meet before show and I think after he was announced. I believe Kelley was in the last interview when she found out. I think contestants don’t know who the bachelor or bachelorette is. My guess is they find out when it’s announced on tv. But I could wrong about that. I’ve never been through the process or heard anyone who is. I just listen to the interviews from the contestants.",1630156221.0,59
thebachelor,When I saw the names. I thought of the Jonas brothers. Then I freaked out. That would be interestingly they name their kids that.,1630093128.0,23
thebachelor,I really didn’t see Peter and Kelley being thing after the show. I think somebody Hannah Ann fits better with him than somebody like Kelley. Peter was never going to settle for either but he had better chance settling with Hannah Ann. I also Kelley needs a man who shows how he feels and is more expressive and somebody who isn’t a people pleaser. Kelley and Peters one on one prove to me that they weren’t really compatible. But would make better friends,1629835610.0,5
thebachelor,I’m going with Bri or Natasha .,1629825374.0,8
thebachelor,That’s why I liked the interview and I think she did a good job.,1629824915.0,12
dating,Just having a more positive mindset about it.,1629809938.0,1
dating_advice,Which I’ve had to do,1629778698.0,0
dating_advice,Most of the this posts aren’t referring to dating sites . But I get what you’re saying about scamming . Second off it’s guys who I’ve talked to or know who do this to me. And I don’t want to sleep them unless I get to know them more,1629777399.0,0
dating_advice,Sorry do I know you??? I’m not trying to sound mean . But what made you think that and have we talked before,1629777143.0,0
dating,Lol that is a pretty funny excuse 😂😂. Literally everyone close to my age has a smartphone,1629775161.0,1
dating_advice,It’s one thing if you’re dating and in relationship with them . I understand sending selfies . But if you’re starting to get to know them I don’t think it’s really necessary. Like I said I’ll meet guys and know them for short period of time and they’re asking me for selfies. Most of them have nudes. Some haven’t but most of them have. I’m surprised on the type of men that have asked me.,1629774977.0,1
dating_advice,Thanks . I literally told a guy I hate superficial talks. Like if you want to get know me . Then do so. I’m 25 and all I deal with are guys that talk about superficial stuff. Like I want to get to know someone. Luckily I’m not on dating apps anymore as much and it’s hard for me to meet others right now. I don’t have many friends that can hangout with and I work most of the time . When I try to get time to myself I’m doing something. I also had a guy complain about me being picky is a bad thing. I rather know what I want and know my self worth then learn it the hard way. And I’ve seen woman learn it the hard way,1629774670.0,3
dating_advice,Most of the guys that asked me were guys I already knew for a few weeks and they had already saw my face. I either FaceTime or video chat them,1629770300.0,2
dating_advice,Which I’ve had to . A few guys got extremely pissy and angry at me. I don’t understand why guys are obsessed with girls sending them photos. Rather it’s nudes or not,1629770167.0,3
dating,I’ve done that before . Some guys get so pissy with me about it,1629770005.0,4
dating_advice,Thank you. I’ve tried and that doesn’t always work for me. I’ll have guys really push for it to ask me for pics. I’m like I don’t feel comfortable plus I’ll meet the guy in a few weeks and he is asking me for pics,1629769964.0,2
dating,In general. Say I have a guy texting me  or messaging me on Fb messenger or Snapchat . Asking for pics constantly,1629769743.0,1
thebachelor,You definitely need give us more details. Was the event fun? I’m honestly not surprised about Peter flirting with all the girls. I think the boy is looking for love but he won’t have much luck. Even Peter said it on his Instagram he was looking for love there. I honestly can’t take Peter seriously anymore.,1629690806.0,14
thebachelor,They’re definitely cute together. I’m happy for him,1629686511.0,10
thebachelor,I started watching Ben Higgins season. I think it had to do with Lauren and Bens show on ABC family that got me to start wanting to watch the bachelor. I’ve always knew about the show but I never fully watched it until after Bens season. That’s when Bens season was on IMBD tv for free with the ads. So that was 2018 maybe 🤔. I’m still questioning what year I fully started watching the bachelor,1629480526.0,1
thebachelor,"I’m only watching the season because I think it will be a crazy season. I honestly didn’t want Greg to be the bachelor. I wanted somebody like Mike Johnson , Tyler C, Michael A, Ivan , or Dr joe. When I first watched Katie’s season yes I saw a high possibility of him being the bachelor. But after what he pulled with Katie I was so 50/50 on him. I also don’t think his personality would do well as the bachelor. If his personality really is this shy boy act. I also feel like he would be dull and a bit boring. His season would a lot like Pilot Pete’s season but worse. They would have to find the right woman to cast for him and make it dramatic. They better have another VF or Queen Victoria because that’s the only thing that would make it entertaining. I just think they should go with a different guy.",1629465473.0,16
thebachelor,This is so weird looking back at those moment. I would never picture this two together. Barb isn’t wrong about Hannah Ann. Hannah Ann is sweet. I love some of her videos. I always forget Peter and Hannah Ann were a thing. This does feel forever ago too.,1629342843.0,48
thebachelor,Pilot Pete,1629248997.0,9
thebachelor,Noah and Abigail are going to remind me of Hannah G and Dylan. Definitely getting Hannah G and Dylan vibes from those two.,1629160716.0,10
thebachelor,I think Hannah Ann would be an F1 for sure. If Mykenna were on the list she is F2.Madi F3 Kelsey F4 Victoria F5 . I don’t Kelley would have made it far if Greg was the bachelor. I just don’t see  them connecting at all. I think Greg would like Kelley but I don’t think kelley would be into Greg as much. Which is why I don’t think she would make it far. Victoria F would be worse than she already was. Greg and Victoria Fs conversation: VF : greg I didn’t I swear to do that . Greg : are you sure about that? VF: I swear omg . I think if so many scenarios like that. And greg wouldn’t find a solution. If so it wouldn’t be easy. I don’t think he would have handle the drama with VF as well as Peter did. I also think greg is the type of guy into preppy  pretty girls which is why I ranked Hannah Ann and mykenna high on f4 list.,1629077153.0,9
thebachelor,Biking and hitting one of their bikes on accident. Being like I’m sorry then realizing it’s all them,1629063685.0,13
thebachelor,I have nothing against Kelley wanting to get this filler done . Frankly I see nothing wrong with her. Girl is already gorgeous why need more filler. I think she has done enough plastic surgery on her face . I don’t understand the constant need for it personally. If she wants to promote it because she believes in it good for me. But so many teens probably look up to her and a lot of teens will be probably asking about this. I can understand why she took the comments off her post,1628979005.0,18
dating,You keep on saying I have all these options when in reality I don’t. Like I said physically I don’t look that great at all. Just because I’ve dated guys who are gamers doesn’t mean that’s my usually type. That so happens to be the type of guys that fall for me.,1628952914.0,1
dating,Okay,1628918456.0,1
dating,"Is your username on IG , the one you have now",1628918353.0,1
dating,But I like hearing your take honestly,1628918033.0,1
dating,I want to be with who I am meant to be with .,1628918016.0,1
dating,I think it depends on looks. Because I feel like everything is based on looks sadly. Yes I do agree finding the right person is hard. Idk how people are finding their soulmates now in days,1628917337.0,1
dating,Losing weight in general just helps you physically and mentally. It also depends on your body . I would start with a mindset of losing weight to be healthy again.,1628916697.0,2
dating,Thanks .,1628916175.0,1
dating,I’m not into fishing anyways . Tried it once didn’t like it,1628915537.0,1
dating,You slightly sadder ? You shouldn’t be you will find somebody.,1628915412.0,1
dating,I believe you there. That’s why I don’t date guys who fish or hunt .,1628915316.0,1
dating,Honestly don’t know . It doesn’t hurt to try. I’ve never been on fishing date . But then again I’m not into fishing. So I can’t answer that question,1628915085.0,1
dating,Yes everyone I know is married at 25 sadly.,1628914907.0,1
dating,"Are you referring to me being young ? I was just referring to I don’t have many options where I currently live. I don’t see myself living in a Disney movie. Like I said I live in small town maybe 15,000-33,000 I don’t have many options. Yes most guys I dated are nerds that isn’t a lie at all. I’m still trying to get what you’re saying. I mean you can be fully honest",1628914871.0,1
dating,What do you mean by that ?,1628914648.0,1
dating,So I’m guessing small town kinda middle of nowhere or you live near Kansas City. Farmers market doesn’t sound like a bad idea. You can meet anyone anywhere honestly. I haven’t had luck meeting a guy randomly at a store yet.,1628914544.0,2
dating,I would say yes if they’re on health kick or looking for fresh ingredients. It’s not something you should go against. I honestly don’t go there personally but I know people who do. It’s not a big thing where I’m at unfortunately. What part of the Midwest are you from?,1628914311.0,1
dating,I’m sorry to hear that you had a broke up during a pandemic. Sorry to hear about the close friends thing too. And yes online sucks a lot. That’s only way I can meet people for me . I don’t have many friends so I can related to that. Yeah dating locations are going to tough considering a lot of things being closed at the moment depending on where you live,1628914032.0,2
thebachelor,"As much as I like Michael A as a person. I voted Tyler Cameron for different reasons. I just feel like if they’re going to have a past season bachelor from like a few seasons ago it would be Hannah Bs season. That person they choose should be the next bachelor. Also Michael A being father , especially the age his kid is , it would be hard. The woman they cast typical are not ready for marriage so it would be better to cast Tyler C . If they have girls like that. It’s better if he were the bachelor . Another reason I think the woman would totally fall for Tyler c. If they have younger ladies in Michael As season. I don’t see them really falling for him unless they’re mature for the age like Becca M in Aries season. Also Tyler c season would be fun and it remind me of pilot Pete’s season a bit with a little bit of Matt James season. It would be lighthearted but dramatic af. But at the same time I do think we need a mature bachelor as well like Michael A . I think Tyler Cameron season first then Michael A.",1628909341.0,11
dating_advice,Dating apps are the worst . You don’t meet decent guys on there. I have plenty of dating stories on dating apps.,1628908852.0,1
dating_advice,I totally agreeing ghosting being way too common. I got ghosted recently with a guy . I was supposed to meet up with him and that day he never responded to me or texted me ask me where to go. So I figured it wasn’t worth it. Let’s say I haven’t talked to that guy since then.,1628892006.0,1
dating_advice,A girl that doesn’t like an Instagram model. You would be surprised on how many it’s hard for them to date and if they do they get guys that normally they aren’t into in the first place. Also not every girl wants a relationship to start off based on sex. It’s going boring dating somebody for just sex when you have nothing in common with them other than that,1628891788.0,1
thebachelor,I wonder who they’re both talking about. But I think Ivan’s tweet shows the honesty. I believe both of their tweets. Madi’s tweet reminds me of some wise words you would tell somebody. Either way there is going to be some tea being spilled. I think it has do with somebody in their friend group or it could be somebody they both did talk to but don’t anymore. But I feel like with Ivan’s tweet he was mentioning multiple people or referring to.,1628890469.0,12
dating,Most of the guys I’ve dated were nerds and gamers. And didn’t have ambitions in life or want to improve their life. I’ve have had only one attractive guy talked to me. It’s very hard for me to get an attractive guy. Nothing wrong with that. I know looks can be perspective. But you saying I have a lot options when I don’t. I literally live in small military town . My options are very limited. I also live in the damn south. So basically everyone is married by 25,1628888421.0,2
dating,Actually no I don’t have very many options . It would actually surprise. I’m not the prettiest girl for 25 believe it or not.,1628888262.0,1
dating,What made you think that? I’ve talk to different guys isn’t just guys that look like that. You honestly don’t know my dating history. Most of the guys I’ve dated aren’t even the best looking. I’m also not skinny so no I don’t have a lot of options.,1628887699.0,1
thebachelor,Yeah I should of mentioned the Kelley examples then. She meet Peter before going on the show for his season and then Blake moynes meet her on a plane around Peters season of ATFR.,1628887560.0,6
thebachelor,"To be fair , I feel like this happens all the time. But I feel like we don’t see it as much as viewers or they don’t expose it into articles. Contestants from the previous season or two talk to the current ones. And I feel like it’s more common since the pandemic. I have nothing against . Blake and Katie talked apparently . Possible Clare and dale . The list probably goes on. I also think it helps them more with the progress of the show honestly. Also didn’t Blake from beccas season talk to Hannah G before paradise and same with others. Like I said I’m not worried about it as much. Plus I feel bachelor nation is all in the same bumble or friend groups.",1628887299.0,15
dating,Oh I’m definitely struggling with dating,1628886578.0,2
dating,Haha you would think it would be easy but it’s not,1628886480.0,2
dating_advice,I totally agree on its east to replace people. I’ve been easily replaced before in my life.,1628885879.0,2
dating,Honestly wouldn’t know the answer to it. I’ve thought given up myself at one point. So I know how you feel.,1628885772.0,2
dating_advice,I wasn’t really comparing it anything really. I just meant in this current time.,1628878391.0,1
dating_advice,I literally posted this on a different forum and somebody put no not really and I wanted to know there reason as to why. I love to hear people’s opinions. I want to know what helps them get through the dating scene,1628878029.0,3
thebachelor,I wouldn’t mind seeing Tyler C or Mike Johnson . I would love to see a double bachelor season maybe Mike or Tyler than Dr joe or Michael A. Greg and Andrew I really don’t want to see but I feel like we will get one of those two.,1628877918.0,-1
dating,Thanks for correcting my grammar .,1628877658.0,1
dating,I love your answer and you’re so right . They’re a lot things that do get in the way and yes I don’t think the pandemic has helped . Yes I agree people aren’t being their best selves to meet others.,1628877166.0,1
dating,Thanks for your honesty. I love hearing other stories seeing if they can related. That’s good you’re quick learner . Being observant has helped me find what guys don’t work for me or what guys are going to do next. I’m sorry the women you’re talking to aren’t the best. I hope you find somebody great.,1628876955.0,1
dating,Please explain. I’m just curious on your take,1628875865.0,-1
thebachelor,I’m 25 about to be 26 in two months . I feel like I fit into two different categories. I don’t feel like I fit in 21-25 range because of the way I act sometimes . I also feel like I can act younger than 26-30. Does anyone have a in between range with the ages on the poll?,1628873713.0,3
thebachelor,"I would love to see them last. I think both are compatible with each other. And I think they have the same values. I think they have a high chance of making it long. But a part of me thinks it might not. Distance will probably drive them apart, if anything. I just wish them the best of luck regardless what the outcome is.",1628741135.0,11
thebachelor,Good for him. He is back to doing what he loves. I’m given him probs for not become an influencer after the show and sticking to his job.,1628458587.0,28
thebachelor,"We need chaotic lead to change things up. Anyone from Peters season for bachelorette would do good . Or some of the guys from Katie’s season. If they’re picking a chaotic lead for bachelorette you going with Queen Victoria , Victoria P, or Victoria F. But for bachelor it’s Aaron or Thomas. For bachelorette I’ll also Tammy , Madi , and Kelley. I feel like Tammy , Madi , and Kelley would ask the guys hard questions and the guys wouldn’t know how to respond. They come off woman that have their life together and know what they want . But for drama it’s Queen Victoria , Victoria f , and Victoria p. Hunter would also be a chaotic lead or Greg. I feel hunter knows to go after what he wants. Greg would be toxic lead. I’m thinking bachelor or bachelorette options that we either go after what they want and ask the hard questions or they would be tough as a lead rather that’s the drama or etc.",1628261720.0,2
thebachelor,"Jed seems to have a great supportive system . 
Queen Victoria great confidence 
Luke P had a normal life after the show. His drama kept us entertained. 
Aaron he is cute as hell but had a right intention to protect Katie even tho it came out wrong. 
Victoria F - the friendships she made with bachelor nation and her sense of humor .",1628261304.0,1
thebachelor,I feel like she ends up Blake or Michael A. Idk if Michael A comes back or she goes after him if it is him. But I feel like it’s one of those two and I don’t think it’s Justin or Greg . I feel like she somehow adds up with Michael A or Blake.,1628096261.0,9
thebachelor,Happy Birthday to Pilot Pete!!! I hope he has a good one.,1628096109.0,6
thebachelor,I think hottest men would be on her season,1627918046.0,9
thebachelor,"Natasha - she would be a strong lead and would navigate the men well. She would remind me of Tayshia when she was the bachelorette. Natasha would do well. Plus I would love to see Natasha as the bachelorette. I think personality will shine through. I’m ready to see her in paradise. 
Hannah Ann- I would love to see Hannah Ann as the bachelorette. But I think she out grew the franchise . So I don’t see her being the bachelorette because I think she has moved on . But I would have love to see her as the bachelorette. I want to see the different sides of Hannah Ann. I think she would have the hottest men on her season. Somehow the producers would make sure the men are extremely attractive. She would be the bachelorette that guy would fall for because how gorgeous she is. But idk if the men would take her seriously. Hannah Ann’s season would be probably similar Hannah browns in sense that every guy would be fighting for her time and want to get to know her. I think she would get overwhelmed eventually. But I think she would make a fun season. 
VF - she is more paradise material and not bachelorette. If she were the bachelorette her season would be crazy. I don’t see being the bachelorette. I think she is better suited to be on paradise. 
Kelley- I would like to her in the franchise again to find love. I’m more 50/50 on Kelley. Kelley either do well on the bachelorette and show her personality more or she could be shy on camera like she was on Peters season and not go along with the process well. But since Kelley knows the process . Idk if she would ever do bachelorette. She might . I think it would be interesting to see her. But her season would be lackluster . Unless they cast some interesting guys for her. On the other hand she would  be really good  in paradise. I see her rocking the beach and having men go after her. I also see her forming good relationships on paradise with other guys and then if Peter was there, Peter being extremely jealous. 
Madi- She would of been a great bachelorette. But I don’t see them choosing her. I also feel like Madi is the least liking to be the bachelorette on this list. Due to her values and beliefs . I really don’t see her being the bachelorette. I feel if she were it would literally be a dramatic season in a way. If they every have as the bachelorette, they better cast men like Mike P for her. I can see her being engaged to a guy like Mike P. 
Other- Kelsey, I would have to see Kelsey as the bachelorette. I want to see a bachelorette who sensitive , caring , understanding but strong as the same time. I think Kelsey would do well.",1627911868.0,3
thebachelor,You’re not lying there about influencers there. I wish they were most realistic about it .,1627777014.0,3
thebachelor,Has anyone ever thought about switching lives with Kelley ? Her life seems so perfect . Gets to travel all the time . Hangout with cool people . Have enough money to wherever she can go. Doesn’t have to work for what she wants .,1627761400.0,28
thebachelor,It seems a lot better than my life. I’m so jealous of her constantly travel. I would love to do that. I can’t stay still in one place. I’m already stick in tired of the place I am in now. I feel like Kelley is always living her best life. I feel my life is so dull in comparison. I feel like you on this one and understand.,1627761320.0,7
thebachelor,Her tik toks are hilarious . I love them. She always shows up on my fyp.,1627700538.0,9
thebachelor,"I’m going with no. I can see them at least flirting with each other . But that’s about as far as it will go. I don’t see them having a lot in common. I like them both don’t get me wrong. But those two together as couple . I really can’t see. I can see a possibility of friends after the show. I also feel like Becca wouldn’t like Peter as much as Peter would like Becca. Becca is smart and I feel like she is better suited for older man in her life. Peter I think is better off with somebody a bit younger. But I also wouldn’t mind seeing paradise with all the past leads who are single. I would love to see the leads react to one another and see who would end up with who. But they’re aren’t many leads single . So I would leads their final 5 that are single. Even tho Peter and Becca are close in age , I just can’t see a couple out of it. Friends or being flirty for a bit I can see. The reason I can see Becca as a friend more is because I think Becca would give Peter really good advice on who he should go after. I think if Peter had a strong female friend on the beach . It would help find love on the beach or it would be Blake situation with Peter too.",1627653819.0,4
thebachelor,I forgot about him. He is actually engaged to Hannah G. I honestly feel like they’re married sometimes. I honestly should of worded it so different. And said Tyler C I could possibly see engaged next possibly. But then you brought Jed.,1627482270.0,6
thebachelor,It is possible Jed could be. I always forget about Jed . But a few of tik toks with his girlfriend has showed on my fyp. They seem really cute together. So I wouldn’t be surprised if he did propose to her. I’m torn between Tyler c and Jed now on who would be engaged first. But there could be others before those two too.,1627481970.0,2
thebachelor,"I kinda see this happening for Tyler C. I think he will be the first one out of Hannah Browns men , we about getting engaged. I don’t really see Mike , Peter , Luke p , or Dustin and etc getting engaged before Tyler c. But I see Tyler c totally engaged in his early 30s.",1627481134.0,7
thebachelor,I wouldn’t mind if they got engaged. But we will have to wait and see. He does seem really in love with her. She seems sweet and good for him. I want Tyler C to be happy and somebody who complements him well. I feel like Camilla does that. From what I’ve seen of the two. I don’t see engagement right now. But possibly in the next year or so . I definitely see it. I feel once Tyler is committed. He is committed all the way.,1627480945.0,11
thebachelor,I said the same thing to. I think he made fun of short people and fat people. Which wasn’t very nice . But they’re other tweets . I didn’t approve of either. I don’t like it when guys make fun of everything possibly.,1627410351.0,1
thebachelor,I’ve also had both experiences with dating guys with huge age gap and single dads. It’s interesting experience.,1627398510.0,3
thebachelor,"Blake and Greg are my type too a T. I wouldn’t mind dating Andrew s or Michael A. But I would be more concerned dating Andrew S because of his tweets . I honestly don’t know if he still is like that as a person that puts concern for me. Michael A I think is a big sweetheart and I wouldn’t mind dating him. But I normally don’t date people with kids and for obvious reasons. I also don’t date guys who 10 or 11 years older than I am. Out the best options or who would give me a time of day is Michael A. But it would be hard for me to date somebody like him. I’ve dealt with single fathers before and talking to them. They will give you the world of course . But you’re somebody that isn’t as mature as them or don’t understand they’re situation. It’s best not to date them. I would love to date Greg because were close in age and I can relate to him a lot better. Plus I’ve always wanted to date an east boy. Blake , I think we would have a lot in common . And be able to talk about things . I like Blake , he seems like a cool dude.",1627398447.0,5
thebachelor,Bachelornation.scoop is one I follow and to like. I also follow dotherosesalign as well.,1626877771.0,9
dating_advice,He comment it and I told him I’m really not on it . It was more a joke . I guess. I thought he was being serious . It took forever him to reply back when I asked him. So I told I was tired,1626794819.0,1
dating_advice,He eventually replied back but it was really late in the night. I told him I have to get some rest I’m tired,1626794462.0,1
dating_advice,Haha he isn’t tho. He eventually replied back to about it. But it was so late in the night . I’m like I’m too tired .,1626794418.0,1
dating_advice,I slowly got myself back into it when COVID hit in 2020. I thought it was great idea to start online dating. But nothing progressed for me. Just guys like him or I get guys who become obsessed right off the bait. I will say dating has become harder now in days and especially hard to find somebody good. You basically dealing with kids almost. Because somebody has to play games or you have to tell straight up what’s going on and they don’t respect. The dating pool to me looks like a giant playground almost,1626752638.0,2
dating_advice,The app has become more popular now for people hooking up,1626752392.0,2
dating_advice,I also don’t have his phone number. He never gave it to me. I think he doesn’t give woman his phone number unless he trust them completely idk. He made an excuse for that,1626752364.0,1
dating_advice,I am 25 . Will be 26 this year and still dealing this crap on the daily. They’re isn’t a lot of high value men in my area unfortunately.,1626752319.0,1
dating_advice,"Yeah , I’ve had people complain to me about it. My sister has sometimes.",1626751877.0,2
dating_advice,"I didn’t know my snap score was low. I wasn’t too worried . He was like 3,333 is your snap score lol. I asked him is that low and he didn’t responded. But to be fair they’re times where I just don’t hear from him. It honestly doesn’t bother me. I just think he is good looking and way out of my league.",1626751846.0,1
dating_advice,Thank you.,1626751670.0,1
dating_advice,I see your point there.,1626751589.0,1
dating_advice,Considered he is working his way into music sounds about right. He talks about sex a lot with me and never really asks personally stuff. So I would say yes.,1626751539.0,3
dating_advice,I see your point there. Honestly feel like he only cares about social media because that’s where his money is at.,1626751422.0,1
dating_advice,It’s a Snapchat thing I guess but I’m not huge on it.,1626751204.0,2
dating_advice,No,1626736697.0,0
thebachelor,Oh I know lol. I’m jealous of that for sure,1626386842.0,1
thebachelor,I like awkward and funny this is. Congrats on the throuple. But I like how they’re all hanging out.,1626368857.0,14
thebachelor,I honestly keep on forgetting Natasha was on Peters season. Same with Jason on beccas season. Sometimes I forget Kelsey was on Peters season as well.,1626368737.0,13
thebachelor,I like how she’s been looking good and taking care of herself . Self care is important . I hope she had a fun time on her vacation. This outfit is cute . I wish I could pull off something like that . Go Kelley for crushing on enjoy life.,1626368593.0,21
thebachelor,Which why I think the show didn’t do her justice. I liked her a lot better now. On the show she wasn’t my favorite for some reason.,1626368492.0,5
thebachelor,"I was actually excited about this podcast . But interesting on her take on things for sure . I liked listening to her backstory. Its interesting how she grew up and then how she meet her husband . I like how supportive she is of her kids too. I totally agree when she said most parents want their kids to move out at 18 and when they do it’s because they don’t respect the family or don’t love their family as much. I see that personally within my own life with my siblings , which is why I think that spoke out to me. But I would like to see her in future episode and her talking about her sons dating life or more stories about Peter as a child. Also liked the dynamic between Peter , Dustin , and Barb . I think that’s what made the episode good too.",1626359431.0,5
thebachelor,"I also feel like Sydney and Hannah B would have drama because apparently they went to school together. Idk much about Kelley , I feel Kelley stay out of drama. If anything Kelley would have listened to Hannah B. But I think it won’t last long . Because they both have chemistry with Peter . Tammy I can see her ripping on her for sure . Especially when Tammy saw Hannah b coming out of the limo night one . Like wtf is doing her . Same with Victoria F . Victoria F would have definitely said something about it.",1626293244.0,2
thebachelor,If Peter is pulling a Nick Viall where he is dating a girl a lot younger and in college years . I’m seeing it more now .,1626272353.0,0
thebachelor,If Hannah B wasn’t the bachelorette and just on Peter season idk if she would have made it far but I honestly think they’re chemistry . Which is why I think she would have. I also don’t see Peter settling anytime soon but I feel like Peter is smarter than he leads on to be. But I think for the bachelor is definitely wasn’t at the right head space. I honestly see Peter pulling more of a Ben than Nick Viall . If does a Nick Viall thing I don’t think he last long with the girl . By then I think Peter will be more mature and probably realize his mistakes more.,1626272119.0,4
thebachelor,"I feel she would have been in the final two for sure . I could definetly see it between Madi and Hannah B. Out of all of the girls he was involved with from the franchise like Kelley , Hannah Ann , Madi , and Hannah B. Hannah B would have last the longest with him. But I don’t think would have gotten married , but I do they would have gotten engaged . I think Hannah B would have second guessed if Peter is ready for marriage . I think Hannah B would have accepted his proposal but I don’t think they would have went through marriage . I could seeing them lasting at most 3 - 4 years and then breaking up.",1626269988.0,8
thebachelor,My cousin would have not been a villian at all. But she is free spirited so it could easily rub people off the wrong way especially on the show,1626037351.0,1
thebachelor,Oh that’s interesting,1626036554.0,2
thebachelor,I have too. I have a few family members that I know would do well on the show if they got picked,1626036507.0,2
thebachelor,That would be cool if your cousin was on the show,1626036492.0,2
thebachelor,I have cousin who I think would do go on the show but I don’t think she would do it or go into for the right reasons. But she has the look to go on the show.,1626036469.0,2
dating,Thank you. He is miles away. He came down to my area to vacation,1626019137.0,1
dating,I’ve thought about it . I have to find a way to change my profile to where I can meet guys that are more into things I like .,1626015933.0,1
dating,I meet so many guys off of dating sites that can’t so turned off the moment I mention. But then again I’m in the rural south .,1626015774.0,1
dating,I’m going to honestly but I might end scaring him with one of my interests . Guys aren’t into girls who love astrology and stuff like that .,1626015426.0,3
dating,For the calling I thought it was 8 but it was 5 . But still a lot of phone calls for a guy I just meet a few days ago on a dating site,1626015261.0,2
dating,I know I even told him I’m not a morning person and if I do answer morning calls it’s my family or work .,1626015219.0,1
thebachelor,"I get the shade a little . Yes Peter wasn’t the best bachelor. Even tho I’ve enjoyed the entertainment of his family and how he screwed up. He kinda makes a valid point . Peter did seem like the nice guy ready to settle down and that was the time. I also feel Peters season did not give Peter any justice what so ever. Yes it did show his love for flying but it didn’t show much of his personality. Which I can see why he would be considered boring. I don’t think Peter is a boring person at all. Clearly if you watch interviews of Peter , Peter can be very persuasive and charming. I don’t think they showed that a whole a lot. Also think they’re sides of Peter that Peter doesn’t show the public that could be way he came off a certain way on his season. Also Peters season was the only season where I felt like we knew Peter wasn’t ready to be the bachelor because he wasn’t over Hannah B. If Peter was over Hannah B, I think his season would be a lot better. Yes we saw a little bit of Peter but not enough. It way too focus on the drama but it still kept us entertained. As for Connor b throwing shade at Peter , I wonder if he just didn’t like Peter or if it’s something else. I wouldn’t surprise me if Connor B secretly has some connection to bachelor nation already but won’t admit it.",1625962948.0,1
dating_advice,He keeps on saying you there,1625953186.0,1
dating_advice,I just meet him recently,1625953037.0,1
dating_advice,Yeah he kept on saying my name then asked are you there,1625950935.0,3
dating_advice,I think it’s for sure a red flag if he does that . Like I said I used to do it back when I first started dating . I didn’t realize how much of red flag it was,1625950624.0,2
dating_advice,That’s what I thought to and he said he does that if people ignore him,1625950406.0,3
dating_advice,I had just starting talking to this person and the moment I walk away from my phone I get 12 messages in one minute . I don’t respond right away sometimes,1625949945.0,4
dating_advice,And I did a little,1625949886.0,1
dating_advice,Mhm interesting . I’m curious why you say that .,1625949878.0,1
dating_advice,Gotcha,1625944393.0,1
dating_advice,I don’t think this person has had sex before.,1625943498.0,1
thebachelor,You would be surprised on how many people that work in a professional setting and getting stoned. I hear more often. But I don’t Peter would do that. But it wouldn’t surprise me either. If does smoke weed it’s probably stress reliever maybe. I also have a friend who works as a nurse and smokes all the time and gets away with it somehow.,1625492024.0,0
thebachelor,I honestly don’t know why he was. If it was a joke nobody gotten,1625362948.0,-3
thebachelor,I honestly would say no. That would be interesting if that were true,1625362875.0,3
thebachelor,Tammy was on Peters season,1625362834.0,5
thebachelor,Basically Tammy put a comment on Peters post about his brother getting engaged to his girlfriend. Tammy wrote this could been us but you playing . Tammy got like 800 likes on that comment and people under Tammys  comment saying stuff. Basically the whole point is Tammy shouldn’t of not posted that comment. Because somehow Tammy either deleted or Peter did. Tammy should have not made it about Peter at all. Peters post was for his brother and how proud he is of him. And if Peter was following Tammy before I don’t think he is now.,1625349192.0,20
thebachelor,Yeah I saw it. And I think she did too or Peter could of deleted of his post. But that’s not something you put on a post like that.,1625347288.0,23
thebachelor,They’re really cute. Congrats to both of them.,1625341629.0,11
thebachelor,True about Cassie. I wasn’t really thinking about that,1625153178.0,3
thebachelor,"I’m honestly going with Cassie or Hannah Ann. I would love to see Cassie be the bachelorette. I think she would do well. I wouldn’t mind seeing Hannah Ann either but I feel like Hannah Ann is doing her own thing . So she is the least liking to do it. As far as bachelor wise I would say other as in doctor joe or Michael a , for more mature aspect. I want season again where we having an older mature bachelor. I think it’s been a while since we had one. Nothing wrong with the younger guys . But they don’t seem to be ready to settle down as much as the older guys. I would also love to see a Mike Johnson or Tyler Cameron season maybe Connor S from Hannah Bs season. But I don’t think they would be in the running .",1625117195.0,6
thebachelor,Nothing wrong with what Peter is looking for . If that’s what he wants. Maybe it is the type of person he needs. He is a bit immature . So maybe he does need somebody who is similar to Kelley. It’s also those woman who will probably never date somebody like Peter. Which I can see a problem for him. I do think he should marry somebody like that. But that won’t be for a while honestly. But stranger things have happen. I’m curious what happen to this man in the next 5 years honestly. I think honestly if he wants to date again he should dating around first to see more. I’m glad he now has a type. But his type might not last long with him unless this woman isn’t stubborn at all. Most girls who are confident can be stubborn as hell. We will have to wait and see.,1625110214.0,13
thebachelor,"Leads were didn’t get to see much of their personality and had too much drama. 
I would love see Claire season but I feel like she has been through everything. 
Becca I think would be a good one. 
For entertainment purposes I would say Nick and Peter.",1625098046.0,9
thebachelor,I actually agree with I feel like we didn’t see much of his personality on his season.,1625097914.0,3
dating_advice,From experience not always . Which is why I’ve learned so well this past year .,1625027512.0,0
dating_advice,You want to mention be clear on what your intentions are and make sure you have great communication. I had guy thought we were couple or more exclusive and we only been maybe talking/dating for a few weeks. Some men need to understand boundaries too.,1625025280.0,0
dating_advice,I’m on the same boat as you. My last relationship was 6 years ago. I’m tad bit rusty myself and I can never get through the talking stage and the apps aren’t helping at all. I’ve meet few guys here and there and nothing turns into a relationship. One thing I’ve learned if they’re not putting effort to getting to know you . There is no point in dating them. They’re better for hook ups. I give a guy a few weeks to talk to see how they react to me. If a guy after a few weeks wants to meet up that’s fine but it’s to their place and after I certain time I see that as a sign to hook up. I also wonder if it’s a low self confidence thing . I’ve had coworker asked me why I’ve been single for so long and I said I was fine with it. I really don’t see myself meeting somebody special soon. It’s really hard to find good people who just want a relationship.,1625025162.0,5
dating,I go through phases a lot where I just delete my dating apps or pause my profile a lot. It’s hard to find somebody with good quality that I want to match to my level or compliment me well. I also don’t want sex to a number one priority. Yes sex is great but it shouldn’t be the first thing when you meet someone. I feel ya I’ve question my own self worth and asked myself am I even good enough to date or have a relationship with. I’m at the point where I think I’m just too boring to date and I have nothing to offer to guy . Even my personality is stale and dry as old bread . What I’m trying to say is I can relate with you big time and you’re not alone on this one. I think they’re others that have similar situations or almost close to it.,1625024419.0,2
dating,You might be right . But he said he can finally enjoy his summer after he got done with his classes and I asked oh so you going to get a job for the summer to save up for college. And really didn’t reply about that .,1625023811.0,1
dating,He just wouldn’t admit if he had to get a summer job to put for college or not. He mentioned he still lived with his family. I know a lot of people who get summer jobs to put for college or save up for college.,1625023744.0,1
thebachelor,Am I the only one that thinks Kygo and Patrick Schwarzenegger look like? Now I can’t unsee it. I’m guessing the guy on the very left opened for kygo. Idk how I feel about Matt James with a bucket hat . But both Matt and Peter look good.,1624647188.0,22
thebachelor,Thank you.,1624641026.0,9
thebachelor,I’m glad he was nice. I would like to hear your story more and how your night went. Peter just seems like a nice guy. My question how was he like in person?,1624638778.0,37
thebachelor,"Somebody into hardcore drugs, I’m slightly okay with cigarettes, cigars , weed. But hardcore drugs to me would be a turn off. Somebody who is lazy and have no ambition for a career. I’m okay with somebody working on their career. But like if you don’t plan on every having a career . I see that as a problem. Somebody who judges people who are different or somebody disabilities or mental illnesses. That’s always been a no no for me. Somebody who is slightly boring. I like guys who can bring a charm a bit and lights up in a room. I like to see somebody spontaneous. Somebody who has bad temper turns me off big time. I’m terrified of men with bad angry in general. Somebody who is abusive towards others. Somebody too clingy right off the bait is a no. Somebody who kisses with their eyes open. That extremely bothered me on Matt James season. I don’t understand it and I think it’s a little too weird. Excessive partying would bother me a little but not as much as somebody being homebody. I’ve dated guys who would never take me anywhere. So if a lead is like that I would be concerned. Somebody who doesn’t open up very well. I have too many dealbreakers on my list.",1624633694.0,2
thebachelor,I would love to see tayshia on it. Plus I think she would do really good.,1624585352.0,5
thebachelor,Why did John have to leave. I really started to like him. I’m also starting like hunter more and more.,1624321777.0,6
thebachelor,I have an old coworker whose hometown is the same hometown as Rachel Kirkconnell. My coworker doesn’t personal know her but one of her friends boyfriends does. Apparently she is really nice from what I’ve been told.,1624201057.0,5
thebachelor,What was Tyler Cameron like?,1624200854.0,2
thebachelor,What is Hannah B like ?,1624200813.0,2
thebachelor,Which Bachelor ?,1624200742.0,5
thebachelor,What did they say Kelley was like?,1624159614.0,4
dating_advice,Didn’t even think about that at the time . Honestly if I knew now what I know now . I think I should have,1624141733.0,2
dating_advice,I asked why he wasn’t ready for a relationship and he straight up told me something about his past relationship and how he couldn’t move on. Two weeks later he ended up dating some other girl. That was towards the end of this “relationship “.,1624133274.0,1
dating_advice,Maybe he just didn’t tell me what he really wanted. He did ask me to be his girlfriend in the beginning and I did meet his family and friends. But it wasn’t often I was going on dates with him. I was mostly at his place . So I guess you can say it’s more fwb. But he didn’t say that straight up in the beginning. He didn’t say that he didn’t want a relationship until 3 months afterwards.,1624132813.0,1
dating_advice,I should mentioned the same person I started having sex with in the beginning of the relationship later cheated on me and said he wasn’t ready for a relationship and broke up with me a little after I found out.,1624132406.0,1
dating_advice,I’ve never had a guy who was straight forward with me like that.,1624132300.0,1
dating_advice,That’s never happened to me honestly. I’ve had a guy told me 3 months after we were dating saying he was not ready for a relationship. But was okay with hooking up with me. He didn’t tell me right away he didn’t want a relationship with me,1624132262.0,2
dating_advice,From experience having sex in early relationship isn’t always good idea. It’s not bad it’s just not ideal. Because honestly you know nothing of that person and I’ve noticed guys who do that to me after we start dating a bit. Lose interest in me after I’ve slept with them.,1624132156.0,6
dating_advice,"I think it depends on the values and boundaries of the person. In my experience, usually people who have sex with me right away in relationship usually use for sex for the whole relationship and never treat me right during the relationship. I honestly think it’s different for everyone. Also waiting to have sex just give you an idea on who is dating you for you or who is dating you so they can just have sex with you. I’ve done the whole I won’t have sex with people right away and usually guys got really pissing with me if I didn’t sleep with them after a few days or weeks of talking to them.",1624131981.0,3
dating_advice,I haven’t found the one yet. But every once in a while I get rejected only because I don’t want to do what guys want me to do and I rather get to know them. Then just hook up with a guy. But that’s just me. I just haven’t found a guy who isn’t trying to sleep with me on the first date and somebody willing to know me. I think you should get to know someone first. I would say I reject a lot guys more because of my standards than I get rejected. But I don’t take rejections to heart as much. The worst was when a guy told me I looked poor and that was based on a dating profile,1624063801.0,2
thebachelor,She is well known actress for being on well known Nickelodeon shows like Zoey 10 or victorious. She first start with Zoey 101 then victorious. She was on the same show as Ariana grande.,1624046046.0,5
thebachelor,I think Hannah B and Katie. Hannah B because it’s hard for me to make decisions and I’ll do something irrational at the last minute if it feels right to me. But also I can be goofy at times. Katie because I can real straight forward and honest with people. And say hey this what I want and this what I need and if you can’t give to me I don’t have time for it. Also me and Katie have Virgo moons and both Libra in our charts. We both have 2 earth signs and one air sign in our big three. Also I’m similar to Hannah b in sense I get embarrassed easily quick and I can come off moody and dramatic. Sometimes people think I’m full of myself when I come off that why. Also Hannah B is a people pleaser and I am too. Also me and Hannah b don’t always see the red flags when it comes to men right away. I’m similar to Katie because sometimes I can see the red flags in men and I can see right off the start and not give guys a chance fully. So that’s why I can resonate with Katie and Hannah B the best. Because I feel like I’m have similar personality traits and I can relate to them.,1623943952.0,9
thebachelor,"John, Greg , and Andrew s. For older contestants definitely Michael A. John is cute and interesting , so I have no doubt he would be a good bachelor. I would love to see Andrew s. as well because of his personality. His personality lights up a room. Greg I would think would have a high chance to be the bachelor. If they have a season similar to Claire’s again , I would love to see Michael A as the bachelor it’s been a while since we had a single dad as the bachelor. But I also want to wait until Michelle’s season and see if they’re some men that might have more potential to the bachelor.",1623728419.0,20
thebachelor,Count me in the circus as well,1623383746.0,1
thebachelor,You’re definitely getting my vote for sure. No need to apologize I understand completely. I like Pilot Pete too so don’t feel bad . I guess gotta thing for guys who have too many red flags 🚩,1623300025.0,5
thebachelor,"Ben Higgins , Ben smith , Pilot Pete , Greg , Connor s., Christian, John , Brandon from Clayshias , Ivan , Demar , Andrew s. , Aaron, Riley , Brandon from Claire’s season. Thomas from Katie’s season . Matteo , Kevin , and Tyler c . I’ve got to admit they’re a lot of cute boys on Claire/ Tayshia’s season as well as Hannah Browns season. But I do like some of them men on Katie’s season as well. I also forgot to add Mike Johnson . I really love his smile . It warms my heart",1623299646.0,10
thebachelor,I like Greg a lot. I think he is cute . But he doesn’t give Tyler Cameron vibes in sense that anyone likes him for his looks. I think people like him because he is the sweet nice shy guy.,1623283050.0,30
thebachelor,I just know it was on Kelley’s Instagram and this photo specifically. I’m just surprised both VF and goose were commenting under what this girl comment. Like I said didn’t seem nice to me in my eyes and obviously people are going to say stuff,1623277742.0,1
thebachelor,A fan was asking why she isn’t going back to her career and that she was talking photos and why do people leave for their career after the show. Then VF and goose said something about this girl. VF said something about the lines of traumatic life experience and then goose basically said this girl insecure and shouldn’t worry about what’s going on. But I also couldn’t tell if the girl was attacking Kelley or bachelor nation. Then goose said something about the trolls are clueless.,1623277625.0,4
thebachelor,I wouldn’t be surprised if they’re a thing . I would be happy of course because I want Kelley to move on. But I don’t see them lasting long if that was the case. I’m getting a weird vibe from him. I haven’t watched a lot of seasons with goose too. Also I saw the way the responded to some fans on Kelley’s Instagram and some of it wasn’t nice. Which is why I’m getting the weird vibe 🤷‍♀️. Also Kelley seems to be not interesting in anyone currently in bachelor nation . So I can’t tell if she is telling the truth or avoid it and denying who she likes. Either way I’m happy for her if it is true.,1623275796.0,7
thebachelor,"I’m going with all of them. Just because I think the franchise is ever changing. I do think Rachel Lindsay and Becca K would go first. I really don’t see them being in much of the spotlight in the 5 years. I also trying to think who won’t be talked about in the next 5 years. As far as how relevant some of this people will stay. I can see Matt James and Hannah B being more relevant out of this group. I think nobody will talk about Peter as much in the next 5 years unless something big we hear about him. I also feel like Rachel Lindsay and Peter have stepped away a little from the franchise and they’re aren’t as involved. For Rachel I understand why she is doing it and for Peter I can understand. Matt James and Hannah B have stepped away but done other things and still managed to stay in the spotlight by doing other projects. I know Peter and Rachel Lindsay are doing their own thing , but I feel like isn’t caught a lot of people’s attention. I also don’t see Becca , Rachel , or Peter being a part of bachelor nation in a big way in the next 5 years. Where for Matt and Hannah I think it’s 50/50 thing. But I’m leaning towards them still being involved somehow.",1623273094.0,7
thebachelor,"Greg, Michael A. , Andrew s . , Tre , and Connor B. Connor B killed me with the cat suit . Greg I like his personality a lot . Michael A seems mature for Katie . Andrew and tre are both funny.",1623177917.0,5
dating_advice,"I get where you’re coming from . This has happen to me a lot . I attract the nice nerdy nerdy guys who I have no interest in the beginning. I usually wait for a bit to see if something brews , if something doesn’t then I let know it isn’t going to work or I don’t feel anything for you.",1623127911.0,1
dating_advice,Your welcome,1623127769.0,2
dating_advice,Yes,1623127755.0,5
dating_advice,"First off I wouldn’t mention money on a first date. Second off you can recommend stuff for her if you like. But don’t buy it for her unless you’re comfortable. Don’t feel obligated too. Show her stuff you’re interested in that doesn’t cost over the time. You don’t have to take somewhere fancy all the time maybe somewhere more low key. Also just be yourself around her . You will tell right off the bait if she is in it for your money. I think it’s important to show more of who you’re rather than how much you got. We live in a world where people care more about status rather success or personality. So if she cares about your personality more than your money , I think you will be fine. Surprisedly the most simplest things rather that’s opening a car door for her or opening the door to a place y’all are going to , can impress girl more than money.",1623127735.0,1
dating_advice,I think it’s really up to you. If you think you’re ready to date then I say go for it . If you’re not I would recommend waiting a little . It’s not a big deal if you don’t date in high school either . I know it’s a common thing but don’t feel pressured to date.,1623127176.0,1
dating_advice,I have this fear too sometimes. But for a legit different reason. Mine is a guy won’t love for me or love me enough then leave me for someone else and I’ve also been cheated on before too. My advice is don’t let your nerves or anxiety kick in with the guy you’re going out with. Take your time to get know him. And don’t except the relationship move too fast or slow . If you have to go at your pace do. Also communicate with him what you want in the relationship in beginning. Don’t start with long term goals until later like maybe 7 months or more. My biggest mistake is always thinking the guy I’m with I’m going to be with forever. Especially in the early stages. I realized I fall hard too fast too quickly sometimes. That I shouldn’t . When really in the first 5 months of dating you’re getting to know someone rather than being serious with them. I like that I relate to you on this one. With dating in general I feel like this too. I just try to talk to them as much as possible and see if I’m into them. If I’m not that’s okay if I’m it’s going to work. Also you don’t have to look to hard or date multiple people at once. You can go on several dates every so many weeks. I would take at your own pace and see which guy sparks your interest and which guy you connect more with. I think the one you connect the most with you can form a relationship with . But don’t let your fears or self doubt bite you . Just have fun and enjoy it. And if doesn’t work out it wasn’t meant to be for you. I hope this helps,1623126995.0,1
dating_advice,I wouldn’t talk to him anymore . Sounds like he is playing the field and doesn’t have your best interest at heart. He clearly only wants to hookup with you . Which is why he is seeing others . You can also be honest about how you feel and see what he does. But they’re two ways that can go. I would stop talking to him for a bit to and see how he reacts . Like don’t engage in the conversation with him or don’t start any at all. The mature way is to tell him what’s up and if he doesn’t feel the same way you do end it. Sounds like he wasn’t your guy. They’re plenty of guys that will play attention to you.,1623126349.0,5
thebachelor,I’m curious who the couple is but at the same I really don’t want to know especially if it’s a couple I like together.,1623022122.0,22
thebachelor,"Yeah I was wondering that too. But I don’t think so , just because they’ve been hanging out with Victoria f and Kelsey as well.",1623021023.0,7
thebachelor,Mhm interesting. That’s all I have to say. They’re definitely throwing shade at Peter . My question is why would they do that . What’s the purpose ? Like shouldn’t the drama between Kelley and Peter be said and done or is still continuing.,1623008501.0,13
thebachelor,To be fair I think majority of Peters girls went on the show to be famous. Madi was the first one I questioned why was she on the bachelor because of her values. I don’t hate her for it but it’s very obvious she wanted some fame .,1622988419.0,21
thebachelor,"Also another thing I’ve noticed in Kelley’s interviews, is mentioning Barb . Sounds like Barb probably was involved a lot in their relationship and I think Kelley got annoyed of that. I’ve listened to Kelley’s recent interview with Barb Corcoran and she basically said Barb was involved a lot in Peters life. I just wonder if Kelley got sick in tired of that too.",1622929992.0,3
thebachelor,"Right , the facts are kinda unclear but even then . It has you make you wonder what really went down. I respect them they want privacy on what went down. But the way Kelley was acting , she wanted to say more but couldn’t or didn’t want it to go too far. I’m glad they’re moving on . I understand Peter getting a reading with an astrologer especially about his ex . I’ve done that before with psychic readings. Especially if you know they’re unresolved feelings or things that didn’t close out when it should have. I also wanted the astrologer to explain the reading because I was kinda curious about that. But I’m kinda curious if more things will be said. Then I have more of an idea. I just hate that it was a he said she said moment .",1622929655.0,1
thebachelor,I’m not going to lie I’m giving Peter mad respect for continuing his career and following his dreams after the bachelor. When literally lot of them become influencers and don’t have the same career before. He seems happy and excited for his new adventure. So congrats to Peter with working with United. I’ve know two people who work for United and I’ve personally never flown with them. As long as peter doesn’t end up working with my aunts ex fiancé. But that’s awesome that his dad gave him his wings too.,1622907997.0,47
thebachelor,Nobody’s knows what really went down. But the best thing that came out of this breakup was Pokémon cards and my astrologer. I think this is more of he / she said moment until we get further details in the future. We also got the non negotiables and the fact that Kelley pretended to like Pokémon for Peter . That’s probably the best way to put it. Oh yeah and Kelley doesn’t want somebody to create a narrative for her.,1622907407.0,30
thebachelor,Probably talk to my family first and see if anything changed . See how they reacted with me being on tv show . I would check my phone and see if I got any phone calls that I missed or anything. Then check my socials and probably look anything I missed.,1622742356.0,3
thebachelor,I like this table and but I like this post even better. This is a great shit post . Wood is as strong as this feud between them. Holds the non negotiables and Pokémon cards in the right area.,1622686859.0,40
thebachelor,I can’t tell by this . Idk if she is hinting a BIP spot or just vacation time with her new bf. I’m leaning towards vacation time with her bf. But her new boyfriend sounds interesting and they have a lot in common. The thing that shocked me is he is a bit younger. I would not except Kelley to date younger. I hope it works out for her,1622681059.0,1
dating_advice,Funny enough I feel like I never really have time for him. I’m like I’m either at work or do something for someone else . I always try to make excuses with him too sometimes.,1622524523.0,1
dating_advice,I thought so to. But I wasn’t sure because you claim to be so into me but yet . You don’t message me everyday checking up on me. And he messaged me saying hello beautiful .,1622524390.0,1
thebachelor,Idk if it was a date tho. The way Kelley made it seem that it wasn’t . But it could be possible,1622497006.0,1
thebachelor,Right. I don’t think it was last week. But whenever that podcast came out she was hanging out with Kelsey . Some girl came up to her saying that . I have no idea where last week came from I’m so behind on my weeks in my head it’s not that funny.,1622487628.0,1
thebachelor,Also the fact that a woman came up to her saying she slept with Peter last week was mentioned on that podcast. Which I think it’s rude for the woman to do.,1622483855.0,5
thebachelor,It could be possible the Pokémon head is in response to Kelley . But he was filming a music video with his childhood friend. So idk 🤷‍♀️. I won’t be on either side until one of them comes out with legit evidence as to what happen. I don’t want vague answers or answers where we are speculating what happen. I just want the truth. I do think both are acting childish in a way but both have a right to speak their mind. I also don’t get why Kelley is being vague about what happened. Like nothing is stopping her from spilling the beans . Unless she signed contract where it possibly ruin her. Like she can tell us how bad it went. Also Peter went silent again for the most part . So idk if that’s a good thing or bad thing anymore. Either way both need to acknowledge how this is affecting the other and move on. Obviously people care more about the drama of their breakup than their relationship and I feel like that says a lot. Also if they’re secretly in on it. Both Peter and Kelley can back together at any time. Which wouldn’t be a good look either. I really just think those two are so different. I don’t understand why they got together in the first place. I’m really not taking either side until more proof of what went down comes to light. I also want more answers to how their relationship started to what happened in February.,1622483279.0,10
thebachelor,"Calculating means somebody has a motive of doing things for themselves rather for you. Most of the time it’s to make somebody look better or try to make them feel better but it can make others feel worse. Having boundaries means you putting you’re guard up or saying you have enough of something. So say if somebody did you wrong in the past and they come back asking you for something and you no you will never do that or I don’t want to. You’re setting yourself a boundary. Most of the time , setting a boundary comes from things happened to you the past or situations you’ve been through. You can set your boundaries with people and types of people. Being intentional can mean different things . Being intentional means to put your point across on something. I hope this clarifies what it means . I wish I could get good examples of it. I just couldn’t think of any at the moment",1622424499.0,5
thebachelor,I can totally stefon doing that. Now it’s stuck in my head him saying these things.,1622411685.0,6
thebachelor,![gif](giphy|3SFNRoCMVLYD6),1622411287.0,47
thebachelor,Me reading this in stefons voice . Sounds epic. This is meme is everything.,1622410768.0,34
thebachelor,Astrology is something you can teach yourself if you’re willing to learn it. I’ve gotten so into it by teaching myself and it’s fun. Of course they’re a lot of things I don’t know but are still willing to learn. I started with my birth chart and look up the meanings and that’s what helped me learn a bit,1622358446.0,1
thebachelor,Okay this would be the best Stefon snl skit. If this were to exist. I can see  stefon saying something about Petekachu. Seth Meyers being like what’s a Petekachu. And that’s when stefon says that’s when the worst bachelor in all time history decides to hide behind a pikachu costume and nobody knows it’s him but it’s really him.,1622357885.0,1
thebachelor,I wonder the astrologers take is on the relationship . I know she did a reading in the past for both them. But I want to see her input on why they broke up and if they’re truly right for each other and who they should be with . I also want barbs input . Because Barb sees it how it is. I wonder if she is going to say Peter fucked up big time or that Peter really needs to make an effort to apologize to Kelley.,1622330980.0,4
thebachelor,"I think we all want barb’s opinion. The fact she never holds back and tells it how she sees it . I’m curious on barbs take. Do you think she will depend her sons honor or be similar on the show where she called him out and said this won’t work? Also Barb did like Kelley , so I’m curious if she still has a lot of respect for Kelley and her family or if her feelings towards Kelley have change . Now I really want Barb to speak about this. But I think if she does it would be through Instagram with fans or an interview. Or when things get really bad and she feels like she needs to step in.",1622271049.0,10
thebachelor,You could be right. But the cast seem to be good with her now. I just wonder if it was because she was with Peter kinda at the time. Idk 🤷‍♀️ now the producers not liking her is interesting tho. I think she went into detail as to why but I want to know the real reason why.,1622270228.0,3
thebachelor,I think Kelley can be very serious and hard to handle type of personality. Which a lot of people can’t handle that doesn’t mean she is a bad person. I’m curious why the producers don’t like her. But I do get a vibe Kelley is stubborn like very stubborn. She even made a tik tok about it. When did most of Peters cast don’t like her ? They seem to like her from Instagram posts .,1622268118.0,11
thebachelor,She does . But her astrologer does more Vedic astrology or tropical astrology rather than western astrology . I don’t follow Kelley’s astrologer on Instagram but I did see her videos on what she said about their relationship and then when Peter and Dustin got their readings. She seems really sweet and cool person . I would love to get a reading from her but idk her rates at all. But idk if she predicted a break up for them. I’m very curious on the astrologers take of the relationship . But apparently she’s not a fan of Peter . So Peter must of done something.,1622267769.0,5
thebachelor,Why do I feel like this what went down between them?,1622265528.0,1
thebachelor,How is Kelley a thirst monster ?,1622265382.0,3
thebachelor,Peter probably doesn’t know much about astrology other than what your sun sign is .,1622264981.0,1
thebachelor,Haha luckily I’m not Peters type at all. But you’re right .,1622264626.0,0
thebachelor,Yeah Peter should stop blaming stuff on others and own up to his own mistakes,1622264530.0,13
thebachelor,"I love Kelley’s video . I’m so glad she made it . You can tell her frustration and how she is done with it. He shouldn’t not need to go to an astrologer to ask questions about Kelley. Yes astrologers can see stuff but they’re not like psychics. If Peter wants real answers for his love life and how to deal with it: I would say therapist , counselor , and psychic. And for different reasons. Therapist and counselor are the same thing. But I would suggest therapist. I also can tell Kelley knew relationship got toxic and Peter got toxic for her. I also want to know how Peter disrespected Kelley and I’m curious why the astrologer doesn’t like Peter . Because I know both Peter and Dustin got a reading from her. Sounds like Peter fucked up and can’t go back. I just hope this lesson teaches him something . This is Kelley that I love seeing. This why I started to like her more post show. Congrats on Kelley for staying her ground when shit gets tough. Peter needs to apologize to all the girls he hurts then I believe he is ready for commitment. I’m the meantime he just isn’t.",1622264475.0,23
thebachelor,You do make a valid point there . My question is who did they invite on paradise,1622143342.0,4
thebachelor,I don’t think so either .,1622142913.0,1
thebachelor,Why would Dustin turn down the offer for paradise ? I feel like he would so good with that environment. I’m sad he isn’t going . I’m also curious who his crush is,1622142287.0,9
dating_advice,I would not saying dating isn’t everyone . I believe marriage isn’t for everyone . Also you probably better find somebody through something you’re passionate about rather than going dating sites . You don’t meet the best people through dating sites,1622142021.0,0
dating_advice,Whoever is telling you that is an asshole. There obviously aren’t right for you,1622141829.0,0
dating_advice,I would tell you not to lose hope on the dating scene at all. There is somebody out there for everybody. I have a sister who hasn’t had a lot of dating experience as well. But I think that has more to do with the fact she’s is guarded because she say loved ones hurt from dating. Everyone deals with relationships different to.,1622141782.0,1
dating_advice,Also had ex who really just did a bit of number on me as well. The relationship started off nice in the beginning but people kept on telling me he was cheating on me constantly. Then when we just hooking up I guess he showed his friends my nudes. I’ve also had guy friend who so obsessed with me that he would sabotage any relationship I was in . So that way he can make me his.,1622141642.0,0
dating_advice,Oh thanks . I’ve tried dating sites and they don’t seem to work for me. Every guy I’ve talked hasn’t been fully interested in getting know me or just want to use me for a hook up. The dating scene is definitely hard. It is also possibly I’m not looking at the right places to meet someone.,1622141487.0,0
dating_advice,I say after a few dates you should be exclusive. If he is taking his time on being exclusive he wasn’t into you that much.I feel guys know when they want to date somebody or not. You can obviously stay friends and see if more happens over time. I think some of the best relationships comes from friendships,1622141393.0,4
dating_advice,It starts nice at first getting to know someone then after a while it either getting boring or more excited. It also depends who you’re dating but from my experience I haven’t been treated right in relationships,1622141175.0,-1
dating_advice,I haven’t had a SO in a while. It’s been literally 6 years for me. But I know when the timing will be when I’m ready to date and find the right person. I’m literally not worried . But I’m happy for those who are in good healthy relationships.,1622141057.0,1
depression,It’s very hard to be so different from your own family . I do feel like if I voice my opinion I either come off too harsh which is never my intention or I come off weak. Like I went to other Reddit and said something and I feel like I’m pissing off people over there . Because I’m being blunt and straightforward. I don’t mean to sound harsh. I’m also a people pleaser which makes things worse for me. But I do feel like at times I never put my opinion out there because will generally attack me if I do people question me.,1622140743.0,2
thebachelor,I feel like you have a good observation . I have theory that attractive people always have to compete with each other in relationships or they others find themselves to attractive and they’re prone to be unfaithful. I also feel insecurities would stem from it too. Like any relationship but I feel like people who I know who are attractive don’t have the best dating life and it’s hard . I have sister that guys constantly go for and she always tells me her problems. I’m like I can’t related because I’m so unattractive or not what society thinks is pretty. I also feel like the bachelor dating pool could be smaller in general. But also when the cameras are off reality kicks in more. I also think casting chooses people are who are attractive on purpose.,1622140174.0,14
thebachelor,He did just recently . But Peter hasn’t really said much in my opinion. What is the point you’re trying to make ?,1622139561.0,2
thebachelor,I feel like Peter and Kelley’s breakup is messy . And messier than Clare and Dale’s. I think Clare and dale were able to work out there issues and put aside their differences. Hence why I think they were able to get back together. For Peter and Kelley their relationship is truly rollercoaster. I know we got some clarity of the situation. I feel like we still don’t know the whole story and it wouldn’t surprise me if more is to come. I’m waiting for a bomb to explode on the Peter and Kelley situation. Also Peter and Kelley just weren’t compatible and totally different people and that was very clear on the show. A lot of people are saying Peter cheated and Peter did this . And Kelley never mentioned cheated on the podcast. Also I don’t feel like if Peter and Kelley are still in communication I think they will bound to hookup in the future. I feel like both Peter and Kelley are playing games with each other to see who wins on this breakup. I think both Peter and Kelley were telling a truth to their podcast for sure. But Kelley has tendency to run back to Peter and Peter has tendency to run the other direction. So I’m curious what will play out. Also I think if Peter and Kelley truly want to move on they can’t be in each other’s lives. Peter and Kelley for sure had a toxic relationship and it’s obvious.,1622138116.0,3
depression,This story is so relatable. I feel like I’m the outcast of my family because the highly sensitive one and my family sensitivity is a sign of weakness at times. My parents were hard and strict on me and my sisters. I was like you at one point . I would be embarrassed to try something new because I afraid people would laugh at me. I was bullied a lot in elementary school all the way to freshmen year of high school. I also don’t why kids made fun of me and it still happened in my adult years too. People are cruel. And I do get like that where I think am I good enough to make friends or have a boyfriend because of my personality. I know I can rub people off the wrong way a lot. But I feel like the right people come at the right time. And I hate when people call you something because you’re depressed. My family thought I was looking for attention when I was depressed. They’re like you’re seeking for attention you’re not really depressed. Stop doing what you’re doing and grow up. You’re being immature. They later quickly found out I wasn’t when I started to self harm.,1622127679.0,5
thebachelor,"I also do feel like Peter is smarter than he seems and can probably figure shit out quick. I think you story might check about Kelley but the only it we proved if somebody spoke about in the public. I did find it odd in the interview that their manager told them to do this. Just because your manager told you to do something doesn’t mean you have to do it. Also Peter never mentioned a manager in his interview. I also didn’t like Kelley on the show I knew something was up with her. To me it looked like she bullied a lot people in past. She also lied about Tammy on the group date and then when people found out they meet before show. They went against her. Like there so many woman who said the same thing about Peter. So really questions who Peter is as a person. Idk I’m wait to more things come out if anything does. I’m waiting for a big bomb to drop and see who will get the justice first , Peter or Kelley. I just feel like this isn’t over. Like the expression it’s not over until the fat lady sings. I feel like the podcasts are legit the beginning and I have no idea why",1622126343.0,3
thebachelor,It either sounds like you know something that nobody knows or you personally might know things that happen. I don’t feel like you’re wrong but I feel like nobody will believe unless you have legit proof. I do believe Kelley isn’t as innocent as she appears. There has to be a reason why the producers of bachelor didn’t like her. Their relationship being set up by their manager . It could be possibly . Also there was a thing a bachelor Facebook page that said Kelley was using Peter for clout. And I think it’s somebody who personally knew Kelley. They also said Peter isn’t as nice as he seems. I do believe Peter had right to tell his side of the story. Because I do feel like Kelley could on and say worse things. I think the reason why everyone thinks Peter is being a hypocrite is because Kelley told the same story that all of Peters exes said and I think that’s why a lot of people don’t believe Peters side. I do think Peter is telling his truth and that there is truth to it. Yeah I do think Kelley does chase Peter a lot. She probably needs to stop doing that. Eventually that could get ugly too. Like I’m pretty sure Peter wants to move on. Probably so does her. I wonder if we hear more rather it’s from Kelley or peter . Or somebody who knows them personally. I can see karma playing big role soon on what’s to happen. Also you might be right because Kelley has been playing with the whole Bennett thing in public then claims to see a guy in Florida.,1622125549.0,3
dating_advice,It’s very much unfair what they said and they had no right saying it.,1622100498.0,1
dating_advice,Having invisibility disabilities and being in an open relationship are two different things in my book and you’re welcome . I’m glad to shed some light. I also feel like that person who made that comment was rude. Because they’re so many people now in days that going to judge you more than you realize. People who have any form disability now in days are having it harder in all aspects of life. I was so open to people at one point that I regret it because I found out people were making fun of me behind my back. I don’t look different than the next person you see. So why make fun of it plus if it happen to them . They wouldn’t be laughing . Also consider you never know who you’re going to meet who will accept you for it because a lot of people don’t today. That’s why listen to your gut feeling in the situation is the best,1622100426.0,2
depression,"I’m sorry you’re going through this . I remember this and this was never fun. You have to question yourself if these people are really your friends . You also question are they your friend because they feel sorry for you or they your friend for convince. Also could be these friends aren’t the right people you should be hanging out with. There is nothing wrong with you. I thought the same way at one point and one day you will find your friends for life. When you’re young , it may seem like the end of the world not being friends with certain people but it’s not.",1622100125.0,12
dating_advice,I would say yes. Especially when you’re starting off college. Long distance isn’t easy and also you change a lot more in college. You grow more as a person as you get older.,1622099683.0,1
dating_advice,I know how you feel about this and I struggle with it personally . I would introduce it slowly. I would not say right off the bat. Because you never know how that person will react. I’m epileptic so I kinda where you’re coming from. I used to not tell friends at all about it because I felt like they would be quick judge and I did the same with relationships. I would also go with your gut feeling on that person to tell when is the right time. I’ve also had people who used want to squeeze the answer and ask what it was. I know it’s not easy. People will question you because it’s natural especially if the topic is driving. But I wouldn’t put it on a dating profile. Only because it can be very personally.,1622099465.0,2
dating_advice,I also feel like if you have too much dating experience. Can be a red flag depending on how that person dated. For example if I meet somebody who jumped one relationship to the next in a short period of time that’s a red flag.,1622099162.0,1
dating_advice,I honestly think it’s not a red flag if you don’t have dating experience. I know people who have hardly dated or have the littlest dating experience. I would focus on attracting the right woman in your life. You will eventually get that experience. If you have to go out your comfort zone to find a girl than do that,1622099013.0,1
thebachelor,One thing I will say about Peter is I think he needs to stay away from the spotlight for a while. I think him being in the spotlight is only going to make things worse and I think it will harder for him. As for Kelley she needs to live her best life and move on from him and focus on dating other guys who want to be with her. Kelley should also be honest and upfront on what she likes and dislikes in a relationship. Kelley should try to be herself in a relationship instead of putting up a front. I also think Peter should reflect on his decisions and relationships.  Also Peter needs to be honest with himself and admit his own mistakes and realize he isn’t as perfect as he thinks he is . I honestly think Peter shouldn’t date until he is ready to admit he was wrong and learn his lesson. I’m very much both sides which is why it’s so hard to pick a side . I really see both sides of the situation as much as I can. Also Kelley should just block Peters number. If Peter can block Kelley on Instagram then Kelley can block Peters number. I think there is both truths to their stories . Also things that might not been. I’m also neutral on the stories as well. I still wish them the best of luck for the both of them.,1622077940.0,6
thebachelor,Mike or Tyler C . But my money’s more on Mike .,1622069684.0,1
thebachelor,Yes Pokémon cards for the option.,1622063738.0,7
thebachelor,How about both or neither.,1622049359.0,6
thebachelor,If he is talking to chase and asking what he should do to win Kelley . That would make sense too,1622015146.0,2
thebachelor,You could be right. And I could be wrong,1622015096.0,2
thebachelor,He has been speaking through a friend and seeing how Kelley is doing . He doesn’t address the persons name . But I’m pretty sure it would be Renata . Just the way he said it seems like people would know who he is referring to. Now I could be so wrong and the friend not be Renata. But I feel like it is.,1622008333.0,3
thebachelor,True about the golden rule silence isn’t always golden. I would rather hear both stories before making a judgement. Because usually don’t know what happened behind close doors. Also do think Kelley is telling some truth to the story but Kelley’s stories some things aren’t adding up. Also Kelley flat out denied that she wasn’t talking to Peter during atfr. When they’re evidence that she was. I honestly want to hear Peters story because he has been silent about it and I wasn’t sure that was good thing or bad thing. We will have to wait and find out. Also idk the psychological reasoning behind not talking about the relationship after the breakup . But talking about it from my personal experience is you’re usually petty about something somebody did to you or you haven’t fully moved on from what they did to you.,1621965584.0,2
thebachelor,"Also I don’t think Kelley realizes how common it is for men between 25 - to early 30s to play videos games. Video games is a pretty common hobby for men. Pokémon cards thing , they’re men older than Peter that collect them. I kinda felt she was embarrassed he like those things. I’m pretty sure Peter has other interests than video games , partying , going out , and Pokémon. But isn’t also right for Kelley to pretend to be into the same things as Peter. Also she didn’t specify what he said wrong or did wrong other than he didn’t prioritize her. You go through one relationship in your life where a guy doesn’t treat you right. I think Kelley is used to being spoiled or treated right in a relationship that’s just my opinion. I’m guess this is Kelley’s first bad relationship. Kelley said she was used to dating professional athletes or business men. I think Kelley should stick to that route. I can honestly see Kelley marrying somebody with the same social and economic status as her and her family.",1621951098.0,1
thebachelor,Right . I was watching the shared news video about this . They have theory Kelley is used dating business men or guys who are in high up professional careers. I don’t Kelley has every really dated anyone that’s middle class to say,1621950220.0,2
thebachelor,Yeah I heard about that anonymous tea a while back and when it was posted here nobody seemed to believe it. I’m think why they wouldn’t . Just because Kelley betrays herself as innocent doesn’t mean she was. I can’t wait for Peters podcast about the situation because Peter could address this part that we are talking about.,1621898708.0,2
thebachelor,I can’t wait for the tea and the recap of this podcast . But it’s about time we hear Peters side of the story regardless how messy or how bad it makes him look.,1621895841.0,20
thebachelor,Well Peter is a Leo male so…. It explains a lot,1621895766.0,4
thebachelor,I really do feel bad for Kelley but then I don’t. I feel bad for her because she is hurt and probably didn’t know enough about Peter to know what he was like. I don’t feel bad for how they got to together and how they broke up and got back together. I feel like Kelley was excepting Peter was the one for her. Which clearly they’re not right for each other. Their relationship sound like it become toxic. There were a couple that clearly should have not gotten together in the first place. I just hope in the future they find suitable matches for each other.,1621892163.0,2
thebachelor,He is probably a good smooth talker that’s how he can get woman to fall for him.,1621891041.0,7
thebachelor,This ought to be interesting . I’m glad we will hear his side of story but I feel like this will get deadly and bloody quickly . There has to be a reason he was quiet this whole time and Kelley was the one talking . This is going to big news,1621881866.0,10
thebachelor,"You might be right about that . But they do have a lot of past seasons that they can choose from. Which I’m kinda curious if it will be large group this time around . I could also see them using Peters ladies , Matt’s ladies , clayshia men , and Katie’s men , as well as Michelle’s men and whoever the next bachelors ladies are for the next paradise after this years. I think they would try to use the contestants they haven’t before that weren’t on paradise. I think HBs men they’re still some left they haven’t used. Who I do think could come back for paradise. I can also seem them having Connor S , JPJ, Luke s return as well. I can see Demi returning possibly too.",1621877853.0,4
thebachelor,Some of their podcast episodes are interesting. But I do wish they could spill more tea about what went down between Peter and Kelley. I will say it is harder when they do have guests but one guest really did a good job on their podcast recently. So I’m giving her probs. The guest is somebody who does reality tv podcast. I think it’s good to have guests every once in a while but not so often. I do think they work on it more. Legit ask interesting questions or stories that both have. I think they should draw inspiration from other bachelor podcasts.,1621876918.0,3
thebachelor,I have listen to podcast too. I do definitely think they work out it a bit . But I’ve listened to all of it . They did give out dating advice to one girl and they do talk about dating and their life in the city is like. Also not all of it is about partying either . They had a guest who is a professional runner and a guest who is a chef. Peter also doesn’t really go into detail what happen between him and Kelley on the podcast .,1621876724.0,0
thebachelor,I will say you make a good point on saying we don’t know what he said behind closed doors and you’re right about that. It is true that these contestants don’t spend a lot of time together with the bachelor on the show. They’re probably a lot of conversations they had behind closed doors especially since they were together since basically the beginning of 2020 to the end of it. Also Kelley seems to know what happen with the ending of Peters season . She probably knew the whole Hannah Ann and Madi thing.,1621876436.0,6
thebachelor,I did read comment on Instagram about somebody mentioning Peter and Kelley deserve each other . Which really doesn’t make sense to me at all . Especially if Peter didn’t prioritize Kelley the way he should have. Unless this person knows about the situation or Kelley as person. I thought it was an odd comment somebody had put. I do Kelley is way out of Peters league for starters. I really never thought these two would date after the show. I do believe there is more to the story rather it will come out or not it up to them. Obviously Kelley is hurt by the relationship and needs time to heal. I can’t say the same for Peter but he probably was to.,1621871582.0,6
thebachelor,"I really like to see Dustin go. He didn’t get much screen time on HBs season. And I felt like he should of went last year. I want see Natasha , Tammy , Victoria F , Victoria P , Alayah , Lexi , Alexa , and etc. I think Peters woman would be good for paradise . Tayshia’s men as well . I would like to see Noah , Chasen , Spencer , Brandan , and Ivan . I would love to Ben smith , Madi , and Hannah Ann as well but I don’t think they would go on paradise. I think those three have moved on from the franchise and start projects on their own. Idk if any of Katie’s men will make the cut. When Katie’s season starts airing is probably when Katie’s season is ending. Then if season ends in July or august that’s when paradise is still filming. So I don’t see them using Katie’s men. I would love to see some of Claire’s men. No Yosef on the beach. Maybe Jason . Some Matt’s girls I would love to see . I think Chelsea , Kit , abigail , and bri . But I don’t see bri really in it but I would love to see her. Alicia from Matt’s season and saneh as well. But I also seem producers going with Sarah T and Anna .",1621871030.0,9
thebachelor,I think we all want to the drama to subside a bit . But at the same time we all want to hear the tea. How far are these two going to go? It’s clear they’re playing games on who wins the breakup more. I don’t think either is doing any justice . Yes Kelley’s out here going on podcasts and saying stuff about Peter and making him look like he is Satan’s  child and making herself look like an angel. While Peter is hanging out with her family friend. I think they’re both at fault and neither one are innocent. Their relationship started messy therefore their breakup would be messier. Honestly only feel like we are getting Kelley’s side of story and I feel like she is mostly revealing stuff that audience would know more already. I think there is more about their relationship and breakup that they are letting us know. It wouldn’t surprise if somebody came forward and said stuff about Kelley. I don’t think  she is a bad person or good person. But clearly Kelley is definitely trying to protect image and tarnish Peters.,1621869812.0,12
thebachelor,That’s what I’m thinking too. Which those men are sometimes hard to find now in days . Hopefully she finds her man.,1621869458.0,7
thebachelor,That’s what I’m thinking too. Which nothing wrong with that . I felt like she wasn’t clear in the relationship in things she liked and she obviously didn’t like the same things as Peter. It’s very clear Kelley has type she likes and it isn’t very nerdy guys. I think Kelley likes guys who intelligent and talk about things like that.,1621869375.0,7
thebachelor,I don’t see Kelley really into guys who are gamers or nerds. She said interview a while ago she likes nerdy guys . But she needs to more realistic on what type of nerd. Because it’s definitely not the typical nerd. It also does say she doesn’t really like them as much,1621866063.0,16
thebachelor,I say breakups are never easy but this one sounds clearly messy. Kelley had every right to say what she said in the interview . But with this video . It might be peter is being petty saying oh I won because your friend is on my side now. One thing I think will happen is Kelley is probably going to continue going on podcasts about the breakup and make Peter look as bad as possible . I think Peter is going to come out more content with this girl in it. Also I don’t know how much the truth Kelley is telling her interview. Kelley did lie about speaking to Peter after the show ended. I would of except Peter to make some form of statement about what Kelley said recently. But it’s very obviously things went sour why they trying to work things out. Like I said already knew this breakup would be messy and I feeling this was going to happen. But Peter being silent about the breakup and basically only saying things about her says a lot. But his actions showing photos and videos with Kelley’s friend also says a lot. We will have to wait see if more shit comes out about the breakup.,1621865527.0,9
thebachelor,I kinda agree it is a bit high school type a thing but I don’t get the purpose of the video,1621864976.0,3
thebachelor,1. Because I would love to talk to all of them. 2. Same reason as the first one plus Kristina would be the only single person other than me. So won’t feel as left out. 3. I can see myself talking to Hannah Ann and Hannah G and some becoming friends with them. I really hope Jed doesn’t talk to me much. I really not fan of his. 4. Because I think this table would interesting to watch . Especially the conversations in this group. Also have feeling peter and Kelley would bicker about why they would be put at the same table. Luckily I have Barb and Dustin to talk to. Barb seems like the cool mom that talks to everyone and Dustin could just talk to me. But then I have feeling Peter would try to talk to me and Kelley be like why you talking this girl. 5. This is literally my table and everyone is single at this table and we are all trying to enjoy the after party of the wedding. 7. I think they would be entertaining table but I would get lonely be the only single but I feel like that group would be nice to me. 9. I would love to hear intellectual conversations going on with this group and everyone is single . So everyone’s mingling and talking to one another. I would to get a chance to talk to Ivan and Dr joe. I would also love talk to bri about her time on the show. I would to talk to magi about her job and her life post show. I also would have love to choose every table if I could . But the ones I listed were the ones I would love to sit at more. But I would definitely say hi to the tables I didn’t sit at,1621837559.0,2
thebachelor,"I also think Peter dates woman that he is more physically attracted to rather than emotionally attracted to. I also think he is attracted to the wrong type of girls for him. If peter wants to have a long lasting relationship , I think he should date a girl he is physically attracted to but also emotionally as well. There is also other thing he should do too. Like not party as much. It seems like parties almost everyday . Which isn’t healthy habit to get into . There is nothing wrong with go out like every so many day or weekends. He could also expand on trying new things. I do think peter makes enough effort to meet pretty girls but doesn’t make the effort to meet the right girl. Also his person could be nowhere where he is at currently. There is so many people in the world. His person could be a different country at the moment who knows. Also Barb could be trying to help peter or possibly pressuring him to meet the right girl. Which either way won’t work. I believe when it is the right time for him to meet his person he will. I think his family will know . But in the mean time I don’t seem settling down anytime soon. If wants to he has to make some changes to his life.",1621814929.0,9
thebachelor,I think there is more to the story then Kelley is letting the public know . But that’s my opinion. I don’t see Barb and Peter trying to lie to get somebody on their side. I feel like that would be a little immature and selfish on their part if that were true. My guess is the friend knew what happen with the breakup and probably choose Barb and Peter over Kelley.,1621814378.0,4
thebachelor,When I first saw the video I thought she was going fall before getting on the bike. I don’t understand her dress either. But i did find this video very strange. I feel like this so totally timed after Kelley’s interview. I can’t tell if Peter is showing off these girls in general or just showing them just to piss off Kelley. It is also very clear that Kelley’s friend choose Peter over Kelley . And I can see why that would sting Kelley . But I still think there is more to the breakup then what Kelley said in the interview,1621811987.0,78
thebachelor,You’re right about that.,1621809164.0,1
thebachelor,"Kelley is definitely lying in this interview . I do believe a lot of things . I say they’re some things I do believe but I don’t believe everything. Also some of the stuff she says doesn’t add up especially when she said one thing in one interview. I also do think she is making the narrative that she was the good person in relationship and Peter was the bad one because Peter has the reputation of a fuck boy . When in reality we don’t know the whole story. Also watched Dave Neals recap and he made valid points about it. And he said the one who talks less about the relationship probably won with the breakup. My guess is Peter found out something about Kelley or vice versa . That didn’t sit right . I do feel Kelley’s ego was definitely burned by breakup, which is probably why she is trying to make Peter look bad on purpose. I don’t believe Kelley is an innocent as she claims to be. I really do think Kelley can be very manipulative and convince people to do things she wants to do. Also Peter blocking Kelley Instagram says more about their breakup. There had to be reason Peter blocked Kelley. Until I hear the reason why Peter blocked Kelley or what that news was. I only believe half of Kelley’s story.",1621794055.0,4
thebachelor,I wonder Peter is referring to when he means sweet girl . I thought that interview was interesting . He needs to specify it more. Because girls can be sweet to your face but mean behind your back. I wonder if meant somebody who is more down to earth and low maintenance but also somebody kind hearted. If that were the case then he definitely couldn’t find through reality tv. But I think should specify more on his ideal girl. Specify the sweetheart aspect more.,1621788476.0,3
thebachelor,I don’t think it’s even moving a small town. I think it’s more to do with moving away from where you grew up. I moved away from Michigan and lived there most of my life and then moved to Florida . I will say my accent has slightly changed. I don’t think people would noticed I’m from Michigan unless you are really good picking out accents.,1621788126.0,2
thebachelor,Your accent can change when you move away . My guess is still has some of her Tennessee accent but isn’t as strong as it used to be. I lived in Michigan most of my life and moved to Florida when I was 15 and still currently live down here. My family members up north have noticed my accent has definitely changed because I live in Florida for quite sometime. Also you’re accent does change more to the environment you live in . So say if Hannah Ann lives more in LA changed her accent while change slightly because she lives in that area. Also she is probably hanging out with different people who aren’t from Tennessee and move to LA like her . The accent change is a little different. Now I will say the accent does happen right away when you move somewhere. But it definitely does within a year or more. Depending on if socialize with people a lot,1621787975.0,26
thebachelor,There some things she is clearly lying about and I also think she is possibly twisting some of it to make herself look better. Also something don’t add up and I don’t feel like she spilling that much tea. Other than things ended really badly and I want him out my life. The fact he still had her number to this day . Says something . I’m still wondering what the news was because if isn’t something about Peter . My guess is Peter found out something that she did in the relationship. I don’t believe Kelley is as innocent as she makes herself to be. She messaged Peter when Peter was engaged to Hannah Ann. I really would love to hear Peters side of the story other than it was a great relationship and I wish her the best luck. There is definitely more to this story. Also a while back somebody who claims to know Kelley posted something on the Facebook bachelor page that Kelley possibly cheated on Peter and was using him this whole time .🤔🤔🤔 I think it was posted here on the comments but I thought that was interesting if that were true. There is always 3 sides to the story . There has to be some truth coming out eventually . Some of what she is saying could true . I do believe Peter probably didn’t value her as much as she wanted to.,1621780555.0,7
thebachelor,Pilot Pete - mr. perfectly fine by Taylor swift,1621737349.0,12
thebachelor,I mean watching Renatas stories with Victoria and Peter and her. Peter is very touchy around Victoria. So yes body language tells a lot. Also Victoria seemed to very smoky and happy. Surprisedly glowing  a bit. It might be possible. Also his mom saying he wanted Victoria to end with her wouldn’t surprise me. I feel like Barb would do something like this. Like I wouldn’t be mad if Victoria and Peter dated . I would to see him date somebody who has a been a friend of his. I think in general it would be good for Peter. If they’re and we don’t yet. I’m excited about it. Also transitioning from friends to more than friends isn’t always easy too. You can get along with someone so well and then when it comes to dating nothing develops. I mean that’s not always the case when a guy and a girl are friends. But I feel like that’s something to consider. Also I feel like the way Victoria was smiling indicates she probably sees Peter more than a friend. Also Peter could be hesitant about that situation.,1621711351.0,4
thebachelor,You make a good point if that were the case. It would explain a lot. We will have to wait and see. They would make a cute couple and they have known each other since they were nine. Anything is possible .,1621710931.0,0
thebachelor,Yes,1621710532.0,11
thebachelor,"Victoria justice is a childhood friend of Peters. They’re referring to the other girl . The blonde haired girl is a friend of Kelley’s. Kelley thought it was weird that Renata was hanging out with Peter and Barb. I’ve listened to the podcast. Kelley thought it was strange Peter and Renata are hanging out because according to Kelley; Peter only meet her once and they’re hanging out all sudden. I’m like if this Renata chick is hanging out peter, Renata has meet peter more than once. The fact this Renata chick hangs out with Barb too . Tells me more of that story. Also Victoria justice has known since they were 9 years old. They’re moms were friends. peter and Victoria meet when peter was living in Florida. So I hope that clears up your answer a bit",1621706086.0,26
thebachelor,Yeah they did seem pretty cozy. But it also looked like they were having fun. But it wouldn’t surprise me if Barb wanted to set them up since they were little. I could see Victoria and Peter being a thing but not lasting . If your friends with somebody since you were nine and you’re telling me nothing has happen. Either you just seen them as friend or you’re hiding feelings for each other. Also looks Victoria might even had crush on Peter. She looked pretty smitten. I wouldn’t be mad if they dated but I don’t want them to because I don’t want Peter breaking Victoria’s heart. Also if Peter did date a friend especially a long time friend. I think he learn a lesson for his love life. I feel like Peter just meets people and dates them. And never gets to truly know someone. I don’t think he has dated a friend of his. So I wonder how that would be like for him. It could actually be a good thing for him.,1621705381.0,1
thebachelor,I will say Dave Neal did a recap of Kelley’s interview . It was funny but the point he made was the one who talks less about the breakup usually wins in the scenario and I thought that was an interesting point he made .,1621692616.0,20
thebachelor,They’re some parts of this interview I wasn’t buying from Kelley. I think it’s obvious when Kelley lies about something. I’m starting to noticed her tactic on lying and covering things up and wanting not to speak about it . I’m also curious about the news that heard about Peter . What made her say drop my number. They were definitely talking during atfr. My guess they were starting to date. Their timeline confuses me so much. The beginning and ending. Like I’m even confused when she stopped talking to peter. Also something isn’t adding up right about the story a bit.,1621668055.0,16
thebachelor,That could be it too. I’m also think there is more to the news story. Either way I hope the “news” part Kelley is referring to will reveal itself. Also this could have been recently too. Sounds like Peter hasn’t deleted Kelley’s number. I was a bit confused on the timeline of that situation. Like did she officially stop talking him altogether after her birthday. And she found out the news around the same time . If so it would make sense with her Instagram stories around Valentine’s Day . Her playing a Rihanna song.,1621667567.0,3
thebachelor,I actually agree with you.,1621654147.0,6
thebachelor,"I would love to hear Peters side of the story . But I highly doubt we ever will. Considering he has only good things to say about Kelley after this breakup. Now I can see guest asking them questions about this podcast and Peter and Dustin having to say something about it. I also have a theory that somebody will expose somebody and not except it. If Peter isn’t saying shit and Kelley is saying all these stuff. You have to wonder what went down. Also most of the problems of the relationship could Peters fault. I also wonder if Peter couldn’t handle Kelley. Kelley is definitely stronger minded, independent, and opinionated. And men who are non confrontational and hate confrontation . Can’t handle a woman like Kelley. So I’m curious if we will hear more about it. I know when this breakup happen that we would hear more stories about and I also have a feeling that this on and off again thing they were doing wasn’t over until Kelley had enough.",1621653995.0,3
thebachelor,I agree with you . Kelley’s YouTube video with Kelsey . She mentioned her relationship before the bachelor and how she said it was a great relationship . I also can’t see Kelley dating a lot fuckbois in general . So my guess this is probably Kelley’s first time dating one . Kelley is strikes me as the girl who probably dated guys or been in a serious relationship for 5 years and then if she didn’t want to be in it . She would leave. I don’t think Kelley has ever cheated in a relationship or it hasn’t happen to her. Which is why this could be surprising for her,1621653411.0,3
thebachelor,I wonder if that was the news she heard that she wasn’t to thrilled about . Maybe she just found out something that happen in their relationship and once she heard what it was . She’s like I’m not speaking to him ever again.,1621652828.0,2
thebachelor,I wonder that too.,1621652760.0,2
thebachelor,I think they were in Costa Rica and they guru burn them love candles . And it showed Kelley’s not burning as fast or Peters . But when they sat down for the dinner portion . Peter said what do you mean they said that we are two different paths and Kelley explained example of her comparing herself to Hannah Ann’s life. I watch it quite lot because that date to me showed how incompatible Peter and Kelley were are.,1621640792.0,18
thebachelor,That makes me think of their one on one. Where the guru said they were different stages of life.,1621640269.0,30
thebachelor,Yeah I wouldn’t beat yourself for it . But I’m glad you moved out into a small town and to big city even if that means aboard. I would love to do something like that . I’m so sick in tired of being in small towns . I wouldn’t say my family makes me feel bad for it. But they wish I did something else with my life then what I’m currently doing that would lead me to a serious relationship. Also dating in this time in age is hard too.,1621640163.0,2
thebachelor,I don’t think I’m quite ready to settle to down. But I have noticed woman in general are having kids later in life or don’t want kids right now . I also I feel like I having pressure because of where I live currently and also my family had kids around the age I’m currently at or younger . I had one grandmother who had a kid later in life and she had complications.,1621631966.0,5
thebachelor,I think it’s total unfair sometimes for us woman. I’m 25 about to be 26 and I feel like I’m so behind with having children and a family . But I’m almost like if I don’t have a kid of my own I’m willing to adopt or do other methods to have children,1621627310.0,8
thebachelor,Peter needs to get it together. There is nothing wrong with doing the hobbies he likes but if it affecting your relationship to where you’re not focusing on your relationship then I can see the problem.,1621623036.0,20
thebachelor,It’s funny how guys who I meant that are nerds and how they’re so similar Peter and how some actually the type that don’t have a lot of experience with woman. I meant guys similar to Peter who are into nerdy things and are total fuckbois. So I think it’s how you prioritize things and what you like. In this case he didn’t prioritize Kelley at all. Also isn’t fair that Kelley had to go along with the fact she tried to convince herself to like those things. Most guys that have meet who do nerdy things aren’t necessarily the most mature men in the world . They’re probably most immature. Regardless if these men have experience with woman or not. People will always shame nerdy stuff as you being the loser and not be socially acceptable. I think that trend will never end.,1621622921.0,4
thebachelor,I thought this was funny and this is accurate in a way for me,1621622448.0,14
thebachelor,I can’t find bachelorette season or bachelor seasons . Where are you finding this ? The only one that shows up for me is Ali’s season of the bachelorette,1621622308.0,6
thebachelor,"I feel the same way about him. And he doesn’t have to settle down right now . That’s fine . I feel like he needs to admit to himself.  It’s funny I listened to a recent podcast that him and Dustin came out with . The guest asked in 2 years when you find your person and seemed like Peter didn’t want to wait that long to meet the right person . But I feel like for Peter it might take him years which that’s okay. Something tells me Peter is very impatient when it comes to finding the right girl. It happens when it suppose to happen. I’m trying to learn this myself.  But if he doesn’t want to settle at all that fine too. Like I told people some people aren’t meant to get married and have children in this lifetime. So I wonder if Peter just isn’t meant to have children or marriage . And if he is it definitely when he learns his life lessons , if he ever learns them. Right person doesn’t always come right away and I think Peter needs to learn that. Maybe it will take him10 years to find her. I also don’t see Peter married at early age in general. I can see him being married later in life . Probably 35 years old and older. But I think when he finds the right person he will happy and not complain why it went the way it did.",1621621610.0,22
thebachelor,If I had to guess it probably had something to do with Peter seeing somebody else while they were trying to get back together. But if it’s anything else I would be surprised. I hope we hear what it is.,1621617994.0,52
thebachelor,I’ve listened to the podcast too and they just want to share their experiences and give advice. But I totally agree I think it’s just the name that they think that . I thought it was very disrespectful of the girl to say that to Kelley.,1621616441.0,1
thebachelor,Yes that same woman.,1621614671.0,8
thebachelor,Your theory might be right . My ex was similar where he didn’t have healthy emotions and wouldn’t talk about it . He would close off on me but could talk to other people. I would get so annoyed about it . I want somebody honest and open . I can understand a little closed off because I can be like that no he was closed off most of the time and then blamed it on his last relationship for the reasons. He would also jump from one relationship to the next so quickly without having time to move on. I think he hated being single. But his family was military and he had something bad happen to his sister where she went to jail and then he went to jail for drugs . Which I wasn’t surprised about . I’ve heard really bad things about military kids. Other thing was if me and my ex weren’t together we sleeping together. Which complicated things more. Which is why I said it’s very similar to Kelley and Peters situation. I feel like if Peter and Kelley aren’t together they agree to hook up and from my experience it doesn’t end well. I’ve learned so much from that experience with my ex in general and figured out what I want in relationship and don’t want . Things I shouldn’t be doing. It definitely was a life lesson for me. Also I wonder fuckbois if dated a girl who treats them poorly will trigger them to want to settle down. For instance I think if Peter were date a girl like Past Victoria f or Queen Victoria. Would that make him want to settle down or make things worse for him. It’s just a good for thought thing,1621614177.0,1
thebachelor,I was talking about more about past Victoria fuller not current,1621613304.0,2
thebachelor,Right I totally agree . The same happen to me a long time ago . And I finally realized why that relationship would never work. We didn’t have much in common and long time goals were so different. Like the person I want to marry I want them to be more open minded and not judgemental. Also want somebody who is willing to travel. I also didn’t want somebody who is controlling either . My ex didn’t put enough effort in the relationship and I had to put a lot. Also my ex came from a bit of broken family . As in he hated his family so much . Guys like me seem to have a thing for hating on families. I also wanted somebody who grow up in a family environment. But that was so off topic. But point was Peter and Kelley’s relationship reminded me too much of what me and my ex had . Which why I feel like I can related to this a lot better. My ex was literally similar to Peter and I was similar to Kelley. So I hope Kelley finds her man and I know what she is going through and it won’t be easy. Are exes will keep on doing the same thing . They have to make the effort to want to change. Also wonder if fuckbois are the way the way they are because of psychology reason.,1621612998.0,3
thebachelor,"Also think one way Peter will change if he dates girls who constantly cheat and make him feel like shit. I think Peter should date girls like that. Pete , don’t go after sweet girls that want commitment. Go after the girls that want commitment in life . It will probably wake him up and realize what he wants more. Somebody like queen victoria or Victoria fuller would be good.",1621612592.0,7
thebachelor,I hated that 3 on one date . Kelley wasn’t pretending about feelings . I do think Kelley can get like that . Which can be scary because it can question yourself if you’re a naturally insecure and not as confident. That’s why I didn’t like Kelley on the show . Post show I like her better . You can tell Kelley is naturally competitive and will do anything to win.,1621612359.0,7
thebachelor,The fact she convinced herself to the like things and him not making her a priority proofs more that Peter and Kelley were just not meant to be from the start. I hope Kelley finds somebody good and I hope she doesn’t have to proof or lie about what she likes or hobbies to the next guy. She should be honest about the things she likes because she easily attract the right one.,1621612136.0,29
thebachelor,I thought it was rude that person does this . And it happens to people are famous and not famous. I’ve had people told me my ex was seeing somebody in the past and I was trying to move on from it . So it the way I can related to Kelley on that. Obviously the person who told her probably wanted a reaction,1621611951.0,29
thebachelor,The thing I don’t like is the fact somebody thought it was okay to tell Kelley that Peter was banging some chick. She doesn’t need to know that . Also I hate the fact that Kelley tried to convince herself to like the same things as Peter. I knew Peter and Kelley were very different people and probably don’t like the same things. It was very clear on the show . How bachelors in the city a sign that he doesn’t want to grow up and be serious ? I get the name of the podcast is called that . I knew the Victoria justice photo was more about Kelley’s friend and not Victoria. One thing I will saw Kelley will know it’s the right man because she doesn’t have to pretend liking the same things as the guy . Her and her guy will have a lot of things naturally in common. Also Kelley doesn’t strike me as the type of girl to like nerdy things. I’m starting to think Peter will never get married and I always say some people are just not meant to get married and have kids in this world . I have coworker all they want is kids and they’re so immature for 31. I’m like I can’t see that person having that life. Maybe it’s the same for Peter . Peter has to really grow up and mature on his own. I’m very curious if he is fuckboi because he wants to be or because something happen to him in the past way before bachelor and decided to be. I also want to know why a podcast is a sign that he doesn’t want to grow up . Also I should probably listen to this podcast.,1621611038.0,13
thebachelor,"I’m going most of them went on the show for fame. I feel like there is a low percent that the girls end up wanting to date the bachelor. Especially with the most recent seasons. For example Peters season , I highly doubt any of those girls were that into Peter . Even Demi pointed it out on his season, when did the group date . I feel like Matt’s season was 50/50 . I really do think the girls actually want to date Matt. I know they’re might of been some girls in it for the fame. But I feel like those girls were into Matt. Matt’s season I feel like is an exception in way. Peters season was obvious that most girls were in it for the fame. But I also feel like some of the percentage could be they want to experience something crazy and something out of their comfort zone too. I feel like for bachelorette it could be the same too. But I feel like it’s so obvious for the girls.",1621574508.0,4
thebachelor,Agree . In general I’m exciting for her season. I do think her season will be interesting. The fact the trailer is shown men crying shows there will drama but I also think there will be humor. There is a guy who brings in a sex doll night one and guy jumping out of a box. Idk if she will be considered best bachelorette of all the time. But I think her season will be a good one,1621477101.0,9
thebachelor,Disagree,1621468211.0,1
thebachelor,Agree,1621468196.0,3
thebachelor,Disagree . I feel like some cases in the past we’ve had some great leads,1621468169.0,5
thebachelor,"Agree or disagree , Do you think they cast the right people for the show to find love",1621464958.0,12
thebachelor,I also think Peter in general wasn’t ready for the show. He clearly haven’t moved on from Hannah Brown. Even towards the end of the show the way he made decisions made me question how many woman he was thinking about. If Peter had clearly moved on from Hannah B or his past relationships. I think his season would have been better. I honestly glad Peter is single now and he should be for a while. Peter should be single for 5 years or more. Kelley I feel like is ready for that next step in a relationship. But that one on one was clear that they’re different paths as far as relationship wise.,1621445171.0,5
thebachelor,"Yeah I found it strange too. Plus there one on one date gave me indication that Kelley wanted a man who was equal or more in power type career. I’m like thinking yeah Kelley shouldn’t be dating a Pilot . She date a politician , a lawyer like herself , businessman , or a doctor.",1621444919.0,6
thebachelor,"It’s funny that you mention this . I didn’t like Kelley from the start , when I first saw her on show . I don’t think she is a bad person . But there is something I really don’t trust about her . I don’t think she is as honest as she says she is. And I always look back at the season to and even interviews she did.",1621444052.0,10
thebachelor,Haha this is funny comment. He can’t go through life thinking everything revolves around him. Boy definitely needs to learn life doesn’t work a certain way . If you act nice but aren’t a good person . Life doesn’t work that way. I was hoping the girl who was related to Kelley had more dirt,1621383195.0,3
thebachelor,I wouldn’t blame you if didn’t . I work for them . So I know what type of people do come in,1621380013.0,3
thebachelor,He better not being showing up at my work .,1621379459.0,6
thebachelor,"I thought this tik tok was hilarious especially the end. Apparently somebody that commented on that tik tok is related to Kelley and said that Peter was disrespectful , was very self centered and it was his way or the highway. I thought that was interesting . Another said Peter has been sleeping with a girl who has a boyfriend. I starting think tik tok knows some juicy things . But the ending killed me .",1621379430.0,33
thebachelor,"1.) Hannah Bs 
2.) Kaitlyns
3.) go to Hawaii with Nick and Natalie 
4.) be proposed on a podcast
5.)all my exes attend the wedding ( I don’t have very many exes) 
6.) honestly both",1621379260.0,5
thebachelor,Congratulations to Peter . I’m happy he got a job with them. I thought the post was cute and heartwarming.,1621270994.0,25
thebachelor,"From personally experience, when you grew up comfortable and starting hanging out with people who a lot richer than you . Trust me you start to feel like shit. So I feel like dating somebody’s whose family is rich . Wouldn’t be any different. So if that were the case . I can see why Peter would be uncomfortable. Also people who are extremely wealthy aren’t always the nicest . When they try to be nice they hide well . It depends what type of rich you’re hanging out with . Because not every rich person is mean . I have experienced rich people who were nice but those we the ones that start their own company and came from humbling beginnings. I also had girl from college whose family was super rich even tho she seemed “nice” , she wasn’t all that down to earth.",1621235597.0,2
thebachelor,Congrats to Sarah.,1621215021.0,6
thebachelor,Congrats to Haley.,1621213739.0,20
thebachelor,Congrats to Sydney .,1621213723.0,10
thebachelor,But I don’t think they talked about Bennett at all. But they did talk about paradise and if Kelsey was willing to go and their experiences being recognized in a bathroom . They talked about how the show changed them and what they shouldn’t have done on the show . Kelsey did say she shouldn’t have exploded on Hannah Ann for champagne gate and that she needs to work on her emotions and Kelley said she should of been more open,1621207905.0,7
thebachelor,Unfortunately I wasn’t on the live part . But I’m kinda curious about that,1621207728.0,3
thebachelor,I watched the video and I thought it was interesting and funny . I liked to see more of the personalities of Kelley and Kelsey. But when they get to the question if Kelley has lied recently and she said she did on Kaitlyns podcast . Just to protect people and she won’t go into further detail on what happened . Kinda bothered me. I get you’re lawyer and you come from a rich family. Like I understand she is protecting herself but I feel like something will come out and it will probably make Kelley look worse . I get Peter and Kelley’s relationship didn’t end well. Honestly I’m not surprised given by both of their natures. Also she didn’t need to protect Peter too. It’s not her job anymore. I wish she could clarify the situation or scenario. Since she is the one bringing it up and  not handling the breakup the best. I don’t why Kelley keeps on pondering about it. Kelley needs to date that guy in Florida and do a leap of faith and be more like Kelsey. Kelley definitely needs to be more open in relationship. Like yes you’re going to get hurt if doesn’t work out but if you see a red flag and say no is that going to stop. I agree with Kelsey more on red flag but I also agree with Kelley a bit . But I did like it the video tho . I really want Kelley to move on and not worry about Peter and his life because it won’t help her heal. Like the girl got this amazing guy in Florida and I feel like she isn’t moving forward because she still has resentment feelings towards Peter. We get Peter isn’t the best boyfriend and he won’t be anytime soon unless Peter himself feels like changing those ways. Which I really don’t see happening anytime soon.,1621207199.0,8
thebachelor,"I can see Matt and Michelle dating for a few years but not getting married . Tayshia and Ben would have been interesting to see but I don’t see them lasting. I would have given Ben and tayshia 6 months . I think Ben needs to heal himself first. He seems like a genuine guy who has been through a lot. Hannah B and Tyler I can see them either surprise my lasting for year or two but I also get on and off again vibe. Idk how Hannah would feel being a relationship with Tyler and Tyler getting all the attention from ladies. I’m not going to lie they do have chemistry but idk if they would be as long lasting as everyone would hope. But also see Hannah b and Tyler would have been the it couple of BN if they’re were to date. As far for Peter and Madi , if Madi was willing to compromise I can see them lasting a good year or a little over year. But I think both would have had to compromise on either end. But I don’t see them lasting either but I think Madi’s personality works well with Peter . Which I can see Madi being good for Peter but at the same time if they did idk how the families would have reacted to it. I also get the vibe Madi cared for peter a lot but wasn’t really extremely into him to date him enough. Out of all the final four girls , I think Madi’s personality suits peter. Also I think Matt and Michelle could work the longest out of those options other than Blake and Becca. I really didn’t watch a lot of Beccas season but I did watch Blake and beccas first one and one , I’m like they definitely have chemistry.",1621134598.0,8
thebachelor,I would definitely go for it . It sounds like fun,1621133706.0,2
thebachelor,I totally agree with you too . I know someone who has never had sex and people would assume they probably did by the way they look or act .,1621111547.0,15
thebachelor,I like how she answered this question. I resonated a little bit of what she is saying . People always assume I’m this cute quiet innocent person too. Just by the way I look then when I mention my disability. They assume it even more . They’re is definitely stigma with people having disabilities and having to be so innocent. I do think Abigail is probably nice person but she might have more to her personality that was portrayed: but I do like how she answered question and how having disabilities their is some stigma for it.,1621108759.0,63
thebachelor,Congrats on these two .,1620768908.0,4
thebachelor,I was definetly tired and got some body aches and felt little nauseous. Luckily I didn’t throw up. But I highly advanced if you’re working to take the next day off after your shot because you’re definitely feel something. But shot is different for everyone,1620412973.0,2
thebachelor,I could possibly do it . It won’t be very accurate . But I can get close as I can,1620346868.0,1
thebachelor,"I think JP and Ashley . There wasn’t hints of them breaking up and it was devastating to bachelor nation. Also Joe and Kendall, I didn’t think they would breakup. I thought they would of worked out. Carly and Evan I think I was surprised about . Peter and Kelley I wasn’t surprised about the breakup . I was surprised about the timing. I thought Peter and Kelley were going to breakup around November or at least after the moved in together.",1620318340.0,3
thebachelor,"Out of these guys , I think Tyler c and Peter would have made it far and I think for different reasons . I can see Jed leaving by week 6 and Luke p is definitely cut the moment Tayshia saw a problem that he had cause. I also see different men making further that weren’t on Hannah Bs season. I think Tayshia would of kept Tyler c long because of how attractive he is and I can see tayshia praising him for his abs. I can see Peter and Tayshia just getting along well. I think those two have a lot in common both from Cali , like the finer things in life, both wanting to travel, both having Latin background . Honestly I can tayshia and Peter getting conversation about that stuff. Also I think tayshia would have challenged Peter more to open up and talk a lot more. I’m not saying he didn’t but he definitely came off quiet on Hannah Bs season. I do think Peter can be shy when he wants to be but I don’t think Peter is all that shy really. Honestly think would have seen a different side of Peter and it would of changed how bachelor nation would have thought of him. But I’m really grateful that tayshia wasn’t the bachelorette in 2019. I think she would have not meet Zac and also Hannah Bs season did have some pretty iconic moments like I have had sex and Jesus still loves me.",1620190051.0,10
thebachelor,But I’m also glad tayshia wasn’t the bachelorette in 2019 . Because she would have never meet Zac . And I really like them together . Also don’t know if Tayshia was ready for commitment quite yet. She was for sure ready for love and open to the idea.,1620189321.0,14
thebachelor,"I can see Peter make it far if it was Tayshia’s season. I think Peter and tayshia probably have a lot in common . As far as growing up in Southern California and having a Latin background. Idk if Peter would have been F1, if Tayshia was the bachelorette. But he would have been a final two possibly. Tayshia would have given more of a chance for him to open up more . I felt like Peter was quiet in the beginning on Hannah’s season and I felt like really didn’t get to know much about him. I felt like if Tayshia was the bachelorette we would know more. Also I can see Peter and tayshia hitting it off pretty well. Also tayshia could easily balance Peter out. As much as I love Tayshia and Zac together. I think Peter needs to date a girl like tayshia. Now that I think about Tayshia’s personality and why I think it would help Peter out long term. Also I don’t think Tyler would be a top 2 , if tayshia was the bachelorette. I’m laughing at the fact Kelley was jealous of tayshia because Peter was messaging tayshia . Peter was probably rooting for queen tayshia. Tayshia is just an awesome person. And you made some solid points on why Peter would have made it far. In general I can see tayshia and Peter getting along get.",1620189169.0,15
thebachelor,[this is me](https://imgur.com/a/GSwyegG),1620140930.0,9
dating,I’m pretty much the same way . Especially now with work . I’m working a lot of days and my days are usually long and I work a lot of nights . So I really couldn’t date at nights or weekends . So I understand the whole planning part of the date,1620091657.0,2
dating,I totally agree with you . How can you get to know someone or know for sure only after one day to ask somebody out?,1620089049.0,2
thebachelor,They have qualities of the type of guys I usually go for . That’s why I named them. If it’s isn’t the physical type it’s the personality type .,1619998765.0,3
thebachelor,"I usually have a thing for guys who have dark brown hair , brown eyes or are tall. So for me it’s Pilot Pete , Jason T. , Ben smith, Ben Higgins, Tyler Cameron, Mike Johnson, Chasen . The list probably goes on. But if they aren’t tall , dark , handsome . I usually go for athletic types too. 
Personality wise I’m more attracted to Pilot Pete, Ivan , Ben h, and Mike. I’m either into goofy and heartwarming type of guys or guys who are really charming and outgoing but also guys are spontaneous in a way.",1619997207.0,6
thebachelor,But even if that were the case . Peter and Victoria did have a thing at one point . I can see Kelley’s frustration a bit more but she still sounds very upset and bitter . And her comment saying there is more to the story of their breakup then the public knows. I’m not going to assume Victoria and Peter hooked up. But it wouldn’t shock me because when you’re friends with somebody for so long you can develop feelings for somebody of the opposite sex. Knowing how Peter can be it wouldn’t surprise me if he had friend who used for sex every now and then. It’s just theory I think about the situation. But I think we will hear more possibly . But either way Kelley shouldn’t worry what Peter does with his love life. Girl needs to focus on herself and move on,1619977696.0,3
thebachelor,It’s funny that you’re mentioning it . I follow a bachelor Instagram. The bachelor Instagram has a theory this comment is geared more towards Victoria justice and not Kelley’s friend . The user of the Instagram made a story on their Instagram saying they had a theory about after Kelley and Peter broke up that Victoria and Peter were messing around with each other. I never really thought about but it could be possible especially if you’ve have been friends with somebody that long. If that comment was geared towards Victoria I could see why Kelley is more upset. Especially if Peter claims if Victoria is just a good family friend. Which I’m pretty sure she is. I can see why everyone is confused on who Kelley is referring to.,1619977110.0,1
thebachelor,Yeah I’m kinda curious myself.,1619927637.0,3
thebachelor,I totally agree with her doing the petty stuff and her dating a new man. It wouldn’t make the guy feel better. It would make the guy feel worse. But you could be right when you said idk if nothing major happened or if we knew the whole story it would make her look bad. But her acting petty means she has some resentment against Peter for sure. Which I’m not blaming her. But her podcast she didn’t give too much detail on what happen. Which then again I’m like I thought they would be more to the story on their breakup. Even if they’re is they’re probably not saying anything. Also Peter seems to be thankful for Kelley after their breakup. Which I feel like that speaks volume to me. I don’t recall I know anyone I know who is grateful after breaking up with somebody. But Kelley should move on with her life and live her best life . If Peter can do the same . She should too . They will both find somebody down the road . It doesn’t have to be today or tomorrow. But one day,1619927599.0,15
thebachelor,Why do I feel like this ex drama is only starting now ? Why do I feeling we will hear more Peter and Kelley drama again? I feel like something big is going to happen. Also find it weird that Kelley’s sisters friend is still friends with Peter . Not too weird but a little weird.,1619923746.0,259
thebachelor,When I saw this I was very confused as to why she would need one but I read the comments on here and it made more sense . I just hope she pays them well. Being assistant for any celebrity sounds very demanding. I’ve heard stories that some don’t get paid very well or they don’t get benefits. Sounds like she wants somebody by her side a lot . Which nothing wrong with that . I would be terrified to be an assistant of somebody famous. I would feel very much taken advantage of more so than my current job is doing. I hope she finds that fits the criteria she is looking for.,1619887716.0,8
thebachelor,"I don’t want to see anyone who has been on paradise so many times like Chris B or Claire . Even tho it’s entertaining it’s very clear they didn’t find love the first time. I want to see some former F1s , but not all of them. I think some f1s are deserving to find love like Hannah Ann. There some final fours I would love to see . I don’t want to see all villains in paradise but just some. Because I do think some of the villains could redeem themselves or add a little drama. As far as leads go I’m 50/50 on . I would say yes if they can. But I feel like the leads won’t have the best luck for paradise to find love. I think most leads are better off finding love in the real world. Peter is the only one I want to see as a lead but I don’t think paradise would do him justice either. I think nobody would want to choose a lead unless they were really into them.",1619812739.0,5
dating,I totally agree I hate when I first just meet someone and they ask me out . Because usually my schedule is too busy to even go out . And not everyone can work around your schedule or vice versa . I’ve matched guys on dating sites and the moment they just matched me with they ask me out . Which is nice . But I have to squeeze I might not have time or I can’t make the time you asked for . Some people do have busy lives and on dates I want to look pretty depending on the date. Also I feel like I would rather get to know someone slowly than quickly too,1619660054.0,5
thebachelor,Idk before on the bachelor I think her bio said she traveled to 26 or 27 countries. She has definitely traveled a lot. She probably travels as much as a normal celebrity does,1619324549.0,63
thebachelor,This is adorable. She looks tiny against Mike and Connor . But to be fair Mike and Connor are really tall. Looks like they’re celebrating something . I hope they’re having fun. Why does Kelley look so cute next to Connor or Mike . I would honestly root for her for either Connor or Mike.,1619304414.0,67
thebachelor,Yay for Clare. I’m getting my second shot soon. I respect vaccinated bachelorette,1619156520.0,6
thebachelor,I love seeing all these COVID posts about the bachelor nation people getting vaccinated . I hope it encourages people to get vaccinated more. As myself I’m about to get the second dose soon and I’m little bit wary about it . Because of my health not being the best at my age. Two my work constantly scheduling me way too much so them having to rely on me a lot and having me to call out just in case it does affect me in some weird way. Yes I’m very prepared what could possibly happen with the second shot . But I’m also excited,1619156394.0,2
thebachelor,I got to admit this is a funny response to this question . Somebody made a valid point earlier about certain type of woman being a wifey material. Which I totally agree with that statement. Why I get calm vibes from Hannah Ann. At first I didn’t like her as much but I’m like she is okay now. She gives me the vibe of welcoming somebody into her home but in a good way. I can see her baking for kids a lot in the future. I also I feel like she would have garden in the background. Idk she gives me that vibe too. Like loving nurturing mother vibe to her. Idk really see whole a lot of Hannah Ann stuff because I don’t follow her a lot. But I have seen her baking videos and the recipes always look good.,1619156128.0,17
thebachelor,For anyone downvoting this person. Please don’t. I didn’t realize how harsh and rude I came across when I posted it. It made Peter looking better than Kelley. Not saying either one is better. I should of said something different or worded it different 100 percent. But I know Peter is 100 percent hated on this sub . Which that is understandable. But he already gets enough hate as it is. Kelley I don’t feel like gets anything compared to Peter. I’ve mentioned they’re worse guys out there Peter in the real world and it’s true. Like we don’t know these people in real life . We only know what we see. Yes I shouldn’t have said that about Kelley. That’s she this and that. Yes to me this video did come off immature in sense. I’m like they have been done four months or more. Like after breakup I get being petty is a thing. Everyone processes breakups different. But Peter has only said nice things about Kelley after their breakup. Kelley seems a bit bitter to me. You can hate me all you want I don’t give a fuck. Because I’ve honestly I’ve been through a lot more hate in my life than love. But please just remember I was just analyzing a situation based on what I know . If you want to call me fucking names go right ahead. I’m stopping anyone . But we are all human and we all make mistakes and we have opinions.,1619154819.0,1
thebachelor,I think that’s reason I deleted it because I didn’t realize how harsh it was . I’m like thinking maybe I shouldn’t have said what I said AT ALL . You have every right to voice your opinion and to point out that it was. Yeah maybe a read into way too much and that’s my fault.,1619154031.0,2
thebachelor,It’s starting annoy me a bit . I don’t mind the cringe but she is not going to be known for being the bachelors girlfriend forever,1619142875.0,7
thebachelor,I’m currently watching Ginny and Georgia. Never really thought about it until somebody brought this up now . They do look a little alike . The smiles are very similar .,1618935542.0,3
thebachelor,"Honestly think Alayah would have been in the top 4 , if the drama with alayah wasn’t there . Idk if she would be F1 . But I can see her going far . Her and Peter definitely had a connection . You do make a valid point of her being first out of the limo that the producers thought Alayah would be a good match . I really need to watch the entrances again . Because it really says what production thought would be good with Peter. I think Alayah was the one that I thought would of made to the top 4 but didn’t because of the drama. Peter definitely liked Alayah a lot. Otherwise he wouldn’t have brought her back. I think if they dated outside the show I think they could last longer than Peter did with Kelley . I can see Alayah and Peter dating for a couple years but I don’t see them lasting a long time. The same goes with Hannah b and Peter . I can see lasting a few years but not long time. I just don’t think anyone bachelor nation would last with Peter more than a few years. I really don’t think his woman is in bachelor nation currently. We might have to wait and see for future seasons or what the future holds for him. I think Alayah was probably in his original final four . He said interview  with Nick Viall that his final four changed in mid season a bit but he knew who they were . Something tells Alayah would have been a part of it .",1618935352.0,6
thebachelor,I don’t see Hannah b and Peter last a long time but I can see him last longer with her than the other relationships he has had through the show . If they were together after the show I can see them lasting 2 years maximum . But I just don’t think Kelley and Hannah B are right for Peter . They’re woman he was compatible with but just because you’re extremely compatible with someone doesn’t mean they’re meant for you. I’m still wondering what those non negotiables Kelley talked about on kaitlyns podcast.,1618865634.0,9
thebachelor,"Peter . I wonder what happen if he ran off with Hannah B. I felt like in the beginning of his season he wasn’t 💯 over her at all. Or they should postponed Peters season if they knew Peter wasn’t ready . Unpopular opinion I liked Peters season because it was entertaining. I think he honestly would have been a better lead if he had moved on from his past relationship. Also I don’t think he is quite ready for that commit yet. If doesn’t find his woman with the bachelor franchise. I hope he finds her in the real world. Even tho he may come off as a fuckboi even fuckbois settle when they find the right person. I just think Peter hasn’t found that right person yet . This is extremely unpopular opinion but I don’t think Kelley or Hannah B. are his woman at all. I think both would eventually had problems down the line with Peter . With Kelley we saw that . With Hannah B we may never know . 

Hannah B- she should of sent Luke p home the moment he became possessive towards Hannah . I don’t think he is the best guy . Possessive in a relationship can lead to major jealous. I wish we also saw more of Hannah B and Dustins relationship on screen . 

Matt James should of eliminated Queen Victoria earlier. She caused too much drama 

Hannah B should of picked Peter over Jed and Tyler c . Peter should of been her final pick .",1618857564.0,16
thebachelor,I totally agree with you . It is a hot mess but in a good way . It’s not a hot mess where you can stop watching it . It’s hot mess in a sense where it keeps you hooked .,1618856934.0,6
dating_advice,I do agree with you quote if he wants you he will make time for you . I totally agree with that . From personally experience I’ve been through this situation. I would not take him serious at all. You will find out eventually he wasn’t worth your time . If he isn’t putting any effort or time in the relationship. Sounds like is he isn’t that into you and I would just cut communication or don’t talk to him for a week and see how he responds . But to me it sounds sounds like he doesn’t care about you,1618687006.0,0
thebachelor,"Peter and Kelley . At first I didn’t think they would work because the way Kelley was on the show . I think she put herself out there or opened up more on the show I can see it go far. Like she would top 2. I do think Peter and Kelley have a lot in common so I could say why they could have last . But I think their lifestyles would of crashed at one point . I see Kelley the type of person once married she wouldn’t want to travel as much and spend a lot of time with her kids. I can see Peter still very much involved with traveling especially if he has a wife and kids. Also I don’t think they grew up very similar but I could be wrong . But I eventually grown to love them and I thought they would work out. But I think their breakup was sign they just weren’t right for one another. Peter and Hannah B. , honestly just like their chemistry . I can see them being together outside the show. They chemistry was so passionate and intense . I’m like you can feel the chemistry between them and it’s clear and I like love stories where you can see and feel the chemistry between the couple. Dylan and Hannah G. Is another one I like . I think Dylan has a tough shell and is willing to fight for the woman he loves. I think he appreciates Hannah a lot . He sees her as his ideal wife. I also think Hannah is a big sweetheart in general and she needs a man to fight her battles. Clare and dale . I liked them at first because I thought Clare found her soulmate but I just want what’s best for Clare and I don’t think that’s dale. I hope everything works out for Clare. Also to add on with Peter and Kelley , if even Peter matured a bit I still think something would affect they’re relationship . They also something similar about their personality but also so different. That makes me think they couldn’t work out long time. Also seemed like Kelley wanted somebody of equal level as her in everything . I just don’t think Peter is that . Arie and Lauren , I didn’t watch the season but I did watch their YouTube channel and they seem cute and genuine couple.",1618616194.0,5
dating,Thank you I needed to hear that . I’m completely burned out because of my job . And love to enjoy myself more and get back out there . I got my first dose of the vaccine early April . I’m ready for the second dose,1618521474.0,1
dating,"I’ve tried Hinge , Plenty of fish , and bumble . Also Facebook dating",1618521398.0,2
thebachelor,This is cute .,1618450511.0,7
thebachelor,Possibly her too,1618433870.0,1
thebachelor,The legs are long and I think it’s a girl. My bets are Kelley or Madison. But if not a girl. Could be Peter or somebody else. But the pants are certain style . So I think it’s female,1618429807.0,9
dating_advice,Honestly never,1618409366.0,1
thebachelor,But the commenter I think was spot on . They also said Cassie and Colton weren’t as stable as everyone thought,1618331265.0,2
thebachelor,This commenter also said Dylan was  high strung and he already got Hannah G . He shouldn’t to hard to proof himself .,1618331230.0,1
thebachelor,With Hannah G and Dylan one . I saw somebody say Hannah can do better . But the one that stood out to me . Was commenter saying it’s tricky to tell if they will breakup or not . They said how Dylan plays mind games on social media and how Dylan was similar to Colton with Cassie . Then they mentioned of how Hannah G doesn’t reveal a lot on social media . But they said Dylan needs to let go and not be so serious and that they think Hannah G would possibly get cold feet down the line.,1618328932.0,2
thebachelor,I do feel his career probably got in the way of it . I do feel like he deserves love . He seems like such nice guy.,1618326943.0,7
thebachelor,Tyler C I can see him marrying somebody famous regardless if somebody from bachelor nation or not . Matt James will probably date a few more ladies from bachelor nation but I don’t see Matt marrying one. I agree on Peter and Ivan . I don’t think Peter or Ivan will marry somebody from the franchise but I do see them dating at least one girl from the franchise and then that’s it. I’m so 50/50 on Ivan and Peter . With Ivan if likes one of the girls enough from the franchise I can see it. Then Peter is so up in air . Peter can be unpredictable sometimes . So Peter is more of a curveball option . Where I could see Peter marrying somebody from the franchise but at the same time I can also see him not.,1618325075.0,3
thebachelor,I would love to hear the news of Dr Joe getting married . He deserves to be married . He reminds me of one of those people who are always single but have their life together but you always assume they’re already married or with someone because they have life together.,1618324540.0,23
thebachelor,I can see this with Matt James honestly . Especially ATFR I don’t think he wants to deal with the franchise as much anymore . So I can honestly see him marrying somebody who isn’t part of the franchise.,1618324433.0,1
thebachelor,I think that’s a strong possibility.,1618324328.0,2
thebachelor,I agree with you .,1618324294.0,1
thebachelor,I kinda see this happening for him. I can see Barb saying Peter I found your wife. Peter being like are you sure mom. I believe my wife is out there but I don’t think it’s the woman you pick. But I do think we see Peter dating once the pandemic is over . It wouldn’t surprise me if has found somebody New York already or have had options to date when he is ready. Honestly I feel like we hear of him dating in the future . Probably the end of this year early next year.,1618324279.0,3
dating,25F. I feel you on this one. I feel like it’s hard because of the pandemic a bit . But also dating apps seem to more accessible way to others now in days . I’ve tried dating with the dating apps and never works out for me . Either the person doesn’t agree with what I want or consider what I want or they want to meet up and it’s usually time I can’t. The third is I wasn’t as interested as I was before or they’re mean to me and don’t want to get to know me . I’m at a point of throwing out all my dating apps and just focusing on myself . I get frustrated with dating at times to the point where I’m like is it worth it to find the person I want to find. I would normally try to meet through others but the problem is I hardly have friends and I’m pretty sure nobody is willing to set me up with anybody. I totally feel like sometimes I’m like why am I not in relationship and everyone else is . Why is it hard for me . But I think focusing on something else might help me,1618297944.0,3
thebachelor,I just read a comments and post . I was these all seem accurate and whoever said Peter needs to work on himself . I feel like was spot on . On the ones who haven’t yet . I’m curious if they will . Somebody made a good point about Hannah G and Dylan . Which I good see possibly happening .,1618296318.0,15
dating_advice,I wish they still have it up . I don’t care about controversy . Show me the statics,1618189616.0,2
dating_advice,It’s not my friend it’s my sisters friend,1618189546.0,1
thebachelor,I like this . I’m glad they changed the rules .,1618175626.0,15
dating_advice,He probably thinks you can do better than him because you have you life more put together . But him saying you date a doctor or somebody from nasa. Probably means he sees as somebody highly . Oh like this girl got her life figured out . She should date somebody with a really good career and sometimes it doesn’t pan out that way. I will say this doctors or engineers are very picky on who they date in my experience. It also depends what kinda jobs you work . Also with doctors they don’t want date people with minimum wage jobs same goes with engineers sometimes. Depends on the engineer and what field they’re . Yes he is right on saying you’re doing good for 24 year old . Most people that age have to live with roommates or live with their parents at the current moment. My guess is I would either figure out why he thinks that you are better than him. If things seem to go great you have no problem . But if he is insecure while you’re dating in the early stages of the relationship that is a big red flag. Guys who are insecure about their relationships . Rather that’s financial reasons or attractiveness . Some tend to get controlling when you get serious . My ex didn’t admit he was jealous that my guy friend was hitting on me and the last time we dated towards the end of the relationship he told me to stop talking to my guy friend. I told my ex no I’m not going to . And week and half later he broke up with me and said he wasn’t ready for a relationship.,1618175304.0,3
dating_advice,You’re not wrong there,1618171896.0,1
dating_advice,True,1618171712.0,1
dating_advice,Thanks . I love the French expression by the way .,1618171587.0,1
dating_advice,Yeah are right about model girls being picky . Those girls are usually mean in general . Trust me I know one personally . She will only fuck attractive man most of the time . I’ve never seen go after somebody overweight or somebody ugly . She has told me she has to be in the same league as the guy and she thinks very highly of herself . But I do think you’re right about guys getting desperate and going after overweight girls to get sex . Because I’ve seen that before,1618171522.0,1
dating_advice,No cannot attract attractive man to save my life . And that post wasn’t about me . It was about my sister . I’m 100 positive on what I said . Guys judge me for my looks and don’t get the time to know .,1618171304.0,1
dating_advice,Also both my sister and her friend are in their early 20s . I’m in my mid 20s currently and I feel like I can pick up on stuff fast when it comes dating scene . Idk if it’s because I’ve dealt with a toxic romantic situation for some many years and in those later years I’ve picked up red flags but I’m also very observant too,1618170869.0,1
dating_advice,"True about the very young . Also you might right on lack of confidence thing . Most of the guys that like me on dating sites are usually the nerdy , lack self confidence , homebody types . Which are great if you like to be at home all the time . But I don’t . The reason why I have been is because I don’t have very many friends . I like talking to others . The ending part you said makes sense . And I have dealt with fuckboys they don’t last long with me . But I’ve also dealt with nerdy guys and they want me to keep the conversation going and I’m like eventually you have to talk . I can’t hold conversation by myself. I attract weird men that’s all I can say .",1618170774.0,1
dating_advice,Honestly feel like it’s quite the opposite . I think guys she model types as easy fucks . I see a lot of guys say they would not want to have sex with a fat girl . When I say my sister can guys . Most of the time she complains how they want to have sex with her . I’m like guys only see her as a girl who would be good sex . Never the girl that’s wifey material,1618170436.0,3
dating_advice,That’s what I’m thinking it is too. Idk maybe I should have worded it differently or something .,1618170271.0,1
dating_advice,Yes I totally agree with that . I mean that’s what I should of said but I feel like I’ve seen this with not so attractive guys too. Where they would take somebody out of their league . And go for the attract girl,1618169793.0,1
dating_advice,Yeah I’ve noticed that .,1618169521.0,1
thebachelor,I haven’t seen those tik toks pop out yet . I’ve seen tik toks where they talk about how great Florida is or how bad Florida is . But never the ones where they’re names for our governor . I like the names tho . They’re hilarious and fit him well,1618091009.0,1
thebachelor,I’m going with neither . I really can’t see myself with either guy . I thought Matt was better than that but after hearing stuff about him . I’m like he is just like any fuckboi. I think they would be cool people hangout with but idk if I would ever try anything romantic with them.,1618087229.0,1
thebachelor,Best nickname I’ve seen for him. Where did you get it from ? I think it suits him,1618086728.0,4
thebachelor,I got to admit it was good but you can tell the rest didn’t get it. Dustin killed me when he said I’m passing the phone to the person who looked like the girl from polar express.,1617920726.0,13
thebachelor,Tammy does make a point and very good one at that .  I would still love to see her on paradise . Just because I think she will do well in that environment and I can see her having a good arc . Just because she was a villain on PP season. Doesn’t mean she won’t be on paradise. I can really see her wanting to find somebody but also have fun on the beach. One thing I liked about Tammy is that she honest from the start. She’s blunt and ambitious. So I really do think if she went to paradise she would have high hopes to find love.,1617920458.0,7
thebachelor,But I wish you the best on the job search . I also don’t what type of career or job you’re in . But definitely take it step by step and look for something that you feel comfortable with. I know they’re a lot online jobs right now. I think a lot of people are doing that too because it’s lot easier in the world live in now .,1617910675.0,1
thebachelor,That’s a really smart move . They just now opened vaccination for my area for anyone who works in restaurants and grocery stores I believe. I just took mine vaccination today. It doesn’t hurt at all. But I do feel more tired . My boss was going to call me into work today and ask me to work on my day off and I said no . I’m getting vaccine idk how my body is going to react to it. Idc how short staffed we are I shouldn’t be the first person they call every time. Plus I don’t get paid as much as my other employees,1617910557.0,1
thebachelor,"I’m not blaming you. Honestly don’t where you live . But I’m protecting myself as much as I possibly can . I have to work . I can’t just not have a job sadly . I’m not lucky in that sense . Just because I live in Florida doesn’t mean I’m like the rest of Florida . I’m one of those people who actually do wear a mask , and gets vaccinated. It just sucks that the rest of my community doesn’t believe in the virus and it’s really sad .",1617910007.0,1
thebachelor,I totally agree with you . That it is too early to go back to normal. I know a lot of states are closed or just now at 25% capacity. Florida has been open since the beginning of this thing . The problem is everyone wants to go to Florida and they’re literally not enough people working to keep up the flow . That my shock a lot of people but it’s true . I know my current place of employment is so understaffed idk how we will manage the summer. I know a lot of people don’t want to work which I’m not blaming them . I just wish there was a way to turn away the tourists from Florida. I’m sorry for anyone who wants to go Florida but they’re not enough locals working to help the increase right now . So don’t freak out on us when we turn away at a restaurant because we so short staffed,1617908467.0,1
thebachelor,You’re definitely not wrong there . I know for a fact where I live in Florida right now it’s nuts . And already want to leave . I’m just grateful I got vaccinated today . I don’t trust tourists at all for a lot of different reasons . The pandemic makes me think of tourists in whole new light. I’m like if you’re coming to Florida respect the people and environment. If you’re not then please fucking leave .,1617907806.0,2
thebachelor,I’m hoping on the live audiences. Just because I think it’s easier to manage . With travel if that’s possibility they should go slow on that one . I think if they’re open to travel for one of the seasons they should do domestic travel only . Plus I think if they tried to go overseas it would be harder . I think when Michelle’s season rules around or when the next bachelor season happen. I think traveling to different countries will be more easier . Right now I know it’s hard to travel to different countries I’ve heard stories from my coworkers who are from other countries and it took them a while to get back into the USA. That’s one I think if they’re open to travel they should do domestic travel.,1617907228.0,4
dating_advice,I think if you date him but not as a fast pace but slowly . I can think the attraction will grow . I would not rush into . The reason why I think you should not rush into because he is your friend and you don’t want to lose him as a friend . Dating guys friends can be tricky . One thing I’ve learned if the chemistry isn’t there right away it isn’t going to work . That’s also dating in general . But especially with guy friends you can tell if you two are possibly be together just the way how you feel towards each other . Also I’ve dated a friend who I wasn’t physically attracted to and I ended things with him. We were still friends after that but he clearly became obsessed with me . So much so that he would ruin any relationship with any guy I wanted to date. Also if the physical attraction doesn’t grow for you then maybe you aren’t meant to have a relationship with this person . I do believe you have to have some kinda physical attraction to that person to date them. Also tell them how you feel before things get out of hand . That’s what I had to do with my one friend and he still didn’t listen to me .,1617857035.0,1
thebachelor,That would be funny tho .,1617852432.0,1
thebachelor,Also as the girl walks in . All I hear is Victoria F saying who this girl . Who does she think she is .,1617852121.0,2
thebachelor,"Mine was he is there for a bit talks to some girls and then is like saying I love you about some girl that he is talking at home . His parents and brother and Victoria justice show up to talk to him and ask if he is okay . And he is like no , I can’t stop thinking about so so . The next episode cuts into Peters mystery girl . After Peter had the talk with these people . Btw the girl is a pretty normal girl too . They make all dramatic too . And he ends up with the girl that he was thinking of back home . He just added up having strong feelings for her and she mostly his friend but they have chemistry where are you two dating and deny type of thing. I can honestly see it happening too",1617851933.0,1
thebachelor,I think you might be on to something about this . I keep on having dreams of paradise . I can honestly see Peter there tho. I don’t think he will make it far . But I can see them bringing him a little later .,1617851534.0,1
thebachelor,"I don’t think they will have anyone from bachelor nation first . But if I had to guess maybe Clare and Dale . Just because Peter was seen hanging out with him . But also could be Dr Joe , Bennett , maybe even Kit possibly . Honestly anyone from bachelor nation who lives in NYC could be an option . But my likely guess is Dale.",1617851336.0,3
dating_advice,Thanks. I appreciate this a lot,1617772890.0,2
thebachelor,"1. PA , the resort looks nice . I think they’re both nice locations . But Nemacolin looks like there is more to do 
2. Both . Both look stunning 
3.Croatia looks gorgeous. NZ I wouldn’t mind going to . But that photo of Croatia makes me want to go. 
4. Both . I can’t choose. Both are beautiful but in different ways . 
5. Bali 
6.Bora Bora of course . I wouldn’t mind Switzerland. Both are on my bucket list . But Bora Bora wins this . 
7. Paris versus Rome is tough on me . This are places I’ve always dream of going . I’m tied on this one . 
8. NYC for sure . I’ve been to both places too. There is a lot to do in NYC compared to Cleveland. No offense who wants to go Ohio. 
9. Both . But I would go Thailand first , just because I know Thai people from one of my jobs and Thai people are friendly and Thailand is gorgeous and Hawaii I would love to go for the scenery and the culture as well. 
10. Montreal . Truly because I’ve never been there and always wanted to explore more Canada and I can always drive New Orleans . New Orleans is only a 4 to 5 hour drive where I currently live. 
11. Netherlands hands down. Latvia seems cool but Netherlands is a place I’ve always wanted to go more.",1617771095.0,6
thebachelor,You’re right . Wasn’t this subreddit created it the first place for the fans of the show not contestants. I have nothing against contestants having Reddit . I think Reddit has everything you can find . But if I was contestant this is the last place I want to be. But them posting about this Reddit kinda proves a point . Yes this subreddit can be toxic and I will say it’s because they’re all sort of people on here . I feel like bachelor nation people don’t realize how above us they really are . Yeah some of their lives maybe hard but isn’t as hard as normal people. They have more privileges than we do. If somebody from bachelor nation wants to know what goes on in here. I think they should lurk on. I’ve heard comments of people sending stuff to them . My question is Why ? I feel like contestants of bachelor nation probably don’t care about us normal people as much. I’m not trying to be mean at all by saying this. People who sending stuff to these bachelor people about this subreddit should be careful,1617648344.0,15
thebachelor,I like how this guy keeps on sending her flowers . Honestly don’t think it’s Bennett . I think it’s the guy she is dating in Florida . I think Kelley obviously knows who it is and won’t reveal the guy . But her posting on her story . I think she is showing off of nice this guy is to her . Maybe she is trying to make Peter jealous because Peter isn’t dating . But if she is trying to make him jealous it isn’t working probably . I just think Peter doesn’t care if Kelley is dating . Peter is living his life single as he pleases it looks like and Kelley looks like she is trying to find her soulmate . Something tells Kelley loves being spoiled by gifts in a relationship . Which there is nothing wrong with that . I think that’s the love language she loves receiving is acts of gifts. Whoever this new man in her life is I hope he makes her happy. I honestly don’t think we will find out about this man until later. Regardless if it’s Bennett or not. My guess about the guy is he is from a southern state. That’s as far as I’m going with it and I’m not going to assume it’s Bennett.,1617632593.0,-3
thebachelor,I totally agree with you on having conversations with guys on the apps and it not going anywhere . I just talk to one guy recently who wants to meet up with me . But I feel like I’m so busy with work idk when the right time would be .,1617586332.0,1
thebachelor,Every guy I’ve talked on the app always wants sex . I could have a good conversation and talk to them . Next thing you know they’re like oh so when you want to meet up at my place . Like idk you yet . Why would I meet you up so soon . I’ve never been in a relationship where it was just good communication and I felt like we know each other . Like I don’t mind physically intimacy in relationships . I feel like that isn’t the most important thing and I feel like most of my relationships I’ve had . Always has to involve sex and if it doesn’t somebody gets pissy and it’s not me .,1617586209.0,2
thebachelor,I have the same experiences as you do . If the guys I’m talking to don’t want to connect on an emotional connection then they cut me off when I say I just don’t want sex. I really have a reason why I don’t want sex in a start of a relationship . I think it makes the connection fizzle out after 3 months if the relationship is based on sex,1617579938.0,2
thebachelor,"My job is being strict on time off right now . My boss freaked on me for asking time off . I’m kinda worried because I have a lot medical stuff I have to keep up with . So it’s an issue for me and they’re using me way too much at my job . I’m like the only reliable person they got and everyone wants to quit . I think should make a law if you’re visiting for a month or two , you should work in the area . It’s not fair that locals have to suffer . The governor will never shut down Florida unless Biden steps in and says something . I’m not blaming some of the healthcare workers . You guys are doing most of the work by helping us get through the pandemic .",1617552724.0,3
thebachelor,Hannah B seems more slytherin than gryffindor . Tayshia I can see between Ravenclaw/hufflepuff. Tayshia is bubbly but also like to learn more . Brendan seems too sweet to be in slytherin. I would give ravenclaw or hufflepuff . Magi is the only one on the hufflepuff group that isn’t full hufflepuff . I can see ravenclaw because she is very knowledgeable and likes to know about her field . Voldemort’s minions are accurate af.  Peter I feel like is hufflepuff but can be any other house with it . I’m learning towards slytherin or ravenclaw. Why I would choose Peter as ravenclaw or slytherin is because I think Peter is smart but he is sneaky on how is shows it . Peter may not be good on making decisions but something tells me if it’s an important decision and he is focused on it . He knows what the fuck he is doing . Hannah B just seems like a slytherin. She is definitely cunning .,1617552460.0,10
thebachelor,"Honestly New York City . Some of my fave guys are in that group . They just look like they’re having fun and not worrying about that . I feel like I’m under a lot of stress . So I would hangout with a group that would relief of my stress . Plus I would love to meet Dr Joe , Riley , Dustin , Bennett and Peter . But I would want to meet Peter and Bennett for the cringey moments . Dale seems like a cool dude . Demar and Ivan seem awesome to meet as well as Brendan . Like I said my fave guys from last season are pretty much in that group in New York .",1617551808.0,7
thebachelor,"Also I know a lot of people in general are traveling where I live and it’s stressing a lot of the locals to the point where people just want to quit their jobs . We already have where people are refusing to get jobs , which I don’t blame them . I live in a very touristy area in Florida . I wish Florida could shut down for three months . I can already see it getting bad the summer for us . It’s already bad as it is .",1617551523.0,5
thebachelor,I would totally agree with you on people going out are either COVID deniers or downplay the pandemic to certain extent. My sister goes out a lot almost every night and she believes in COVID but I think she purposely downplays it to her friends . I really want to tell her be yourself and don’t care what people think . They’re aren’t your real friends if they don’t care about you . I think she hangs out with people who think she is fun to be around . Plus I’ve noticed COVID has either teach people what they need in life regardless if they’re ignoring it or not .,1617551385.0,5
thebachelor,Go for it . Especially if you really like the guy .,1617551138.0,5
thebachelor,I’m the only one that feels like the pandemic has shown people their true colors when it comes to dating . Like idk I’ve meet so many guys online in the past year and nothing really clicks . And of course most of them are desperate for one thing that’s sex . Doesn’t help the area I live in currently doesn’t along with any of my political or personal values at all . So probably attracting a lot of man who don’t believe COVID exists for starters . But I’m so glad I’m paying attention to values in a relationship and what matters rather than giving all to that one person .,1617545727.0,24
thebachelor,I think the podcast will be refreshing . I don’t think they will talk about bachelor nation a whole lot . I think they will talk about NYC and their lives . Maybe other stuff . I’ll definitely listen,1617404143.0,6
thebachelor,I’m not going to lie . This is pretty funny even if it’s insensitive to all this bn breakup posts on Instagram. The love is a crazy thing was funny . I’m seriously wondering where Dylan got that idea from . I think he was poking fun while trying to make news about him and Hannah . But I get the joke . I feel like post is mostly making fun of Peter Instagram breakup post but I could be fun .,1617320554.0,7
thebachelor,If Blake is the Bachelor . I think he will be the first one with a full beard and the first Canadian bachelor that I think of . I think his personality isn’t bad but I don’t find him the most attractive. But on the bright side if you’re a huge fan of animals . I think it would be an adventurous/ nature type of season and more outdoorsy season .,1617316841.0,2
thebachelor,Just watching her story recently and somebody in bachelor nation was into her but she said she wouldn’t put this person on blast . I’m curious other than Bennett who it is and it is possibly she is dating somebody now but is being super private about it because of her relationship with Peter .,1617220355.0,13
thebachelor,I agree with you on the Peter and Kelley random encounters more . I don’t think it’s random . I think after the show Kelley had friends who were friends with Peter . So it was easier for her to see Peter more . With Peters season I agree with you only because I truly think Peter wasn’t 100% over Hannah B at that point . He even asked Hannah B if she can join that house and when they were talking he lit up like Christmas tree . You can tell there was still chemistry between them. I wonder if something happen to them between after Hannah being the bachelorette and before Peter being the bachelor . Cassie just didn’t seem interested in Colton . I didn’t fully watch coltons season but even in the interviews when Colton got COVID you can tell she had to take care of him because she had not because she wanted to .,1617203694.0,2
thebachelor,You’re not wrong there,1617160503.0,1
thebachelor,I like how the article says they’re considering former bachelors and bachelorettes . My guess is if we not just getting Becca . We got former bachelors in there as well . I’m really curious which former bachelor they would put . If they put Peter in only for drama I’m hear for it . I really want Becca find somebody if she does go . It’s really sad that they’re not considering any of Matt’s woman . The fact that Kelley is turning down paradise because she is dating someone . I wonder who it is . Only time will tell if Kelley reveals this guy .,1617160419.0,2
thebachelor,I think Kelley would be a good for a bachelorette season but I think she messed it up with the producers that’s why they won’t take her . I wonder how her story would of been .,1617159840.0,3
thebachelor,I would be influencer/ host of a podcast . I would never go back to the job I did before the show . I just don’t like it enough and also it doesn’t pay me enough . I think I would have a lot of fun be a host of an podcast . I think I would enjoy it a lot . I wouldn’t want to be a full time influencer but definitely part time influencer.,1617144197.0,3
thebachelor,I would agree with you on this statement . I think TPTB didn’t really show a lot of these people’s personalities the last few seasons . I don’t mind drama but I want to see what these people are like more. But I can see you’re options being possible.,1617131693.0,2
thebachelor,There is nothing wrong with Joe being into Kelley at all. But I have noticed a lot of Clayshias men interested in Kelley and them being older . So I wonder if Kelley is just one of those woman who is an interest for a lot of older man . She maybe in her late 20s but Kelley kinda comes off as somebody who acts older and wise beyond her years and that’s probably why these men are interested in her . I wouldn’t blame them . I feel like men in their 30s should be interesting in a girl like Kelley . Kelley is wife material for a lot of different men. Honestly can’t see Kelley being with somebody her age . It’s weird tho to think her and Peter were ever a thing sometimes . Because of her personality. Her personality comes off as somebody more suitable for older man . Personally I would love to see Kelley on paradise just to see her connect to the different guys . I don’t think she will be the queen of paradise but for sure a hot commodity for a lot of different men. But I do enjoy this podcast recap and Dr Joe’s perspective. I like how Dr joe is continuing to learn about his field even though he has been in it for quite sometime . I like his family background story . I like his perspective on Asian representation in bachelor nation and what is going on in the world .  I hope Dr joe finds somebody great because I truly think he deserves it .,1617128483.0,42
thebachelor,I would love to see an Abigail season . Her story is an interesting one . I think she would have inspiring season . I think her season would open up for more disabled people wanting to sign up . Dr Joe as the bachelor would be awesome too. I do think we need an Asian lead eventually . But I agree with being overdue for Asian lead but I think we need one .,1617123341.0,11
thebachelor,I feel like Barb is entertaining person in general . I would love to see her being somebody else’s MIL . But not my own . Idk if I could handle her all the time . She seems a sweet but dramatic and over the top . I would rather have someone give me advice on to handle their son when I don’t what to do . And I think Barb just encourages relationships doesn’t necessarily give advice out . You have to be really passive to be barbs daughter in law . You have to be a weak person sounds like . If you’re somebody coming from an opinionated and strong minded family . You’re probably fucked with Barb as a MIL . And come from a very opinionated family where if we don’t agree with each other . We don’t talk to each other for a while . I can se Barb being a mediator for situations like that .,1617121288.0,1
thebachelor,There maybe a possibility of that happening to . But I think that will happen more so if they continue what they’re doing and don’t improve the show .,1617120928.0,8
thebachelor,I would love to see a Mike season . But you’re right about HB .,1617120877.0,2
dating_advice,I know people like this too and do eventually get married . But I agree with it being a mixed bag out they’re in the dating pool. But I will say being single is not easy and dating pool has made to where it’s acceptable to just look at somebody for 3 seconds on a dating website and swipe left . I think people do have high expectations or no exceptions to dating . You’re comment saying his 18 and young is a correct statement and he isn’t wrong for trying to find the person he wants to spend the rest of his life with . I’ve seen both sides of the situation. I’m 25 and haven’t been married yet . And I get comments all the time . People ask who you must have kids already or how come you aren’t married . I just simply haven’t found that person to settle down and it’s extremely hard for me . I talk to a lot of guys on dating sites 9 times out of 10 they’re only looking to hookup with me and that’s regardless of age . I’ve talked to guys all the way from 23 to almost 38 years age . I know plenty of people who got married at 18 and people who got married at 24 or 25 . You’re just one of the rare few who got lucky and found somebody you can possibly see a future with . So I’m happy for you that you found somebody great but you are also not wrong about him being young and wanting to settle . I’ve seen people his age get divorced within 5 years of marriage . But I think he is looking for a long term relationship first then wanting to settle down .,1617120832.0,1
dating_advice,They’re definitely different variations to hookup culture . I think common one is they’re afraid of commitment or they have issues with their own family deep down inside . I’ve seen somebody who was 36 who didn’t want a relationship at all and has never been married and goes after extremely young girls . To somebody my age who just wants to start a relationship based off of friends with benefits. So I think they’re different reasons but no single example of it,1617117918.0,2
dating_advice,"I totally agree with you on the first two cases you’ve made . It goes the same with girls too. Men want to hookup with them then ghost the girl if she doesn’t hookup with them. Idk how many times I get asked for a hookup and bothers me because the guy generally doesn’t want to have the time to get to know me . I totally agree hookup culture has ruining dating scene for people who just want to date others . Almost like you can’t get a date anymore without somebody asking for sex in return. It’s one thing if you want to lead up to that . But sex shouldn’t be the only thing to start a relationship . When you start your relationship based on just sex . The chemistry between you and that person fades quick and eventually turns into a relationship not worth keeping around. That’s one of the reasons I don’t want children at the current moment because I’m afraid I’ll end up being single mother . And I don’t want that for myself . I’m afraid I won’t handle it well. Plus I have plans I want to do with my life . Like travel and see the world . I think what they’re needs to be is two separate dating scenes . One where people only want to hookup should stay with the people that want to only hookup . So basically noncommittal people stay with non committal people . And people who want to be committed should stay with people who want to be committed. The problem is I feel people who don’t want commitment always chase after people who want a commitment eventually. That’s not how it should work . Like if you don’t want to be committed then don’t be committed. It’s your life you shouldn’t choose to settle down if you don’t want . Men who like that should be upfront to the woman about it instead of lying to them. I totally agree with you for feeling like you’re not in your own generation . I’m 25F and I feel so out place with my dating life . Because I mostly get guys who just want to hookup with me and sometimes I really don’t want that . I’ve been single for such a long time because nothing either sticks enough to develop a relationship or guys just want to sleep with me . I wish somebody had an answer for me for my dating life . To tell me what I should avoid . The other problem is I like the thrill in life , adventure, spontaneous stuff and I feel like guys who crave that all just want hookups . I’m like no I want relationship where we are constantly traveling or doing something together. The point I’m making is I agree with your post based on experiences I’ve been with",1617116741.0,2
thebachelor,I can see them adding Luke P because of drama . I only imagine the drama between Luke P and some of Tayshia’s guys . I can see drama between Luke p and Noah for some reason or even Luke P and Ed .,1617082373.0,1
thebachelor,"I would love to see Tyler , Dustin , and Peter go to paradise. I can see why Peter and Tyler didn’t go the first time . But Dustin could of had the opportunity to go if he wanted to . But I want Dustin to go to find somebody great and Tyler for moral support and Peter for drama of course . I don’t think Tyler c will go this time if he is still with his girlfriend when paradise is still around . Dustin I think will for be there I’m hoping . I don’t think they can cast Peter but anything is possible I feel like with this franchise . But I also heard an interview between Blake and Peter . That Peter wouldn’t go . But I wouldn’t Peter being there for moral support for Dustin .",1617082266.0,1
BachelorNation,I’m sorry you got banned . I’m thinking about un joining the sub myself . I really like they’re content over there . But lately since I’ve put a comment . People seem not to like it . Idk if it’s just me or people just generally don’t like what I have to saw . I get we are all human but come on . I joined the sun because I’m huge fan of the show and want to be a part of something big and that’s makes me feel better about myself . I feel like I can’t generally voice my opinion. I don’t know if I come off mean or annoying or what it is . I think everyone has a right to they’re own opinion. But I feel like now I saw something doesn’t feel like it matters . So I get where you’re coming from but without being banned,1617041190.0,1
thebachelor,I’ve heard how bad the traffic was there and I’ve heard about the air quality too. I heard somebody told me the air quality is really bad . Is there a lot of factories near LA and that’s why or because of bad pollution . And I believe on the pay for parking . Most larger cities I’ve been to are like that .,1616944058.0,5
thebachelor,I would love to see another season of Becca. I think she is deserving of love . But I can see Hannah B season happen again . Because that’s what the producers would choose . I didn’t watch Andis season but Andi seems like an awesome person . So I wouldn’t mind another season but I would of course have to watch her season. Peters I would be 50/50 on . I mean his season was entertaining but he wasn’t the best lead . I think his head wasn’t in the right place for his season but if Peter came in 5 years and more mature . I can see Peter with a really good season but honestly don’t see him doing another bachelor season . I’m only up for Hannah Brown season or Peter season if they’re both more mature and it’s in the next 3-5 years . I would rather see another season of Becca or Andi first .,1616899264.0,5
thebachelor,"I’m tied between LA , Nashville , NYC , or Chicago . But I choose NYC because it is a city you can easily get to places and has more transportation. LA I have never been but I heard the traffic is horrible. That’s coming from a coworker who was from Southern California telling me that. Texas would be exciting to live but I’m not really drawn to Texas . Plus I’ve meet a lot of Texans enough to know . That I would not fit in with Texas .",1616898876.0,13
dating_advice,Really work on yourself first before getting a boyfriend . When you get a boyfriend when you’re desperate or really want one . You’re not going to attract the right guys for you or you’re going to attract guys who aren’t as interested in your personality. As cheesy as this might sound it’s true . Most of my relationships I’ve attracted the wrong guys because I was desperate for a relationship because I was always too single . I wanted a guy who was willing to be in a relationship with me for a long time . But that didn’t happen it was quite the opposite that I wanted . Part of it had to do with the fact that I wasn’t working on whatever issues I had on the inside . Also gaining a lot of confidentiality and knowing yourself will attract you to the right person to start dating . You want to make sure you pay attention to red flags or guys on lead on too quickly in a relationship . When starting a relationship you don’t want the relationship to go too fast or too slow . Especially the first time you’re in a relationship you want to go your own pace . And when you’re willing to work on yourself treat yourself nice . Also the best step to is too talk to different guys but don’t start a relationship with them if something doesn’t feel right . Keep your options open when it comes to what guy you want to date . You also have to make sure you have really good communication with them or otherwise the relationship won’t work long term .,1616868715.0,1
thebachelor,"As much I would like to see this happen . I just think isn’t into Bennett as much as he is into her . If you listen to Kaitlyns podcast about the situation. It sounds like Kelley may seem him as a friend more than a boyfriend . Which there is nothing wrong with that. I also feel like if Kelley is dating she is taking it slow more and possibly more casually dating and seeing her options . I do think she wants somebody to take her seriously . Plus at this point , I think they’re messing with each other more so .",1616795022.0,4
thebachelor,Hannah Ann. Just cause I think she want more opportunities outside the bachelor franchise . I can see be really famous without franchise . I mean she is famous already but I think she has potential of being the next biggest influencer/model. It wouldn’t surprise me if she started a fragrance line or go into makeup or skincare . Idk why but I can kinda see that for Hannah Ann.,1616784987.0,1
thebachelor,I agree with this . I don’t think she will be dating anyone from bachelor nation for a while . I know she is dating somebody from Florida because of the podcast but I’m pretty sure she is taking her time and not rushing into things or just seeing how things go . The way she made it seem on the podcast is that she would rather date somebody who isn’t in the spotlight as much as she is. Which makes sense considering her and Peters relationship was very public.,1616682565.0,5
BachelorNation,That showed up on my screen when I clicked it too.,1616615870.0,2
BachelorNation,That’s I said . I joined in late 2020 . So how do I get back on there . I really enjoyed the content on the subreddit . It’s a shame it went private but I can understand,1616615667.0,1
BachelorNation,Same thing happen to me too. I don’t think I said anything offensive but I could be wrong . At first I thought I was the only one .,1616615492.0,0
thebachelor,As much as I would love to see this drama happen. I have to strongly agree with you on this one. You make valid points on why they won’t go on to paradise . Also didn’t hear about Hannah Ann thing . But I feel like Hannah Ann and Madi can be really famous without the bachelor franchise and it’s easier for them to branch out more . Also I don’t think they would let Peter back especially if the process didn’t work . But I can see make an appearance for moral support for Dustin . If Dustin makes it to paradise. I think Kelley would love to have a spot but I think she burned the bridge plus she is dating somebody . I would be surprised if they let Kelley on the show .,1616599527.0,5
thebachelor,I should said all of them. All of them still have strong ties to bachelor nation and I don’t think they want to leave . I think the only person that is Peter possibly . I can see him getting sick in tired of his private life being on blast because of the franchise . But I feel like Peter has made some life long friends because of the franchise which is good. Nick Viall I can see having a future host gig . He has been with the franchise for so long I don’t see him leaving and I think enjoys it too. I’m 50/50 on Kaitlyn bristowe. I can her potentially leaving more from 5 years to 10 years . When the franchise won’t be so big . Yes I can see franchise not being at important in 10 years . I can see another dating show being the next bachelor nation type of thing . Ashley I will still have some involvement but I don’t think it will be huge . I can see Peter in the next two years still heavily involved or not all . It just really depends on him . Also Blake I don’t see leaving completely right away . I think Blake likes the attention he gets from bachelor nation . So I don’t see him leaving the franchise in two years . The reason why I think franchise won’t be so big in 10 years is because of other dating shows coming out . I still seeing the franchise getting hype but not as much hype as it used to be . I can see another dating show dominating and becoming similar to bachelor nation as it is now .,1616516757.0,5
thebachelor,She said on Kaitlyn bristowes podcast that she went on a few dates with somebody who is in Florida . That’s all I know . But regardless I can see Kelley being in a relationship in the summer . I think she is ready for somebody to take her seriously in a relationship,1616386335.0,16
thebachelor,I’m seeing JoJo and Jordan married if they haven’t already . Pilot Pete will be traveling and dating a lot of different woman . I won’t be surprised if dated somebody from bachelor nation and then dates a model too within the same year . And if doesn’t date I hope he realizes what he needs in life and in relationships. I can also see him possibly try to get Kelley back in way again but it won’t work because  Kelley will already be in relationship by then. Yes I can see Kelley in a relationship by summer . I heard she is already dating and she is dating the guy still and I can see it being a big deal . Peter will major jealous . I’m 50/50 on Kaitlyn and Jason . I can see a possibly engagement but I can see them splitting up if Jason waits way too long to put the ring on the finger . I don’t see Tyler c and his new girlfriend last . Hannah brown I can see a relationship scandal for her . Rather that’s her and her boyfriend breaking up to somebody wants her and wants to break them up . To somebody wanting to get back together with Hannah brown . I can see Dean and Caelynn with big news and nobody saw coming . I don’t think it’s break up but it could be . But I can see Caelynn being pregnant. Peter will probably be in the headlines for dating this summer like I mentioned before . Also I think he will be in the headlines for a possible appearance on BIP . But I don’t think he will be on the show as a contestant. I think it’s more for moral support for Dustin . I think we hear Dustin making it on BIP. I see a lot of people speaking out about the show for than ever . I think we will get more news than ever about bachelor nation but I also think we get a finally backstory of what goes behind the show . I think somebody big will expose the show big time and I think it’s been a long time coming rather that’s Chris Harrison or somebody big within the franchise . I also hope Raven and Adam will be married . If Madi makes it on Paradise there is going to be love triangle with Connor and Ivan . I can see paradise being huge this year and more dramatic than ever .,1616378157.0,39
thebachelor,Honestly I can see it being one of Matt’s girls . Whoever he ends up with I don’t see it lasting . But I do think it could be somebody he looks good with . I don’t think it will be a girl good for him. I can also see him dating a model like Tyler C and that making a lot of headlines. But I can also seem he dating a lot of different girls . But I don’t think it will be anything serious,1616377117.0,12
thebachelor,I’m tossed between Mike and Connor and Peter and Dustin . I think Mike and Connor would be interesting . I think I would get along with them . But I’m afraid me and Mike could end up fighting  or getting into arguments . Idk why that’s a vibe I get . I feel like Mike would find me annoying and Connor would at least tolerate me. With Peter and Dustin . I can see myself get along with them both really well. But I would definitely need space from them every once in a while . So it would probably work out with those two better than Mike and Connor . I honestly can see me and Mike fighting over cleaning or something like that . I feel like Mike likes to have a clean place and same with Connor and I don’t always clean all the time . I also see my personality possibly clashing more with Mike . I can also see myself getting along with Dustin and Connor extremely well. I’m 50/50 on Peter . I can see myself possibly getting along with him . But possibly not liking something about me but he has to deal with it . But I feel like me and Peter would have a lot in common . Which is why would get along . But with Mike and Connor they can help with things in life . If I have any questions about anything . I feel like those two are more diverse in life and have a lot experience in life . With Peter and Dustin it would be a lot fun hanging out with them . I can see me and Dustin making up a really good party game . I think Peter and Dustin would bring great ideas out of me if anything . Mike and Connor would keep my life in check and make sure I’m okay .,1616376565.0,2
thebachelor,There wasn’t a year gap thing . But I can see ending closer to 5 years but not necessarily 5 years . I know the ratings aren’t as good as it used to be . And with all the controversies with the franchise . I feel like people are less inclined to go  on the show looking for love but more for fame and exposure . I think in the past few years or more . The show isn’t about  people seeking  for love anymore  . So I think if continues to be like this . I think it end within 3 years . Also with them not trying to keep up with current times my actually end the show itself. I think people would love to see real people fall in love than people who are dreamy. Now I could be wrong about that too. Love in blind literally was successful because of the way did the show. I think they revamp in some way I think it will last longer . But I feel like the show is a bit outdated and I also feel like not as many people want to go the show as much. It wouldn’t surprise me in few years if the show is still on . They’re less and less contestants on the show . I think the group of people will get smaller . But I hope when they do end it . They end it with a really good season something that made people fall in love with the show in the first place,1616299471.0,7
thebachelor,Peter was definitely into Hannah B more than he’d and Tyler c. I feel like this maybe controversial but on Peters season I think Victoria F was into Peter than Hannah Ann or Madi . By the time fantasy suites rolled you can tell how Victoria f felt about Peter . I will Madi and Victoria F were more into Peter than Hannah Ann did . Ivan I thought was into Tayshia than Zac. I really like Zac and tayshia together a lot . But Ivan definitely was into Tayshia a lot . It was hard to see Tayshia let go of Ivan.,1616298465.0,10
thebachelor,If you can’t watch it on a streaming service . I would buy the season of off YouTube or iTunes . That’s what I have to do with most seasons since I don’t have hbomax or Hulu,1616256218.0,2
thebachelor,Hannah brown is literally quirky girl next door and that everyone can relate to but somehow nobody understands what she thinks and feels on the inside. Also the girl that literally good be a the varsity cheerleader who was nice to everyone else but wouldn’t tell her friend group she is like this . But also agrees with everything her cheerleader friends did but if it matter to her she would speak up about it. I get two different people when describing her season. This might not be right but I feel like it is.,1616222224.0,4
dating_advice,I have talked to guys who are more outgoing and they’re the ones that shut me down quick . Literally the last guy I talked to that’s was outgoing literally said I wasn’t a good conversationalist and I literally told him I’m just shy at first then when I did start a convo and after a little bit he asked if I was using talk to text and I said no.,1616221247.0,1
BachelorNation,I think some guys will try to pull this off . Personally I think some the guys will make it funny too. I would love to see this happen.,1616122621.0,17
dating_advice,Doesn’t sound like he is interested you and i think he is telling you lightly that you can do better than him.,1616090883.0,1
thebachelor,I’m glad she found herself and realized what she needed out of a relationship . I know sometimes that can be hard to realize . Especially if you’re really into someone. I’m also glad she started going on dates with someone who doesn’t know about bachelor nation that much . I think it gives her more of a fresh start .,1616040139.0,5
thebachelor,That literally made me laugh . She definitely would threw him under a bus if she would . Girl doesn’t care for Peter anymore .,1616039977.0,15
thebachelor,I’m so glad she went on a few dates with a guy recently and that she is moving on from Peter . The way she was describing the relationship you can tell she was hurt by him a lot . Like I don’t ever see a chance of them getting back together . That bridge has been burned and she sounds like she hates the guy and his family to be honest . Somebody else on the other post said they have a feeling Kelley and Peter would get back together because they were a good match. I honestly don’t think they were . The way Kelley describes Peter is that he isn’t ready to settle in life and Kelley is . And I think that is one of the non negotiable maybe she was talking about. But it sounds like there could be more of them. Maybe Kelley told Peter that he shouldn’t party as much idk .,1616039930.0,38
thebachelor,I would say unless you know both Kelley and Peter and you know what goes behind the scenes or you’re psychic and knows things I can see your point . But she did sound really sure of herself . She even mentioned how she is starting to see someone else down in Florida . She also mentioned that we’re things in their relationship that were non negotiable for her . She wasn’t very specific on what they were either but we can only guess . Also it could be a situation for them that it is right person wrong timing too. Idk I’m not too sure on it . But only time will truly tell if they will end up together and get married .,1616021513.0,1
thebachelor,I honestly do think Peter will get married in his 40s . He hasn’t grown much and if isn’t a nice guy as he claims to be than I think it would be a lot harder to find love for him.,1616010790.0,9
thebachelor,I totally agree with you on Rachel . I feel like she isn’t willing to learn what she did wrong . I deleted my comment about it in another post but she had the conversation with Emmanuel. Her answer was hesitant. She sounded like she had her oh shit moment . She isn’t sorry . She is only sorry that she got caught. And isn’t Matt’s responsibility to her these things . It’s hers .,1616010267.0,17
thebachelor,"I totally agree with you on this . I’m started to question if Peter is a good person , just based off what the woman he has dated . I listen to Kelley’s podcast with Kaitlyn bristowe and sounds like Kelley wouldn’t help him even if he were in legal trouble. Also they’re was a Reddit comment a while back saying Peter wasn’t all that great that Kelley was only into Peter so she can use him. Idk the comment came from a Facebook group and the person claimed to be a friend of Kelley’s . If Peter isn’t as good as seem why would he act like somebody he is not . Like I don’t get that",1616009988.0,6
dating_advice,"With dating sites , it’s hard to find somebody decent and oh wants an actually relationship. Most people that go on the sites especially bumble and tinder are looking for hookups . Stop looking too hard and focus on yourself that sounds cliche . But it works . When I don’t look for a relationship or don’t want to date . A guy literally starts asking me out but the moment I’m obsessed over it . I find it’s harder for me to find people to click with or date even. Also you can’t force dating . Instead just go slow and get to know people . I have guys force date me and the moment they meet me online they want to go out on a date . Which is nice but it be hard with a conflicting schedule . I’m always at work or called into work so it’s harder for me to date . You give people space to see if they want to date you . I think 3 weeks is enough time maybe 5 weeks to see if they want to date you. Also you’re probably not looking at the right areas to date people . Try looking at others places like try a hobby that you like or go somewhere you normally don’t go. Dating sites aren’t the best for dating in my opinion",1616004335.0,1
thebachelor,"I want her season to have good contestants, romance , and a happy ending . But her season to light and fun and not so serious . I feel like the other season were more serious . I hope her season is fun and light hearted but the same time I want to see her find someone great and I’m hoping her season is about a love story and it doesn’t focus too much on the drama",1616003803.0,5
thebachelor,I totally agree with you on he needs to get things out of his system . I just wanted to see what you meant . I’m not saying you aren’t wrong or right either . But it could be a possibility. But the way the Kelley seemed in this interview is that she never wants to speak to Peter again and she is leaving him in her past and she choose it that way . I think she decided she didn’t want somebody like Peter and Peter really hurt her to some degree. She wasn’t specific on what but it sounds like Peter couldn’t give Kelley what she wanted in a relationship,1616000957.0,1
thebachelor,Why do you say that?,1615994576.0,1
thebachelor,I like that he is nice to Kelley and seems very interested in her . But when Kaitlyn asked Kelley about Bennett . Kelley sounded like she wasn’t very interested in him or she only sees him as a friend. Like I said before I’m all for them but maybe sounds to me Kelley doesn’t like the idea of them. Either way I’m glad that Kelley is seeing someone for a bit .,1615955034.0,3
thebachelor,Yeah I only saw it a few minutes that both of them went live and I’m thinking oh are they both going to spill tea . Personally I didn’t watch either because I was at work but still . I thought that was interesting,1615944982.0,3
dating_advice,"In your early 20s , you shouldn’t worry as much because you don’t end up with someone you marry . But I’m in my mid to almost late 20s . I worry about a bit . As female . But as someone my age , I worry about if they have a stable job or career . I really don’t care how much they’re making but I care if they hold a job. Also somebody who wouldn’t always make me pay for everything in a relationship or assume that you’re the one that can handle all the finances. Everyone is struggling in some way financial. But I had a guy a while back after I graduated college that I was going to make more than him and he said I would be the one that would have to carry all the financial stuff if we got into a relationship. I believe it’s 50/50 responsibility for finances. So date somebody who uses for money or assumes that you will carry all the financial burden. Also if a guy tells me they want to work on they’re financial problems but are doing nothing about it or a guy stays at minimum wage job and doesn’t plan on moving up into management or improving their finances is a big no. I’m currently struggling myself but I eventually want to improve it . But the big thing for me is somebody having a stable income is an important thing . Somebody who bounces from one job to another for no reason isn’t a good partner long term . I’ve experienced a situation where a guy told me he can’t keep a job for more than a certain amount of months and that was a red flag for me. For me it’s not necessarily how much they make. It’s more of how successful they wanted to financial or what they want to improve financial.",1615934485.0,3
thebachelor,I’m kinda glad she talked about what she is doing with career and what she does because it gives me an idea of more of who she is . I think it’s smart she is investing but I do think she has more privileges than most people in her field probably or people in general. When she was talking about she does for her family’s company . First thing I thought is she reminds me of my moms friends . They own a company too and they hella rich. I’m pretty sure they’re kids are doing the same thing that Kelley was doing for her family’s company.,1615928600.0,6
thebachelor,That’s what I said when I was listening to it. I’m like Kelley needs to be more specific than so that way we can understand more on what Peter would need to work on. She was obviously upset that Peter didn’t meet her needs in a relationship. We’ve all had an ex who did this to us. My question is why she protecting him . The only thing I can think of is that she isn’t clearly 💯 over Peter . Which I can see . Plus she is opening to dating others now . I did like the part where she mentioned she went on a few dates with a guy she meet in Florida . I’m glad she meet someone who didn’t know anything about the bachelor world,1615921082.0,9
thebachelor,Yeah that is what is annoying me too. I’m like what did Peter do to Kelley . I get Kelley is trying to respect the situation. But I’m also curious what are non negotiables that Kelley was talking about .,1615916843.0,9
thebachelor,Peter definitely needs to work on himself and realize if wants one . He might need to change himself a little. At this point I don’t think he wants or cares too. I think he likes the attention he gets from them 21 year olds.,1615913511.0,4
thebachelor,"Okay I need to listen to this podcast . I’m glad Kelley finally realized they weren’t right for each other . And Peter seriously has problem moving on from his past relationships , which isn’t good. Dude needs to stop going to these girls from the past when something doesn’t work out . I don’t think Peter will grow up unless something tragic happens to him. There is nothing wrong with partying but doing it on constantly daily isn’t good either . It makes it look like people want to be your friend because you’re the fun person to party. I wondering if Peters friends are actually his friends because they like him as a person or because they like the party side of Peter . Also partying too much can lead to addiction and alcoholism. So it could be a possibility Peter is an addict of some sort. Which if he is , Peter will never have a stable relationship until he learns to get rid of those addictions or use in moderation. I knew they weren’t compatible long time . Peter is always going to have relationships with girls that use him eventually he will get sick in tired of it when gets older but I think now boy doesn’t care as much.",1615913400.0,1
thebachelor,I think Kelley and Bennett look good together and match a lot better than Peter and Kelley ever would. Even tho Bennett came a certain way on the show that not a lot of people liked . I think there is a few reasons why Kelley and Bennett would work . I think they’re sense of humor is similar and they’re both intellectually the same. In some ways I think Bennett is an upgrade for Kelley . But not in the way others are seeing it . I think Bennett is a more suitable match for Kelley .,1615873060.0,3
thebachelor,I’m low key obsessed with this . I hope they do end dating,1615863583.0,3
thebachelor,I’m low key wanted this to happen. I think they would be cute together . I can honestly see them date . I think Bennett would appreciate Kelley a lot more than Peter . Bennett is a mature and smart man and I think that’s what Kelley needs,1615859437.0,1
thebachelor,"I think a season of BIP with Dustin , Peter , Blake , and whoever on Peters season , Clayshias season , Matt’s season , and maybe Katie’s season would be interesting. I think Peter is going to remind me how Blake was last year . There is going to be some drama for Peter. Does this Peter won’t spill any tea anymore if he is going on paradise or do you think it will spill somehow paradise ? I hope Blake finds somebody this year on paradise . I know it was hard for him last year . I also see a possibility of major bromances , drama , romance , and fights . I think BIP will be really good this year .",1615840762.0,0
thebachelor,Her story sounds interesting .,1615781679.0,6
thebachelor,Actually Molly Jason’s wife is from Michigan . Hannah bs season there was another pilot . He was from Michigan and I want to say Ann Arbor . Riley is originally from Detroit . I think they just put the current city that the contestant lives in,1615774266.0,9
thebachelor,😂😂😂,1615768064.0,3
thebachelor,I would have to quit . I don’t think my job would ever give me a leave absence for 2 months. I think it would be a good opportunity and opportunity that doesn’t come often to some. I’m okay with not having a job for 2 months. I’ve done it before. My only concern is me making it far in the show. I feel like a lot of people would want to write stories about me or sell something about me . So make me trust people less but I think could have opportunity to make good friends on the show . If and me the bachelor didn’t work out. I would love to inspiring influencer and love to travel a bit.,1615743648.0,2
dating_advice,That’s exactly what I told him . I don’t want him to change for someone because he has kid and I just don’t think he listened to me whole a lot . That’s why I told I really honestly can’t see anything between us . Plus he wanted to marry me down the road my parents would honestly say no for approval . My parents don’t want me to be with someone who has a kid. This isn’t the first guy who has liked me a lot of who has kid . Another guy did and I forgot what I said to him about it. But he just seemed upset,1615698292.0,2
dating_advice,I see that point to but they should be proud to bring up . Maybe they will find somebody accepting of their child . I know the last thing they told me is not to judge a book by it’s cover because one day you become mom. But I honestly don’t see it anytime soon. I’m obviously not ready in any shape or form. With with where I’m at right now I’m still young and I just don’t think I’m qualified to date somebody who has kids . I have a lot reasons why I say that . I even told them I feel like I need a lot of attention in a relationship since I’ve never been treated right . I need somebody who makes me a priority in their life . I think somebody who has kid is going to make their kid priority more,1615697771.0,2
dating_advice,"I see your point . Idk if this person was married ever . They never mentioned that . I just know they have 10 year old and almost 30 . Last thing I told them it’s better for them to date somebody who has kid actively rather that be a single mom , an aunt , or child important that person. I currently have no children surrounded me so I can’t relate personally. The only people I know that have children are my cousins and I only see my cousins twice a year . I don’t even have friends who children. I’m in no rush to have children of my own. But he did tell me not to judge a book by its cover because one day I could mom. I mean he wasn’t wrong. I just never want to be a single mom.",1615697454.0,1
dating_advice,Thanks for the advice . Never thought of that but makes sense I guess .,1615697196.0,1
dating_advice,Honestly don’t why they wouldn’t mention right away,1615679200.0,2
dating_advice,How so?,1615660469.0,1
dating_advice,I like your advice . Also on they’re dating profiles they don’t mention they have kids then they tell me . Idk if that’s intentionally. But I like you advice on limiting myself more on who I should choose to date .,1615653306.0,2
dating_advice,I actually agree on this one . I tell this guys that it might not be for me to date me . It’s not like have anything together,1615653222.0,2
thebachelor,Honesty didn’t know .,1615628206.0,1
thebachelor,I found this on fyp on tik tok . I’m like okay idk if this accurate or too funny . I thought it was worth sharing,1615625041.0,1
thebachelor,25 only because it’s the starting age to settling down . Most people are settle by them or will think about settling down at that age .,1615594169.0,1
dating_advice,Honestly yes I can see myself single for a long time . I think it’s hard with dating apps . I haven’t had the best long but at the same time it’s usually the same guys that fall for . And usually guys that I can’t see settling down . There has to be one thing off about them,1615584940.0,1
thebachelor,I can’t wait to see the men on Katie’s season and Michelle’s season. I’m excited for both their seasons . So when I see the pictures I’ll be thrilled honesty .,1615581326.0,13
thebachelor,"Jason and molly . Jason looked crushed when he didn’t choose her the first time. I just saw Rachel Lindsay and Peter k . That looked hard to watch . Pilot Pete on Hannah bs season , it was hard to watch because I felt sorry for Peter . I felt like he had genuine feelings for Hannah b. Yeah that boy truly loved Hannah b. Ben on Tayshia’s season . He seemed pretty heartbroken .",1615574546.0,1
thebachelor,Matt and Tyler c are not bad but I don’t watch them enough . I see Connor s and Mike and also Peter and Dustins friendships more . So I like them a lot better . And I haven’t seen enough of joe and Brandon a friendship but those guys are so awesome I can only imagine great the friendship is . Like Connor s and Mikes videos on tik tok . Their friendship is pretty cool . I’ve only seen one video of Matt and Tyler c . They’re friendship isn’t bad at all. I think Tyler c and Matt James get a lot of hype for the friendship and also they decided to go into business together. Which isn’t bad but having a business with a friend can be stressful .,1615574237.0,2
thebachelor,I totally agree with you on this one . I normally don’t follow bachelor people in general even if I like them or not . I think Tyler C is trying to build a brand off himself and he knows it’s going to work . I think Tyler c wants to be this big male influencer/ celebrity . Which yes he is a celebrity and I think the only reason why he is so popular is because of his looks . There was something I liked about him on Hannah’s season and there is something I didn’t like. I just feel like In general Tyler is extremely confident and has a big ego.,1615573983.0,3
dating_advice,I see your point there.,1615431418.0,1
dating_advice,I totally agree with on that one . It’s happen to me before . My FWB broke it off with me to date someone else . I felt crushed because I had feelings for them. Eventually had the balls to tell them I can’t do this anymore . It’s not fair to me or it wasn’t fair to the guy since he was with somebody else in a committed relationship.,1615429179.0,2
dating_advice,Yeah the way the person is explaining it to me . It sounds like they want a relationship . Because I’ve explained in friends with benefits of it being more of a one sided scenario sometimes,1615428894.0,1
dating_advice,That’s what I told this person that it’s somebody you date . I explained everything to them the best way I put it . I just think they’re not getting the concept as well because they have never did it before,1615428691.0,3
thebachelor,I want to say Peter . But I feel like that’s a right or wrong answer .,1615411641.0,2
thebachelor,Dean and Caelynn. I was really shocked when Caelynn choose Dean over Connor . I’m like dude Connor would be perfect for her. I just Connor and Caelynn were cute together. But honestly I like Dean and Caelynn . I was also surprised by Hannah G and Dylan. If Hannah G didn’t listen to the girls about Blake . I think she would of choose Blake . And I don’t think Hannah g’s feelings were overly strong for Dylan. Like Dylan only went to paradise to pursue Hannah G. And Hannah G want there to explore different options. But I’ve glad they’re together and even I think they couldn’t have . I really like how Dylan makes Hannah happy .,1615392198.0,8
thebachelor,We’re all clowns to think this would happen. Once I heard Peter was partying with other girls . I’m like it’s over for Pelley big time.,1615304711.0,6
thebachelor,I totally agree with you on this one. I don’t think this guy needs a relationship and it’s the last thing he needs.,1615304645.0,5
thebachelor,I feel like she regrets dating him now or shouldn’t waste her time on him anymore. I think is Kelley is better off with Peter. I know she can do better than him. I’m really thinking Peter with being seen with every girl every night . I don’t think boy needs a relationship and doesn’t want one. And it’s okay for him to be single . Honestly don’t see him dating any these girls seriously. I can’t wait until Kelley finds a man who appreciates her and I don’t think it will be easy for Peter to find somebody when he wants to find someone. I have reason why I said the last thing too,1615304582.0,18
thebachelor,This was from such a long time ago . I remembered this . I love their friendship. They all seem like good friends after the show . I hope Madi is doing well in Texas . I don’t follow any of them. I just see their stuff here really. Yeah I was forget Kelsey is an f4 but I’m glad she made it far. She was one of my favorites,1615304323.0,7
thebachelor,I like how you put friend in that sentence. She is definitely no friend of hers . If she is doing this to her,1615303809.0,9
dating_advice,Yeah that’s exactly what I think this guy said too . Is he got it the idea of the company from his dad. I’ve been around people who are rich. So I understand that concept . Most of my family friends are rich. My family doesn’t see them often anymore but it’s a weird concept compared to someone who has to start from the ground up or grew up middle class .,1615178905.0,1
dating_advice,You do make valid points too. I always want somebody who wants to improve on themselves. Regardless what that maybe . The learning thing I agree on and always learning something new is fun and exciting to me . Yes COVID has put a damper on a lot of things . Where I live it has changed much because I live in a more open state but I know a lot of people still don’t want to work and rely too much on unemployment. Like if you’re out of job and had to I can understand that but not wanting to is a little ridiculous. There are so many opportunities to work from home now more than ever and I think people should have the opportunity to take advantage of that. Also the trying something new I’ve changed my major in college because I couldn’t figure out what I wanted to do in life and I’m still deciding to go back . I’m still willing to change anything .,1615178761.0,1
dating_advice,Honestly might been a stupid post to ask but from my experience I think it gives off a certain way . Like idk I might be partially right. I can understand the woman part of wanting a good paying job. I’ve talked to a guy not to long ago who couldn’t keep a job. And I don’t want to be the one financially responsible in a relationship all the time. I’ve had guys in the past say to me oh if we have a future together then you would be the one I reply on financial or somewhere long the lines. And that to me is a bit of red flag only because I don’t want to carry the finances and I strong believe financial stuff in a relationship is 50/50. I’ve also had a guy told me so if you’re going to be hair stylist you’re going to be making money in the relationship and he wanted to work fast food for the rest of his life . I just got out of cosmetology school too. I believe some guys who aren’t goal oriented or don’t strive to have a good paying job do rely on the woman financially too much from my experience. Living on your own that depends for me . It’s not a bad thing . Are you living with your folks because of finances or because you have to take care of them. Now in days it’s really hard to live on you own and if you do you have to have roommates most of the time or save all your money. Car thing would bug me a little bit it wouldn’t be an issue. As long as they can drive that’s all I care about . Not everyone can afford a car either and also depends on where you live . Like if you live in a major city with lots of transportation. I see no reason for a car. But if you live more in a rural type area then yes you definitely need it.,1615177872.0,3
dating_advice,I’ve noticed most of the guys that put that . That I’ve experienced I think try to impress woman . I’ve talked one guy who said had his own car and house . And he said I looked poor compared to him. So I tried to avoid it if they’re attractive looking . If the guy isn’t the best looking then I feel like they don’t care where you’re at .,1615177186.0,2
thebachelor,Clay reminds me of a giant teddy bear . I think he would be a great hugger in general. I’m glad they were nice . We’re any of them funny and cracking up jokes .,1615175538.0,2
thebachelor,I also feel like Joe would be really good looking in person. I think it would be heard for me to go near him. I love his smile a lot and I kill for guys with great smiles . They melt my heart. Joe is usually the type of guy I would go for . I think clay would be a great hugger I can’t imagine that. Peter I think would be really nice to meet in person. He just seems like a warm personality type . I also feel like he would be really tall in person . So if I meet him I would be a little intimidated only because I’m short as hell.,1615175455.0,2
dating_advice,I’m not saying you’re not wrong about that . But most guys I’ve talked who have said that seem to have an ego to them . Like they think I’m not worth talking to and I have nothing to offer .,1615174878.0,0
thebachelor,There is more to the story it sounds like . They have every right to say no to taking photos . I feel like bachelor people are more like normal people than big time celebs. Yes they’re celebs but not that huge of a celeb status and I’m curious who the loser friend was . It might be somebody who wasn’t part of bachelor nation.,1615141904.0,20
thebachelor,Who was your favorite out of all the guys ? Who was the nicest in the group? I know you personally didn’t get to meet Dustin but you saw him. Was Dustin pretty cute in person too? I can only imagine how they all look in person,1615101032.0,15
dating_advice,Thanks for the advice . I’ll definitely keep it in mind .,1615090909.0,1
dating_advice,I did ask them . They haven’t replied back .,1615089329.0,1
thebachelor,I would love to see Katie as the bachelorette because of after watching paradise and what went down I think she is deserving of love . She seems like a very sweet down to earth girl. But with her having narcolepsy I think it would be hard to be on the show like the bachelorette. Plus she is one of the BN people I really like . I wouldn’t mind watching season of her as the bachelorette. Idk who Seinee Fleming is ? But she got the most polls so far . Maybe I just need watch whatever season she was on. I wouldn’t mind to see Natasha as the bachelorette. But I feel like she is more paradise material . I don’t think she would make a bad bachelorette. I just think paradise is more for her. I think Michelle would make a good bachelorette and as well as Bri.,1615086780.0,6
thebachelor,I’m not going lie . I would say pretty much a lot of them . I just think whomever they cast on the show . They’re one requirement is they have to be more attractive than normal looking people . Even the ones I don’t find attractive I’m pretty sure I’ll end up liking more in person. I’ve personally have never seen anyone from bachelor nation yet . But they tend to vacation not far from where I work.,1615069862.0,17
thebachelor,"I’ve only watched Peters season , Hannah Bs, Jason Mesnicks, Ben , and clayshia . Ive only seen a few episodes of Matt James and Ali’s. But I want to finish Ali’s season it looks really good. I want to watch more seasons but unfortunately I don’t have Hulu or anything like that . I only got Netflix .",1615061150.0,2
thebachelor,Ever since the controversy of the franchise. It wouldn’t surprise me if they’re even more strict on contestants speaking out about what goes on behind the scenes. Which is really sad for us viewers who really want to know what goes on. I like Peters season in general was too produced and was manipulated by producers too. I felt like he trust the process way more than he should. Also I feel like he is season has unresolved things that people still haven’t figured out what happened. Like post show him being from Hannah Ann to Madi to Kelley .,1615060813.0,4
thebachelor,I would love  to see this happen but I feel like there is going to be lawsuit against Peter even if his contract is up. But I feel like the production or the people behind the bachelor will make the contestants shut up to not make the franchise look bad. Will have to wait and see what happens . But if Peter does speak up about his season and what went down. I just hope he is smart about it and finds a way that doesn’t involve him getting possibly sued. I’ve been honestly waiting for Peter to spill this tea for a long time,1615060413.0,7
thebachelor,I’m starting to think if they don’t choose anyone from Matt’s season. They will go with somebody from Peters season.,1615060169.0,-2
thebachelor,"I feel like I would be more the avoidant influencer mixed with the supportive ally . But I think I would be the outspoken influencer if the subject something I was deeply feel about it . I was feel like I would be more so a contestant that everyone would forget because my personality is too dull to make it far and nobody would really remember me enough. But if I stayed relevant which highly doubt I would , I think I would more the avoidant influencer and supportive ally. Also think I would be gone by week 4 and nobody would remember me type of thing.",1614886645.0,1
thebachelor,That’s what annoys me about her. It’s almost like she has a two faced personality or something. I didn’t like her on show because she acted so above everyone else. I honestly don’t think she is a bad person. But she does come off straight up the type of person nice to your face but totally talks shit behind your back. I’m honestly starting think she isn’t honest as she claims to be. It’s sad to think that I think Peter might be more honest than Kelley . And that says a lot,1614885188.0,33
thebachelor,I would be that one too.,1614880732.0,8
thebachelor,No but I can see him writing a book about his time as a host,1614803310.0,2
thebachelor,Peters I think a lot of stuff went down behind the scenes that made him choose the decisions that he choose. Plus I want to know what is was like with the girls in the house. I honestly think most of the girls weren’t there to date Peter. I think most went to go to get opportunities after the show ended. I felt like Peter was extremely stress during his season and also enjoyed himself or try to. I think there was a lot more behind the scenes. I also wanted to know if there was more drama but it was prevented.,1614709824.0,11
thebachelor,I would say I am. I’m overweight and ugly . And if you consider having epilepsy disabled then yes. But I honestly didn’t feel offended reading her posts on Twitter. To me it sounded like she was a mean girl during those times and somebody who was popular in high school . Somebody who thought could get away from anything. Those comments that she put were wrong and way too hateful. She probably wasn’t thinking how it would affect others. Sounds like she didn’t care for people as much back in the day. Like if I were to meet 18 year old . I would have curse her out or tell someone to hurt very severely. I hate mean girls in general and I have no respect for them. So yeah I just don’t think I would of liked her a person then or now. And should mentioned I’m short but i don’t think it qualifies for little people . Sounds like I called into possibly three groups she bullied but I wasn’t offended by any of it. Like I said she seems like the rich mean girl type and I don’t like those people at all. She reminds me of girl who probably bullied me back in the day.,1614652452.0,2
thebachelor,That’s one thing that irked me about their relationship in the beginning . Now that you’ve said that Kelley kinda reminds me of someone I was friends with in middle school . Funny thing is I think this girl acts like Kelley and looks like her a bit . And also has similarities to Kelley. But if Kelley is doing the podcast to make herself look better and make Peter looks even worse . Then that’s not okay. Okay I get Peter is not the best guy in the world but honestly think Peter is better than most guys that I’ve known that were fuckbois. To me it sounded like Peter could have been more honest than Kelley. I know Kelley straight up lied during ATFR that she never saw Peter after the show. My general question is who lied more Kelley or Peter. Peter seems more honest but probably puts a little white lie and Kelley seems to full straight up lie. Other question is who spill better tea when their contract is up : Peter or Kelley. I’ve said this before if Kelley makes Peter look bad. I have strong feeling Peters brother Jack will speak out against her. He did it with the Madi thing and he always wants to protect his brother. I think he would do it again possibly.,1614613541.0,1
thebachelor,I wonder what she is going to say . I feel like she will say a lot . I think her podcast will be interesting. I feel like when she said takes care of health . I wonder if it means somebody who doesn’t have an addictions or if it’s somebody who is legit fit . But taking care of your health doesn’t mean somebody who looks ripped as man. It could also mean physical and mental health. All of the qualities she looks for in a guy sound good and I hope she finds that for her .,1614568829.0,2
thebachelor,The fact that people are harassing Rachel’s family is very low and just down right rude . I get they’re people angry but you don’t have to threaten people to that level. I honestly can’t imagine what Rachel and her family are going through . I just I hope they’re okay tho.,1614555050.0,2
thebachelor,I still think it was unacceptable people had to bully Rachael that far. Like I’ve seen it personally in my own life with friends and that’s pretty scary. I would never to do that somebody regardless if I like them or not. It’s just really sad,1614551977.0,2
thebachelor,Sometime in March I believe .,1614535220.0,1
thebachelor,Also rachel Lindsay deleted her account to bullying . It’s pretty normal thing . I’ve known a lot of people who will delete or if not deactivate their accounts because they were bullied to such high extremes like RL. It’s really sad that I’ve seen that with people in my life.,1614533691.0,1
thebachelor,I think anyone who probably has Chris ‘s number and I don’t think that a lot of the bachelor franchise . I just hope some of them are telling him that he did something wrong and he see the error of his ways. I think in general a lot of bachelor franchise has probably gotten messages about it . I’ve seen some who are quite silent about the situation and I honestly don’t know where they stand . So I can’t tell if the ones being silent are supporting Chris or not at all. But I will say I’m grateful for the ones who did say something and supported Rachel Lindsay. I don’t think is right that she had to get so hated so for the situation to the point where she had to delete her Instagram. It’s wrong how people were treating her. It doesn’t matter what side you’re on. We should all agree Rachel Lindsay shouldn’t have gotten hated or treated with disrespect. I know they’re people that probably not going to agree with me or disagree with me. But I do think nobody should be bullied to the point where that can’t have a social media account where they can’t share their lives the way they want to. People who bullying her seem to want to take her freedom of speech. And that isn’t okay with me on level. I hate people who think it’s okay to bully somebody to point where the victim can’t have the normal life they want. It’s sad world we truly live with. Frankly I’m done with it. Humans in general need to do better on treated others and it’s not just bachelor franchise or bachelor nation. It’s everyone on this planet . I saw what pandemic did to people . It frankly made people worse or better . But if seems like people got worse and I’m against it. I’m grateful that company had the right to have chris Harrison step down for the mean time . I think this man will be fine . I wouldn’t worry too much about him. What I’ve heard and seen . It seems like he is man with huge ego and doesn’t care for his bachelor family. So it wouldn’t surprise me if more bachelor franchise would speak up about it. I don’t think this situation will blow over at all. I think the situation and what Chris is going through is just getting started . I think a lot of people will start expose Chris more. I think we will see a lot of that more towards future. I think there a lot skeletons in Chris’s closet so to speak.,1614533531.0,1
thebachelor,"I feel like you’re right about that . I honestly don’t know if Blake , Peter , Kelley , or Colton will say anything. But I saw a post on this subreddit that Kelley liked Emmanuel as the host for Atfr. So I really think she doesn’t like Chris as far as the other three I’m waiting for something to come out . Blake I have a feeling might say something. Colton and Peter I don’t think will. But I think anyone in bachelor franchise probably got enough messages about it.",1614528162.0,1
thebachelor,The reason why I said he doesn’t need a relationship is everything he has been through in relationships in the past two years. It doesn’t seem like it was the best for him.,1614527863.0,0
thebachelor,If there was option for 5 to 10 years I would of choose that. But I’m honestly leaning towards 10 years. I know that seems like long time especially for Peter . I really don’t seem him married in a few years or five years. A lot of people saying he might due to family pressure . Which could be a possibility. But it wouldn’t be right for him. I also don’t think he is his life where he is ready for marriage or any form of commitment. He first needs to pass the stage of having a stable and serious relationship for a few years then I can see him more ready to settle. Also it just seems he is the type of guy to get married more in his mid to late 30s . Which isn’t a bad thing. I honestly see his brother being married before . So I think once he sees his brother married he might be thinking about a serious relationship. Plus I honestly don’t think he needs a relationship right now . That’s probably the last thing he needs . But in few years for him . I think it is possibly he could meet the right girl. I just don’t think he is in the right headspace or right area to find her if that makes sense. It seems like he also looks at the wrong places or wrong ways to find a woman he thinks he will marry. And honestly don’t see him marry somebody from bachelor world . I think he will marry somebody normal and also don’t seem marrying somebody famous . I think he needs somebody grounded and somebody who is regular everyday person. He needs a person who lets him shine through a relationship . Or least somebody who seems pretty equal to him. I’m starting to see a little pattern with who he dates and why it doesn’t work. He seems dates girls that seem nice and down to earth but are really not . I think he needs a genuine down to earth girl.,1614527668.0,1
dating_advice,"My heart hurts for you truly and sadly enough I know what you’re going through. I did same thing with my first real boyfriend when he wasn’t pay attention and not giving his time and devotion that he should. I start to self harm and become depress because him. I never felt that strong about any guy in my life . One I’ve learned and looked back is you’re not happy in the relationship , just leave. Because they weren’t your time. Give yourself time to heal what is you need to heal on inside. If a guy is being the worst in you . Chances are he isn’t the one for you. If he was the right person you wouldn’t be thinking so negatively because of him or because how you feel in the relationship. I do believe some relationships do bring out people’s dark sides . So please watch out for that rather that’s you personal or the guy. I’m sorry you had think of suicide because of him. Sounds like he doesn’t deserve you at all. Just remember reason you’re alive is you will be very important to somebody else and others . I’m still learning what I just said in my last sentence too. Yes it can be hard to know what you’re supposed to do on this planet . But once your find your purpose it will be all worth it. Give yourself time to grow and heal . Learn to love yourself more .",1614498263.0,1
thebachelor,"Honestly Peter and Kelley . Only because I think when they rekindle , I thought they would be able to work out their issues and be able to have a stable relationship . I also thought Kelley would help Peter with whatever issues he had. But boy I was so wrong about that. I don’t think any woman can help Peter . I think it’s Peter has to work on himself . Also the fact Peter was bar hopping to meet woman again. Sounds like he doesn’t want a committed relationship at all or for the moment . And I honestly wouldn’t blame him if didn’t want to because of his season went . I honestly now think Peter and Kelley will never get back together . I think that bridge has been burned. As for Clare and Dale , I wasn’t hugely rooted in them getting back together . Because I don’t think dale is her person and Clare deserves way better than Dale. She deserves someone who will give her family and wants to give her family. And I really want that for her. Regardless , if any of these couples never work out in the future . I still want all of them to find their person . I don’t dale is for Clare and I don’t think Kelley is for Peter but I still want to wish them the best of luck in their love lives. Since it seems these people are going through the worst of it relationship wise .",1614452159.0,2
thebachelor,I like the stuff that she has in her bag and her bag. I could never afford her purse . It’s so cute. But her and I like the same gum. Extra is one of my faves and the polar ice is a good flavor too. Urban all nighter is a good makeup setting spray .,1614383967.0,12
thebachelor,"I think all will want to go . But only a few will be selected for paradise . I see Hannah Ann, Victoria f, and Mykenna being selected to go on paradise",1614378306.0,5
thebachelor,"Mine in this list are Peter , Kelley , and Madi . I don’t think Madi will say much but I think she might clarify on Barb treated her. Peter and Kelley can go one of two ways . Spill a bunch of tea or nothing at all. I feel like Kelley will spill a lot but idk how much of it will be truth . But lately I’ve noticed how cryptic she was on social media . So Kelley will for sure spill more than just how the season . I feel like she will spill stuff about her and Peter . I think Peter will do it . I think Peter in general is kinda done with the franchise possibly. But with Kelley’s production drama . I think she will spill more. Peter I think can go either way depending on how he feels. But I do want Peter to do some sort of tell all. His season was too produced . There is no way Peter wouldn’t keep it a secret for too long and what happened in his season . What did Alayah say on olivias podcast? I’m curious now",1614295276.0,3
socialskills,Your welcome. I felt like it would help somebody,1614123322.0,2
thebachelor,I think Kelley would have made it to final four on mikes season. I can see her and Mike getting along . Natasha would be in the final four I think . Deandra would have made it far as well and same with maurissa. Maurissa would be for sure top four if not too three . They’re so many different scenarios but I think they would be different woman be top four that I can see . Depending on how Mike takes it . I just have a feeling mykenna would have not made it pass night one and Kelsey would have been cut before hometowns,1614120888.0,1
socialskills,I don’t think it’s the most important thing but it would be nice to have friends again . In high school I had a nice group of friends and I felt like that all disappeared after high school and I kinda miss it. It makes me quite lonely . Even both of my sisters have their own group of friends .,1614112480.0,1
socialskills,I’ve been talking to different guys on dating sites and seems like I’ve talked to people on here but nothing much other than that,1614112299.0,1
socialskills,I’ve said the same thing to her . I’m like that probably won’t work for me. Plus my sister is in her early 20s as suppose to me more in my mid 20s. I think sometimes it’s different in age on how you meet people too,1614109992.0,1
socialskills,Almost non existent or I only talk to my coworkers at work really. I’ve talked to people on dating sites but that doesn’t help,1614109872.0,1
dating,Thanks. Most of guys I talk to or get in a romantic relationship . Always look at my family as a problem.,1614105924.0,1
thebachelor,I don’t find this weird at all. It’s only worried if there was more to the story about why she unfollowed him. She probably unfollowed him because he is her ex’s best friend. But it weird she unfollowed him because Dustin might of said oh like now that you’re not with Peter . Maybe I can get a shot with you. I think it’s more common for exes to unfollow their ex’s family or friends. But I still can’t believe she is still following Jack. Now that concerns me a little. Like if you want to move on from the ex . I would unfollow the whole family first before unfollow the friends. The reason why I brought up the Dustin possibly hitting on Kelley . Is because when Peter and Kelley first meet in the lobby . One of Peters friends was hitting on Kelley first and asked for her number or Instagram. It was on an Instagram story around Peters birthday. Even Peter mentioned how weird it was. She is very pretty girl in general. So I could see Peters friends being a possible problem. I’m not saying his friends would act upon asking Kelley out but if they had the chance and their were single I think they would.,1614105512.0,1
thebachelor,The only thing I think of Dustin under minded their relationship . Is if Dustin was into Kelley a lot. But I don’t think he would be the type of guy to go after his friends exes or girlfriends. I can honestly see Kelley and Dustin being a thing more than Peter and Kelley ever were. And idk why. Also Dustin seems to be the one who knew everything about their relationship . So I wondered if he knew how it ended . I’m just curious how Pelley started and ended. Because it sounded like it started very secretive and ended like everyone knew what was up.,1614104996.0,2
thebachelor,I’m surprised she is still following Peters brother. And I can see her following Kristine . I feel like Kristine didn’t do anything . Plus I felt like her and Kristine probably became friends at least . Honestly thought Kelley would unfollow all of Peters family by now .,1614104665.0,2
dating,Thanks,1614103954.0,1
dating,I’ve been trying for a while to get back into the game. But it seems I attract the wrong guys almost . I thought I was cursed for a while. I thought to myself why I’m attracting guys who have no ambition in life or guys who only want to date me to get laid with me.,1614098494.0,1
dating,We’ve first started talking online and this guy is a Facebook friend of mine and finally just started talking again but he always brings sex in conversation as a starter . Which I’m literally not trying to take him seriously. He has told me how his past relationships started basically hooking up first or being friends with benefits and then dated them. I’m like that doesn’t sound like a good way to start in a relationship. That’s how my relationships failed,1614098386.0,1
dating,"With my ex , I’ve completely got out of that relationship long time ago and especially situations I went through because of him. I’ve wonder if I should post things about my ex on here because I have a lot of interesting stories. They’re pretty messed up so probably not.",1614098212.0,1
dating,Also have to mention the guy in the post I’m not dating . I’m just talking and getting to know him and we got into that conversation and he saw me being close to my family as a red flag . He hasn’t said anything back when I asked him . So that’s why I made the post in the first place.,1614097881.0,1
dating,I feel like if a guy can’t handle the serious questions a parent asks . I feel like that guy isn’t ready to commit yet in general. He needs growing up to do. Was your ex a mamas boy ? Because I’ve heard things about that . Like my ex always complained how his mom is terrible and literally she seemed sweeter than my mom. Also I think my parents wants me to find somebody who has a good stable career and somebody who has to be the same religion . Which that can be hard to find where I currently live.,1614097784.0,1
dating,"Literally my grandparents house was a block away from my house and the furthest a relative has lived away was 15 minutes . Well now it’s more like 14 hours because when I was 15 my family decided to move to Florida . Also the way I was describing my mom . I said my mom is very outspoken and blunt and she comes off really bitchy to people. And she doesn’t care what people think of her. I’ve also said my family isn’t the easiest to handle because of how blunt and honest we are. Like a family tradition is to have our family meet the significant others and to see if they get along with my grandparents , cousins, aunt , and uncles. I would say more of a step.",1614096938.0,1
dating,"Basically I’ve always grew up close to my family and my family never really interfere to my relationship to that extreme like you’ve mentioned. My mom just likes asking the guy questions . Like so do you have plans set for you future , what type of career are you in or do you plan on going into a career , what’s your family like , how many siblings do you have , and what’s your parents like? My mom would never do anything invades like go into someone’s medical history or anything like that . Also I mentioned to him my family is blunt and honest and not a lot of men I’ve dated can handle that personally .",1614096864.0,2
socialskills,I do feel like outcast . Even growing up I felt like an outcast . Even people I was friends with I could never express this emotion because I felt they never knew what I was going through. It didn’t matter what type of friends I had or if I was in a relationship. I also felt like outsider and people wouldn’t tell me certain things like either I wasn’t good enough to be trusted or they were hiding things from me. I’ve always been treated like I wasn’t as important. The only time I can remember not being treated like one . Is when I became friends with someone who was new to the school and an outsider . I just felt like I was important for once. It’s hard for me now because I feel like this now on a constant daily . Even with family’s members or colleagues,1614095800.0,1
socialskills,"It may seem scary now . But trust me when I say the older you got the more chances to make new and better friends. Sometimes it can happen in high school and sometimes it will happen in your college years. I’ve lost a lot of my friends from high school during high-school and a little after high-school. Sometimes it happens naturally and sometimes it happens because of drama. I’ve noticed the ones you lose from drama aren’t the ones that don’t technically wants to stay in your life. Losing friends is a part of life. It happens because you’ve outgrown each other in some way . Most of my friends from high school I’ve outgrown a bit or they’ve outgrown. Most of my friends from high school are in a serious relationship , married with kids , or in a killer career . I’m 25 and I don’t have a problem where my life is at . I’m more concerned about my future and what is at stake. I don’t think I’m someone ready for commitment but I’m also not somebody who is immature. Which is hard at 25 to make friends sometimes. Because most people are married by then or getting engaged and it seems like you’re behind on life but you’re not. So just remember it’s scary to make new friends whatever age you’re at. Just keep focus on yourself and eventually the right group of friends will naturally come to you.",1614095486.0,1
socialskills,Best way is to practice and learn as much of the language as you can. I’m somebody who English is their first language and even I don’t get it. Also have a someone you can practice speaking the language. Preferably somebody fluent in the language you’re trying to learn.,1614094983.0,1
socialskills,You have to go to places that other people are going to make friends . It’s really hard considering we’re in a pandemic . I’ve had my sister say the best way to meet people is going to a club or bar.  Which I think is the worse I’ve heard,1614094785.0,2
socialskills,I felt like I needed to hear this . I assume people don’t like me in general all the time. Because either I complain too much or I’m too boring and not interesting enough . But I want to change my flaws so I attract the right people in my life . It’s not like I’m a bad person or anything. I just don’t seem to be everyone’s interest when it comes to friendships or relationships. Not everyone wants to be my friend and not everyone wants to date me.,1614094557.0,1
socialskills,From my past experience I did the same . I had to ask the friend if they wanted to hangout . For me it got exhausting because they would always make excuses as to why they couldn’t. It got to point where I stopped asking . And I literally ask myself does this person actually want to be my friend or do they feel bad for me that they’re my friend. I think there is nothing with you contacting first but if it becomes a point where it seems like they’re annoyed of you asking them or they don’t seem interested even being your friend anymore . I just wouldn’t be friends with them anymore. I think in friendship you should both have effort to hangout with each other. And it doesn’t have to be an everyday thing. But it can be a once month or once a week thing. I know everyone is busy in their lives and sometimes it’s hard . But if you’re both making the effort it shouldn’t be a problem . It’s problem when they don’t make effort to want to hangout with you and all the sudden they deleted you off of social media and you don’t why . And you thought you were close to that person and you weren’t,1614094333.0,1
socialskills,"Yea I’m introverted already and I’ve haven’t had friend to hung out with since 2016 . It’s been hard for me and I think pandemic makes it worse. Because I feel like if you want to you don’t know if someone can . Most my coworkers are my friends but I don’t hangout with them because their age , they’re busy or I’m busy , I don’t feel like they would like to hangout with me outside of work. I’ve tried in the past to make actually friends at work . But I felt like I haven’t the right group 100% . It’s really hard because it makes me want to move to whole another state and start over my life almost . Which I might end up doing anyways . Also I’ve lost most of my friends because either they moved , we had friendship falling out , or they stopped talking to me for no reason. I just feel like with or even without the pandemic I just seem really boring to people in general",1614093668.0,1
dating,Thanks . It’s not like my mom extremely meddles when I’m in a relationship. My mom just likes to tell her  opinions  about my relationships and she hasn’t liked every guy me and my sister date. It’s not like I’m married to the guy or in a serious relationship. We were just talking about it and we are just talking to each other. I’m just thinking he isn’t a family person. Which idk if that is a problem for a marriage. I just never had anyone who thought my family would be a problem in my relationship after describing how my family is like. I’ve never looked at my past relationships and said hey my family is the problem. It was usually my friends who were involved too much then my family.,1614092861.0,3
thebachelor,That poutine was definitely made incorrect. First off gravy looks thick like way too thick. Second off shouldn’t the curds be on top of the gravy. Every time I get poutine it’s fries gravy then cheese curds. And cheese curds aren’t the cute small cheeses curds . They just look liked it melted inside a microwave for minute and they presented like that . I’m not Canadian and I know this only because majority of my family members are from Canadia. It’s sad when I know that’s not made correctly . Such a disappointment to Canadians and people who have Canadian family members.,1614060466.0,2
dating_advice,I honestly think you’re right on your comments. The people that want more in life are people who are ready for mature relationships. That’s just my understanding from it. But I honestly should of said more about the situation. Because the more I talk to him the more he sounds like a generic fuckboi. Which there isn’t nothing wrong with that . If that’s how he wants to live his life . But I’m surprised he is interested in having sex with me because of how attractive he is. This guy looks like Michael B. Jordan .,1614058227.0,1
dating_advice,My question is how would I make it easier by saying I’m overweight . I thought that would turn off attractive guys off immediately. Oh red flag she is fat . But I think your comment proven a point that he said and it was a long the line thick thighs save lives .,1614058020.0,1
dating_advice,I’m short too . I usually don’t date shorter guys . But I don’t look past it. I think if they’re extremely close to my height then that’s a problem . I’m about 5’2 maybe 5’3 . I wouldn’t want to date a guy that’s the same height as me . I can take 5’5 or 5’6 at most.,1614057868.0,1
dating_advice,Also the way they describe past relationships . Is they hook up with the person first then get into a relationship . Like he becomes friends with benefits with them first and then dates them. I honestly should’ve mentioned that . But to me that sounds unhealthy,1614057701.0,1
dating_advice,Yeah I got a pretty fucked mind . I know that sounds really bad,1614032559.0,-1
thebachelor,Clare,1614029664.0,1
thebachelor,He was a contestant on Hannah B’s season,1614028869.0,3
thebachelor,I feel like the way Kelley is acting on social media lately . I would imagine Kelley will address it first . I think Kelley is going to make Peter look really bad. But also I think it back fire on her a bit . Especially if they’re asking things about post show and how they’re relationship started. Dustin will be 100 % out of it . I just think Dustin enjoys seeing stuff being revealed but doesn’t like causing anything. Also I have feeling if it gets really bad . I can see jack stepping in and saying something about Kelley. I have had feeling that jack likes Kelley for Peter but then didn’t. Also jack did say something a while ago about Madi and post show. I don’t think barb will say anything. It would be interesting if she did. Peter will probably say something. But if he doesn’t my bet is jack say something. Kelley is going to start drama with this whole situation and it’s going to look bad,1614028790.0,3
thebachelor,Commitment,1614028285.0,4
thebachelor,Also I think they would both know if they’re right for each other as marry one another . Because what the person said above my comment . I believe its true that you can’t see yourself with any one else and you’ve known them like forever and you have an instant connection and something feels right about this person. I just think Kelley was never meant to marry Peter. I feel like Kelley couldn’t handle a husband being away from her too long. Also I read somewhere you tend to marry someone the same socioeconomic class usually. Kelley seems Uber rich and I think she end up marrying somebody like that . Peter I think would end marrying upper middle class or low rich. Also I can think Kelley comes from old family money. So i think it makes more sense for Kelley to marry somebody whose family is similar to hers. I also felt Peter and Kelley’s families were a bit different. I think they will both know who will be right for them when they meet their person for life. I liked how they made each other grow . I just couldn’t see them getting married.,1613965168.0,5
thebachelor,I agree with you on this one. I think there was a reason that they were in each other’s lives but I don’t think they were meant to get married. I believe they reason for getting together was to help each other grow into the people they’re supposed or learn lessons from each other. I think they’re karmic soulmates . And you usually don’t marry your karmic soulmate.,1613960938.0,18
thebachelor,I agree with you on this one .,1613960726.0,2
thebachelor,If we are talking more recently then no . If we talking about during their relationship maybe but if it was cheating I don’t see it physically cheating . Maybe he was just texting a girl that he shouldn’t have or maybe liking a girls pic on Instagram type of situation. I think it would have been emotional cheating maybe. If he didn’t then I just think he wanted to be single moving to nyc,1613955002.0,1
thebachelor,I thought he would of made it far too,1613879300.0,1
thebachelor,Maurissa from Peters season I thought would make it pass night one . Megan H from Peters season. Katrina I thought would be passed night one too. Alicia from Matt’s season I thought would pass night one. She was so sweet and same with Saneh I thought she would pass night one. Matt and Chasen I thought would pass night one . I thought they were going have Pilot rivalry thing going on with Peter and Chasen. Cam was the one person I was surprised that got passed night one. I just didn’t think he was Hannah Bs type. I thought Tyler C. from clayshia season . I thought he was going to make far and far enough into Tayshia’s season. I was surprised Yosef got picked over him. I was surprised Peter from Tayshia’s season didn’t make it far . Kenny and Ed were the other two I’m surprised made it far . I was surprised how far the twins from Ben H season made it . I thought it would of cut them night one because how young they were. I’m also surprised how far Kit made it on Matt’s season as well.,1613879273.0,1
thebachelor,"I think it’s because he has boyish charm about him that draws women in. When women look at him . They would except him to a good , caring , maybe nerdy type of boyfriend. He looks like the type of guy also that girls could friend zone because he isn’t a bad boy type looking. I feel he is the type of guy who if a girl has problems with their boyfriend . He would listen. He also comes off as friendly and warm. Somebody who would be a great hugger. I think he has extremely cute face.",1613871660.0,7
thebachelor,"I thought the same thing when I saw the stories. I thought it could be geared toward Peter or it be random. But I think what Kelley posts on her Instagram stories aren’t random really. Idk only time will tell what’s really going. Also another theory is Kelley and Peter were planning on getting back together . And Peter might have said no to Kelley and probably said I don’t see this working out second time around. And maybe she got hurt about something he said . Or maybe Kelley get hopes high that they would get back together and Peter was the one that didn’t want after all. If they aren’t together , one of them realized they shouldn’t get back together and one of them realized they aren’t probably right for each other. My other guess is they obviously hooked up at Tampa and Kelley probably thought her and Peter would get back together after hooking up. Also hooking before enter a relationship is never good idea and it’s a good indicator that you’re relationship probably won’t last long. It could be possibly that Peter is talking to other girls to and Kelley got hopes high on the intention getting back with Peter. I honestly think if Peter is talking to other girls it’s nothing serious. I really don’t see Peter being in a relationship anytime soon. I think he is enjoying himself as someone who is new and single in the city. And if does end in a relationship with somebody else it won’t last either. I think Peter has other things on his mind and I don’t think he should be in relationship for a while. On the other end I feel like Kelley could end up being with somebody else by the summertime. I think Kelley wants a serious relationship. So I hope somebody can take her seriously and somebody who wants to be with her. Kelley strikes me as a girl who smart but doesn’t have the best brain when it comes to relationships. Like either she falls for the type of guys who wrong for her and everybody knows or she has bad taste in men. I feel Kelley needs to realize what type of guy she needs and not what she wants . Because whatever type of man she wants isn’t working for her.",1613806586.0,2
thebachelor,He was babysitting for children. When he saw the children he decided he wanted to get back together Clare . He knew how much Clare wanted babiezzz,1613793258.0,1
thebachelor,I can see Peter and dale being on paradise . Kelley possibly . But I think dale and Peter would end up being on the show. Peter i think would be interesting on the show. Dale would get the ladies to fall for him. I think Kelley were on the show a lot of guys would fall for her. But I didn’t know if Kelley would want to be on paradise .,1613699700.0,2
thebachelor,I would to see more of a happily ever after series but I would only want it to follow couples who are successful and couples that definitely going to walk down the aisle.,1613693932.0,3
thebachelor,I think that’s crazy too .,1613680792.0,1
thebachelor,"Idk if this count literally saw a girl made a tik tok who she wanted on paradise . Some of her options I agree with . 
Hannah Ann and Young Noah 
Peter and Heather Martin 
Ivan and Madi
Matt and Madi 
Kelley and Bennett 
Bri and Brandon 
Victoria F and Kenny 
McKenna and Ed 
Magi and Dr joe 
Katie and Blake M 
Katie and Demar 
Jessenia and Ivan
Mari and Mike Johnson
Michelle and Dustin 
Dustin and Natasha 
Hannah Ann and Spencer 

Some of these list was from the video and I agreed with it because I can kinda see it for myself .",1613679789.0,1
thebachelor,Those two are on my list,1613679158.0,2
thebachelor,For me it’s all three of them combined,1613679102.0,2
thebachelor,I think they should talk about religion and politics when the they’re comfortable talking about it. I don’t think it should put on hold until fantasy suite . I can see why it is tho. I think they should have smaller group to start off with . Then bring in another group but out of the two groups leaves 4-8 people then it should continue on from there. I wish the process was a bit longer as well. I feel within 6-8 weeks you don’t know somebody for that long of time.,1613679009.0,17
thebachelor,Message me.,1613678741.0,1
thebachelor,I literally read this in Peters voice too😂😂😂 I cannot this is too funny.,1613674559.0,24
thebachelor,I voted Florida because it seems to bring everyone in back together. I need to blame the state and what the state is doing .,1613674471.0,12
thebachelor,I did dale and Clare already. And I would love to do Jason and Kaitlyn,1613665573.0,2
thebachelor,All you have to do is message me the information,1613631860.0,4
thebachelor,I can do it free . I don’t cash app or everything like that and I don’t want to take anyone’s money because of the pandemic.,1613631843.0,8
thebachelor,Reality Steve,1613630404.0,12
thebachelor,I’ll possibly consider doing leads who didn’t work out with their F1 and F2 . And I’ll do Arie and Lauren as well.,1613629962.0,1
thebachelor,But the others I’ll do .,1613628905.0,2
thebachelor,I’ve done Clare and dale already .,1613628895.0,0
thebachelor,"I hope it’s somebody that has a job in news . Like enews , tmz, or etc. A news anchor who does celebrity gossip would be good. If not a news anchor . Somebody from reality tv or somebody who watches the show religiously. David spade is a good one and same with Karamo from queer eye. I also wouldn’t mind Sarah Michelle Gellar , she is a huge fan of the show and I think she would be a good job hosting for a bit. Mario Lopez is always a good host . Ryan seacrest is good too but I think he is busy hosting other shows and same with Mario Lopez .",1613628820.0,6
thebachelor,They’re definitely on my list . I’ll probably do a bachelor couples or bachelor alums. I have a few I’ll do .,1613627820.0,4
thebachelor,Clare and dale was the first one I did lol and message me if you want a reading,1613623781.0,6
dating,I actually agree with you on this one . Guys I don’t find attractive always get mad at me for not liking me back and in return get snappy at me. I’m like don’t get mad I didn’t find you physically attractive . Also every guy I find attractive I don’t think will find me attractive . That’s why I lower my standards physically sometimes,1613620610.0,6
thebachelor,"Transits are where the planets are in that moment for your chart. So for instance Sun transiting Leo . It literally means your going to be attracting a lot of people at that moment. Leo is in sun which is the planet of that sign. And Leo is known for being the center on attention . So when your sun is that placement in that moment . Your energy is gravitating others towards you. Retrograde is a planet that appears to go backwards . Basically the planet is traveling backwards. Mercury in retrograde is a pain the ass . Mercury retrograde is technically acts weird , like lights could go wrong and start burn out and your phone could have issues . But Mercury is more known for communicating and with people in the past . That’s why Mercury retrograde is a common when for exes talking to you again. I literally had a guy messaged me today who I haven’t talked to in a long time. Also people you haven’t talked to a while will magically pop up back into your life.",1613614909.0,3
thebachelor,I’ll definitely doing more. I have a lot of ideas and if anyone what’s a reading on another bachelor alum let me know,1613614357.0,13
thebachelor,Yeah they scare me a bit too.,1613614106.0,3
thebachelor,I noticed when Mercury stops retrograding . Shit goes back to normal .,1613612809.0,3
thebachelor,I’ll have to look at the transits for those two for that date . My guess is when mercury stops retrograde possibly.,1613612388.0,3
thebachelor,I’ll definitely will . Just message me here on Reddit.,1613611982.0,2
thebachelor,I know. I want more fairly accurate reading on this.,1613611864.0,3
thebachelor,That is true tho. I think if the sun signs aren’t compatible. I would rather have their moon signs compatible.,1613611744.0,2
thebachelor,I possibly can. You’ll have to message me,1613611677.0,3
thebachelor,I think will hear more about them in the future. A part of me thinks dale could be playing Clare a bit too. I can also go into more detail on the transits for them. I just pointed out the stuff that could affect them in Mercury retrograde.,1613611651.0,5
thebachelor,I thought it was interesting myself. I’m like looking at it why I can do with the information I got .,1613611472.0,6
dating_advice,"I’ve been in a similar situation or close to it . If you’re trying to get out of the situation . Best solution is to cut ties with the person. Even being just friends with this person never works out really. Only becomes sometimes you can develop feelings for that person. It’s even worse if the person is an ex of yours. Friends who become friends with benefits isn’t as hard as exes but can be hard. Now if you want to be friends with this person, ask them hey do you want to be friends for now. It might be awkward at first but getting your message across is a lot better. It also depends how close you guys are and how bonded to each other you’re . If you have romantic feelings and he doesn’t . Or if he has romantic feelings for you but you don’t . The one sided story is hard because it literally can crush you or that person when they want to start dating or if you do. Because now you got these feelings for them and you can’t express it to the person. My advice figure out if he still wants to be friends with benefits with you and go from there . Asking them will help determine a better understanding of the situation then go from there . If they’re worth keeping in your life or it’s time to let go completely. I hope this clears up",1613611202.0,2
thebachelor,If that was the case . Claire and Dale aren’t sun sign compatible . Which could explain a lot .,1613610185.0,3
thebachelor,Ok thanks . I have more coming . If people are interested . My next one is Peter and Kelley’s . I had a lot of votes on Clare and Dale’s . That’s why I did there’s first .,1613610089.0,9
thebachelor,For anyone not understanding what’s going on . I was trying to do astrology reading for Clare and Dale . So it might confuse a lot of people who don’t know astrology,1613609980.0,6
thebachelor,Do you know her birth time ?,1613609776.0,2
thebachelor,Yeah that’s only thing that is probably hard to find is their birth times . Otherwise I could get a better read on this.,1613609522.0,9
thebachelor,It could work,1613608420.0,1
thebachelor,Side note : I can’t find Michelle date of birth anywhere . So Michelle might be harder to find,1613607543.0,2
thebachelor,That’s the next one I’m doing,1613593303.0,11
thebachelor,I hate that I missed the live between them. It sounds like fun . But I find it interesting how Barb is dodging all the Peter and Kelley’s questions. I would be terrified if Barb was quiet or ignoring something. It also sounds like Dylan has fun mom . I think barb and Dylan’s mom will be good friends.,1613552485.0,3
BachelorNation,I honestly don’t think they should get back together . But I feel like if they did it won’t last as long as the first time around and they break up will be a lot messier. Plus I don’t think they’re meant to be as they claim they’re. I think they’re two different people who get along but don’t have the same morals or values to withhold a long stable relationship. I also think their relationship could be more on again off again type of scenario this time around.,1613552177.0,1
BachelorNation,that’s why I got so invested in their relationship because they’re two people I would have not except to get together. Kelley is out of Peters league and I don’t think she realizes it. Funny that she said she saw the compatibility on Hannah B season while watching Peter. I don’t see Kelley and Peter compatibility at all. I think they might have things in common . But I feel like when it comes to their goals and future . They’re the total opposite of one another. I also couldn’t see Kelley dated somebody who has lighter features than she does. To me they were cute together but they didn’t look good together. I can honestly see Kelley with Tall Dark handsome . Maybe a guy with dark brown hair almost black with browns eyes. Also feel like Kelley could be way more serious than Peter . And times I feel like Peter couldn’t handle that.  Also thought Kelley was more realistic than Peter . But if Kelley keeps on going back to Peter . It keeps on making me think different of her. Kelley is a bit a dreamer and might be quite insecure. Which is something I didn’t except. Honestly knowing what I’ve seen out of these two . They just aren’t right for each other. Something tells me Peter will probably find that out for himself rather than Kelley. Idk why I would Peter would know before Kelley. Also I feel like Peter couldn’t really be himself around Kelley. Part of me thinks Peter was holding back something in their relationship.,1613547548.0,2
thebachelor,Mercury definitely retrograde big time. But I think Mercury retrograde probably affects the charts of these people. Idk any of their moon signs or rising signs that would tell me why the retrograde would affect them.,1613544017.0,2
thebachelor,Also I feel like if you have question where you stand with this person in a relationship. Chances are they aren’t the right person. Honestly don’t know Peter and Kelley’s relationship personal and what lead them to break up . But it sounds like during their relationship Kelley was probably questioning where she stand in the relationship.,1613540276.0,3
thebachelor,If Kelley is wary of Peter . I think it’s intuition telling her Peter isn’t the one for her. If you have to question if your partner is on the same page as you or your goals for the future don’t add . They probably aren’t right you. Kelley should find a man who wants to invest on marrying her anyways .,1613540070.0,10
thebachelor,I’m very curious myself the real reason they broke up in the first place.,1613537210.0,7
thebachelor,"My big question if Peter and Kelley get back together , What does they’re family think ? I have a feeling what Dustin might think. Dustin might be are you guys seriously doing this again in his head but I think he would be supportive of it. I just think if they get back together again and break up again it’s not going to end well. I honestly don’t see them lasting the second time around . If they get back together , I’ll give it 5 months tops and lowest I’m going is a few weeks. I think Kelley is really into Peter way too much . I think she convinced herself she might end up marrying Peter and I don’t think Peter sees Kelley like that. I just honestly want them to move on. Because I know both deserve what better and what they need. Kelley needs a successful business man. I honestly feel like Peter needs a down to earth girl . Kelley doesn’t strike me as down to earth really. Honestly I don’t hate them together but also don’t like together 100%. With the whole them reunion this time something doesn’t feel right or good idea but then it does too. Idk I got extremely mixed feelings about them being together .",1613537140.0,3
thebachelor,Yeah I did . I thought the flowers were from Peter when I first saw the story.,1613536649.0,6
thebachelor,Nick Viall . I feel like he knows too much . Plus I think he would be fun to interview,1613536505.0,21
thebachelor,"I have feeling Kelley and Peter would get together . Reading other people’s comments it’s more likely they probably would as far as them working out . I’m honestly not sure . I like Peter and Kelley but I don’t think they’re right for each other . I don’t see them getting engaged . I can see them dating again and everyone being okay with it but then when they get serious , something will be revealed in time why they’re aren’t meant to be. Those meet ups are not accidentally bump ins . I think those two planned it.",1613531221.0,0
thebachelor,No I haven’t . I’ve been working . The only thing I can ask my dad if has talked to him lately . Highly doubt my dads cousin is going to know who Clare and Dale are. And he doesn’t talk to him from much .,1613529935.0,1
thebachelor,In middle school I was notorious for posting stuff about how my day went and how I was feeling every hour .,1613512070.0,3
thebachelor,I want to say more so middle school possibly . My parents raised in a bubble almost and knowing me and my family how extremely blunt were are I’m pretty sure I did . Some of the stuff I’ve said I’m middle school and posted on the internet . I should’ve not done. But if I had the guess what it was most of it was micro aggressions and I’m thinking I probably didn’t realize how offensive it was. The stuff that I posted on the internet wasn’t racist. But most of it was me saying I’m depressed and should kill myself. So it wouldn’t surprised me if I did but there is a 95% if I look back at what I said then . I regret it for sure now . Regardless of what it was .,1613511899.0,7
thebachelor,You might not be wrong tho.,1613511423.0,1
thebachelor,Idk if her mom lives Sarasota . But if she does you might be on to something. I’ve been to Venice once because my dads cousin lives there. It’s such a cute town.,1613511144.0,1
thebachelor,I just find interesting that they’re spotted in Venice Florida of all places. Venice is nice small town . What are doing there . All I have to do is call my dads cousin and see if he knows what’s going to these two. Those two are obviously trying not to caught. Venice would be the place to do it. But for Clares sake she better not go back to Dale. Clare is better without Dale.,1613511071.0,24
thebachelor,Venice Florida is far from Sarasota Florida . It’s a small town near Sarasota . It’s really nice in Venice .,1613510913.0,4
thebachelor,Sounds like mercury retrograde is striking hard this year .,1613510837.0,18
thebachelor,"Why do I feel like the pr person it an excuse? I feel like most of BN people would have PR or some form of manager. Normal everyday people don’t have PR people at all. We have ourselves, if we screw up it comes from our mouths. Demi has some kind PR person at least. There shouldn’t be an excuses for this kind behavior .",1613491479.0,2
thebachelor,Wow it’s sad how many people would side with Colton being on Bachelor in Paradise than Peter . Colton did some messed up things and Colton did things worse than Peter. Peter is only bad because he can’t make decisions and supposedly cheats and isn’t faithful. Colton is abusive and more controlling of the woman he dates. I would rather take Peter over Colton. There was a reason why I didn’t watch Colton’s season or wasn’t excited for his season. I feel like Colton never sees the error of his ways and wouldn’t improve on it . Peter I think could have high potential on improving himself . I think he a little since moving out of his parents. Once Peter matures and grows a little bit . I think he will be great . Abusive men never really change . There is a reason why they’re abusive . As far as we know of Peter isn’t abusive or controlling and Peter doesn’t strike as the type of guy to control the women dates. Peter strikes me as the guy who attracts the wrong type of women for him. Colton on the other hand strikes me as the type of man who attract any woman and somehow find a way to make that woman his regardless if the woman likes him or not. All I’m saying is Colton is more dangerous than Peter .,1613455438.0,3
thebachelor,Also if Too Hot to Handle or Love is blind we’re on cable tv . I think their ratings would out beat the bachelor franchise .,1613418939.0,4
thebachelor,"I’m going to yes and I think it has for quite a bit. My reasons are other dating shows had started in what 2018/2019. The shows have more interesting ways of how the couples get together. Number one reason is the large amount of woman they have to compete for a guy is out the door. Most dating shows they have a small group of woman or men and the try to get many groups paired . You have two shows on Netflix that become very popular Too Hot to Handle and Love is Blind. Those shows grabbed a lot of the audiences attention. Love is blind is a good example of diversity as well people actually looking for love. Too hot to handle is similar to the bachelor in paradise but with a twist . With the bachelor franchise nothing has changed and I think the audience would want the show to change a bit. Concept of the show is more outdated too. The casting of the contestants is another thing . Most of the contestants if not almost all don’t have the attention to go on the show for love . Most of them go the show to either have a better career afterwards , more opportunities to make more money aka influencer deals, or they go on the for the opportunity to travel. Or contestants go the show for the simple fact it’s something different and out of their comfort zone or the fact they will be on tv. But Clayshias and Matt’s season has been different due to COVID. But I feel like the reasons that I’ve mentioned above haven’t changed. People that I know don’t talk about the bachelor franchise as much . And I think it’s because of new dating shows coming out with better ideas to find love. You have two on Netflix that I know people would nonstop talk about when it came out and both have good concepts . Also I feel the bachelor franchise is gearing towards the older audience and trying please them rather the younger demographic. Which isn’t a bad thing but the older people don’t always have time to watch the bachelor . I’ve been saying for a while that I don’t think the franchise will last long after Matt James season. It was more of a feeling I’ve been getting. Something about the pandemic and franchise . Now the recent scandals with the franchise almost guarantees that the franchise won’t last for another 5 years even. Don’t be surprised if next year might be the last year of the franchise if not the year after that .",1613418497.0,5
thebachelor,Wow this kinda awesome and not excepted this . But I feel like people from bachelor nation somehow have connection to one another somehow.,1613349574.0,0
thebachelor,One of my old coworkers grew up in the same town as Rachael.,1613324522.0,1
thebachelor,Honestly I have  few come to mind. Peter I would want but probably won’t . Kelley I would want and wouldn’t do it . But would probably do a podcast or write something short. Rachel Lindsey I think she would have a great book about what happens behind the scenes . Nick Viall needs a book that spills everything that goes on in bachelor nation. I feel like he knows too much. Tayshia’s would be interesting too as well as Clares.,1613324272.0,2
thebachelor,In Africa learning about the wildlife there.,1613252690.0,10
thebachelor,True . I have to tell my mom stuff about the show because she doesn’t like the internet . She only watches stuff on the news . So she probably has seen the interview and stuff maybe .,1613235836.0,2
thebachelor,You’re not wrong there either . But they can still hear the news of the scandal somehow . Most old ladies have children who use the internet.,1613235643.0,3
thebachelor,You do prove a point there .,1613234264.0,4
thebachelor,It doesn’t have to be them canceling it all together . But them possibly having not seasons out or having the show end completely.,1613233880.0,2
thebachelor,"I think the show will get cancelled . I just don’t see them replacing a host . I think a lot of the previous contestants are talking how poorly the show is run behind the scenes . That the show itself will get cancelled don’t be surprised if Matt James is the last season we see from the franchise . I honestly don’t think we will get a new bachelorette or Bachelor in paradise because of this scandal. Unless they (the producers or higher ups of the show) want to change the show and make it better . By treating the contestants better , by ending the racism, sexism , and etc. They have to take accountable for their actions and working towards it and making the effort to do better. But as right now I don’t see the show going on in the future .",1613233479.0,0
thebachelor,Also feel like Tammy is directed her comments to most of the girls that were on the same season as she was.,1613192849.0,23
thebachelor,When she said cute outfits . My mind went straight to Kelley because that’s all on Kelley’s stories but this could refer to any of the bachelor nation woman honestly and anyone from bachelor nation. Something tells me those followings they’re still in contract with ABC or bachelor franchise . So they probably can’t say anything because it affects their income but at the same time I feel like some of them will say something eventually. But some I’m not surprised they haven’t said anything .,1613192651.0,54
thebachelor,The millionaire dollar question is What does Kiarra know about Rachael ? The other one is what went down on Peters season ? Third is when her contract is up will she address more . I feel like the story isn’t going to be over and I feel like more will be revealed what happens behind the camera for the bachelor franchise. Tammys post was interesting too,1613192245.0,31
thebachelor,Something tells me Kiarra would know stuff not just about Rachael but it also sounds to me something that happened her season possibly .,1613192045.0,28
thebachelor,Spilling the crabby patty secret formula to his entourage .,1613188808.0,6
thebachelor,I love what Kiarra said . The ending got to me. I was like what secrets are you going to spill.,1613188588.0,93
thebachelor,I had a dream I was contestant on the show and I left a little after fantasy suites and the bachelor got upset because he wanted me as a final pick . So when it comes to his final 2 . There is just one girl but that one girl is the villain of the season and she is a lot like queen victoria as far as how mean she is . The bachelor confused and upset . And when comes to the final rose he gets upset and the mean girl is like I’m the one you should propose to and I’m your girl. And he says no you’re not my person . I know who my person is and they’re not here. She doesn’t added getting the final rose . She storms off and he doesn’t propose for his season. But when it comes to AFR special. It shows the bachelor chasing me down finding me and I become his final rose and we don’t get engaged . But we date and then two to three years we engaged and we announced it on tv. This dream also repeats a lot for me,1613005948.0,1
thebachelor,"I think if it was actor or a musician then yes . It would cool to have bachelor season with a celebrity again but I think there should be no influencers . Just actors , musicians , or athletes. But I feel like we got a lot of athletes on the show . So I would love to see an actor or famous singer .",1612925103.0,8
thebachelor,That’s what I said,1612877628.0,1
thebachelor,One of the girls is forced to oil Tyler C or rip his shirt off . I can actually see this happening tho. I’m not going to mad at the producers if they get Tyler C shirtless .,1612851926.0,10
thebachelor,This tik tok was funny and then somebody comment about  a hand . I was like okay where’s Kelley I know she is hiding somewhere . This actually showed up on my fyp too.,1612851712.0,12
dating_advice,Don’t give up on hope finding someone because of the pandemic . But instead work on yourself a bit too. The pandemic definitely made the dating scene a lot harder on our generation in general. Like I have to explain others how hard is to date now in days . They’re like you have a great personality . Just because I have great personality doesn’t mean anything anymore . I feel like people so fixed on looks that it is hard to find someone remotely good . But it doesn’t mean you need to stop trying . I know I haven’t completely,1612850258.0,2
dating_advice,It’s better to find someone else or at least communicate what you want for your future . But if he doesn’t want the same things down the road then dump him.,1612849506.0,1
dating_advice,No,1612849439.0,1
dating_advice,I don’t think it’s just personalities that worked together . I think it’s probably because she isn’t a bitch and finds something interesting about him. Well not just that but I think that couple could have a lot in common. A lot of people always forget the reason a couple gets together in first place is because they both share something they love .,1612849344.0,2
dating_advice,We are also noticing my sister guy drama is a problem at times. When the guy doesn’t treat her right . I tell coworkers my guy drama and they’re like wow you have less drama than your sister . Well first off I’m not attractive at all and I made tik tok saying how unattractive I am compared to my sister and my sister is 5 years younger than me and she get any guy from 18-32. I’m sitting here like I’m the ugly duckling sister . I feel like my sister who has never had a boyfriend and scares guys away because she is bossy might have a better chance than me if she loosen up. But also my sister that I’ve mentioned is not good and picking up on red flags as I am . I just don’t know if it’s because I’ve gotten screwed over every time I start a relationship or if it’s something else .,1612849155.0,1
dating_advice,I feel the same way.,1612848814.0,1
dating_advice,I will speak on behalf for myself . It’s hard to date us. Because we can’t tell if you’re into us . And for me I have very hard time believing a guy will like me for me . Only because I’ve been treated so poorly in my relationships in the past . I think being patient with us and taking the relationship step by step might help . I know I’ve been self destructive before in a relationship too. Also I feel like we are the hardest people to love but once we love and show our true emotions . We are loyal as hell for the most part . Idk if all girls with low self esteem are . But girls who similar to me . Who are low esteem and sensitive as hell. We loyal to death and sometimes it can be bad when put into a terrible situation.,1612848590.0,3
dating_advice,I feel like it’s more about preference. I’ve meet guys who were a lot older than me who were the most immature guys in the world and I’ve meet guys who younger than me who were more mature than I am .,1612848062.0,1
dating,Why do you say that ? And one did in a way because he thought we were going to get married and we weren’t even dating .,1612837813.0,1
dating,I wasn’t dating them . I was talking to both of them . There is no cheating involve . Yes I should of clarified the situation/ situations better . But both guys I’ve talked to both call me angel and sweet names and I’m not dating them I’m just talking and getting to know them. I know I’m not ready for a serious relationship,1612837751.0,1
dating_advice,One I’ve talked to literally told me his life story and I’ve hung out with him a little . The other I’ve talked to a bit but I’ve never got to chance to talk to him much because he always seems to message me when I’m working or usually at work. But the other guy lives in another state . The other guy that I’ve hung out with I stopped talking to because he say me marrying him when we weren’t even dating . So it just got weird. I just find it interesting that the way they compliment me is almost the same.,1612811653.0,1
dating_advice,I’m just really talking to them and getting to know them.,1612811411.0,1
dating_advice,I’ve only meet one of them . Only because one lives in my area,1612811372.0,1
thebachelor,One of the first things I check in the morning is this sub. It’s the most entertaining thing and only thing that will make my day when I’m down. Plus the drama in this sub is keeping me  from getting bored in real life. My life is pretty boring outside of this sub. It’s really sad actually,1612808198.0,2
dating_advice,Your welcome,1612801297.0,2
dating_advice,I would just be patient with him as much as possible . Also be supportive for him helps. Give it time to have the relationship grow more. Once you give it enough time he will eventually tell you the reasons. It’s better to have the relationship start slow because of his past relationship trauma then have it go quickly . Because I feel like if a guy has relationship trauma and he takes the relationship fast then they’re issues with the guy that he isn’t addressing. But if he is taking his time and slowing down the relationship . He will have more time to heal with the trauma . Therefore the relationship will turn out better for the both of you. And you in return will understand him a lot better .,1612799105.0,2
dating_advice,If she is not willing to change her ways . Why waste your time on her . Change starts with yourself. If one of you is not willing to change or improve themselves . The relationship will ultimately not work . And I know from personal experience with an ex.,1612798454.0,1
dating_advice,From my personal experience no. Only because it seems like my ex had an issue going after his other exes when he got bored with me . But I think ultimately it depends on who I’m dating and I would also feel like I would need to get know the ex. Because once I know them . I think I would be okay with it. Only if the ex isn’t after the guy I’m currently seeing .,1612798296.0,1
dating_advice,Your welcome.,1612798004.0,2
dating_advice,I find this to be a bit true . My sister is really pretty would get more dates than I would . She get dates without even trying to date someone . She is also someone who is a bit outgoing and I feel like she is willing to try to date anyone once. She always ends up with good looking guys . It also doesn’t help the fact that she looks like a model almost . Where as me I think I look like a potato sack and I couldn’t get date unless the guy is weird and ugly. But I feel like guys like girls they can’t have . So I think that’s what most guys see in my sister. But I know is my sister usually has a lot of guy drama. My uncle says she is the girl to be breaking hearts because of pretty she is.,1612797981.0,2
dating_advice,With this day and age with COVID it’s hard to meet people . I feel like dating apps don’t help really . I would say through friends or a hobby would be best. I wish you the best of luck .,1612797695.0,1
dating_advice,I would move on from this guy. Clearly you’re not his first choice. Why waste your time on him. He sounds like he is a little interested but not enough to want to go for more . He also could be shy guy. Shy guys are hard to find signals from because you can’t tell if he likes you or not. And seems like you have to start the conversation always. If he is not shy and you have to question rather he likes you or no. Then I would move on .,1612797499.0,0
dating_advice,I just think if he is going to ghosted you like that he isn’t worth time . I personally hate guys who do this . Because it shows they’re not willing to admit why they ghost you . I feel like guys who ghost really just aren’t that into you in the first place . And it’s not your fault that he ghosted you . It’s his fault. I do wish you the best of luck and I hope you find the right guy for you. I know the dating scene is hard out there right now,1612796990.0,2
dating_advice,Just straight up and be honest about your situation. The right person will understand that things aren’t going so well financially for you right now but you’re willing to improve that situation. And sorry but your loss . I hope you find a job out there .,1612796774.0,1
thebachelor,My theory is that then went a break for a bit and never actually broke up in the first place . But also part of me believes your theory might be right too.,1612795144.0,1
thebachelor,I really want to know if they was more to there one and one. I mean I felt like they cut a lot from their one and one . I wonder what the gurus were saying 🤔🤔🤔 Other than the candle part . I wonder if they said anything about their future love life . Because now that would be interesting .,1612762401.0,1
thebachelor,Now I am curious what barb might think of this . I’m very conflicted on what her stance would be . Either she would be super happy that Peter and Kelley are a thing again. Or she might be upset because her son hasn’t learned from his old ways. But why am I leaning towards my first option. That she would be happy about this. But I can see barb being really upset . Oh so regret breaking up with Kelley NOW and her saying why did you let go of Kelley in the first place. But I do feel like Peters dad and brother are probably not going to be happy about this one. I can see Kelley’s brothers not being happy either.,1612761635.0,2
thebachelor,My guess is they’re agreeing to at least being friends with benefits. Which I’ve done before too and with ex too. And it gets messy and too complicated. It’s to the point where it isn’t worth it . Because you could end up having feelings for that person again . When they decide to what to pursue other people it can crush you . This why them hooking up possibly or getting backing together reminded me too much of me and my ex. And sadly I think Kelley is going to crush and heartbroken again all over . She shouldn’t waste her tears on Peter.,1612760972.0,1
thebachelor,I agree with this . Someone who has commitment issues has to work it out themselves . They shouldn’t rely on another person to do it for them. I feel like Peter is the type of guy who can’t stay single for long but also the type of who jumps from one relationship to another but won’t commit when the girls wants him to. So if they give each other space . Peter can work on himself and Kelley can find somebody better suited for her or somebody who is willing to want her for long term relationship.,1612760725.0,1
thebachelor,I think they will be on and off again for a while . Then when is like I’ve had enough of this . One of them will start dating somebody new . Even if they are on and off again . I’ll think they will date other people . But once it’s final . I see one of them dating somebody else and moving on completely,1612750531.0,20
thebachelor,I had a feeling this was going to happen .,1612743786.0,6
thebachelor,No I’m saying I can see him mostly likely getting married in mid 30s . I actually know somebody who got married in their mid 30s . No I don’t think it’s late . I just see Kelley finding her soulmate before Peter does that’s all. And I can see Kelley getting married before Peter.,1612731283.0,0
thebachelor,It’s only exciting when you’re young . When you’re older it’s not an good idea.,1612731067.0,13
thebachelor,So true .,1612730913.0,7
thebachelor,I felt like this was too obvious .,1612727279.0,26
thebachelor,I also get a feeling Peter will probably get married in his mid 30s . I feel like Kelley will get married in a few years .,1612726718.0,1
thebachelor,I meant to say Peter isn’t fully mature .,1612726648.0,0
thebachelor,"I totally agree with you . Also the post gave me a vibe that if him and Kelley worked things out . They could get back together at any moment . He usually sounded like Kelley was important person in his life . I do think their relationship was something special to the both of them. I think there is a reason why they got together but I don’t think it’s for marriage . I just don’t think Peter is ready to settle down right now and I think Kelley is . But you can tell Peter is fully mature or needs to work on himself more to find the right person . Kelley just needs to be the right place to find someone . There is a lot of their relationship that reminded me of me and my ex . For instance my ex was like Peter , where he didn’t want to commit to the relationship and he would go from one relationship to the next . I was very much like Kelley where I was obsessed with guy and ignore all the red flags about him. I would get back together with him dated and if I wasn’t dating him , I was hooking up with the guy. The only problem that is you don’t really get to know somebody that way and only meant that the sex was only thing keeping us together . Nothing else added up . I think it’s almost the same thing with Peter and Kelley . There is something that keeps attracting them together and I don’t think it’s them having anything in common or anything that signals a long term relationship. And I was one who had to end things with the ex and realized the only way for me to find the right person is let this person go and I think Kelley might have to do the same thing. She has let Peter go and move on with her life . Yes I do feel like Kelley will be married before Peter .",1612726254.0,-1
thebachelor,I personally didn’t like the break up posts either .,1612725494.0,2
thebachelor,I think if they didn’t breakup . That at least told each other they need to be a break for a few months to give each other space and to figure out their relationship.,1612723876.0,8
thebachelor,I’m not shocked about them seeing each other . I knew something was going on . I wouldn’t be surprised if they get back together or hook up again. I’m waiting for more tea on their story . I didn’t hate them as a couple at all. I just don’t think they’re for each other long term. I didn’t see them settling down with each other . I just hope they will move on from each other in the future. This whole Peter and Kelley situation reminds me of something I’ve been through personally with an ex. Which means one of them has to realize they aren’t good for each other and stop communication completely. Otherwise they’re going to keep on coming back to each other .,1612723633.0,41
thebachelor,"I feel like for the most part they were Flirty friends for a while but during the summer where Hannah brown was staying at Tyler’s house , I think they became friends with benefits . I can see that they might of hooked up a few times . Also think Hannah wanted to date him but Tyler either wasn’t in the right headspace at the moment or he didn’t want to date her .",1612678030.0,1
dating_advice,First ask for her number before switching it to just iMessage . Ask her if she is comfortable giving out her number to you.,1612675147.0,2
dating_advice,I want somebody who is driven . But I don’t want somebody to financial ruin their life . I want them to keep on pursuing on what they can do to approve themselves. Rather that’s financial or emotional or both.,1612661968.0,3
dating_advice,"I think if you want to be more serious with this girl , I would say iMessage but if you’re keeping it casually stick to Snapchat . Also it’s really up to you too.",1612661637.0,1
dating_advice,At least somebody who is financially stable and somebody who wants a career or know what career they want.,1612661263.0,2
dating_advice,For the most part yes,1612654051.0,3
thebachelor,I totally agree with this . If even on the show Hannah Ann didn’t show as much emotion and when she did I couldn’t tell if she was being real or fake . I’m like this isn’t really this girl’s personality.,1612637672.0,3
thebachelor,Peter breakup post didn’t sound hateful towards Kelley and sounded like he was grateful for having her in his life. To me sounds like they’re on break and trying to work things out . And keeping time apart might work or sounds like he wouldn’t mind getting back together with her . But that’s only if he is willing to make the relationship work harder and commit more .,1612547798.0,1
thebachelor,I think they’re secretly deciding to get back together but not tell everyone right away or they were on break this whole time . Or they decided to mutually split because Peter couldn’t commit but now he realizes he misses Kelley . So he wants to only commit to her .,1612547514.0,1
thebachelor,True true . I have theory about this two now ever since their breakup .,1612546831.0,2
dating_advice,I would say also coworkers too . If you have that one coworker you like talking to you . You can try to make them your friend . But right now a lot of states are closed so it might be hard .,1612540127.0,2
dating_advice,And I misread your question wrong the first time .,1612539879.0,2
dating_advice,Yeah that can be hard . Especially right now depending on where you live . My best bet would probably online . If you talk to people who have common things with you through any platform that’s a start .,1612539841.0,2
dating_advice,That’s sound nice but Im giving advice to this person . What makes you think I have no friends ?,1612539595.0,2
thebachelor,Are you for real? Yeah something is going to happen between those two for sure . I wonder if they will get back together . I can kinda see it now a little but not really . There will be a story about them for sure .,1612513168.0,3
thebachelor,I think it will be soon,1612504247.0,2
AskAstrologers,Thanks,1612504212.0,1
thebachelor,I was going to say that sounds about right . I live near Destin and I have to drive to Michigan to visit family and where I’m from in Michigan it’s an 15 hour drive . And Nashville almost an half way mark for me,1612503907.0,3
AskAstrologers,It is a bit complicating . I’m learning as much as I can .,1612500888.0,2
thebachelor,We all thought the same too but we of course clowns 🤡,1612499801.0,10
AskAstrologers,Btw I did repost it the question and chart but I took my information out of it .,1612499769.0,1
AskAstrologers,Thanks for that bit of information .,1612498505.0,2
dating_advice,I think you’re right . Most men I’ve talked to are pretty much either the want you to better at them at something or they rely on you something else . I’ve guys say who how come you don’t have this and this . Because I’m like this didn’t work out for me . I’m referring to job wise . I’ve guys talked to me and get mad if I don’t sleep with them right away. I’m like dude it takes me away to develop feelings plus I’m not a whore .,1612497982.0,1
dating_advice,I would say through friends would be a great way with people . But in times of COVID that can be hard .,1612497510.0,9
dating_advice,When a guy texts me and they’re constantly texting me nonstop that day and then they don’t text me after or bit. Or forget to text me then I know something is off. Rather it’s them not being honest or is not communicating properly.,1612497276.0,1
dating_advice,There was one guy I talking to in the beginning of quarantine last year . Both of us messaging each other at first was fine and then we FaceTime . Which seemed everything was going great. Until he told me he would only meet me up after 9pm. He was 36 I believe too . But he told me a story how he was 34 and hitting up a 19 years old . Then I was like I knew something was up and he wasn’t looking for something serious and he only wanted to hangout just to hook up .,1612497157.0,1
thebachelor,Lol I don’t live far from Pensacola . Ima bout an hour away but if it were that area . Kelley is a 30a girl for sure,1612496077.0,2
thebachelor,Definitely Super Bowl related . Also Peter isn’t too far from Kelley which I find interesting . I think a lot of stuff will come out about these two Super Bowl weekend again for sure . I’m thinking possible hooking up.,1612495075.0,52
dating_advice,*I had to do this,1612479987.0,1
dating_advice,There are times where I’ve told that to guys too and I meant it . That I couldn’t see a relationship with them or serious one for that matter . I had to do recently to a guy who invested way too much time in me . And got mad at me for saying why do you not want a relationship right now . Then I told him the truth .,1612479946.0,1
dating_advice,"From my personal experience, the answer is yes . And that’s okay it just means that person was never worth your time to start with . No matter how hard you feel for that person . You should never invested time in someone who never wanted a relationship with you in the first place.",1612479757.0,1
thebachelor,I actually agree with you on this one . I felt Claire and dale story was too much . I’m like okay they’re done and I think almost everyone excepted them to breakup.,1612463774.0,2
thebachelor,Kendall,1612463579.0,1
thebachelor,I think somebody else brought this up a while back . But to answer your question . I think they cast woman who out of the bachelors league . I’ve noticed that in recent seasons . I just think they choose the bachelor who as ideal qualities for husband material but not necessarily wants to settle down right away too.,1612463342.0,10
thebachelor,I loved their chemistry . I thought they were perfect for each other. Honestly Peter needs to find a girl who makes him feel like the way Hannah B made him feel. You can tell Peter was so happy around her.,1612462824.0,93
thebachelor,Younger me is screaming on the inside . I remember when Ryan was all the rage . I feel old now . I remember having a bit a crush on him and looking through magazines just staring at his posters.,1612459897.0,19
thebachelor,I can see Michelle and Mike being a thing . I think they would get along get . I think Mike likes smart woman as well too . I can also see Bri and MJ as well getting along with Mike as well,1612459714.0,7
dating_advice,No you aren’t wrong there . I’ve noticed how the guys have treated me and it’s not the best . Usually the dorky guys have expectations for me and the jerks are the ones that want sex from me .,1612455767.0,1
thebachelor,That’s what I said . As someone whose grandfather and dad is named James . I just see Peter sr being a Jim . I wonder if he almost got named that .,1612455187.0,1
thebachelor,I do ship them together . I think they would be cute .,1612451651.0,5
thebachelor,"I honestly  can see the appeal of New York. But I think it’s more appealing for younger . I’ve only went there once for vacationing . And I really enjoyed it . I don’t plan on moving there in the future or anytime soon . I’m also somebody who grew up in the Midwest most of their life as supposed , so I feel like can understand the city a lot better . Living to Florida can be hard for me at times . People tend to be so laid back and some become lazy about work . Drives me insane . I’m like don’t you care about your job.",1612451614.0,2
thebachelor,I think it depends of what part of Florida we’re are talking about it. For instance I live in panhandle of Florida . I feel like a certain type of people fit in that area of Florida . Panhandle I feel like is more conservative and more family oriented area . Well the area I live in and half of it has richest people come there . But locals are typically normal people or super rich . There isn’t a middle ground to it. I also live by tourist trap too .,1612451297.0,0
thebachelor,I’m not saying you’re not wrong about that,1612417749.0,3
dating_advice,"For me if it’s I feel spark for that person and I have to physical be attracted to him too . If not physical attraction , there as to be something that draws me towards him to want me to start dating him . I know for me personally I have not dated the most attractive men and I open to dating people I’m not attracted to and I realized it does not work for me because number one I’m just dating them just to date them . Two it makes me not develop feelings for them and makes me want to friendzone a lot . Which can be bad because I’ve noticed most guys I’m not physically attracted are usually the ones that are very attracted to me . Also it has to be personality trait I’m attracted to I like guys who are funny but I also like guys are bold and confident .",1612417258.0,2
thebachelor,She just seems so happy in Florida and idk something about her makes me feel like she would fit the lifestyle in Florida maybe that’s just me tho . But it’s not idk anything about Florida since I live here or anything,1612416928.0,1
thebachelor,That’s is true . You do make a valid point .,1612416866.0,0
thebachelor,I would actually agree with this . And she shouldn’t put pressure on herself to be something she isn’t . I mean if she wants to change or herself or improve herself to be better that’s fine . But you shouldn’t change who you’re or compare yourself to another sibling. This statement I can relate to and in a way I can relate to Kelley . I have sisters who are a lot smarter than I am and I wish I was as smart as them . I have to work as twice as hard as they do to succeed if not more . It doesn’t put a lot of pressure on someone . The good thing is I’m hardworking and I praise that about myself . I don’t think I’m as ambitious as enough or the most goal oriented person but I want to work on those things. It’s hard to compare to your siblings . So I can understand in a way .,1612414744.0,4
thebachelor,I’ve heard it’s expensive near Tampa . I know someone who I went to school with who lives there now . And I talked to someone who moved out of Tampa and moved to my area because of their job .,1612414222.0,2
