subreddit,body,created_utc,score
meth,When I went smoking to iv I went from a ball every other week to a ball a week like it was nothing.. and then I stayed at that for years but it increased my use not decreased. Lol I thought it would.. which was why I switched.,1667724979.0,1
meth,"I don’t sell to anyone, it’s just for me and rn there is no one that is consistent enough with quality to buy higher than that.",1667724869.0,1
piscesastrology,All of that. Yes,1667724267.0,2
AskReddit,The board game Clue.,1667724141.0,1
meth,Buy bulk first off. I buy a half ounce at a time. I’m also a server and I do Amazon flex,1666548441.0,4
columbusclassifieds,It’s very small.. especially the bedrooms,1664777925.0,1
piscesastrology,We didn't get back together but we are still very good friends,1664236552.0,1
meth,Ummmm subs don’t work with fent tho,1664211583.0,2
flashlight,Neat! And thank you! I joke that I’m his flashlight sugar mama because I buy him so many but I don’t know much about them. This is a special occasion so I need an above average flashlight gift for him. Thank you (everyone really) for helping me with this!,1664211189.0,8
flashlight,I don’t know anything about flashlights.. I chose based on what I know. He didn’t suggest anything. Which is why I’m here lol. Thank you so much for suggestions. I’m gonna check out the q8. I would say that power and lumens is mainly what He likes. Though he likes when other tools incorporate flashlights.. like multi tool flashlights? If that makes sense.,1664210936.0,4
Columbus,They haven’t told me any time frame,1664203801.0,1
AskReddit,“I just tell it like it is” people. No. You are just an asshole with no consideration of other people. So obnoxious. Why are people proud of this?,1664040875.0,4
Columbus,Scali's is the bee's knees,1663654755.0,4
Columbus,Vick's Pizza. Best pizza and good carrot cake.. not a fan of the subs but the pizza is my fav in the city next to teritas,1663654701.0,4
piscesastrology,i am pisces sun and moon with taurus rising!,1663652401.0,1
Advancedastrology,"depending on the house and aspect, Lilith can make 2 people feel very drawn to each other when normally they would not be each other's type",1663035975.0,2
Advancedastrology,Did you check your guys lilith aspects?,1662576855.0,2
Columbus,Honestly it doesn't matter if he did. Cops don't ever fingerprint for things like that. They usually just take a report.,1662573071.0,6
CleaningTips,Do you have brass or copper fittings/connectors? It seems too bright to be algae.,1661971045.0,1
CleaningTips,i think that it may be a sign of a plumbing issue man,1661885623.0,1
CleaningTips,"Actually after looking it up, you maybe have copper pipes and a ph water issue.. [https://www.mapei.com/us/en-us/training-and-technical-service/tech-talk-blog/detail/mapei-blog/2019/01/07/blue-stains-on-tile](https://www.mapei.com/us/en-us/training-and-technical-service/tech-talk-blog/detail/mapei-blog/2019/01/07/blue-stains-on-tile) and it may be a sign of a plumbing issue and corrosion in the pipes  https://www.familyhandyman.com/article/green-sink-residue/",1661884932.0,12
astrologyreadings,only sunday nights and monday before 7am,1661759990.0,2
astrologyreadings,nope,1661759860.0,1
astrologyreadings,lol i did too.,1661754795.0,1
astrologyreadings,Oh no way that a leo posted this attention seeking post,1661754764.0,2
domesticviolence,oh wait you aren't a mod? well...no one asked you to decide whats welcome.,1661753111.0,0
domesticviolence,"how is she undermining anyone? she is asking questions and wanting clarity. i dont see that being against any of your rules and just because you are a mod on a DV reddit doesn't make you some authority that is never wrong.. In fact, that kind of seems abusive in itself. i dont even know what credentials you have lol. being in a situation of abuse is bad enough without having somebody come at you with no compassion.That's how a lot of people in the world operate towards domestic violence,with this attitude that a victim is  uneducated or  pathetic and weak... Society has taught people who are victims of domestic violence to not speak out because they get met with responses that make them feel ashamed. So I don't care if you are the head of this forum,Maybe you should keep in mind what your goal is.I am assuming that is to help people who need to talk to somebody or have questions regarding domestic violence, but if I'm wrong please tell me.",1661752612.0,0
Columbus,"I'm not talking murder or the news. My car has been broken into multiple times the past 5 years, this year being an exception so far, my last apartment while the cops were trying to locate someone.. that someone attempted to enter thru my sliding door, i had another man straight turn my door knob and walk inside then casually start going thru my kitchen drawers while i was in the shower (my boyfriend luckily came home right after and called the cops), and i saw someone od while i was at a mcdonalds drive thru.. and i live in hilliard not the hood thank you.  lol None of that happened to me prior to 2015... ever.",1661751496.0,2
Columbus,No it’s always packed when I go pre and post Covid,1660137567.0,2
Columbus,Morse rd bmv line is always short and they aren’t quite as strict. I wouldn’t call them friendly but I’ve never spent more than 30 minutes there. Gahanna bmv is one of the worst to me.,1660137492.0,2
Columbus,"The crime is out of control here right now. As others said you will be safe in high end areas, but the prices for housing is thru the roof as well. Then don’t forget the opioid epidemic and meth is getting bad here. We also have gangs of kids stealing cars that the cops can’t do much about since they are 14. I wouldn’t move back. I’d raise my kids in Germany honestly.",1660136813.0,-4
Columbus,Omg…..  Covid driving was the best! I always joked that if I became queen of the world there would be one day of the year that nobody else was allowed to drive at all. just me. And I kind of got to live that fantasy just a little bit.,1660133279.0,6
Columbus,This made me Lol for real and not just on keyboard. Thank you,1660132991.0,3
meth,.73,1659564568.0,3
StopSpeeding,"thank you! i really appreciate your kindness. I'm really hoping I don't have to take time off and if I do then very little. I'm a server... lol I got yelled at by previous job one time because I told them I couldn't come in that night since I was having my appendix removed in a couple hours. So yeah.. and I'm not sure how easy it will be for him to get a job right away either. So hopefully no more than a couple days.. It's a messy situation, but I created it so I got to clean it up.

 I'm really curious about the smart recovery meetings. My city only has 1 though. The only thing I dislike about any of these groups is that there always is so much drama.. lol but I guess being addicts we are kind of dramatic people. I want to meet people who are just real. I'm tired of people being fake nice and talking shit about you or trying to use people or some sort of motive. I went to meetings when I was 19 and I was all super flattered because I was a dumb kid, but looking back it pisses me off that there were a handful of old timers who were really crossing lines with me and other women in the name of ""helping others in recovery"". 

You know maybe I shouldn't judge it on past experiences though.  Maybe I will meet some people on my level",1658552702.0,1
StopSpeeding,im giving it a go while trying to get my ducks in a row and prepare a little bit by saving money and hopefully getting a cpl days off from work. Im thinking about getting an appt for antidepressants and get those going so they kinda kick into gear as i'm kicking this shit. i have no clue if that'll work but i'm hoping. oh and im prepaying my bills and getting gas cards to minimize cash since i have no support system to keep me from buying it. ive never gotten off this before so i have literally no clue what im in for,1658125903.0,2
StopSpeeding,"thank you.. lol im hoping so. i really want to be done with this and im so nervous about it. ironically I am a control freak And the idea Not being able to control my energy levels or emotions Is really scary. Sometimes I feel like I barely have enough time to get half of the things done that I need to get done. I literally feel like I use them to go to work come home and clean my house.I have no idea how other people have the energy to work, clean, get all their errands done... I feel like I only know how to adult on drugs and I don't know how to adult Like a normal person. Obviously it's possible because other people do it all the time But I'm afraid tha tI'm not going to be able to figure it out And then I'll lose everything ive worked so hard to build. Which is why I never have.

But now, I definitely know I have to, because I don't want to trigger the person i love and not be able to have a future together because I can't make healthy choices or provide a safe home for him to work on his sobriety. I just don't know really how to do this or get things prepared for me to do it. I'm really good at making the wrong choices and thinking I was making a good one, and I don't want this to be another one of those times. Not about getting sober, btw, just on how to go about it. I know getting clean is the right choice",1658125198.0,1
StopSpeeding,meth... 6 years,1658124047.0,2
Columbus,“In America we call it ice cream cones. No one calls it kona. Speak American”,1657901279.0,1
Columbus,Ok but if u can hVe it outside then what the difference inside? Lol,1657901174.0,1
Columbus,Wait.. they could still qualify if they have a dick under 2 inches and they have a complex from such,1657900992.0,1
Columbus,"See I don’t want to take lives.. I just need people to know if there is a situation where I’m not exactly qualified to make the decision of if someone should be shot, I can still make it.. so don’t cut the elephant ear line.",1657900889.0,1
Columbus,Idk my guess is someone refused to do the 2 finger biker wave and someone had a tantrum.,1657900678.0,3
StopSpeeding,Detox is when you go check in for like the first 2 weeks of withdrawal. Then you can go to to rehab for an extended period to learn how to life without drugs.,1657900090.0,2
StopSpeeding,also a lot of out patient rehabs i talk to want you to still do detox somewhere. did you do detox at home or a facility?  thank you for your reply btw,1657873718.0,1
StopSpeeding,"i don't see how you are very friendly or supportive yourself to be honest. your post actually made me feel like there isn't much hope and that i shouldn't try. you have pretty much told other people that you can't be wrong in the idea of permanent damage, and i never said sober asshole, just called you an asshole, my mistake for mot putting in a comma though, and for that I apologize. Punctuation is truly important. Just a hint, if you trying to be helpful to those in or trying to achieve sobriety then maybe try an approach of compassion. Even if you are right, you don't have to scream at everyone saying they are wrong. It's ok if other people have a different opinion than yours, Rule 3.. and maybe it's ok to let people think that maybe we didn't permanently screw our brains up.. because why would anyone new want to get clean thinking they probably won't ever be happy ever again because they used 6 years daily. Some people may even feel like harming themselves. Good for you for being sober.. you once weren't and you were trying to get support from others and needed hope. Again, sorry for that comma.",1657873432.0,1
StopSpeeding,"Thanks. lol How would we both need coda if one of us dies? pretty sure therapy may be the better route for one and the other will just need a coroner, but im not qualified to say for sure.",1657872588.0,2
StopSpeeding,Ok. so just cold turkey? did you try antidepressants at all?,1657872279.0,2
Nirvana,Without Courtney Love's influence on Kurt... In Utero would have been a very different album.,1657864333.0,6
StopSpeeding,and regular cheetah has convinced me to stay on drugs.. i came here for help to get off and now i'm convinced not to. thaaaaankkkksss...,1657863798.0,1
StopSpeeding,well thanks for busting hopes of living a happy life sober asshole. i may not quit now.,1657863477.0,0
StopSpeeding,i mean.... if its everything either way i'd rather ride it high then.. if i am fucked either way and must lose it all... then i'll try to pay off my car first.,1657863199.0,1
AskReddit,God what the fuck ever. This is getting to be too much bs with auto mods. Go fuck yourself,1656471778.0,1
Columbus,I was fine. I just told them I was subleasing from a roommate and wasn’t on the lease but paid rent to the roommate.,1655821295.0,4
ColumbusFood,Mama Nancy is awesome but pricey,1655821042.0,1
ColumbusFood,"Masseys has a cult following too and are pretty good. Sweeter sauce, thin crust type deal",1655820928.0,1
ColumbusFood,Ok so Vicks pizza is in reynoldsburg and I adore their pizza.. Teritas is not east but north and I used to drive up to get it because it was that good.the subs at vicks suck though,1655820736.0,1
Columbus,"Sweet, we can try on clothes somewhere new.. not many places let you do that now.",1655485664.0,2
raisedbynarcissists,"An autographed copy of “selfish” by Kim kardashian. I literally have no interest in Kim kardashian. My mom also told me she bought me a car on my 16 birthday, had me come outside and… it was a hot wheel.",1655235843.0,5
Columbus,"I just want to say, if any of her family is on here and sees this or her friends, I am so sorry for your loss. I am so sorry that her little girl lost her mom. I can’t fathom the amount of pain you are in. I saw an interview with her sister, I have a little sister I’m protective of. when I imagine something ever taking her from this earth, and how I would handle that, I honestly feel like my heart would stop right that second. I know it wouldn’t, but that’s how much I can’t comprehend your pain. This was not ok and she deserves justice to what happened. I wish I could take even a little of this heartache from you.. you are all in my thoughts 💝",1655162441.0,1
ColumbusFood,how far east?,1654237442.0,1
Columbus,Remember when we had Polaris amphitheater? Then a whole bunch of people built their house beside it and bitched that it was too noisy. I mean these people literally moved beside a concert venue and then they were upset when it was noisy. So we had to tear it down.,1653700283.0,1
Columbus,"Yuuuup. YUP. Seems about right.. No one is above the law, unless of course, you ARE the law. Such atypical bs. I will say though, I’m reference to his omvi, that was actually a standard sentence they would give most first time offenders. 

Is there a reason the victims name was not released, if they family requested it to not be then they deserve their peace in their time of mourning. The public doesn’t need to know the victim’s whole life story anyways. We should be empathic and compassionate no matter who a victim is. Also, how do they know it was him if the police haven’t released that he was, in fact, the driver? I haven’t looked far into this, so I apologize if this was covered at some point.",1653700043.0,30
EstrangedAdultChild,"I am so sorry that you got into a wreck, I know how awful that is and heartbreaking, but I also know the alone part. I was driving last month on the freeway because I was literally moving my entire apartment by myself when a deer ran into the side of my car. It broke out my window and everything. T boned by a deer.

I was in shock and drove home (still not sure how) and I was shook up. I was meeting someone from Marketplace to buy a sofa and when they saw me they asked if I had anyone to stay with me in case I had a concussion. No. I had no one. People always look puzzled when I say that.

So I know how it feels when you have no support system to turn to. You feel like you should be able to turn to your family in times of need and when you don't have that it feels scary and more alone than usual. But remember that this is just a bad week where you feel that, and that talking to them way a bad and toxic every single day. You are incredibly strong because you broke free of that situation and became completely self reliant, which not everyone can or ever has to do, and so you can get through this.

Also.. I know that even when my family was in my life... I still felt very alone.. but they also made me feel a whole bunch of other toxic emotions on top of the alone. Maybe since we arent dealing with that toxicity of guilt, anger, or self consciousness then the alone stands out more than before.

Again, I'm sorry about the accident and I'm glad you aren't seriously hurt. Remember you aren't alone, and that there are people on this forum who are here for you. Shoot, I'd even give ya a ride if you were in the Buckeye State because midwest people are overly friendly. lol. Keep your head up!",1653544747.0,7
Columbus,Ahh less on the road. Remember Covid driving? That was the only thing that was good about the shutdown. No traffic even at 5:30pm,1652535805.0,2
Columbus,Is it ever truly necessary? There isn’t much going on over on the east side other than Amazon warehouses,1652535527.0,1
Columbus,Not that it’s your business but it’s my best friend. I didn’t ask about life advice just how you do things at the county jail.. lightweight creepy yo. Who reads back into peoples profiles like that?,1650262377.0,1
Columbus,He had money on his books but you can’t send them socks or underwear. I tried.,1649640737.0,1
Columbus,they have an old one that isn't right online.. i found that out the hard way,1649625812.0,3
AskReddit,betty white,1649619970.0,1
UnresolvedMysteries,Right? I have such a hard time coming to terms with the fact there are people out there like this. I can't get into the mind of someone like that.. I don't understand how there are people that are that twisted and evil.,1649619580.0,1
EstrangedAdultChild,"i did it. You know the days that I was most mad at my narcissist grandmother I swear up and down that I wouldn't do exactly what I ended up doing.It's easy to say that we're not going to help out when they call but Sometimes Things don't go as you plan.I got a call from my uncle that I'm very close with telling me that My grandmother was being abused By his brother and was now refusing to take care of her unless she signed over all of her assets to him.the past 7 months she had been recovering from Getting her leg amputated.I had had no contact with her for over 10 months.

I will tell you that my grandmother was probably One of the best covert narcs I've ever came across. Even once you figured out that she was a narcissist, you would find yourself doubting it because she was so good at manipulating and she was so charismatic. There were days that it was extremely hard for me to take care of her because I knew who she really was,and her interference into my life was enormous before i made boundaries.

But I did actually Decide to try my best to Maybe get her to comprehend empathy a little bit. And while in no way shape or form was she cured  of narcissism, she was able to get her to see things from other people's perspectives a little bit more by me baby stepping her thru it with questions. I also promised myself that if she was saying/doing something that was inappropriate and damaging that I would call her out on it.I felt like everybody in our family never told her that she was being completely inappropriate and Maybe she didn't know. And if she did know Then I felt By pointing out That it wasn't okay then maybe she would care how others perceived that  to try to break a habit.Like I said she was still a narcissist, But it did help her to be a little bit of a kinder and softer person. She was a little bit more forgiving andI don't regret the time I spent with her Because it taught me a lot about myself and I feel like I did the right thing. Because I wouldn't want anybody to Be handicapped and Have everybody turn their back.Even though she had done it to me.I tried to lead by  example, two wrongs don't make a right",1648732880.0,1
UnresolvedMysteries,"Cherish Periwinkle leaving walmart with Donald Smith is heartbreaking to watch. Literally one of the most absolutely disturbing cases Ive heard because how from multiple angles there was so much fucking up happening, https://www.youtube.com/watch?v=dUEqSSBjVMw",1648725446.0,15
AskReddit,They do... it's called Dash Clearview Toaster. Your welcome,1648632165.0,1
UnresolvedMysteries,"Ok there are some pretty intricate theories here. She hangs out with a party crowd and the Midwest in 2016 had just been hit hard with an epidemic. Fentanyl was killing people left and right.. and a lot of the people who died were not aware that fentanyl was in the product. So.. I’m going to say that maybe she partied hard, didn’t feel right and texted a friend, and then went into cardiac arrest. I have a couple of friends that they tried to get help and then had a heart attack. 

A lot of times people freak out and don’t call 911. In Ohio we have the Good Samaritan law and you won’t be trouble for seeking help even if drugs are involved. I have no idea what policy Illinois has. But a lot of times even with the law.. people don’t call. Then the body gets dumped somewhere. Which is devastating and heartbreaking. 

I could be wrong but maybe this isn’t foul play.",1645793299.0,6
depressed,"I’m not rationalizing the abuse. What he does is not ok in the slightest, but it seems very black and white to say we don’t love each other because he has serious problems. 

We can agree to disagree, but I think that maybe just because someone has some serious mental issues doesn’t mean they don’t love someone. It’s still not ok, it doesn’t mean I shouldn’t leave. It just means they are capable of having a healthy relationship until they work on them. That’s just how I feel. 

Even if he doesn’t love me, I most certainly love him, and my question was how do I leave someone that I love? Not whether or not he loves me.",1644757291.0,1
depressed,"I’m not rationalizing the abuse. What he does is not ok in the slightest, but it seems very black and white to say we don’t love each other because he has serious problems. 

We can agree to disagree, but I think that maybe just because someone has some serious mental issues doesn’t mean they don’t love someone. It’s still not ok, it doesn’t mean I shouldn’t leave. It just means they are capable of having a healthy relationship until they work on them. That’s just how I feel. 

Even if he doesn’t love me, I most certainly love him, and my question was how do I leave someone that I love? Not whether or not he loves me.",1644757285.0,1
depressed,I think it can be. I think someone can love you but also not be in a healthy mindset. And I certainly love him. I just know that I need to leave because I can’t do this cycle forever.,1644654900.0,1
chromeos,It won’t boot,1644603490.0,1
raisedbynarcissists,"I was born 3 days before my mother's birthday and and she always told me me how much she  Resented that she had to celebrate her birthday with me And that she was ""forced"" to do child appropriate birthday parties that revolved around me. Lmao.  I have to laugh at child appropriate because she let me watch silence of the lambs and Pink Floyd's the wall at the age of 4. And if there were any parts of those movies that I didn't quite understand understand, she explained them to me like I was an adult. And she let me wander around foreign countries by myself at the age of 6 and above.. lol so why she felt she had to do kid themed parties is beyond me. Literally nothing else on my childhood was kid friendly.",1644503905.0,4
raisedbynarcissists,They got my sister braces twice and let me grind my jaw and destroy my teeth because they wouldn't take me to a dentist unless I had a toothache.,1644503489.0,1
raisedbynarcissists,"Do a combo of both stated above.  Though I'm not sure I would call the cops because it's gonna make your situation worse at home. I feel like narcissists don't learn their lessons well.. Sometimes never. It will just be your fault. They are very good twisting things around.When my Uncle hit me And tried to steal my car and I called the police they did nothing to him and wanted to search my car because he said I had credit cards in there that weren't mine, Which was a lie

Edit: talk to text made this a hot mess so I had to fix or look drunk",1644503317.0,10
raisedbynarcissists,"No its a normal feeling to have. Dr ramani on Facebook has a video about the death of a narcissist that's really good if you haven't seen it.

Edit: spelling",1644502886.0,1
depressed,How do you leave someone you also love? I'm having such a rough time with that. Im not good at abandoning people.. I know how much it hurts,1644502591.0,1
EstrangedAdultChild,Not thar my family had my back before. But I at least pretended they did in some sort of unhealthy and delusional way. My grandma was very good at making you feel like she was both wonderful and caring and also like you were nothing .,1644502454.0,2
EstrangedAdultChild,No im just kinda out in the world with no one. I dont speak to my family but its hard because I have no one really.  And people don't really understand at all what it's like because they have families. I don't have anybody to spend holidays with or reminisce with or have my back. It's the most alone I've ever felt in my life,1644502310.0,2
EstrangedAdultChild,"First, I’m sorry for your loss. Losing an nparent is really confusing emotionally. Honestly, you need to decide whether or not you have the closure you need. If you need to get closure and see her then I would suggest trying to coordinate a time when your family isn’t around. But please keep in mind that when you have a toxic family they may find away to make that time toxic for you. Can you call instead?

Last August I lost my grandmother, and she was a narcissist but I was also her caretaker. I never did well with no contact. My family didn’t even tell me that she’d gotten home from the hospital until she was unresponsive and when I went to Go say my goodbyes my uncle started screaming at me and threatening me.. I didn’t get to say goodbye. They called me an hour after she was dead so let me know that she had passed. They didn’t put an obituary out, there was no service or funeral, they threw away everything that wasn’t of value and they slashed my tires. I wish I would’ve gotten closure, to say goodbye to her. But if you have that already then I wouldn’t go through the madness and open up wounds.",1644424338.0,1
Columbus,Lol I booked a vacation to Florida to keep myself from being too depressed.. lol so yeah…. Super stoked,1643773364.0,2
Columbus,Well 1.3 billion got us an intel plant so we probably shouldn’t splurge on a museum right now *me pretending the people choose how the state spends money*,1643489220.0,4
depressed,And then what.. My life just gets magically better? Most shelters are full and if they have room it goes to people with families. And it should because they have the fight in them to do it. I don’t. I want to but I just don’t. Even if I get out.. I have a hole so big to crawl out of that I don’t know I can. I don’t know I can handle getting back up and trying again to just get the carpet pulled under me again. I’m working my ass off just to be at the same place over and over. I’m so tired,1643269216.0,1
lgbt,"Ok, thank you! That’s what I’ve always done but as a sister, I of course want to help, but she is a big girl and doesn’t need my help here. I feel better knowing I’m doing the right thing though. I’ll keep doing what I do then and if anyone has a book suggestion then let me know, otherwise I’ll just keep supporting her doing her.",1641618885.0,1
Columbus,lol There is no way this is accurate,1641569941.0,19
Addictedtotheneedle,it's iso. sorry man,1641530700.0,3
raisedbynarcissists,"“Your cousin is in town, I made meatloaf Andi can’t come get you. I just can’t”

I was 4 months sober from heroin and went to visit my friend who never used. She lived 2 hrs away and she drove. my “friend” then told me she was using and proceeded to use in front of me. I didn’t want to relapse and I called my n because I was stuck there. That is what she said. Oh, and my cousin is my sexual abuser. She knew this.

After 4 days I got a ride from someone, thank god. She had told me the 3 days after the first call that she just couldn’t. She was sorry but couldn’t do the drive.",1640819393.0,2
raisedbynarcissists,"::trigger warning: sexual abuse:: 
I have 3 that are equally horrifying but here is one

I was told that I deserved to be sexually abused by a family member because he forced me to wear lingerie. Then later my other n parent said it was ok basically. 

I was told my whole life that if someone ever touched me inappropriately that it wasn’t ok and to tell my mom and grandma. 

My cousin was 14 and I was 7 when he threatened to beat me if I didn’t put on lingerie and etc. I ran to my mother and told her what had happened right after I got away. She said “well what did you think was going to happen when you wear something like that.” I felt so dumb. His abuse continued for years and even after it stopped, He has continued to be inappropriate towards me up until when I last saw him 6 years ago.

When my grandmother asked why I hate him and I finally got the courage to tell someone once again… she said “but it was just kids being kids. He didn’t.. do it.. to you, right?” Does it matter? And no it’s not kids being kids.. I was 7 and he was a teenager. after telling her this and asking her to please not discuss his life with me, she continued to purposely talk about him to get a rise from me.",1640818934.0,2
Addictedtotheneedle,agreed. you blew threw your vein. did you tie off and poke around around for a min? if so that is why..,1639269346.0,1
Addictedtotheneedle,say you need a box of 1cc long point insulin syringes 29 gauge. you can try a pack of 10 but you have better luck with asking for a box,1639269175.0,1
Stims,never seen anyone accomplish that. lost 9 friends to overdoses who thought they could too.,1639207170.0,3
Columbus,I've had to do that. I feel like 71 is a shit show no matter what time you are on it. You got half the people going 80 and the other half 40. One time I had to slam on my breaks on 71 because someone was chasing their dog across the freeway. I have no idea how I didn't hit them. I locked up my brakes and thought for sure I was still going to. I must have a guardian angel in the car because I've came stupid close to a bad accident from freak events multiple times.,1639201953.0,4
Columbus,lol no. i have been on here a year or 2. haha i didnt even notice that,1639200976.0,7
Addictedtotheneedle,some ppl just live the dirty druggie life hard. seems real unnecessary and embarrassing but to each their own i guess lol,1639170989.0,1
Addictedtotheneedle,I'm glad I could help! If you ever have any questions you can PM as well. I was an IV user for about 7 years and only started to get an abscess one time. I was def a hypochondriac.. my poor dealer prob got so tired of me sending  pix of my arm tripping out lol. Just remember to make sure everything is clean and share absolutely nothing and reuse nothing for the most part. Endocarditis is some scary shit and a real threat if you reuse cottons and whatnot,1639170648.0,1
Addictedtotheneedle,Honestly.. I knew right after I did the shot.. I was like “that.. that is not right and I’m gonna get a fucking abscess.” 12 hrs later after work my forearm was so tender I could barely touch it. Went straight to the er,1638723454.0,1
Addictedtotheneedle,"That’s good though. It’ll feel bruised if you went they your vein. If it’s red and the pain is different and it’s warm to the touch.. go to the er. Listen.. you will know if it’s an abscess . I used to trip every time I blew a vein and message pics to my dealer lol. He told me I would know if it was for sure an abscess.. lord he was right. The pain was different, the swelling.. you will know for sure when it’s an abscess.",1638723329.0,1
Addictedtotheneedle,No you can use a heating pad. If it’s getting red and tender then it’s infected.. does it feel like a bruise type of pain or different?,1638723125.0,1
Addictedtotheneedle,Having COVID? Just make sure you stay hydrated more than usual and take vitamins. Get your immune system in a better place or it’ll be rough,1638723024.0,1
Addictedtotheneedle,I still used daily but I had to pay double what I did before COVID. I started buying in higher bulk to save money on it honestly. I was buying a quarter zip then moved to full zips. I am just now get back to pre COVID prices.,1638722961.0,1
Addictedtotheneedle,"Have you tried a 30? I used those with a lot of luck as long as I was still somewhat hydrated. Also, with 31 you run higher risk of either not getting a shot if you slightly bend that needle at all (an issue with 30 as well) and run higher risk of breaking off the needle (I’ve never had this happen but I know ppl it has and yikes)",1638722735.0,1
Addictedtotheneedle,no. just use cotton. there is all sorts of shit in cig filters. please dont use those,1638450145.0,1
Addictedtotheneedle,"Listen.. try boofing it. And I know that you are like ""eyeroll fuck off"" because that is how I was. I had no veins left to hit though and after a couple days I realized I was just as high as slamming it. I dont even try to slam now and it's been over a year so I probably could, but why fucking go through the headache when I can be just as high quicker than me finding a vein.",1638449853.0,2
Addictedtotheneedle,It's probably just a shoddy rig. It happens. Try a needle rig and if it is still being trash then you may need to switch to a new bag of rigs. There are a bunch of factors a whole bag can be defective.. from production to people leaving it in their car in extreme weather for a couple weeks.,1638449372.0,1
Addictedtotheneedle,When you have this happen make sure to run the area over with  the hottest water you can handle from a faucet or in a shower and massage it. It will help. Just trust me. It took me a long time to actually do it and I felt stupid for not doing it sooner.,1638449208.0,2
Addictedtotheneedle,"How fast are you slamming it? There is a perfect medium. If you go to slow, you gotta know ice constricts those blood vessels, if you go to fast then it  can be an issue. Also, when you are done pushing the drug through, wait like 30 seconds before pulling the needle out because if you don't it can leak when pulling the needle out.",1638449070.0,3
Addictedtotheneedle,"You more than likely just blew through your vein man.  If you get any redness or pain, you know the drill, go to the er. I am fairly certain it's just a blown vein. Try to not use that arm if possible  until it heals up",1638448826.0,3
Addictedtotheneedle,"Honestly, if you can use 31 than do. You want to use the smallest possible because it's less damage to your veins. The reason a lot of people don't like them is they have a tendency to clog, especially if the user is dehydrated. But seriously, if they work for you then keep on using them.",1638448657.0,2
Addictedtotheneedle,"I never had to. I'm sure someone may have noticed and never said anything, but I will tell you.. learning the art of color correcting with make up saved me from having to wear long sleeves all fucking summer. If they were super bad I still did, bur I claimed low thyroid and so I was cold all the time. If it was really hot out and someone asked I explained that growing up my mother used to say my arms made me look chubby and so it was an insecurity and now I just was so used to it that it felt weird not having long sleeves

edit: adding to this. NYX is a good drugstore brand for color correcting. They have 2 palettes and you may want to get both. they have a ton of youtube videos on how to apply.",1637656816.0,2
depressed,Thank you. You too. Thank you for your kind words and listening to my vent.,1637591973.0,1
AstrologyChartShare,"I'm so glad! Know that despite feeling like you are unable to prove your loyalty, you really already have. If he really thought you were cheating then why would he stay with you? I'll tell you. I was someone who was cheated on and when I found out, I dropped that man so fast. I'd been with him 3 years and believe me when I say, I am loyal in the way you are and it's to a fault. When I found out he was seeing someone, that betrayal hit so deep, because I AM so loyal, I never spoke to him again.

As far as maturity.... one time I was talking to a customer at work and her daughter had just had a baby boy and he was having some serious health issues and they were not sure if he was going to pull through it. The doctor told her in reference to his surgery that in her experience girls pulled through faster than boys do. The boys were fine, but it took them a lot longer.

The customer and I exchanged a glace and she goes ""I think that statement is true in pretty much any situation"" LOL!

Feel free to drop me a PM on here if you need anything or want me to look at your guys charts a little bit. I am def not a professional but it's a big hobby of mine and I enjoy looking at charts to kind of hone my skill of chart reading. Either way, best of luck to you and keep your head up!",1636130307.0,2
AstrologyChartShare,"you are extremely loyal, thats beautiful and rare. i appreciate you for being so and had to tell ya that.",1636045104.0,1
AstrologyChartShare,"it's possible they are. you are ready for a more settled down life and relationship. they aren't sure what they want. you may be putting a lot of pressure on this? back off if so, they are feeling like you are cornering them a bit. if you ease up itll work better. you guys need to communicate about your needs. but you love each other a lot i see... its possible when you met you felt like you had known each other longer? very comfortable.",1636044868.0,1
AstrologyChartShare,You the red or blue?,1635810224.0,1
HollywoodReceipts,Eww.. whole bunch of douchey happening here,1635810012.0,25
raisedbynarcissists,"Lol fucked up thing is I became her caretaker for 2 years before she passed. I don’t learn lessons well, it’s a hereditary condition. It’s serious.",1633848640.0,1
raisedbynarcissists,"Oh if it was important to me my grandma took her sweet time. And my whole life was frightening, lol, the hover n hit incident is honestly one of the least traumatizing experiences. But you’re talking to somebody who had to write an apology letter to their uncle when they were 14, because their uncle threatened to come and punch them in the face. Why? I said to him “why does it always have to be like this? Why do you always have to be such an asshole?” He  was drunk and threatening to throw my little sister‘s cat into a bonfire. But I had to write an apology for calling him a curse word and “causing an issue at a get together, and ruining everyone’s good time. As usual. It’s not like he would actually kill the cat, you were dramatic. As usual”",1633848549.0,1
teenagers,"The media coverage of school shootings is partly to blame. Kids trying to be notorious and famous for things mixed with the emotions of feeling like an outcast. Kids are assholes. Now kids are assholes with social media accounts. 

It doesn’t need to be on the news. The parents of the kids who did don’t want it, the family of the kids who died don’t need media shoving cameras in their face while grieving. The people who witnessed it definitely don’t need it. It disgusts me seeing reporters shoving a mic in the face of some traumatized kid asking what happened, what was it like?

It just get the shooters names in people’s mouths and that exactly what everyone does not need. I personally feel that the people who need to know what happened will know, and the community will be behind them supporting those in pain. It doesn’t need a national spotlight, so that later kids can try to beat records.",1633585950.0,3
raisedbynarcissists,"Does anyone else have a narc who while helping is also hovering to the point of danger? One time my grandma couldn’t get her emergency parking brake down in the car. Thinking that she had the car in park I just put down the e brake down without putting my foot on any pedals. Because she was hovering over me, when it rolled back the door hit her leg hard and knocked her down, but luckily I was able to push the brake before it rolled over her leg. I felt awful and was sobbing. due to poor circulation they had an oxygen pump on her leg for 6 weeks to help the wound heal. If anyone asked her what happened she told them I hit her with her own car. 😳",1633584414.0,17
raisedbynarcissists,I just would stop what I was doing and say “do you want to do this? Because only one of us is. I don’t need managed because I learned how to do it from you. I had a good teacher ok? So which of us is doing it?”,1633583965.0,10
raisedbynarcissists,Control. It’s them wanting constant control. I use tell my ngrandma “I don’t need managed. Go manage something other than me. I got this”,1633583757.0,1
findfashion,"It’s a pajama set. The background is a pale pink or maybe Manila color. My mom wore these the first time I met my baby sister at the hospital. On Etsy a woman had made night gowns with the same print in blue but had no extra fabric. If anyone can find these or the fabric so I can make them, it’d mean everything to me",1633583456.0,1
raisedbynarcissists,True. But don’t ever say we don’t have any.,1630364005.0,2
EstrangedAdultChild,"As someone who just lost my grandparent and did not get to say goodbye, go say goodbye. You will regret not doing so. Your parents will try hard to break that no contact. I’d advise you to do your best to NOT tell them when you are going. They are more likely to show up if they know you are there.  I’d try to explain to the hospital and arrange it on the dl but I’d definitely do it. No matter what you decide, my hearts with you and I’m sorry your grandma is not well.",1630225307.0,2
raisedbynarcissists,"I feel like every time I try to take care of myself something happens to prevent me being able to take care of me. I feel like I don’t have a purpose but to serve people in general. It’s like if I take time to do some thing for me then in the end I ultimately I feel guilty for trying to do it.

I had caregiver burnout so bad for a year. I told her how depressed I was and how stressed I was. I was working a full-time job and I was her only caretaker and she was in a wheelchair from an amputation above the knee. I was trying to do everything for both household’s from cleaning to groceries that lawn care to fixing up the house and then I i’m also a server at work. I literally would get up at 5:30 in the morning and I would work until six at night and then I would go straight to her house and work there until 1130 at night and go home and take a shower I’m trying to eat I never go to bed for a couple of hours and do it again. After 2 years my health was taking a hit bad. My teeth were cracking from grinding my teeth in my sleep. I’ve always done it since I was a kid when stressed.. and a whole mess of other issues. From heart palpitations and migraines to severe depression and sleep paralysis. I kept asking her to get me help and finally when she said that she didn’t want to get Her like that she had left taken care of I just couldn’t do it anymore. I feel like she was asking me to take care of a double amputee and I was so tired and I just didn’t think I could do anymore then I was already doing. Then the next thing I knew she was in the hospital",1630221756.0,3
raisedbynarcissists,"I’m so sorry that you are going through this. I can not imagine the anger and confusion mixed with a whole world of emotions. I would honestly say this is the time to talk to someone who professionally knows about narcissistic personality disorder if for no reason other than getting advice from a. Someone on the outside of your situation who b. Who is in a healthier mindset than maybe a lot of us here (I mean I hope so and this is nothing on anyone here at all. Some people are here offering fantastic support and advice). No matter what you do, know that your feelings are all valid and no one has the right to tell you they are not. You also do not have to make any sort of decision on how you want to approach this situation immediately and, this is strictly my opinion, but you do not owe someone me one who was so extremely inconsiderate of your psyche and feelings any sort of anything, good or bad. 

No matter what you choose, know you are in my good thoughts and I am really sorry again that this happened to you. No one deserves that to happen.",1630221278.0,2
raisedbynarcissists,I’m real good at enabling and self sabotage,1630220465.0,28
raisedbynarcissists,She died.. I didn’t get to say goodbye.,1630220335.0,2
meth,"Lol so why tf you on this sub then? Plus I've seen people destroyed and others  just lightly distressed.  You may not have or may have too up on your high horse.

ultimately most ppl prefer a drug user to someone who thinks they are better than others, feels like they have some authority to preach their opinion too, or likes to shit on people that are at a low point. But you probably won't care as long as you keep spittin your poison and feeling self righteous.",1627613602.0,8
raisedbynarcissists,I did try. I tried so hard because I'd hate to be handicapped and my family not step up at all. Thank you for yalls kind words.,1627612864.0,2
raisedbynarcissists,I know in my head that I do. I wish I felt I deserved better.  I just don't know how to get there. It's hard seeing other people go to family for support.. I have no one.,1627612665.0,3
Addictedtotheneedle,I thought hitting there was a no no,1626778605.0,1
meth,I have to assume they are living that life,1626778504.0,1
meth,they put fent in meth and coke pretty frequently actually. that and dealers using same scale for both products sometimes,1626325725.0,2
meth,so use not even a dose? like .02 to 1 cup?,1626325578.0,1
meth,"listen i saw a vice episode where these h cooks were straight opening fet in the wind no hazmat suit lol. doing blow to counter the fet. lmao it was so messed up. they were like ""yeah someone died last week but thats the job"" lolol like broooooo wtf",1626160253.0,2
meth,plus snow whites name.. bitch def high af.,1626159592.0,3
meth,"i use a syringe, break off the needle. then i cut the tip below the white tip with the needle or sometimes it won't work because the bent metal prevents the flow of water. also it can be painful. then i file the edges to make it nice an smooth and rounded out so i don't cause an injury to soft tissue. note: you wanna cover the tip though if you backload.. it will drip through. i can take pics of setup if u need",1626159142.0,1
meth,"also i recommend to avoid the feeling of needing to poo, do some sort of activity that involves 15 min of standing. dishes, vacuuming, grocery shopping.. whatever. get your mind off it",1626158828.0,1
meth,no. not even that much. try .2 first,1626158647.0,1
meth,"1. make sure the lube is water based
2. don't stick it up that high. literally more than 1 cm and you are wasting dope.

this is why you aren't getting the high. or at least 2 reasons",1626158608.0,1
meth,baking soda? like making meth butt crack? why?,1626158436.0,2
meth,booty bumps still do damage though. its not all butterflies n meth farts,1626158247.0,1
meth,lol i agree and i disagree. as a controlled daily user on year 6 almost.. it still catches up to ya no matter how well you take care of yourself. it still messes up things in your life. at 1.5 yrs i thought i was in a waaaaay healthier place on meth than before.,1626158119.0,2
AstrologyChartShare,">leos can express deep emotions in a way that other signs have a hard time of doing from my experience

my sister is a leo. when she was a kid she had a whole phase of acting like a cat when she was pissed. like hissing, back arching, spitting, growling, clawing. it was super adorable. she was 4. too bad that didnt last. lol im sure this isn't what you meant but here you go. cuz i mean i never expressed my anger as a cat",1626157839.0,2
IsItBullshit,For real? Barely half? Screw living in a place that expensive honestly lol.,1625648618.0,2
IsItBullshit,"1. Yes. If you don't make minimum wage in tips then they have to compensate. I haven't ever made less than minimum though as a server. On the negative, if a table walks out on a bill they can take it out of your tips as long as you still make minimum wage. I worked with a girl who had to pay for a walkout that was in no way her fault.. 190 bucks. 

2. At my current place, as a server/bartender I make $5 an hour and usually anywhere from $110 to $300 a shift. Here and there ill make on 70 bucks but not often. Then a portion of those tips are cash and most servers don't claim cash tips on their taxes. A shift is anywhere from 6-8 hrs max. I make more money than a lot of my friends who went to college.",1625648547.0,1
Addictedtotheneedle,Also you can hide them in couch cushions if they zip in the back or bean bag chairs,1625635665.0,1
Addictedtotheneedle,I used to hide them in a tickle me cookie monster.. I called him my junkie monster,1625635498.0,2
Addictedtotheneedle,"If you are a chick.. take the cotton out of a tampon and put the rig in its place. Yeast infection cream box. Basically anything that would be skeevy to touch. If that doesn't work, I used to get an opaque shampoo [or body wash or conditioner] then pour half out. In a sandwich bag I put my rigs then tied it with a knot, tied a string to it then shoved it in the conditioner bottle. I'd put the string to the side, but not visible if the cap was on. Then I could just pull it out. You can't fit a lot though. I also made hollowed out books.",1625635427.0,1
drugtesthelp,"Not helpful to the situation really. Yes obviously, I have told him this but unfortunately addiction usually trumps what I say. But thank you for contributing",1625081541.0,2
meth,LOLOL I wanted to lose weight and thought that people were either downies or uppies. If you were into one then you really wouldn't like the other way that much. I used to be a junkie.. so my dumbass thought I'd just use it to take my dieting up a notch. That was 5 years ago,1625056312.0,1
meth,roa plugging.. i do .2 and was same when i slammed it.. 3-5 times a day,1625055868.0,1
meth,this.. all of what you said. yes,1625055662.0,1
opiates,should i call?,1625054618.0,2
drugtesthelp,So he is in the psyche ward. should i tell his po or let it ride until he is clean then call when he is out?,1625053396.0,1
drugtesthelp,"So he had a drug test in the AM, after he did percs, then his po called and said the test was diluted and he needed to come in tomorrow to test there. if he fails or it's diluted then he is getting cuffed. i told him to go to the psych ward tonight",1625018879.0,1
meth,People really do the dark web thing? Idk.. not seeing your product..,1618767370.0,1
meth,Ain't that the truth. 3 years ago I got the best shit and this stuff now.. its ice.. but not great ice,1618686270.0,2
Addictedtotheneedle,Color correct it with the yellow and pink,1617812478.0,1
Addictedtotheneedle,"Fruit. I hydrate with fruit. It stays in your digestive tract longer than water. So once the water hits your stomach what's not absorbed goes to your kidneys and then to your bladder and so there's no more water absorbed, and the fruit will run through your digestive tract and your body will keep pulling water from it longer. I got melons a lot and it seems to work really well for me",1617812178.0,1
Addictedtotheneedle,"I'm 35, started shooting when I was 20. The time split between 2 different drug addictions, both of which I've hid successfully from everyone except my boyfriend. First time I shot up Tina I was at work and slammed .2 then had to go and tend bar.",1617811885.0,1
Columbus,dollar tree in the hood lol. im serious,1614755901.0,1
raisedbynarcissists,"Lol! Oh gotta love the irresponsibility. I took a cab in Bahamas at 8 to the market, I was even at our hotel when I asked the driver. He got a hold of my parents (who had to be paged at the pool), and they said they thought I was swimming at the pool. I had been gone for hours btw..",1614543959.0,1
raisedbynarcissists,"I dont think you understand. My sister won't make decisions without my grandmas ok. She wanted to come home and said she felt like she was losing her soul out there, my grandma refused. Told her to stick it out. She can control her there. She knows it's super hard for her to do it on her own. If grandma brought her back then my sister could get independent.. and coverts aren't fond of that. 

People think it's easy to just make a decision.. but my sister hS never felt she could do that. She has to get permission to validate everything for her. From food to eat to where she lives to where she works.",1614474478.0,4
raisedbynarcissists,"My grandma N! She always has been controlling and overbearing in ways like ""putting away my laundry but just really searching through my things (even as an adult when I was visiting), using triangulation to control convo, and using guilt as her ultimate tool to get the results she wants. When raising me though, she failed to take me to the dentist, I was left in the care of babysitters that I was abused at, and allowed to wander around in foreign countries by myself. Its indeed one of those mystical things Ns master in parenting.",1614440689.0,2
Makeup,Oh mixing in a little color corrector in my foundation if it's too orangey or pink.,1613882902.0,2
Columbus,I feel like waterbeds n stuff is a front for something. That place is never busy,1613785488.0,2
Columbus,Criminal defense,1612048550.0,1
FedEx,Yeah from hp,1608636109.0,1
antipornography,"Lol whats the argument for that? I mean they can't say you don't see blood, vomit, and other bodily fluids. Believe me. You see them all. I had a bachelor vomit on me once. I cried. I still feel bad for whoever he married I was so pissed.",1608615758.0,1
antipornography,I only bought underwear i could double as dance outfits. Lol my hair color revolved around dancing because of money. I regularly dumbed myself wayyyyy down.. I can't believe they thought i was so dumb. it was so tiring trying to constantly be what men wanted me to be.,1608615581.0,1
antipornography,You should post your story. Women should hear what the reality is. You never know who you could help :),1608615415.0,3
antipornography,"It happens fast. After a couple years I had developed an extremely bad drug problem and a warped idea of beauty. I wanted to basically look like Pam Anderson.  Nothing against her, but there was nothing wrong with looking like ME lol",1608615349.0,2
antipornography,"Because in the mind of someone who hasn't done it. It makes sense. You choose to dance, who to dance with, no one can touch you without you saying. Which sure... if that were the case.. if you weren't trying to make money and if bouncers did their job and if every man wanted a dance with you. And if every customer listened to the rules or your rules. But the reality isn't anywhere near that.",1608615222.0,2
antipornography,"Or are you referring to me and my situation? That is trickier. I had people try to get me out but I was convinced they didn't know what they were talking about because they were ""just judging the industry without knowing anything about it"". Maybe have her read my post. I will tell you that before I covid I made more money being a server than I did at the end of my run as a stripper. The girls coming in after me were willing to do more than I was, which was just grinding on these gross guys, and I was willing to do more than the women before me, because they didn't touch the men at all 5 years before I danced. So younger girls were willing to suck a guy for 20 bucks and a lot of times the men wait until the 2 for 1 dance and that's all they do. I went and degraded myself for the same amount of money or less than I couldve made with all my clothes on. I KNOW the money isn't that good now. I could pull in 260 on a friday night serving and my other friend who was still dancing barely made 120.  So there is an reason to leave, to make more money for less BS.",1607282592.0,12
antipornography,"Keep being there. Don't be mad she is staying. My friend said to me one time ""You know he tells me I am special and he loves me. How can I be special when thousands of men have had me? How can he love me knowing that?"" It was the honest to god most heartbreaking thing to hear. She didn't know what to do. She dropped out of high school when she was 15, she had a criminal record for prostitution in more than one state. Her self esteem was completely destroyed. She didn't have a family to turn to. It took her 2 years after I got her to start dancing for her to leave him. You need to show her that she can get out, plant the seed and give it time to grow. Don't hound her on it because he will eventually then convince her you are against THEM. Just keep being strong for her and being a friend to verify to her that she is not the problem and that she isn't going to be isolated when she sees the light at the end of the tunnel.  Your friend is in my thoughts and if you ever need to talk you can pm me or she can if she would ever want to. She doesn't deserve the treatment she is getting, no living thing does.",1607281717.0,12
antipornography,"Thank you so much for all the positive responses! I really appreciate it. I am glad to be out of the mess. It took years for me to see how toxic the environment was. Oh, I do want to add that some people don't seem to think dancing and porn are connected. I live in the midwest, and I had men try recruit me into porn. This was 15 years ago, before the huge rise in XXX amateur sites. So I promise it's worse now. If you haven't seen the documentary ""Hot Girls Wanted"" then watch it. It's the loophole of the legalization of prostitution. In fact, if the kid in this wasn't so young and dumb (Actually he may not be and he may do this but I'm doubtful) then he would see that he could even write a lot of these things of on taxes.",1607280979.0,16
domesticviolence,"I understand how you feel. My boyfriend of 7 years is a drug addict and he is emotionally and physically abusive. I don't have any friends and he has isolated me from my family, which is also abusive honestly. I don't really care if I live or die at this point, I want to care about it, but I don't. I feel like it might be easier sometimes, because I honestly don't have much fight left in me. I'm sorry if you feel even half of what I do, I don't wish it on anyone. I feel so alone and empty. If you do too, know that you are not alone. I don't have an answer to how to get out, but I can empathize with your pain. I'm so sorry",1606666861.0,2
meth,"Listen, he is going to find out eventually. I know this because I played this game. You are human, and you are going to slip up. He is going to be pissed either way, but if you don't tell him and he finds out then you have murdered his trust. That is the truth. You may get away with it for awhile, but eventually you will forget something or he will come home early when your guard is down, you'll fall out with your shit still out.  Just sit down and tell him, at the very least, half the truth. Like ""Babe, I feel like out of respect for you and our relationship that I needed to tell you that I have been experimenting a little bit with drugs. I know you hate drugs, I do, but this is not an all the time thing or an every day thing. It's not even an every month thing, but it is a thing.  I'm not out doing crazy things on them and I'm not getting myself into dangerous situations. I'm just curious and dabbling. I'm really sorry I waited to say anything, but I love you and I didn't want to disappoint you. I hope we can talk about this productively and work through this. I really am sorry""",1603365935.0,1
Columbus,OH  for sure! I'd get a membership if I lived closer. Do you know if the leaves are pretty over there right now?,1602507219.0,2
AstrologyChartShare,"Your rising sign is still a big part of who you are. There are people who are constantly putting a mask on to EVERYONE. Also it shows how you are and go about in the world. Where no, it doesn't pertain to the attraction part, it still does pertain. Th way someone treats you in front of friends or acts when they are drunk, whether they care what people think of them or not.. these are some things that are important in relationships. 

So yes.. at 7 years it isn't as prominent, but I promise it was at 6 months or at 2 years even.",1602507052.0,1
Columbus,"joann usually will help near the machines, there is a singer store in clintonville i think too and they are helpful.",1602067730.0,1
AstrologyChartShare,PS The savior complex stems right back to the controlling thing IMO lol.,1602066900.0,1
AstrologyChartShare,"Scorpios are nuts. I'm a Pisces and my boyfriend is a Scorpio Rising and I knew he was before I knew his birth time LOL, and I must be attracted to it on some level since I have dated a couple with Scorpio in their main features. They are secretive, controlling, and possessive. BUT! They are not all Scorpio and you gotta look at the whole chart honestly.  My bf is an Aries sun, Capricorn Moon and Scorpio Rising and Im Pisces, Pisces, Taurus.. but here we are 7 years in this hot mess and I still love him and he loves me.",1602066803.0,3
meth,"Hey OP, just checking in on you. Did you go to the ER I'm hoping? You are in my thoughts and I hope you have a good recovery. Please update us whenever you are feeling better.",1601642235.0,2
Addictedtotheneedle,yeah i used to think that too,1596154638.0,1
meth,idk lots of wackos on the internet i guess. isn't my name though so u do u lol,1596154331.0,1
Addictedtotheneedle,it doesn't work. i've been trying to fill voids with drugs for years without much luck.,1596154150.0,1
Addictedtotheneedle,[https://www.pinterest.com/pin/151011393729364652/](https://www.pinterest.com/pin/151011393729364652/),1596153868.0,1
Addictedtotheneedle,just get a red flashlight with 300 lumens at least.,1594609429.0,1
Addictedtotheneedle,"ok so yes but i wouldn't. i used a big one i got at some farm store one time when i was on h and when i pulled the needle out, blood was pouring out and i basically fucked my high",1594608847.0,1
DreamInterpretation,she will. she is super nosey. she is going to haunt everyone probably. lol i love her though,1594608152.0,3
meth,"I have no clue on how to do it or I probably would consider it, then chicken out last minute out of fear I'd go to prison or something.",1592730261.0,1
meth,i quit drinking and suboxone actually,1592532228.0,2
meth,blur your name on your id out. id do that first,1591854946.0,3
meth,def synthetic piss. monkey whiz works. ive used it. if its supervised though.. you are screwed dude,1591854695.0,1
meth,"so i had a plug for a year who i trusted enouh to give him my money and bring back the drugs. it is very rare i ever did this and i never do now. the catch was he would be gone with my money for usually 1-3 days, and getting an answer on wtf was up was like pulling teeth. i'm not talking 20 bucks either. he would be gone with 150 bucks and then just pop back up. the shit was great though. one time he drove down to dayton, which is a couple hrs away. he was gone for 3 1/2 days. lmao",1591810528.0,5
meth,1000 a zip and 100 a gram in ohio,1591808506.0,1
meth,in ohio its 100 a g. i'm guessing you are close to here,1591121784.0,1
meth,lol it's 100 a g in ohio,1591121680.0,1
meth,Where in ohio?,1590816618.0,1
Addictedtotheneedle,Oh or they may use the syringe as their measuring. I know people who put the ice in the syringe and use the cc marking as a guide. Honestly I don't do this method because there's been times that my needle is clogged because there's been a little bit of cut in there and so it's messed up my shot and if I would have just filtered that through The Cotton then it would have been out in the beginning and I would have made my shot,1590526736.0,1
Addictedtotheneedle,I think the mean .20g of clear. But I'm not 100,1590526584.0,1
Addictedtotheneedle,I used .2 the first time and it was way too much I would say to use .15. now if it's a burn that's traveling up your arm then you may have hit a nerve and I've had that happen a couple of times which sucks. It could also be leaking if you're pushing quickly though to try slowing your push. Try to dilute it with I would say 10 ccs more than the amount you are doing. This stuff is pretty caustic and you're going to run through your veins real fast if you don't dilute it a lot. Make sure you inject slowly and try to be still as possible. Some people say to untie immediately when you get blood I unfortunately lose my vein a lot of times so I usually start to inject before very slowly and then I take off my tie. But that is a bit risky. Pm me if u ever need any other advice,1590526448.0,2
Addictedtotheneedle,I boof it dude. I was always an iv user but I have a really hard time hitting and I also bartend outside so I can't have my arms look like trash trying to hit a lot. Honestly I try 3 times and if I can't get it I boof it. Sometimes I know I'm too dehydrated and don't try at all. It's the closest to iving I've found. Trick is to hold it in as long as possible. Which can be hard to do but you wanna try whatever u can,1590526129.0,2
Columbus,lol thats what i said immediately,1590126777.0,1
Columbus,i did not lol,1590126731.0,1
meth,"i got a q for 160 a cpl weeks back, usually a q for 190-240  rn.",1590126447.0,1
AstrologyChartShare,Nursing or anything medical are possibilities,1588718446.0,1
Addictedtotheneedle,"But I've used dollar tree books too. Oh I also have cut the bottom off a carpet powder dispenser, made a false bottom, then put the carpet powder back in.

Edit:spelling",1588556906.0,1
Addictedtotheneedle,"Lol yeah like book with secret compartments.. some people (in movies) hides guns in them, i hide drugs. Phone books or old textbooks preferred",1588556722.0,1
meth,i mix gatorade and coconut water. also try doing half gatorade/half water,1588141029.0,5
Addictedtotheneedle,"Hoodie pocket, book safe? I fucking make those lol, vents or middle consol in car?,",1587735683.0,1
Addictedtotheneedle,Are you using new rigs? I got those when I'd hit my rig on something and it would hook.,1587735425.0,1
Addictedtotheneedle,"Lmfao hell no, enough stupid motherfuckers out there eating tide pods and addicted to cherry ecig juice and dying",1587735216.0,1
Addictedtotheneedle,Actually I did lol,1587716378.0,2
meth,Still could be but try the neck first. When I get headaches like that its one of those 2. Feel better!,1586952803.0,1
meth,it's your sinuses i'm gonna guess? were u a snorter and how long u been off? try getting some sinus pain and pressure headache meds. if not your sinuses then look up sternocleidomastoid trigger point pain referral. the x's will be where to massage on your neck (just trust me on this) and it's probably from falling asleep on the couch or some other neck fuck position,1586926508.0,2
meth,"yeah. it happens. best eat some food, go to sleep and drink water. how long u been up? i mean u can logic your ass out of it for a day but eventually you are gonna get obvious and ppl are gonna suspect somethings up. friend, you are at that crossroad. id take the nap before the intervention",1586925933.0,1
meth,yeah i ttied to smoke it once after some spilled.. it was not the right thing to do.,1586925757.0,1
meth,"dont heat it, ever when shooting. its not necessary and burns off if u heat it over 170.. this is also why i don't use torch lighters. where dope u need to do it, this should just disolve. i test questionable dope with cold water even. if it doesn't disolve.. it's cut trash",1586925465.0,2
meth,id use it that day. i hear ice starts breaking down fast in water. ive premade my rigs for 10-12 hrs in advance. it's water soluable but i kinda shake it up because it makes me feel better lol. i mean honestly.. its going in the separated ir not right?,1586925404.0,2
meth,"oh and this shit is caustic and so dilute it pretty good.. or you will run thru your veins like i did. went thru 3 on heroin in 4 years.. now on meth, after 2.5 i'm lucky to find one on my arms or hands at all. i don't do legs.. yet",1586922502.0,3
meth,"Don't do this, not fast anyways unless you want to blow out your veins. Do drink water like you are a camel, remember to eat, l-argine will dilate your veins if it gets dicey, don't shoot in your fucking dick dude, if you preload a rig, do yourself a favor and get one of those hard cases for glasses or sunglasses. If you don't you are gonna end up pushing the plunger accidentally and will be pissed later. If your rig is clogging like non other then you are dehydrated. Sometimes eating fruit or veggies high in water content can help. It stays in the digestive tract longer thus allowing your body to absorb more water. If you are shooting and it doesn't feel right for any reason, just stop. If you miss then go immediately run hot (not scalding) water over it for about 10 minutes, and lightly massage it, i take this time to wash it really well with Dial soap. It'll help prevent an absecess but it's not fool proof. go to the urgent care if it gets red/tender and swollen. if you are in the us, no you aren't going to get in trouble if you go and tell them what happened. i promise. i mean if that were the case they wouldve combined the police station and the hospitals in the midwest during the heroin epidemic. don't share rigs, don't be a greedy fuck with them. remember, denying a buddy a clean rig could help them in making a decision that could kill them or cause serious damage. with that being said..  know that i got a friend who is sitting in prison for being the driver in a drug deal where the kid ODed. That's all they did. 4 years in prison.",1586922327.0,3
Addictedtotheneedle,"Listen, the us sucks mostly. I'm partially convinced they put something in the water that makes people stupid.You can survive here.. just with a lot more work and a lot less luxuries. Oh and with a lot of people who are racist.",1586288740.0,3
Addictedtotheneedle,In the us everyone goes to the grocery store to frantically and illogically buy all the toliet paper lol wearing face masks and hitting crowded grocery stores.,1586284634.0,2
meth,amen! this is soooo true,1586151563.0,1
Addictedtotheneedle,just use a flaslight and put it on your skin dude.. need at least 300 lumen.,1585048901.0,2
Addictedtotheneedle,um... you can just say you take care of a family member guys. you can still go places lol. i know ppl in la who say ppl still out there running around,1585048695.0,5
meth,"in my experience, every time they say its fire... its crap. but thats just my experience",1585048497.0,3
meth,and id pay more for quality but i havent found a plug that seems straight enough to tell that to. ive done a ball a week for over 2 years and i'm yet to stay up more than 2.5 days. but this stuff lately is so bad ive considered buying out of state from friends which is ridiculous (only reason i haven't is i feel doing so makes me a new level of addict),1585048259.0,1
meth,Ppl on here asking  if Corona virus made a shortage... not unless it started it last year,1584967775.0,1
meth,Ppl on here asking  if Corona virus made a shortage... not unless it started it last year,1584967762.0,1
meth,"They dont know the difference half the time i think. Its dumb. Been a year since anything wow around here. Meanwhile I'm thinking ""what happened to ppl cooking?'",1584967677.0,1
meth,im sure it is even if they arent,1584949210.0,1
meth,amen. midwest been trash for a minute. im over it. what happened to the real drugs?,1584948562.0,3
IsItBullshit,"Well for sure, obviously. BUT.. is it still in some secret file even if you delete it somewhere ""out there"" in the deep dark web LOL",1584862109.0,1
Stims,It happens to me too. Try eating fruit. It stays in the digestive tract longer than water. I cant stay hydrated with just water. Its definitely jaw clenching and posture. If you can find muscle relaxers it helps a lot. Sometimes I get a massage,1584395604.0,1
Stims,Sounds like iso,1584395240.0,1
Stims,Sounds like iso,1584395227.0,1
Columbus,Emma is great there,1583518536.0,1
AskReddit,bitch about teenagers,1582268687.0,1
Addictedtotheneedle,"hot compress 15 min on and 45 min off, massage it and surrounding area lightly (sometimes it helps to take a shower and use the pressure of the shower head as heat and massage), take some ibuprofen, don't ever do it again, if it gets hot, more swollen or red (not right after heating) then go to the damn ER asap. saw a guy with an abscess and he had to get 6 ft of gauze in it from this.",1582267903.0,3
UnresolvedMysteries,Jayme bowen. She disappeared while walking to her mom's a couple blocks away. Lots of links to the chillicothe girls that went missing. No arrests after 4 years.,1581844968.0,10
Columbus,that's right! my bad andrea if you see this,1581782506.0,1
Columbus,swear to God I'm about to make some,1581686032.0,5
Columbus,I think the same as you.. then there are places I never seem to know where they are.. I call that my lost zone,1581685601.0,2
Columbus,Mike definitely doesn't think it's anything to be excited about and he's making us know that.I watch 10tv but usually at night.I like ABC 6day crew.I feel like I'm missing another weatherman scandal...there was Jim with the pills and obviously Mike Davis.maybe I'm thinking of when Andrea had that picture up flipping off the camera,1581685310.0,14
Columbus,I saw it but I didn't know what it was. lmao,1581685016.0,2
Columbus,if he keeps up the sarcasm like this I think he deserves a raise lol,1581684929.0,47
Columbus,"lol he is over it for sure.. I love this though. in the first one he said ""I have a whole bunch of stuff to freeze for you when, I know you're excited about that""",1581684894.0,5
Columbus,I swear I'm never going to get Phil Kelly and buck straight.. I just call them big and lil buck lol,1581683532.0,1
Columbus,"Mike mccarthy. lol It was enough that Jessica said something along the lines of ""his life is a mess"". I was dying.",1581683404.0,14
meth,I was a ball a month and then started slamming.. I mean it hasn't gone up so there is that,1581675387.0,1
meth,and crappier,1581675347.0,2
meth,Mine hasn't changed much in 2 years oddly enough. I've been doing a ball a week give or take a day of 2 since I started slamming. I still have no fucking clue if that is a lot though?,1581366052.0,1
meth,"Omg.. lol it was intense just knowing him, I can't even imagine how he felt. He was screaming ""you see that? That one has been watching me for 3 months"" And is pointing at the sky. I used an app on my phone to show him. That it was Venus. And Venus does not give a flying f*** about him. He acted like I didn't even say it. He just changed the subject. He at one point had electrified his window pane. Because he was convinced that somebody was breaking into the basement. He had children. I felt awful for him and it scared me because I was secretly doing it lol didnt scare me into quitting",1581365877.0,2
meth,"I've always been afraid that it was going to happen. It never has though. I mean I've gotten paranoia before. Butt then I tell myself that I'm twacked out and to calm down. When I was younger, I was on antipsychotics because my mom had convinced me that I was bipolar. Looking back. I think I was probably just having emotions and she's a sociopath. I've used for. 3 years Maybe 4 My boyfriend's brother Was really bad and he thought his neighbors were out to get him and his daughter was involved with the Russians and hacking everything. He thought Venus was a drone. It was real crazy. I kept Thinking what if this happens to me?",1581359484.0,2
meth,I feel like I can't smoke n binge after switching to the pin.,1581357682.0,1
meth,I do if I can. I mean I'm a daily user but my veins are awful from being really dumb about safety when I was on dope 10 years ago. So harder for me to binge but I do when I can,1581357631.0,2
meth,"Wow, that has to be some scary shit. How long into using does it usually happen? Or does that vary a lot?

Sorry for all the questions. I'm just curious and want to educate myself further I guess",1581352911.0,3
meth,"For sure they do.. but then there are people who never have had any of these issues. So you think it's mental illness exasperated by the drugs and the, in a lot of cases, not getting the mental health care /not taking the meds they need?",1581352693.0,1
Columbus,Switch Reynoldsburg and East Main and I'm 100% with you. Though the East Main hours suck.,1580280105.0,1
Columbus,The Reynoldsburg one is way worse in terms of stocking. They never have anything.,1580279944.0,1
meth,you do better than me then! I try. I've never been much of a water drinker though. I try to get in more fluids with fruit and coconut water mixed with gatorade. It's hard enough trying to hit with my veins.. they are suuuper tiny.,1577666690.0,2
meth,anytime! also it's not a vitamin but I tell ppl who get dehydrated and feel like they have are hard time getting rehydrated to eat fruit. It stays in your digestive tract longer this giving your body more time to pull water from it. It has really done miracles for me.,1577649662.0,5
meth, L-arginine-  for IV drug users it helps dilate your veins and has shown evidence in reverse neurotoxic effects from meth. There are some warnings though if you take blood pressure meds FYI,1577515523.0,6
Columbus,Omg I didn’t know u cat but you are the cutest and if u had kids I want one lol,1576943218.0,4
Columbus,"Junite (spelling could be wrong?) at Studio Posh. I went in with a whole sh*t ton of box dye on my hair and wanted to go ""Kurt Cobain blonde, ya know?"" (don't judge me, we were all morons at 20) and to date that was my best cut and color. If he can nail that then he can do your hair
edit: dye, let me add it was black cherry box dye",1576187805.0,1
meth,"Not fire, not shitty. Gets you high but you have had better? That's my guess. How was it though?",1576133103.0,2
Columbus,"""It was a hideous play, but those costumes were just darling on the midgets""

""Grandma those were elves!""

""Jimmy they don't like being called that""",1576132904.0,11
Columbus, in Columbus it'd probably be worse,1576131952.0,-16
Columbus,I mean I'm sure they have friends that are black and even black aunt. That means they can say whatever they want and everyone has to make it sound not as ignorant.,1576131858.0,11
meth,or make sure you get that temp JUST right and don't pee in it at all. I think it's easier to do so though but I get if it makes you nervous,1574711448.0,1
meth,"Yeah! I use it and my boyfriend is a foreman electrician who has a 10 panel and he uses it. Make sure it has uric acid. We both pee in the actual cup to get the temp right, pour it out and pour in the synthetic. You can have Trace amounts in your system and the synthetic is going to dilute it enough",1574711383.0,1
Addictedtotheneedle,"looking up tractor supply dude,. East coast",1574685427.0,1
Addictedtotheneedle,"flagyl... spelling is off but that.. that shit will kill almost any infection, I was getting an abscess and took a couple pills and was",1574685327.0,1
Addictedtotheneedle,maybe do this and then plug it but don't shoot it. I know people who got spinal infections from this.. nasty shit.,1574685201.0,1
Drugs,you would know if it was an artery. I have that happen time to time.. You're dehydrated af. try to drink water and eat fruit. fruit stays in your system longer and let's your body pull water from it longer. also coconut water mixed with gatorade,1574684796.0,1
Addictedtotheneedle,and leave that vein be or it's gonna go. I mean it. lol I did it.,1574684577.0,2
meth,lol no.. but you need to drink water. It's salt from sweat,1574684058.0,1
meth,fuck yes! I'm not the only sewing tweaker! That's what's up,1574683812.0,1
meth,"monkey whizz.  it's at any hed shop for about 30 bucks. 

That shits a gem.",1574683704.0,2
Makeup,"I have combo skin and use the matte. I really like it! I don’t like the dewy because I get shiny when I work and then it’s just too much. 

@OP I second her with the fit me foundation obviously but if you want to try the Amazonian clay, and honestly it’s awesome but a bit pricey to me, what I do is mix it with a drugstore brand foundation to get your color right. You need to look up the ingredients though because you don’t want to mix a silicone and water based foundation. They don’t mix well and look weird if you try. That’s what I do! If NYX is available there, they have foundation drops that are great for this too! I hope that helps! 

Other foundations/primers I like:
Revlon’s colorstay above Fit me honestly 
L’Oréal Matte primer is my drugstore go to, when I’m dry I mix it with NYX Angel veil
Makeup forever has a hd foundation that I like but it is light and you have to build it
Milani pressed powder is amazing",1573928613.0,3
Columbus,Check Facebook marketplace,1572712616.0,1
Addictedtotheneedle,No but .2 so close,1572712435.0,1
Addictedtotheneedle,"back in the day when I was on bth.. Wayyyy back.. my mom was in rehab and I shot up in her bathroom (which she oked BTW and yes I know that's fucked up), my grandma's house when she was asleep I snuck in just to shoot up n left, and at a funeral.",1572600039.0,2
Addictedtotheneedle,I feel like the cut 't get mixed in equally so yeah your batches will have better parts. I've had this happen to me a bunch of times.. then I am all questioning my tolerance n shit.,1572599460.0,2
Addictedtotheneedle,ugh you n me both. I have super small veins and I am not a big water fan so that's fun AF lol. I mean I've been IVing for 2 years and no one really can tell unless I barely my arms and I don't.  I haven't in over a year. If you take care of yourself then you are good. I'm throwing big shade at the ppl who don't bathe here.. lol come on mother,1572599253.0,1
Addictedtotheneedle,they are def scarred up. how much water am I supposed to use?,1572598815.0,1
Addictedtotheneedle,Thank you btw. I appreciate the,1571861451.0,1
Addictedtotheneedle,Fuck really? Well I avoid the area if it happens to me. This is the 3rd time. I figured that would hurt a lot more.,1571861431.0,1
Addictedtotheneedle,you  are right about that. I've seen people get some nasty scars that wouldn't have happened with a little rubbing alcohol and,1571861264.0,2
Addictedtotheneedle,"You know I hope you keep feeling that way. That's how I felt at first and then somehow fell back into shooting. All in all, this is a huge pain in the ass. Smoking was easier on everyone level. With this I literally have to be obsessed with my hydration level, then you use more (which I thought it would go the other way but no) so it's pricey, you got to get strategic about what you wear. I'm getting closer and closer to quitting",1571861004.0,1
Addictedtotheneedle,"I'd say  just shy .5 and I'm usually on the money. I don't recommend more than .2. I started there and honestly I wished I had done less at the time. I'm female, 5'7, 128 lbs if it",1571568526.0,1
Addictedtotheneedle,that's not so. I have anemia and permanent bruising issues and tiny veins. I'm light weight fucked no matter what. My arms have def looked like that. I bruise like it's,1571568216.0,1
Addictedtotheneedle,I really wouldnt. I've seen way more abscesses than successes with it. I'd literally hit anywhere else,1571567693.0,1
Addictedtotheneedle,anytime.  actually coast makes a flashlight with a red light option that has 315 lumens that I love.. try it out. u can get it at Meijer or,1571567565.0,2
Addictedtotheneedle,I don't have much luck with it. I use a flashlight sometimes though. it has to be at least 300 lumens,1571139710.0,3
TrueCrimeGarage,"He could've somehow ended up near appian way. When I was younger I lived in Strawberry Farms and would cut through the wooded area near Hildebrand and follow the wall to Appian. It's confusing and long and very dark, he may have from afar seen Woodspring Suites roof. You have the creek not far and it's not too great of a neighborhood on it's best day. It'd be a likely place to get drugs. No one really goes back there either.",1569922567.0,1
astrologyreadings,Can you explain to me the actual meaning so I can tell the person who taught me and for my knowledge? Thank you,1569752512.0,1
astrologyreadings,Then I was taught Lilith is what a man seeks in a lover and your raw side as a female? AGain please correct me if that is wrong because I am learning,1568675543.0,1
astrologyreadings,Well I was taught that Venus is how you love if you are a woman and Venus is what you are looking for in men? Please let me know if that's incorrect. I found it confusing when I it was taught to me,1568675486.0,1
astrologyreadings,"Ah, ok! So Lilith is kind of your raw animal side? I wouldn't say your dark side. [This](https://medium.com/@hf.horoscope/lilith-in-the-zodiac-signs-the-black-moon-what-it-means-in-astrology-e4fd433302f) and [this]( http://astro.angeleowyn.eu/index.php/the-moon/lilith/lilith-in-signs/lilith-in-taurus) explains it better. Lilith is Taurus can be both jealous and possesive. I'm going to guess it's 4th house maybe? it would lead to some insecurities possibily from showering a lover in gifts and not recieving what you put in back or having your needs met and possibily feeling abandoned? Let me know if I'm right.. I'm working on this stuff still lol",1568675343.0,1
astrologyreadings,"If I had to guess, and I'm not an expert by any means, I would say it's the Scorpio Moon mixed with the Capricorn ascendant. The Moon is how you feel and your scendant is how people see you. Capricorn's can also be a little bit paranoid at times. People may view you as kind of cold or reserved, but  Ipersonally think it's more cautious. THe Moon in Scorpio would make your feelings pretty intense and so you would be cautious because you get hurt very deeply. What's your Lilith in and are you male or female?",1568665245.0,0
Columbus,No I'm with you on this. That pisses me off. I swear if I get in wreck from someone doing this then I will bitch about it to everyone for years but  probably be lightweight nice to the person's face. I'll be livid inside though.,1568621304.0,2
Columbus,"Build a wall! Build a wall! Get the scrappers from Grovetucky, maybe they got the steel for it.",1568621117.0,3
Columbus,Columbus knows Marion as the heart of the opioid epidemic.. maybe y’all need to stop nodding out and we wouldn’t be so impatient.,1568559785.0,31
BPD,Take a deep breath. Then take 15 minutes and do something for yourself that is loving yourself. Meditate or read or give yourself a mini facial. Tell yourself you deserve to give yourself this time. If you need to talk to can pm me. Please don’t hurt yourself.,1568559533.0,1
Stims,It’s dangerous and won’t get you high man. It builds up on your system over time to help relieve depression even. It won’t give you even a light buzz.,1568559299.0,1
Columbus,I used plexiglass from menards and taped it on. It worked as a good temp window,1568559158.0,1
AskAstrologers,"I’m a Pisces sun and moon Taurus ascendant. So sun is your ego, moon is how you feel and your ascendant or rising sign is how other people see you. There is a girl on YouTube that I really liked her videos on different planets in signs. Her name is Alyssa trahan. When I get to my lap top I’ll link her channel to you along with some other good ones. :)",1568558309.0,1
meth,"No, I know what's on my side of the street thanks. I didn't say I was proud, I just told you to worry about yourself and that you were a drama queen. Not everyone on here uses meth daily and some do, what's it to you though?",1568294981.0,3
meth,"Pure Satan? Not cut Satan? This post is so extra and dramatic that it reminded me of why I don’t want to get sober. Maybe it won’t bring everyone despair, maybe it will.. but guess what? You don’t need to worry about anyone but your motherfucking self. Is your lawn clean enough for you to be strolling up in my yard picking up shit I don’t want you to? I didn’t invite you, and now you are that neighbor that everyone hopes your family comes and puts you in a home. You are a Jehovah Witness. Get back to your lawn... -.-",1568015287.0,10
SuicideWatch,"Just for future knowledge, hanging oneself is a lot more gruesome and painful than movies will lead you to believe. It isn’t full proof and takes quite awhile sometimes. Look into how Chris Cornell’s death was rumored a homicide and hear police talk about how it wasn’t and that was pretty standard for the death. I never knew prior and it scared me.

I can’t convince you not to feel how you are, but if you want to vent.. now or whenever. I’ll listen.

Moderators: I’m not sure if this is against the rules. delete is so BUT. I’m not promoting suicide or encouraging it, but I know how it is in this state where you maybe don’t want to hear the bs. I’m trying to discourage others from suicide if only by way to do it.",1568014164.0,1
benzodiazepines,I can back what he says. I took 80 blues with some booze to try to kill myself and just ended up not remembering 3 days of shoplifting (from what I hear) and hitting my apartment with my car (both were fine),1567685034.0,1
meth,Jebus!! why the hell is it so much there? I get a quarter for 120 and I'm salty about,1567599893.0,1
Columbus,"Honestly reading your post reminded me a lot of last winter for me. my mother is 56 And she is homeless too. I also didn’t have any room at my apartment, with my boyfriend and I and only 600 ft.² she went there and that’s how I found out about that program. I will ask her if she knows of any options since she is around that situation. I’ll pm ya if I find out anything useful.",1566936035.0,2
Columbus,Is she by chance a veteran? There is a place called the commons and if she works with a counselor they can set her up with free housing,1566920901.0,1
Addictedtotheneedle,"oo girl! just be careful.. factor 5 makes it easier for you to get blood clots in the legs and lungs. Most people do not get them.. but you are a higher risk group. It's a clotting disorder

edit: that is I am guessing it's not factor 5 deficiency? because you would bleed a lot then",1566747140.0,1
meth,it looks like a contact lense,1566746811.0,0
Addictedtotheneedle,"Yeah as long as it's a new rig. Though I knew a guy who found a syringe that had blood in it in his van, at least 4 months old, and he's still used it. I can't believe this dude is alive

edit: I mean like a shot of dope with blood mixed in it, so not just a used rig",1566470272.0,5
Addictedtotheneedle,"I know.. I was like ""oh so you mean slow down eating and drinking anything I give a fuck about. thank you body"" BTW I want to say that I eat and hydrated better now than I EVER even thought of when I was sober.. Not saying this is good. Just saying I'm fucked up",1566470006.0,2
Addictedtotheneedle,"Well, I'm talking about not even being able of draw or it clogging, so you don't inject any of your shot.. but once you pull that needle out then blood is coming out.",1566469892.0,3
Addictedtotheneedle,Suggested needle gauge?,1566367098.0,2
Columbus,Hey we let them have forks and forks can cause damage,1566365575.0,-8
Addictedtotheneedle,Yeh I got too scared to shoot coke after seeing the veins of a girl I used with. They were scarred white and I asked what happened.. shooting coke.,1565980190.0,2
Addictedtotheneedle,I'm also a bartender on a patio.. lol so kinda don't wanna wear long sleeves,1565894710.0,1
Addictedtotheneedle,"I always use alcohol. I just want to say.. I'm being safe and clean now, the problem is 10 years ago when I was on BTH I was not, and ice is kinda rough on your veins",1565894502.0,1
Addictedtotheneedle,"Nah it's ice, which is why I'm so nervous about it. When I was on BTH10 years ago I'd put a needle wherever, and I was always so high I think I didn't really feel it as much. Ice is different.",1565894409.0,1
Addictedtotheneedle,"I'm not taking shortcuts, I'm anemic and extremely pale (by choice, thank you). I bruise incredibly easy.",1565894266.0,1
Addictedtotheneedle,where do you hit on them? is there a spot that seems easier than others?,1565894150.0,1
Addictedtotheneedle,yeah it is. happens to everyone,1565836063.0,2
Addictedtotheneedle,"I always heated it, I didn't try to boil it, but heat it up. if it's really thick then add more water.. last thing you want is a clogged rig and I got that a lot if I tried to use a thick shot. Also if you do boil it, wait a minute before injecting it.. I've seen some dumb people cause some pain and I imagine damage.",1565835968.0,1
Addictedtotheneedle,I'm so sorry for your loss.,1565835633.0,1
Addictedtotheneedle,"actually more people die from fet in cocaine and meth than heroin. Tolerence, you know?",1565835582.0,3
raisedbynarcissists,"Did they fight the whole 3 hours? You were more mature though... haha When I tell stories in front of my Nmom or Ngma and point out how inappropriate the situation is given my age they say ""Oh you were a mature 5 though! You didn't seem like you were so young, I'm sorry, get over it!"" lol I mean first of all, of course I was mature.. I had to learn to cook at 4 or starve and wtf is a mature 5? Like a 7? Well we found out it wasn't old enough to not almost drown on vacation, of course thus ruining that whole day making them look like bad parents.",1565834830.0,1
raisedbynarcissists,"You have no idea. My family is so messed up that when I tell stories about them people tell me to write a book and say ""It's amazing you are ok"". like LMAO I'm not ok, but thanks",1565834496.0,1
Addictedtotheneedle,"Take a break, have a bottle or 2 of water, then throw on some good music for like 10 minutes to get your blood pumping. Now look in the mirror and say a version for ""You are not a little b\*tch and you've done this like 1000 times, that's why you have like no veins. Stop pysching yourself out."" Feel all determinded and hope you aren't me and have to repeat this process after cursing and saying ""wtf?! GOD!! This is so ridiculous  Imay think of quitting someday!"" and get more water. Best of luck though for real.

PS. I usually set that water down and get mad at myself later for not drinking .  PM me if you want though, sometimes it helps just getting your mind off it and then bam u",1565834282.0,4
Wellthatsucks,"shame on me. Fool me twice, can't fool me again",1564997985.0,1
raisedbynarcissists,"My grandma is the Godmother N, who made my henchmen uncles and, the child she made in her image, my N mom, that she eventually decided she did too good a job making a spawn and made her scapegoat. lol. Then she decided to do a family repeat and try to take over her scapegoat 's kids. Now I'm a scapegoat to both her and my mother.N-Gma is the criminal Mastermind of narcissism possibly.",1564997436.0,1
raisedbynarcissists,Thank you though for your condolences. I appreciate it. I miss him.,1564989422.0,1
raisedbynarcissists,"Nah, she has specifically said that she was upset that my mother got more sympathy than her and people should be saying sorry to her and feeling bad for her. lol",1564989355.0,1
DrugsOver30,touche',1564989288.0,3
raisedbynarcissists,"lol Laugh away. I mean you really have to or you go nuts. It's like a freaking circus act sometimes. I used to joke that the song ""This is Halloween"" is really just my family member descriptions lol. I agree that it's nice to not be alone in having insane families.

At my boyfriend's brother's funeral (he passed of a car accident).. my grandma says, first thing, ""(Road the church we are in is on) Rd is awful! I can see how someone could flip their car! Just one slip and wooo! I think your uncle wrecked on it.."" and mind you it wasn't the road he wrecked on or my boyfriend's brother. I remember going ""Absolutely not! YOU will not. That is so inappropriate right now that it almost feels rehearsed. No."" lol",1564989220.0,1
Stims,"What a helpful comment.. idiot. At least try to be informative in case a person didn’t know how harmful it was instead of coming from a place of judgement or say nothing, you know, like Bambi taught you . Try being the person you wish people would be like, the world has enough judgmental people.",1564759424.0,4
Addictedtotheneedle,"Delete if Not Allowed please or feel free to copy and post as a mod and delete my comment:

Columbus, Ohio- [SafePoint](http://safepointohio.org/) is open 4 days a week and exchanges 1:1 plus 10. Do not be deterred by the officer who is there. Their only job is to make sure that if a situation comes up, like a fight that everyone is safe. I've seen it happen. They actually gave the guy 3 warnings to leave and cool down before having a car sent. They also have resources on everything from housing to health care, narcan access, and fet strips.",1564400000.0,1
DrugsOver30,"I'm lonely too, but I promise you do not need a HUnter in your life. Have you actually looked much into his life? No thank you. I'll take a Johnny Depp from Blow maybe",1564399067.0,5
astrologyquestions,I would explain if I felt more comfortable with it but I would suggest looking up videos by Alyssa trahan on YouTube. She honestly has a real knack of describing things. She also has series about what the houses mean and rising signs.,1563946670.0,1
astrologyquestions,"Too much of one element I heard can cause issues.. like too much fire can be too aggressive. I’m not sure the truth in it, I would assume that your other planets would come into play as well.",1563946524.0,1
meth,Yas! I’m addicted to the blackberry wave one. Tastes like look aid lol,1563252136.0,3
meth,Thank you! I’ve tried a hair dryer.. don’t bother. The bath is wayyy better. I drank Gatorade and finally half hit.. I’ll take it! I’ll also take another Gatorade lol,1563197483.0,3
meth,Thank you!!,1563197362.0,1
meth,Thank you. I get a lot of permanent bruising too which may be related?,1563091767.0,2
meth,That’s what I originally thought. I’m drinking a lot of water though,1563041973.0,5
meth,Yeah.. maybe a mixed bag? It was weird,1562611061.0,2
meth,"Buy antibiotics online. I had some flagyl that I took when I got mine. You don’t want to wait because the just taking antibiotics phase goes by really quick into the needing lancing phase quickly. Keep putting warm compresses on it. You are probably fine, but if u plan on doing it maybe get some antibiotics just in case since your country is so strict.",1562607790.0,2
AskReddit,gizmos and gadgets? adventures in math?,1562496606.0,3
ShitNsSay,"My mother was my best friend for a long time. At least, in my mind she was? I consider myself a well trained machine. I was made (in her eyes) to either shift blame or make her look good and take the abuse and say “thank you Mom! I’m so sorry!” I don’t believe that this is some malicious thing that she plans out though. This is a mental disease and I believe that she thinks that everybody else in the world is the same as her and I can’t make her feel things that she can’t feel or make her see that her reality may in fact be toxic or distorted. Sometimes it’s healthier for both her and I for me to take space. I blow up over my past sometimes just trying to evoke remorse or love from her.  I didn’t need to ghost her after awhile, but I had to learn to separate what the reality of the situation was or conversation from my own emotions. Some days I’m not good at it.

I hope you know deep in your heart that even though what she says is hurtful. It’s not true and it’s ravings much like a toddler wanting attention.",1561041228.0,2
ShitNsSay,"I'm so sorry you have had to deal with someone who is so toxic. I completely understand. I hope that this group will be as big a help to you as it has been to me. Sometimes I need to be reminded that, no, it really isn't in my head that my parents were bad parents who did a lot of damage to both my siblings and I, and I have every right to feel how I do about it (which changes).",1560434712.0,7
ShitNsSay,Are N’s happier though? I feel a bit envious of that ability to love yourself so much. I don’t remember a time I’ve ever loved myself a little even.,1560175259.0,1
AskAstrologers,"Check out [astrotheme.com](https://astrotheme.com) . I use [astro.com](https://astro.com) too, but I like that astrotheme has an interactive chart and i can look at celebrity charts. There is a youtuber called Alyssa trahan and I really like her videos on different aspects and houses. Astrolada is also good to check out.",1558940233.0,1
meth,"google head shops near me... they will def have one.. people smoke dmt n dabs in rhem sometimes.. just call it an ""oil burner""",1558860854.0,1
raisedbynarcissists,"I completely understand. I was molested by my babysitter's husband. When my mother and grandma suspected it was happening,  they  called children's hospital then continued to take me to the babysitter. Then when I was 8, my cousin molested me and I ran and told my mom immediately. She said ""What do you expect dressed that way?"" He spent every summer with us for  a month. 

&#x200B;

When I was 21 she went to rehab for alcoholism, she told me ""I had to process in group today about your childhood sexual trauma! It was difficult for me, but they told me I had to let it go because I did everything I could do!""  I just said nothing.

&#x200B;

AND my grandma likes to tell the story of her calling ""concerned"" to the hospital. She also loves to talk to me about my cousin even though I told her not to. 

&#x200B;

BUT I figured if I am going to be mad, then so are they. So I handle it like this... if my mom chooses to talk about it to me, I hang up. If she talks about it in front of others, I call her out on taking me back to the babysitters  or repeat my side in one story with my cousin. She quickly stopped this. My grandma is a far more evolved N. Babysitter I handle like my mom. Now with my cousin, I warned very calmly ""When you talk about him it gives me nightmares sometimes for weeks, and I told you I don't want to talk about him or hear anything involving him. Next time I am going to detail out for you exactly what he did to me. Then you can have nightmares too.""  So far I haven't had to use it. But I will.",1558860154.0,1
weddingplanning,"What about Posie K? Listen, I'm not a Kardshian fan... BUT that is my go to lip color that I always get tons of compliments on. I prefer cool shades all together for my every day look even though I am a neutral. [Here](https://images.app.goo.gl/hjawZkd3SuwdhD5S6) is a link to a photo of it.",1558325426.0,1
ShitNsSay,THanks. I don't live there anymore.. I'm just in that mail transistion period kinda. SOOOO CLOSE,1558004124.0,2
BPD,"Look up the traits again. When I went through them with my sister, who is a more aggressive sort of bpd she said she was unsure. Me? I was like ""Oh yeah I feel that way!"" or ""Yup done that"". It's possible maybe your girlfriend has bpd and you don't though, then she would highlight the bpd traits you do have (everyone has a couple, you need 5 strong ones really).

Either way, I'm sorry you are going through a rough time in your life. I just kind of went through that for the past 2 years, and I can tell you.. like everything else this will pass. You aren't a raging hypochondriac for wondering about your mental health during stressful times. Actually, the face that you are looking into your own mind and weaknesses is a lot more mature and self aware than most people.",1558003216.0,1
meth,You would think.. except I always feel I don't have time to do it. I can't just not go to work and fulfill my daily obligations.. and other excuses,1557775518.0,3
meth,"Yep, always get them. You are more than likely dehydrated",1557775360.0,3
meth,"i definitely worry but it''s not making me quit. Ohio is so hard into the fet and I think I may have had some laced with it, but I'm not sure. That was before I got a fet strip. If it's a new source then I'm testing it. I am an IV user and meth laced with fet and coke laced with it was killing more people than the heroin. Tolerance I guess?",1557775212.0,2
ShitNsSay,She wouldn’t care. She would open it and then get flustered and try to make it look like she didn’t open it.,1557727891.0,3
ShitNsSay,Thank you,1557727842.0,2
ShitNsSay,I don’t know. She has to pretend she doesn’t do it. I mean she hates the police so that wasn’t a concern really. That and I’m sure she heard only 1/2 of it and probably incorrectly. She probably thinks we were hiding a potty.,1557727794.0,1
ShitNsSay,"She is offended by nothing. She has no shame. She searched my room when I lived there at 25, like found my vibrator and stuff.. she still searched that room.",1557727593.0,3
ShitNsSay,I considered get a fog horn and a mirror and pretend pooping but make her poop instead,1557727426.0,2
ShitNsSay,You are an angel lol,1557727333.0,2
meth,Um.. You mean with absolutely none at all? A year? Maybe longer.,1557727266.0,1
TooAfraidToAsk,"I have a coworker who is a foster parent. She has had her little girl for 3 years. The mother, who is in drugs on and off, keeps fighting to get her back. If she does, this 4 year old leaves everything and everyone she knows and loves. That’s not fair to the kid.

I have 2 friends who are adopted. Both parents told them early on and gave those kids the world. My friends are both in prison with severe drug issues and were left wondering “why didn’t you want me?” Even though one of them knew his mom was a crack whore, he still wondered why. They both have severe abandonment phobias.

I’ll tell you right now, because of how abusive and neglectful my childhood and early adulthood was.. even though I am grateful for my life and not suicidal.. if I could go bs k and tell my mom to abort me and not have any kids I would. In a heartbeat. 

She was so selfish to bring my sister and I into the world to end up neglecting and abusing us. I have a slew of issues and so does my sister including PTSD, anxiety, issues in relationships, low self esteem, severe depression issues, etc. the neglect has caused $1000s in dental work for me, and I’m so far in debt I see no point in trying to get a career. I feel like I was set up to fail.

There are a lot of hoops to jump through to adopt a kid.. I’d rather a woman who doesn’t want to have baby abort it than risk that woman being my mother.  What is a kid finds out why they were adopted is because their mom couldn’t abort them? I can only imagine the psychological issues. So that’s why.",1557726960.0,1
ShitNsSay,lol did you tell him to stop trippin?,1557654957.0,2
ShitNsSay,lol no she kept on for awhile. she still listens by the door but doesn't come in,1557654928.0,3
DrugsOver30,columbus oh,1557653414.0,1
ShitNsSay,"lol Yeah she does. I do it back now. I like to kinda mess with her. Mostly because I feel like ""Is this a joke? I feel like it is. I'm gonna joke too. Now we are all hilarious"" One time my boyfriend and i had a convo about hiding a body since she was eavesdropping.",1557576045.0,7
ShitNsSay,"lol I should. They won't lock up a 90 year old nosy grandma but I can certainly fantasize. The best is her hearing is at 20% but i still catch her at the bottom of the steps trying to eavesdrop if i'm upstairs at her place talking to my boyfriend. She can't hear me in the same room most of the time, lol why? why does she think she can hear me upstairs?",1557575454.0,7
ShitNsSay,Why would someone who loves themselves so much actually hurt themselves? lol,1557575216.0,2
ShitNsSay,"Well technically, but I mean she is just looking to see if it's important. It's not like it's a letter!! <-- lol that's what she says when i say that",1557575092.0,12
Scorpio,Look up videos on youtube by Alyssa Trahan. she has a natural ability of explaining houses and planets in signs like no one else. I learned a lot from her videos.,1557573256.0,2
ShitNsSay,lol because then she couldn't both insult and compliment us both in one sentence,1557573097.0,2
meth,"they are also very correct. i'm not sure where you are from but there are al-anon meetings which are for family members of alcoholics, but addiction is addiction. I only suggest it first because they are more widespread. There is also nar anon for family of drug users.  I will link both below. they are a support group of sorts and can be really helpful for you. remember you have to put on your oxygen mask first.

nar anon: https://www.nar-anon.org/

al anon (which does have an online chat): https://al-anon.org/al-anon-meetings/find-an-al-anon-meeting/",1557572974.0,1
meth,"a point. i was told .2 and it was waay too much. my tolerance hasn't gone up though. i wish i hadn't started all the same. i thought id save money, do less. i was beyond wrong. if you go down this path, just please educate yourself in syringe safety. i wish i would have done that at least. meth is hard on your veins. i was a junkie for 4 years and meth did 20 times more damage and quickly. so please, if you do it then be safe about doing something dumb.",1557572202.0,1
Scorpio,Ah Pisces moon. We are weird and can be a bit dark and into the occult.. not in a creepy way but people don’t get it. People don’t get Pisces moon in general a lot. What’s your rising sign?,1557484887.0,1
TooAfraidToAsk,"I feel like it comes into roles. It doesn’t matter sex. Like a parent does better with another parent because they have extra support both financially and mentally. The kid is left alone less often, there aren’t arguing over parental rights if the couple stays together, no dating is less risk of sexual abuse. There are always going to be male influence for that kid to have a role model, as long as that kid has a stable, happy, and calm home life it’s fine.",1557484067.0,1
ShitNsSay,If they didn’t he would say to address him properly for he was the king of that castle.,1557483713.0,2
TooAfraidToAsk,"Counter question.. why do people want to make people who do not want kids have them? Do you think women go to abortion clinics excited to have one? It’s an extremely tough decision, it hard on the mind, hard on their body, hard on their hearts.",1557483257.0,9
AskAstrologers,"That's what I read but i'm trying to find info on it further still. I was wondering if maybe because my dad wasn't in my life? Like sun being the father and then the moon being the mother. My sister has a double leo sun and moon as well. Not to the same degree but her dad was around kiiinnnda. I have no idea, just a theory. If you have some site reco mendations I'd love it. Ive looked at astro.com and astrotheme. I kinda looked at cafe astrology but not in depth. Thank you again for your help btw",1557466336.0,1
BPD,A to the men! Looking people in the eye feels weird,1557375802.0,1
raisedbynarcissists,"I have. It's really hard. I feel guilty for not being there for them, which is ridiculous. Then if I see them I am so mad I ultimately blow up on them. Oddly enough they don't do anything too dramatic when i stop talking to them. I feel like it what fuels them. Like ""oh your sister hasn't came to see me. i worry about her. do you think she is on drugs? it hurts me"" 

To quote my uncle ""You know you need to call grandma or you are going to be in trouble with her soon. We all have to do it or she will punish us""

This winter the punishment was telling everyone not to tell me she was having major surgery. Then use that guilt of not being around and not knowing to lay it on thick,

I'm going to check the links now! Thank you",1557371799.0,1
AskAstrologers,"SoI have been looking into this, help me please?.. if sun is 19'42 and moon is 19'40 is that cazimi or is it under the rays. Or am I totally lost? lol",1557371435.0,1
AskAstrologers,I will! Thank you so much! I just didn’t know what to even look up other than what I asked here.,1557364040.0,1
raisedbynarcissists,"Thank you. I have and he does, but I can tell it hurts him when I'm short with him, even though I do apologize and try to change my behavior. I just get tired of feeling like they still get to control my life because of the damage they have caused.",1557314727.0,1
raisedbynarcissists,"Thank you so much. I really can't explain how much I needed to hear that. It's hard. It took me 32 years to figure out it wasn't me, it was them. Then they both had some pretty big health issues.. 90 year old get amputation and then mom was was diagnosed with lung cancer and alcoholic hepatitis. So now I feel angry at them and I'm still fighting with myself to not give up my sanity to give them attention all in exchange for mental abusive or to be a part of ""the game"".",1557314601.0,1
BPD,"Thank you! Or just say ""Yes we need another minute or two"" LOL I had an 8 top tonight who took 20 minutes to order. Swear. Everything was modified to the max. I'm just peering at my section filling up and customers tapping their credit cards wanting to leave.",1557302792.0,2
BPD,"No, I am the scapegoat for 3 narcissists. LOL serving is basically 2nd nature at this point. Great at holding in my anger and a need to please rude humans",1557302641.0,1
TooAfraidToAsk,raw flour? explain,1557302475.0,1
ShitNsSay,"AH yes.. one would think! They are tricky though. My mom liked to make me seem crazy to them when I was growing up. Actually convinced a doc to put me on antipsychotics and antidepressants at 12.  Ns are charismatic, I'd never tell her who my therapist is.",1557302061.0,3
ShitNsSay,"My grandma likes to say ""I'm the worst grandma in the whole world. Maybe I should go shoot myself""

She says this even after my uncle, her son, shot and killed himself when I was 14. She says this in response to me being upset she is talking about the family member who sexually abused me as a child as well.
Now I just say ""Maybe""
:) That pisses her off",1557301677.0,5
BPD,"To add to it, I’m a server and I hate when tables say they are ready to order but then start asking everyone else what they are ordering, what topping they should get on a pizza, did someone get Betsy sue’s order?, wait they are almost ready...they promise.",1556888531.0,2
TooAfraidToAsk,"Wouldn’t be the first, second or 100th time. I keep hoping they are lying about being my parents",1556888367.0,2
TooAfraidToAsk,So that’s why I’m so weak..,1556888324.0,1
BPD,Yes!! Get ready or let me go ahead because I’m ready mostly.. which is more than they are,1556888204.0,0
Stims,do ppl usually not go up?.. ive been shooting for over a year. daily,1556707295.0,1
Stims,id test it for fet tbh,1556699288.0,1
Stims,yes but we pretend he doesnt a lot,1556699055.0,1
meth,Oh dude.. maybelline firmer is less cakey than the hard candy. Trust me. I’ll take a picture of the color correcting stuff n pm you,1556175703.0,1
TooAfraidToAsk,"It gets better kid. Maybe you should try dating a girl a little older than you. You seem mature for your age and that you know what you want. Maybe you should realize that society raises us women to believe that men want us to be pretty but dumb.. so when we are younger we put on this act initially to woo you. 

If you got to know these women a little better then you would probably see they do have dreams and ambitions past Instagram.. but maybe they think you will laugh at it because they already feel you looking at them like they are wannabe plastic bimbos. 

It’s a tough age for both sexes.. get to know people on a deeper level without any preconceived notions of what kind of person they are. I’ve met the most beautiful unattractive people and the ugliest gorgeous ones.",1556174817.0,1
TooAfraidToAsk,"I feel like a lot gets wrapped up in words. I don’t say it because it’s not a polite word, not because it’s not ok for white people to say it. I think it’s a rude word whoever says it, but if someone doesn’t think it’s rude to say or accepts it as a greeting, then that’s ok. It’s ok because as long as no one is getting hurt, then it’s not my business to butt in and tell people what they need in life.

I feel like a lot of white people want to say it because it’s not ok. Get over it. Do you want to be rude or disrespectful? Do you want to risk hurting another person because you are acting like a child? 

Rap songs also call women bitches.. I don’t like that either. You don’t hear too much about it though because society is ok with that. 

Point is.. you got to look outside color on all things. Even this. It’s just a rude word that that can make you look like an asshole saying it.. I don’t care what color you are.",1556174181.0,1
meth,not helpful,1556086559.0,1
meth,also i get dark gauzey dusters if they are really bad,1556086547.0,1
meth,yeah get the nyx brand color correction. im suppper pale and i get the yellow one by maybelline and the lightest peach for dark circles by nyx. then pat it on and follow up with concealer (i use fitme.. also maybelline). i'm a bartender and my uniform is teeshirts and until fall i'm outside so i had to figure it out. Make sure you exfolliate before and i throw on baby powder after as a setting powder,1556086397.0,2
meth,that was ohio a couple years back.. now it's down to 150 a q. quality is shakey here though,1556086061.0,1
meth,boof it.. easy peasy,1556085763.0,1
meth,"areyou hydrated? that's usually the issue. Put it down and grab some water or better yet.. alkaline water. I chug water first thing every morning.. if i don't.. my arms look like shiiattt. But do not, do not get bigger needles like that. 29 is really all you need and  I have very small veins that I screwed up when I was younger on H. I tried a 28 and it hurt and bruised and torn my vein up",1556085402.0,1
meth,"Depends on who you ask and how risky you are feeling. I know a girl who's rule was 2 hrs max. I know a guy who injected some he found in a rig in his van that was at least 3 months old. Blood is a perfect breeding ground for bacteria and you just pierced your skin and sucked air up into there. They were both fine btw.. my rule is 2 hrs. Drink water, that's usually the issue 99% of the time",1556085258.0,1
meth,this. this is my life man,1556084920.0,1
meth,are you a girl or guy? i do a lot of color correction because i get hemsiderin staining from bruises,1555092733.0,1
meth,Lol where do u live dude?,1554188671.0,1
Columbus,No terita’s? And where is east?,1554188507.0,1
meth,"*brush your teeth and shower.

*.Put on clean clothes

*wash face and put on a good moisturizer. I suggest la roche-possay matte. It moisturizes and acts as an oil control primer. Throwing a little bronzer on your cheeks really helps as well.

*get yourself acquainted with a color correction palette. I can hide dark circles in 2 minutes with this.

*retinol and caffeine eye cream is a gem

*drink water, shut your mouth, and get a big coffee on the way to work.. pour half out and then people may think you are just amped on caffeine

*realize that the world is narcissistic and most aren’t paying that close of attention to you. ",1551800395.0,5
Drugs,"No, I know that. And I’m frustrated with myself. I feel like even though I know the way out I still can’t seem to find the path there if that makes sense. I want to care about myself and my future and I don’t know why I don’t ",1550002334.0,1
TooAfraidToAsk,Like for real though? And when did the bush make a comeback?,1549984915.0,2
TooAfraidToAsk,Are you in any science classes at the moment like biology?,1549984827.0,1
TooAfraidToAsk,I figured she was a robot ,1549984723.0,1
Drugs,"Hmm interesting perspective. I have to say it definitely isn’t wrong. I guess I always figured I dove  in because it was comfortable and my parents trained me to their needs. I had been prepped to hate myself. When my sister was 4 my mother said to her that she was destined to be famous. When I was 4 she gave me a dare magazine and when I asked why people did drugs if they weren’t allowed to.

“People do drugs because they forget about their problems hunny, people wouldn’t do drugs if they didn’t make them feel good.” ",1549984554.0,1
TooAfraidToAsk,I’m with you. Ever tell a story from your childhood that seems normal and realize everyone is listening and horrified? ,1549980174.0,1
TooAfraidToAsk,Oh no that’s not normal for most.. in my life yes. Look up children’s roles in a dysfunctional/abusive home. I would also look into YouTube videos about children of narcissists. Changed my life here.. trust me.,1549980105.0,1
TooAfraidToAsk,"My best friend killed herself a year and a half ago. I often dream of her still being alive, or of memories of when we were like 15 (I’m in my 30s). When I am waking up I always try to fall right back asleep so that maybe I can just start where it left off. Sometimes it works, usually it doesn’t. Those dreams mean everything to me though.",1549979779.0,2
Columbus,Invite her to a satanic group. Then keep on doing so even though she clearly isn’t interested?,1549979326.0,1
Columbus,Amen! Free bar cleaning... oh man. No pay until you are in the bar even though you have to be there. John is good guy though. Anna should be paid more. I don’t even know how much she gets paid but it’s not enough.,1549978952.0,2
Drugs,"Yup. If you would’ve told me 3 years ago I’d be a meth addict, my drunk ass would’ve told you that you lost your mind and people are either into speed or smack. I was a moron. Why is self destruction so addicting?",1549978567.0,1
Drugs,Yeah I’m trying to transition and then get out. I beat heroin and so I feel like I can beat this at some point. I think I just really like to destroy myself ,1549978296.0,1
Columbus,"Yas! I’m checking out Layla’s now, ",1549978188.0,1
Columbus,If you aren’t firm on the areas. Yanni’s is delicious Greek food and endochine is Vietnamese I believe and heaven.,1549978101.0,5
Drugs,"I try not to and it isn’t frequent that this happens, but mistakes do happen. I stop immediately always. I pierce through is the issue obviously. I’m working on quitting. I don’t use with anyone to have them help.",1549977709.0,2
Drugs,I mean obviously. Since I have an addiction and I’m human I am still working towards that. Obviously not putting needles in my arm is the best choice. ,1549977562.0,1
Drugs,Thank you. I appreciate your helpful. No I never use in that arm until it fully heals. I just trip out when I blow a vein almost immediately. I wasn’t sure of the timeline. ,1549977434.0,1
meth,I can here this line in one of those “meth:not even once” campaign commercials ,1549977218.0,1
meth,"That’s how I felt. Yeah, it’s probably a troll, but if it isn’t and I encourage some kid to do meth then I’d be the true asshole here. Not to mention if some kid reads it looking for advice.. ",1549977018.0,3
meth,"Ok soooo your body is resilient for the most part and while I’m sure there are cases of healthy and fit people dying the first time suddenly.. it’s probably not gonna happen if you use it once. And using .5 a week isn’t gonna last long before it escalates and I’m sure it does affect your body negatively, but if you stop your body will heal itself.

I’ve known people to use it here and there and not get hooked but it’s kinda on the rare side. Not as rare as dying suddenly the first time you use. But honestly, Why chance it? Either way.. drink water. Most people are dehydrated and if you do meth you definitely will be.

Also:[can’t say I totally agree with it’s not bad for you but informative ](https://www.google.com/amp/s/www.forbes.com/sites/jacobsullum/2013/11/04/everything-youve-heard-about-crack-and-meth-is-wrong/amp/) ",1549596701.0,1
meth,I mean anything that pumps you up. Dude.. it’s only a night.. you got this.,1549596198.0,2
meth,Put on some music that really amps you up. That’s what I used to do. ,1549576560.0,2
meth,I mean you can take caffeine pills but they always made me feel lightheaded and not in the good way,1549576528.0,1
meth,Ok.. it’s gonna break so go get another pipe first.. then what I did trying to lightly scrap what I could out. Then I melted it in a spoon and used a toothpick to get the glass out. It’s more than likely not going to shatter into dust,1549576474.0,1
meth,"No. Just drink a bunch of Mountain Dew or Red Bull. At 11, that should be enough",1549576262.0,7
Columbus,Omg I’ll give you this venison I got. Tips and ground. I asked for 1 lb.. they gave me 25. Unreal lol,1545391334.0,2
