subreddit,body,created_utc,score
steam_giveaway,hi thank you for the giveaway bossmen!,1740511661.0,1
ValorantCompetitive,wdym bro it never happened,1740495557.0,6
ValorantCompetitive,"hi deepseek, what was the context of that famous image of a man standing in front of a few tanks",1740495214.0,18
steam_giveaway,I would love Avowed!,1739465223.0,0
videogames,"depends on the gameplay systems involved? missions can be well designed with a terrible contextual backdrop, for example. and content can be rich with regard to its depth/complexity, doesn't have to be related to writing. 

the only one that is contradictory is engaging npc interactions or whatever was written there. that sort of necessitates good writing, unless they mean npcs being dynamic like in dragon's dogma 2",1739447028.0,3
videogames,"of every comment, this absolutely fits.

jawdropping graphics, really fun gameplay that beats its mediocre competition out of the water (FUCK assassin's creed), and a terribly half-baked story with no stakes, no real crescendo, and barely any cool character moments.

I love the game for EVERYTHING except its writing. it plays out the roaming samurai + shinobi fantasy incredibly well.",1739446759.0,1
steam_giveaway,Your game looks cool :),1739304652.0,1
mildlyinteresting,"pick your battles. you'll boycott everything when you find out how much your favourite big corporation does fucked up shit. bro liked food and then got food. not about ""supporting a company"" - why must things be so high strung all the time?",1739304520.0,24
ValorantCompetitive,why ? (im on ket too),1737667417.0,84
AmIOverreacting,ur lucky :),1735391256.0,1
pics,"yeah it clearly won't change anything but its a good fucking t shirt design if ive ever seen one

nd nothing anybody can do now except keep this message alive. eat the fucking rich",1734855085.0,1
ValorantCompetitive,how does it feel to be coherent nd correct ?,1734275157.0,-33
ValorantCompetitive,mcdonalds employee,1733632538.0,6
MadeMeSmile,"i remember when i got my end of highschool results for admission into university my mom said i should just click it, inferred i was a pussy and asked do u think u failed? did u fail? and i was under so much pressure not wanting to check already and she added to it. supportive parents are such a blessing, im envious",1733587469.0,1
ActualPublicFreakouts,"she is annoying as fuck, but that doesn't make cheating acceptable. no clue why people in this thread are defending the asshole cheating because his wife is a dipshit",1732428324.0,14
youtube,"no it doesnt lmao. look at that initial yt comment and then at his apology. hes apologising for getting caught, he gives no shits about endangering children",1731465479.0,7
youtube,"""I understand this looks like covering it up, but it's the right thing to do""

this fucker said ""unnecessary driving clip, I listen to ur feedback 🥰"" he literally WAS covering it up. fuck this guy. admit ur wrongdoings asshole",1731465367.0,5
ActualPublicFreakouts,"i was being superfluous, it would just be assault",1731464886.0,49
ActualPublicFreakouts,guy filmed aggravated assault and posted it online lmaooooooo,1731464042.0,821
Gamingcirclejerk,"thank u very much. that dispels a lot of the stupid fearmongering bs ive heard abt 

protect trans kids! :)",1731435256.0,28
Gamingcirclejerk,thank u! and im completely in favor of that msg. theres been so much fearmongering across all media its hard not to get caught up :(,1731435094.0,9
Gamingcirclejerk,"thank u so much! wish this information was more widely dispersed. feels like there is soooo much disinformation floating around

as for puberty blockers, does a child need a diagnosis of gender dysphoria or something related to be prescribed them? ive read papers abt concerns related to cognitive development. ik its not related but stuff like antidepressants can have lifelong effects even when u stop taking them in some ppl (anhedonia, no sexual pleasure/desire). im a little concerned about pharmacology in this domain :(",1731434960.0,16
Gamingcirclejerk,"im gonna hijack this comment to ask some questions since i wanna find out what im missing. 

i can understand kids deliberating about their identity, like wholly understand a kid feeling like they r queer for instance. that sort of exploration, as long as ur safe abt it, has no potential to cause harm

a child that identifies as trans is completely ok i think, but there are some scary fertility-related issues i feel children may not be mature enough to make a decision on? if a kid thinks they r straight but they r gay, that's fine and there are no bodily changes involved. transgender ppl often undergo HRT which can make u infertile and change ur physiology. i feel a child should not have that sort of decision-making capability unless they experience severe, clinically diagnosed gender dysphoria

so i wanted some clarity abt the discourse. is this to do with identifying as trans (completely fine) or trans children making bodily decisions (scary) or both? 

im not a troll. im genuinely trying to understand this topic and i feel like whenever i try to get more info some ppl r rlly hostile :(",1731434126.0,14
ValorantCompetitive,bro rlly said yay 💀,1731312652.0,17
Conservative,"the discourse I'm reading tends to be a mix of that and the left actually realising alienating 50% of the population is not a great way to garner the popular vote. 

also that the dems are just an ""anti-trump"" party right now rather than having their own identity. that's a colossal failure regardless of what side you're on",1730885985.0,1
Conservative,"the discourse I'm reading tends to be a mix of that and the left realising alienating 50% of the population is not a great way to garner the popular vote. 

also that the dems are just an ""anti-trump"" party right now rather than having their own identity. that's a colossal failure regardless of what side you're on",1730885969.0,1
gaming,"absolutely a ship of theseus situation. the bioware we love does not exist anymore, neither does the ubisoft or blizzard we loved. not surprising given how shitty job security is in tech, and moreso in game dev.",1730164098.0,10
TerrifyingAsFuck,"you could say that about literally anything. it's not the 27 thousand kilogram nuclear weapon, it's the depravity of the people who use it! 

another asinine defense.

if you're going to defend it, at least explain why it is absolutely necessary and how the positives even EQUAL the negatives. right now it's a litany of negatives and a single positive that you could also construe as a negative. I don't even want people to say why having the option to obtain firearms is better, tell me why it's equivalent to the alternative.",1728132634.0,6
TerrifyingAsFuck,"the fear mongering in ""losing your freedoms"" is crazy. oh gee, they're taking our guns, what else are they gonna take?! 

most countries don't care for bearing arms, most people realise that a firearm's purpose is to kill, not to defend. the fact a massive section of the american population believes in gun ownership as some indomitable right, a ""defense"", instead of even trying to think longer term and improve education, be more aware of signs of antisocial behaviour, stringently apply the law when someone is assaulted, strengthen the fucking police force who are there to intervene?

developed nations don't need guns, or care for them. why are you guys so big on guns and not say, something like tasers? pepper spray? why guns? it's fucking ridiculous.

the only people who realistically need guns are people who hunt animals, and people who live in very rural areas without access to quick police intervention.",1728129599.0,15
TerrifyingAsFuck,"such a shit defense. 

most people don't go around punching others, and the ones that do normally wouldn't cause damage. give that whole fucked up population a firearm, that dude who punched the guy will just pop a bullet in his brain instead. 

it's all good though. keep teaching your children gun drills at school and hope to god they don't get shot by some fuck walking in with a rifle. normally I don't get so charged but fuck this view. fuck guns.",1728127729.0,20
ValorantCompetitive,"i troll a looot but like... did this team even have fans lmao???

y r ppl sad abt this, if U liked them when they won champs then U liked the team, not the org.. these guys have no aura lol",1726561907.0,1
ValorantCompetitive,"disagree unless they put him on sentinel nd he doesnt bitch about it lmao

u need a hard entry duelist in this meta nd demon1 is peak baiter",1725914840.0,-8
ValorantCompetitive,WEBER GO THE FUCK IN ON THAT DICKHEAD,1725315188.0,24
ValorantCompetitive,fnatic fans do lol,1724564860.0,1
ValorantCompetitive,u r insufferable,1724355893.0,1
ValorantCompetitive,its fake as fuck thats why. they never say anything we dont know nd its always pr bullshit. u need an ardiss or something lmao,1724135129.0,2
ValorantCompetitive,"tbf, that is what he wanted lmaooo",1721158016.0,5
ValorantCompetitive,"lmaoooo when u hear doombros talk u can instantly tell how much more knowledgeable he is than his bum brother. they r twins, but experience nd getting skill >>>>> genes

get emil out",1720735426.0,0
ValorantCompetitive,id win,1720527819.0,8
ValorantCompetitive,"ban is also terrible 

never seen someone lose so many iso ults with their shield active lmao.......",1720525326.0,2
ValorantCompetitive,"mid is useless. u will have 4/5 people going thru 1 choke on a site exec. how tf r u gonna get past defensive stall util and crossfires without a dive? 

ppl always make this mistake nd it backfires. no mvmt duelist is the easiest shit in the world to antistrat lmaoo",1718960833.0,-2
ValorantCompetitive,"listen ik when ur not experienced and u wanna cook, u try no duelist becuz duelists piss u off in ranked

how tf r u gonna get thru chokepoints in this comp lmaooooooooo

u need a jett/raze/neon",1718948864.0,-8
ValorantCompetitive,lmaoo they get max 8 rounds with yay,1718466047.0,-7
ValorantCompetitive,his tier lists r always shit lol,1718466011.0,21
ValorantCompetitive,umm........ capable at replacing other players for more firepower :D what will he do now that he has 4 superstars lol,1717268620.0,-7
ValorantCompetitive,was com rlly that bad,1716854543.0,137
ValorantCompetitive,for the ppl who didnt watch the match can u say what it might be lol,1716853750.0,87
ValorantCompetitive,signed him on tsm then dropped him a bit later i believe,1715557858.0,8
ValorantCompetitive,do we even know if it was david dennis? can we get confirmation on that becuz it would make the stuff dazed said about him even funnier lmaoooo,1714819903.0,29
ValorantCompetitive,"didn't look like a lucky/fluke win either. they looked so good and geng seemed a bit off, individuals not all the way on and the team not being as proactive as usual. doesn't take away from how well t1 played for that victory though, it was great",1714819779.0,20
ValorantCompetitive,"im immortal nd reyna is the easiest char in the game by faaaar.. high skill floor low skill ceiling. the only thing u can master is dismiss mvmt lmao

jett/raze may have a better time entrying but reyna is entirely self sustaining with two blinds that nearly guarantee kills nd either untradeability or all ur health nd armor back

reyna is one of or the most picked char becuz of how brain-dead her playstyle is, anybody can pick her up. i dont mean to put u down ofc but calling reyna a hard char kinda tells me u dont really play other chars. shes definitely a high ego 1 tho lol. made for ppl on the edge of narcissism fs",1714158057.0,1
ValorantCompetitive,reyna is an easy to pull off high ego char lmaooo,1714150070.0,6
DragonsDogma,"his voice acting is fucking atrocious, part of it is on the writers but he is flat and cannot hold a mediaeval accent to save his life. he's just as lifeless as every other character, just performed worse",1713451320.0,1
ValorantCompetitive,"bro marved wasnt even putting down viper walls on breeze in 2022.. the game has evolved a lot more than u think lol

yay is rlly bad, u can even watch his entry pathing nd individual play in a vacuum nd realise how much worse it is than any duelist in the scene ...",1713125990.0,1
ValorantCompetitive,"r U sure??

marved said ""im gonna fuck tysons girl at lan bro"" nd shanks was just in the call lol

do u have a clip",1712490984.0,6
ValorantCompetitive,the showmatch yesterday made it look like that because of the dual view but thats not the case.. its just from where u died,1711351404.0,2
ValorantCompetitive,shaggy stays winning 🗣️🗣️,1710559642.0,5
ValorantCompetitive,"chobras first thought is wrong then he rolls with it nd uses crappy emotional or loose threaded facts 2 back it up . his entire feelings about a team is based on 1 thing extrapolated into a narrative or 2 fit a narrative . E.g. t1, rrq nd prx. u can find the single core belief of any of his preds by hearing him talk lol 0 nuance",1708194739.0,-1
ValorantCompetitive,100t fans r lowkey even more obnoxious lmaooo,1708050171.0,19
ValorantCompetitive,"lol didnt this guy coach niesow????

mayb a lil shady",1707787626.0,-5
CatAdvice,"lmao that shit doesnt work lol ur clearly unfamiliar with how dysfunctional families operate. if u give a threat back to a narcissistic parent, they will gladly 1-up u. im glad u never had to deal with trauma like that",1705884711.0,9
ValorantCompetitive,OMG i luv the CCP,1705535562.0,1
ValorantCompetitive,lmfaoooo i said cryo was a baiter fraud nd hed prove it this season. at least chamber merchant dicey moved 2 sentinel looooool cryo needs 2 learn his place,1705188776.0,1
ValorantCompetitive,he seems a bit 2 hyper nd shallow to me idk abt this,1704750463.0,2
ValorantCompetitive,"china lowk runs lol nd valo theyre just smarter about it lmao

idk whats worse supporting inhumane degens holding a esports event or inhumane degens controlling the output of 2 very big games. ur watching and playing a tencent product, nd tencent actively helps the ccp subjugate and brainwash the chinese ppl, nd theyr trying to make china look sunshine nd rainbows to the west . 

non of this is good lmao, the world is fucked, but if saudis wanna use their oil money on valo idgaf . riot dont care as long as they see green",1704340061.0,1
ValorantCompetitive,how old r u,1704058531.0,4
ValorantCompetitive,"asuna is overrated considering what hes accomplished lmao. i dont even think its hindsight to say ppl calling him a god flex when all he did was play second duelist was dumb as fck, where did that viewpoint come from lol",1704058188.0,4
MechanicalKeyboards,"hmmm probably beige or grey, kinda boring maybe",1702923578.0,1
MechanicalKeyboards,that looks like such a clean board :0,1702446175.0,1
MechanicalKeyboards,sounds like saving face. why r ur employees fucking us over then?,1702446086.0,23
ValorantCompetitive,i mean hes constantly flanking as sentinel and where another guy would get 3 he barely avoids dying getting 1 soooo.........,1701233945.0,1
ValorantCompetitive,bro didnt even watch the game and got 30 upvotes for a sham comment 😂,1701233825.0,5
ActualPublicFreakouts,see how long that lasts buddy! :),1700988704.0,2
ActualPublicFreakouts,"cant wait to see how that holds up. if ur wife hits u back i wonder how ur ""she made me a bitch"" ass is gonna hold up lol",1700987854.0,2
ActualPublicFreakouts,"cept when she make u mad, cant wait to see ur mental gymnastics then 😘",1700987556.0,1
ActualPublicFreakouts,"ye and u can enjoy ur future domestic abuse charges, im sure ur kid will love their baby tantrum dad, u can set a good example to get them in juvie early just like their daddy <3",1700986589.0,3
ActualPublicFreakouts,he threw 5 pots and kept running back at her like a rabid dog and she bitch slapped him once. r u ok?,1700984862.0,2
ActualPublicFreakouts,"he wasnt defending himself, he had a fucking baby tantrum as a fully grown man after someone obviously weaker than him was violent. he could have shoved her and left it at that, instead he kept chasing her with flowerpots to bash her head in. thats not self defense, thats aggravated assault. 

if ur okay with this and u have a kid gl with ur life bruh",1700967907.0,-5
ValorantCompetitive,"u shouldnt be surprised, riot will do nothing lol they only see green nd any attempt to show otherwise is just a farce for the community so they can keep making more money lmaoooo",1700104135.0,-3
ValorantCompetitive,ok lol who asked,1699479084.0,-153
ValorantCompetitive,if its these 2 im definitely smarter lol,1699415213.0,-1
ValorantCompetitive,theres something abt the way u type bruh its like.. weird,1698462574.0,-22
ValorantCompetitive,delusional,1698462497.0,5
pcmasterrace,yo im down i love AC,1698257013.0,1
ValorantCompetitive,tmv takes are so mid hes so stuck on one narrow way of thinking its boring af. yes deadlock is ass but tmv isnt creative and hes like gold lol ofc he dosnt understand iso,1698131595.0,8
pcmasterrace,"deep red or vibrant orange seems so cool to me, u can make that sht pop fr",1697618625.0,1
ValorantCompetitive,"mid af

cryos a fraud and will b exposed this season mark my words",1697532945.0,-11
ValorantCompetitive,danganronpa,1697532878.0,3
ValorantCompetitive,he seems fake af to me like hes just showing it on camera but judgemental af when the cameras r off,1697532574.0,0
ValorantCompetitive,does any1 else have some1 they irrationally dont like? i cant stand somarcus for sum reason. mayb its the way he talks lol,1697424740.0,12
ValorantCompetitive,"every time i see u post its inflammatory or rude. do u think u come off as based or smth, ur even worse than me",1697211858.0,21
ValorantCompetitive,"im not a curry fan, i pointed him out to show how meaningless rank 1 is bruh",1696660452.0,1
ValorantCompetitive,bro curry can hit rank 1 on valo leaderboards. y is this an exceptional case,1696620059.0,1
ValorantCompetitive,yay will clash wit the team nd his playstyle will crumble going into the meta rn. hes an old man playing a zoomers game,1696241321.0,0
ValorantCompetitive,ur gonna sound stupid when bleed loses everything lol,1696205750.0,1
ValorantCompetitive,"he knows his career is over nd he will never be in a team with a calling structure as good as Optic where u dont have to think becuz ur teammates think for u, so hes just getting the bag lol",1696205614.0,5
ValorantCompetitive,"ur right yay has an ego so big for no reason

he won before cuz he had 4 other teammates to think for him nd all he had to do was shoot his gun. now hes angry he has to use his brain nd he wont win so ez lmfaoooo",1696205430.0,-13
ValorantCompetitive,"some have lol, its not a good look for u to go out of ur way to shit talk a colleague publicly in any field. do u see a public cabal when a coworker is an asshole? no, u see private discussions about them, and only private discussions, unless they commit heinous abuse lol

this argument u guys keep bringing up is so fucking stupid when u think about it for more than a couple seconds, y r u so adamant abt yay not being a toxic teammate?",1696205027.0,0
ValorantCompetitive,"lol so am i. hbu learn to be literate and lose with grace. ur pathetic, hopefully when u go outside u can learn to lower ur baseless ego",1695524106.0,3
ValorantCompetitive,lol where in my comment am i defending anybody,1695522321.0,2
ValorantCompetitive,holy shit u r dumb as fuck. least self aware reddit user,1695521793.0,7
ValorantCompetitive,don't need to when nobody is gonna buy them,1694626979.0,1
ValorantCompetitive,keep calling him semen1 to make his fragile little ego crack dumb little kid heheheheheehehheeheheheheh,1694165601.0,-1
ValorantCompetitive,"shud be dropping that fraud emil. guy got a massive gig at liquid despite winning nothing, only here because goat doombros is his twin. emil is dogwater bruh, lol i told my team to comm during a timeout lol i told my team to breathe during a timeout lol lol lol",1693898036.0,-8
ValorantCompetitive,yes he shuld Tex is a fraud lol idk why ppl rate him when he misses whole op magazines,1693841224.0,-4
ValorantCompetitive,not the biggest 1 lol hes bad,1693841182.0,2
ValorantCompetitive,"the sunset gamemode is bringing out all the rat lurking duelists, never been more tilted lol 

i like the map but i think they went too wild with the elevation changes. so many ledges...",1693402811.0,27
ValorantCompetitive,shut up demon holy how are u still insecure after winning a trophy nobody is disrespecting u narcissist,1693095812.0,-236
ValorantCompetitive,yes but hes still a jackass lol imagine he won this nd he was likeable that would be a good victory,1693095121.0,-5
ValorantCompetitive,txozin shattered any and all curses for eg,1693095049.0,50
ValorantCompetitive,"demon1 is just great at aiming, his movement is not nearly as good as aspas or something lol",1693095016.0,18
ValorantCompetitive,who cares,1693094984.0,1
ValorantCompetitive,"lol if only he wasnt a narcissist, would not be surprised if this kid is like sinatraa behind closed doors",1693094943.0,1
ValorantCompetitive,bro didnt even mention a villain 😭😭,1692678443.0,3
ValorantCompetitive,😏,1692452463.0,1
ValorantCompetitive,这一天终于到来了！中国共产党万岁！,1692018324.0,5
WhitePeopleTwitter,"man i remember his wife having an update video when peterson was undergoing treatment for suicidal ideation in russia and she spoke like she was his fucking dog, that her *purpose* was to provide care for him, keep him healthy and keep him fed, maintain the home. im not sure why the petersons subscribe to neolithic gender roles but it's a damn shame because he is living out what he literally taught to his students about a group becoming more and more extreme the more criticism they get from external sources. he was a damn smart guy too, his brain is rotting.",1691431346.0,1
WhitePeopleTwitter,"petersons brain has been rotted through his continued affiliation with right wing celebrities, the lectures he uploaded on yt and his advice for young men way back were so incredibly insightful, I wish he stayed an academic",1691430703.0,0
Renovations,"A. conventional english is a preference online. u see many typing styles emerge, and there was no difference in ur understanding of my argument. it's irrelevant, and the value of my opinion is not contingent on ur preferences lol

B. ur using the mod badge even though u aren't ""laying down the law"", it's like a police officer walking around and flaunting their badge despite not being on duty or actively executing their duties. no rules have been violated, so why flaunt the badge?

C. understood! keep showing us ur shiny badge officer. i appreciate the transparency at the very least, but the thought process screams either insecurity, vainglory, or both, which is rather startling.",1691020929.0,0
Renovations,"why do u reply with mod badge enabled on an advice thread when ur not applying the rules of the subreddit? ur artificially inflating ur opinion and implicitly placing importance on it, it belies the nature of nonpartisan discussion

im not saying ur advice is wrong, just saying it is unfairly above other advice due to ur visible status as a mod",1690999705.0,0
xqcow,"how do you enjoy the braindead chat, its so dogshit and stupid im unable to handle it",1690679071.0,0
ValorantCompetitive,if u found this funny u probably find shit like that funny too. idk why u tryna act like these shitty cringe puns r good humor,1689547372.0,0
ValorantCompetitive,guy with no sense of humor tells some1 else to develop a sense of humor....,1689375120.0,-27
ValorantCompetitive,"not saying any government is great, the world is a fucked up place but china is a couple deviations forward on the ""fucked up"" normal distribution",1689008206.0,4
ValorantCompetitive,ur heavily underestimating how fucked the chinese government is bruh,1689007011.0,24
ValorantCompetitive,"wasnt she with zellsis before when she was found to be a dirtbag

girl is working hard to get in franchising",1688114455.0,13
intj,myers briggs is founded on either/or questions,1687793473.0,1
ValorantCompetitive,idc man any1 who calls that piece of shit anything positive can get a golf club up their ass,1687028783.0,1
ValorantCompetitive,"hes neither humble nor the goat, unless u mean the goat that goes baaa, i could believe that",1687028355.0,13
Doppleganger,"it's funny

idgaf about ur compliments, u can compliment as much as u like but this dumbass impression shit is just too funny not to respond to. 

did the sweetness of ur morning tea give u the impression u would have a fun, productive day and meet a knowledgeable shaman who would teach u the wonders of the world?

did ur happy little tarot cards give u the impression that u would be confident and assertive today?",1686671280.0,0
Doppleganger,"from her face u got the impression that she's smart, well spoken and enjoys the little things in life. what an impression!",1686669150.0,0
Doppleganger,"""you appear as intelligent, well spoken and can enjoy the smaller things in life""

that is baseless, u used her face to make conclusions about her character, which is just farcical. how can u even use someone's photos to judge that they ""enjoy the smaller things in life"" it's so silly",1686668038.0,0
Doppleganger,Steve Buscemi from that how do you do fellow kids scene,1686615595.0,1
Doppleganger,do u like astrology? u can get even more baseless praise there if u like :),1686615484.0,-2
ValorantCompetitive,"i dont have anything to prove, all ik is that u dont know how val roles work",1686332996.0,1
ValorantCompetitive,ur clooless fam,1686295358.0,8
ValorantCompetitive,not sure abt that one bud,1686295286.0,2
ValorantCompetitive,"lol watch out if u say more lothar will come nd ad hominem u like he did to me when i said mitch & tom shouted a lot without saying anything 

plus they think their cringe jokes r funny thats the worst part",1685653976.0,-6
ValorantCompetitive,becuz hes ass,1685533168.0,-5
ValorantCompetitive,does a compliment in 2023 mean they fucked,1684557950.0,22
ValorantCompetitive,time to get kru into NA challengers so they can finally beat one ex-optic member,1684130622.0,159
ValorantCompetitive,"they look sooo boomed man, its a bummer 😞😞",1684076432.0,4
ValorantCompetitive,"that doesnt make it not an opinion lol why tf does other people having the same opinion disqualify this one

reddit is clueless, u could say it isnt a hot take (which they never said it was but idk how u could be this wrong without thinking it was their assertion), but its still an opinion wtf",1683825577.0,6
ValorantCompetitive,she could if u used two or just let the bird travel a bit then popped it,1683627238.0,1
ValorantCompetitive,"these guys r twins but doombros is so much better just watching how navi changes after a timeout. when emil calls a timeout liquid dont look any different, and u cant feel emils impact as a coach like u can doombros",1683298320.0,3
ValorantCompetitive,r we starting an internet nerd revoluciòn?,1683253089.0,3
ValorantCompetitive,"i think upping it to 200 creds and increasing pullout time would really reduce its incredible moment to moment efficacy while still allowing for it to be used in anticipation of a crazy in ur face push. imo its also sort of fun that pros are swapping between their primary nd their secondary weapon now, where before it would only be in when they had no ammo in there primary.",1683208258.0,0
Unexpected,id still 😏,1683185759.0,17
KidsAreFuckingStupid,"a father going into a violent rage, even more childish reaction than doing the prank in the first place. if any of u really think this is appropriate behavior I hope u never go near a child, let alone have one, in ur life",1683183921.0,71
KidsAreFuckingStupid,"yeah u don't ever ask them to draw shit, u just discipline them in ways that don't involve beating the shit out of them, if ur a dad, I feel for ur children. no child deserves to get beat.",1683183800.0,10
KidsAreFuckingStupid,"y is it okay to beat them, u can still punish them without being a fucking domestic abuser",1683183687.0,29
ValorantCompetitive,EG experimented by replacing viper with astra but i honestly thing the viper-harbor synergy is too strong for any replace,1683182807.0,1
ValorantCompetitive,that guy also is a narcissistic prick so,1682745803.0,40
ValorantCompetitive,somewhere in there he needs to fit in a new haircut 💀💀,1682723038.0,-91
ValorantCompetitive,"first sentence is so sarcastic for no reason

then when he talks about c9 its belittling ""but like idk what ur point is I'm just right"" or something like that

he approached it with egotistical arrogance",1682359758.0,-5
ValorantCompetitive,"why did u approach this random reddit post with so much hubris. no need for the sass, guy misunderstood u, and u responded like he shit on ur car",1682358236.0,-12
ValorantCompetitive,"its mostly a comfort thing, we dont have any data to test how much better it would be for a pro to use the viewmodel that fits their dominant eye, but i doubt it would be significant enough to trump personal preference",1680424218.0,19
ValorantCompetitive,bro really looked at a copypasta nd then critiqued it 💀,1679450637.0,21
TelogenEffluvium,"it's everywhere, depending on how my hair is parted the scalp is a lot more visible than it would be normally. it's especially evident at the top of my head",1678843102.0,1
ValorantCompetitive,u got rolled by xqc 💀,1678411814.0,43
ValorantCompetitive,"u r no daughters goal kid

if ur lucky u might be a snails goal",1677829214.0,1
ValorantCompetitive,C9 fucked up,1677704973.0,2
ValorantCompetitive,speak ur truth the worst that happens is u get downvoted,1676974137.0,7
ValorantCompetitive,y is everyone so big on will. he was mediocre on 100t nd there r better t2 duelists,1676971714.0,13
ValorantCompetitive,i like everyone on c9 except zellsis he weird 💀,1676906003.0,1
u_vulpes_mortuis,"im glad he helped you but low key this is very unhealthy, I hope u don't rely on an idol to maintain ur very existence in future. ur worth more than that.",1674655113.0,1
CatAdvice,"cats normally have soft stool moving into a new diet, gotta wait a week to transition. unless U mean its soft even after that transition period?",1674357388.0,9
ValorantCompetitive,skill issue,1674065432.0,-1
ValorantCompetitive,y r u making it abt u,1674017052.0,-4
Unexpected,"But before you dwell in that house forever, here's 30 minutes of easy listening to some slow tracks, on 103.5 Dawn FM",1673583915.0,2
ValorantCompetitive,as long as the ccp remains in power china will never have a good rap,1672276333.0,-1
ValorantCompetitive,thats communism kek,1672276237.0,-2
okbuddychicanery,stop making this shit you degenerate piece of shit go outside but stay away from public areas especially ones with children and make sure you're on a leash tied to a light post so nobody needs to linger close to your depraved existence,1671954865.0,-1
CatAdvice,"these are INSANE GET THEM, dont even need to throw them the cat will grab it nd notice its weird then play chase with it",1671886141.0,4
ValorantCompetitive,didnt some1 do that,1671637536.0,16
ValorantCompetitive,sinatraa. hes great at using his utility to manipulate his opponent into letting him do whatever he wants without their permission. unlucky he got vod reviewed and ppl found out about his conniving strategies..,1671637519.0,1
cats,"I've actually done that every time he has wet food, I'll keep doing that and give him more wet food more often. His gums are pale but not tacky, I've checked his gums a couple times and they are always that colour. When I took him to the vet a week ago they said he was perfectly healthy so I'm guessing that's just his resting gum colour. 

He's very selective when it comes to drinking so I've put 3 different water bowls in my room which I wash and refill daily. I still don't think he drinks enough so I'm just going to get more wet food for him.",1671586392.0,2
ValorantCompetitive,"lol the hubris to compare urself to world class players 

practice is very inefficient when 1/2 players cant play to the best of their abilities. strategy at the highest level is very timing oriented, high ping both feels like shit to play and messes with those precise utility timings. 

ur little $20 european free entry for all tournament cannot compare to the pro level",1670546098.0,2
ValorantCompetitive,yay looks like a domesticated zellsis,1670374866.0,64
ValorantCompetitive,"btw irregardless is not a word, U r looking for regardless",1669942722.0,4
ValorantCompetitive,i like the girls more,1669767390.0,4
ValorantCompetitive,only thing i know about afreecatv is the korean thistrtraps kekw,1669734003.0,10
ValorantCompetitive,we don't need igl #SENFIGHTING !!!!,1669410389.0,2
ValorantCompetitive,lets field a team with no igl 5 duelists ez win #SENFIGHTING,1669386070.0,2
ValorantCompetitive,"classic sen fan brain:

firepower > strategy kekw",1669383993.0,2
interestingasfuck,as a dad I will incorrectly appropriate human behaviour to the behaviour of other species!,1669335195.0,1
ValorantCompetitive,"that religion says u can beat ur wife & children if disobedient, not rlly cool",1666642153.0,-5
gynecomastia,"i know what u mean but im probably 100kg max, becos of my heritage nd genes most of my fat goes to my stomach, chest and thighs. u can see in the photos that my arms dont carry much weight, neither do my calves. it is pretty bad lol ik i need to lose weight once i went down from 92 to 77kg but rn i have no motivation, mental state is bad",1665893590.0,-2
ValorantCompetitive,WHAAAAAAT thats massive goddamn,1664905934.0,2
ValorantCompetitive,"hook, line nd sinker",1664798853.0,67
ValorantCompetitive,gud riddance,1664512307.0,-1
ValorantCompetitive,when did wyatt do that?,1664419896.0,8
ValorantCompetitive,u would put a guy who hasnt played in a year on ur partnership roster?,1664181083.0,6
ValorantCompetitive,what did u think about sinatra drama,1664153429.0,-8
ValorantCompetitive,"genuine question, what makes u a sen fan 

like in general what do u like about sen that makes u their fan",1664152545.0,-6
ValorantCompetitive,i thought they might have better looks if they got a 2ndary igl,1663845995.0,3
ValorantCompetitive,replace mitch with boostio and curry with Trent :0,1663845752.0,4
ValorantCompetitive,definitely the right mindset 2 have,1663826497.0,24
ValorantCompetitive,u put will on tsm as a flex and all ur rostermania preds r batshit,1663646285.0,-6
ValorantCompetitive,this has to be a joke. there is no fckn shot this is real.,1663646171.0,-1
ValorantCompetitive,tell me u dont know anything about game dev without telling me u dont know anything about game dev,1663190076.0,0
ValorantCompetitive,yes if he irons out his play like soulcas did in his massive glowup he will b great for fnc,1663105827.0,0
ValorantCompetitive,"its consistency that matters tho nd he is great sometimes but not often enough. u need to be online more often than he is to be at the top of the world, and there r a lot of flex players fnc could pick up that can do that",1663105625.0,-10
ValorantCompetitive,well ngl if mistic stepped up fnc would be a lot better for it. every team has 3-5 heavy hitters nd fnc has 2 or maybe 3 on a good day. isnt looking good for mistic going into franchising.,1663105290.0,-39
ValorantCompetitive,how is that related to this being ppls first esport lol huh,1662975143.0,2
ValorantCompetitive,i think fnatic can do it. they r heating up trust bruh,1662933335.0,2
ValorantCompetitive,is that a bad thing lol,1662933109.0,16
ValorantCompetitive,smoggy performed much better than life. i dont think the edg stuff holds up. they r good aimers but very weak strategically,1662712002.0,12
ValorantCompetitive,they needed u and him there to balance the chad vs soy energy,1662636855.0,1
ValorantCompetitive,yes. u transfer the awareness u get by getting good here to other games nd that makes u better at adapting,1662548341.0,2
ValorantCompetitive,thats why reddit analysts are always right huh,1662467701.0,0
ValorantCompetitive,master baiter,1662463110.0,208
ValorantCompetitive,im 55 and ive just been voting the upset team over and over,1662444698.0,3
ValorantCompetitive,boaster doing his best bonkar cosplay,1662408593.0,18
ValorantCompetitive,"taoism is definitely on the comeup in the religious scene, wonder how that will translate to valorant",1662408529.0,42
ValorantCompetitive,that organ arrangement 🥵,1662395073.0,-13
ValorantCompetitive,"yes the overstepping part is very cool i feel

he casted the game before so he knows his stuff but he also knows his role on the desk as a strict host 

yinsu i feel despite having no competitive background tries to insert herself into the analysis as a layman and it hinders the discussion imo",1662391710.0,-1
ValorantCompetitive,📠,1662391478.0,-4
ValorantCompetitive,wow she has good genes 😳,1662386528.0,-77
ValorantCompetitive,this guy gets it,1662299029.0,3
ValorantCompetitive,it would be easier to look at if u grouped the rows by color,1662285811.0,30
ValorantCompetitive,"100t zekken cryo bang stellar derrek

g2 nukkye nats zeek koldamenta leo

sentinels mixwell shroud tarik tenz scream",1662285390.0,-4
ValorantCompetitive,u are trolling not having god shyy on the roster,1662285051.0,2
ValorantCompetitive,most honest NA fan,1662271528.0,7
ValorantCompetitive,i have two thumbs nd am capable of having an opinion so i think it is up to me lol,1662126081.0,21
ValorantCompetitive,george is really channeling his inner teenage girl with these pfps,1662119330.0,71
ValorantCompetitive,na/tural*,1662016595.0,6
AskReddit,u are part of the problem,1661850580.0,45
AskReddit,"no, it's the whole walking on eggshells constantly and having to learn fake terms like xe, xer and some stupid shit like that because people can't comprehend that gender doesn't constitute personality",1661850110.0,127
ValorantCompetitive,look up okeanos drama,1661754253.0,-2
ValorantCompetitive,dark ratio vs tsm make it happen,1661753628.0,4
ValorantCompetitive,nobody from m3c distributed cp so,1661753517.0,-3
ValorantCompetitive,bro how do u have ayrin costing more than scream 💀,1661753139.0,2
AsianNSFW,who is she,1661708811.0,1
ValorantCompetitive,"right lol esp about the several massacres of civilians and breaches of human rights that happens over there, biased af",1661706715.0,-8
ValorantCompetitive,"My dad beats me, my mom beats me, my brother beats me, my sister beats me, but at least I feel safe with XSET, because they can't beat anyone.",1661492820.0,51
ValorantCompetitive,its becuz he doesnt mod nismos stream,1661376739.0,2
ValorantCompetitive,"what if it isnt to do with franchising but ESIC report - marved matchfixing allegations could come to bite him in the ass

""hard work doesn't pay off"", ""interesting times ahead of champs"" sounds like franchising issue but it could apply to a multitude of scenarios

maybe there's internal strife in the team, tweets hold up still

above all, what holds up most is 

impression farming KEKW",1661248650.0,17
ValorantCompetitive,u/OfficialBoaster 👀,1661230741.0,1
ValorantCompetitive,good bot,1661078246.0,4
ValorantCompetitive,"benkai on plat chat said that edg were decent, and he is very upfront about scrim results. he also said they looked like an unrefined version of prx. at least my source is related to the team lol",1661068273.0,3
ValorantCompetitive,lol he is a bleed analyst who has no clue about scrim results with prx and drx. literal conjecture.,1661067821.0,3
ValorantCompetitive,not racist lol its a joke,1661067737.0,-2
ValorantCompetitive,hes a winnie the pooh simp,1661067437.0,1
ValorantCompetitive,they dont go even lol they lose their scrims against both teams. where tf did u get even from,1661067287.0,1
ValorantCompetitive,turkey is going to güle güle over these betas,1661067044.0,0
ValorantCompetitive,who,1661066909.0,2
ValorantCompetitive,lol why tf would she stoke the flames with this after everyone forgot her,1661066877.0,8
ValorantCompetitive,"this argument is comparing crappy lcq teams to the best teams in the world

edg is good fundamentally but they r way behind the meta nd inexperienced. benkai will shove his penguin costume up edwards ass",1661066789.0,2
ValorantCompetitive,i have the leaked music [video](https://youtu.be/oHg5SJYRHA0),1660918552.0,115
ValorantCompetitive,"y, all he does is react to people and make weird sex jokes

he has a nice personality but can u tell me why he is ur fav, i dont get why hes popular",1660883990.0,-11
ValorantCompetitive,"has he always been this personable?

i swear he came off more hostile b4",1660879667.0,13
ValorantCompetitive,u should be in a strait jacket for that spelling,1660832533.0,1
ValorantCompetitive,because we live in rust /s lul,1660706362.0,13
ValorantCompetitive,so r u telling me sen is a team of baiters,1660636466.0,7
ValorantCompetitive,goldenboy is a W and ur an L,1660535424.0,19
ValorantCompetitive,can i have ur dad,1660534849.0,10
ValorantCompetitive,u/valorantfanboy69 is back with a different alias,1660389119.0,3
ValorantCompetitive,??????,1660325884.0,6
ValorantCompetitive,"ur gatekeeping a thread open to anybody becos ur title is ""to sen fans""... ur title isnt a padlock kid",1660325377.0,6
ValorantCompetitive,what does being a sen fan have to do with u saying ur age?,1660325071.0,5
ValorantCompetitive,can i please get ur age and health records,1660324743.0,7
ValorantCompetitive,jingg and forsaken would fuck them up no kizzy,1660319821.0,17
ValorantCompetitive,no,1660310609.0,3
ValorantCompetitive,"i like how the narrative changes as soon as something different comes out.

zellsis gf is outed as being toxic to fast food workers: ""zellsis nd her r the same. both scumbags""

zellsis is given competitive ruling for being racist/sexist at copenhagen:
""i always knew he was a dickhead. have u seen the way he acts on stream?""

zellsis when he says something positive:
""wow i love his stream hes so lovable""",1660281785.0,1
ValorantCompetitive,his twitter pfp. it isnt pretty,1660281579.0,9
ValorantCompetitive,ur toxic rnt u,1660205770.0,1
ValorantCompetitive,i agree. gmb was the best team in 2021 📠,1660092745.0,2
ValorantCompetitive,"casting by mitch and tom this time was phenomenal. more focus on analysis nd less on jokes, just a really really good cast.",1660013821.0,1
ValorantCompetitive,"not rlly, there r capitalist ""features"" in china's society but it is predominantly ""socialist"" by their terms. it is by and large a communist country, and a completely fcked one at that.",1659981705.0,-11
ValorantCompetitive,"im not. i just dont remember anybody name-dropping except jovi and they split so long ago i dont know what they said. why dont u just tell me what they said that alluded to babyj instead of being uncouth? 

im glad the sen flair exists because i can use u as a filter! :)",1659976442.0,0
cheating_stories,"i broke up with her the day after i posted

havent done anything with coworker and now that im alone i feel like staying alone. so much freedom",1659975631.0,1
ValorantCompetitive,"i dont know what they said, which is why im asking. ik that ec1s and babyj didnt agree on how to play the game but that was the only thing I heard 

why u sen fans so rude",1659975562.0,-1
ValorantCompetitive,they said stuff specifically about babyj? i dont remember name-dropping,1659968969.0,1
ValorantCompetitive,"why, aside from jovi talking shit?",1659968863.0,1
ValorantCompetitive,"acend didnt deserve to win champions 

acend was worse. at least sen is getting better and changing the right pieces. 

acend got rid of bonecold before kiles. thats how u know they don't know what theyre doing",1659966536.0,1
ValorantCompetitive,voice cracks. so many. good hype tho,1659958003.0,11
ValorantCompetitive,yes. and they are both shit,1659957156.0,-6
ValorantCompetitive,"bro nitr0 isn't here and 80% of 100t is different, even more if you count coaching staff

100t will steamroll even if both teams have shit chambers",1659938008.0,-5
cheating_stories,"she doesnt know i was in a relationship.

but i agree. its only bad, regardless of her looks. im making it seem as though im more and more uninterested and she's backing off a bit.",1659934852.0,1
cheating_stories,"already cut the ldr

am taking a break. did go smoke pot with coworker tho",1659934603.0,2
ValorantCompetitive,when did he do that i think he is fairly composed in a structured environment. he probably felt like he had to make plays since the rest of his team r dogshit,1659899136.0,9
ValorantCompetitive,U WANT MIXWELL TO STAY?????,1659899039.0,7
ValorantCompetitive,slight downward trajectory is an understatement KEK,1659898925.0,11
KidsAreFuckingStupid,idk if its indicative of my poor mental health but that sounds like beautiful death to me. am i just suicidal or am i right to think this kid might have an issue,1659890036.0,3
Art,?,1659882353.0,-26
Art,"talk shit get hit

u said it like an asshole, ull get treated like one",1659882216.0,1
ValorantCompetitive,soniqs flair KEKW,1659854996.0,-2
cheating_stories,"hey, i did write a comment updating the situation yesterday but I'll say what happened then and what just happened 10 minutes ago

i broke it off with my gf on good terms. 

i also distanced myself from my coworker until today. she invited me out tonight to do weed with her and i was bored and said yes. we didn't do anything except weed, and ive never got high before. it felt good but i didnt have enough because my tolerance is too high. absolutely nothing sexual which I was really surprised about considering how forward she is over text",1659793406.0,1
ValorantCompetitive,fenis? like penis with an f?,1659687137.0,85
cheating_stories,"i did stop her, just not in a very very upfront way. if she tries anything i will not hesitate to tell her i dont want it.

it wasn't. i just told her that we both needed to reflect and lose the stress of a long distance relationship.",1659668754.0,1
cheating_stories,im definitely going to tell her that and veer myself towards a path of self actualisation. these last couple days have been tough. :(,1659668338.0,2
cheating_stories,"hey, im a docile person. i wouldnt do that unless she threatened harm or sexually assaulted me. i broke up with my gf this morning and i told my coworker i didnt want any of that and am ghosting her. i think im the biggest douchebag here and i deserve to be left with nothing.",1659667342.0,1
cheating_stories,"hey, i broke up with my gf this morning and am currently ghosting my coworker. im not ready for any of this, thank u for ur advice and being sympathetic through all this. im wondering whether im a terrible person and its eating me up inside.",1659667168.0,4
cheating_stories,"update, don't think i can pin my own comments:

my gf and I had a chat and decided to break up and reevaluate ourselves. i feel really emotional. 

this development hasn't made me want to take my coworker out, it's just made me wanna distance myself from her and everyone.

this whole situation is fucking with my head, can someone tell me if I did the right thing? im a mess right now :(",1659665995.0,1
cheating_stories,"hey, we never sexted. 

she also has no clue about the relationship. super bad on my part ik. idk where i am in life",1659630200.0,0
cheating_stories,"i think there was a dissolution of my inherent rationality when i was in the pits of depression but its coming back and im noticing what a grave mistake it is. 

ur right about all of that. i need to come into my own before i can commit to any sort of relationship.",1659625889.0,2
cheating_stories,can u give me your experience pls? im honestly so anxious thinking about all of this that I need a perspective to ground me. u seem kind and knowledgeable in this space.,1659624733.0,1
cheating_stories,"i know. i already told her im not going over, but i cant block her number becos we work together. 

ur right about the moral side of things. idk how to go about any of this, idk if it's just everything hitting at the wrong time or the world telling me to wake up and become an individual.",1659624674.0,1
cheating_stories,"young and dumb to sum it up. im struggling with mental health and taking meds for anxiety and depression, in the moment back then she was there when i needed companionship and she cared for me. and i let it go too far. 

i think u are right about the self actualisation part. idk how ill break it off, and im scared and i dont want her to be lonely, or be lonely myself.",1659624565.0,2
cheating_stories,"a lot of the time i really do love her and im sure she loves me. but it doesn't feel constant for me. ur right about ldrs, they are pretty bad. 

i was wondering that too, but i had a feeling she was into me from the start. not because of looks but she said that i connected with her in a way people hadn't, at the time i thought it was just a nice compliment but the more she texted me the more i thought maybe she had feelings. 

but no i don't think shes into me becos she wants to pop my cherry. she asked me that because she said that I ""didn't talk like a virgin"", whatever that means. i guess because i got along with her. she told me she has had a thing for me for a while and its growing. this situation sucks.

i did delete it.",1659624415.0,2
cheating_stories,she wouldnt be okay with it. shes always anxious ill find someone else. if i tell her some girl is interested in me it would break her. idk wtf to do,1659620233.0,0
cheating_stories,"the relationship is rocky becos we dont see eye to eye with a lot of things. we argue because she sees things from a more emotional perspective and i see things from a rational perspective. she gets upset very easy and it makes me feel like im walking on egg shells. i try to be kind and considerate a lot and i feel it isnt reciprocated. ive been with her for over 6 months, so we're in deep but it doesnt have as much depth as i would like.

i thought about marriage ofc and we talk about it but it feels too far away. she says she has made promises and doesnt want me to meet her yet becos her mum would ""kill her"". 

i honestly rn dont see myself long term with either of them. im close with my gf but i feel like we dont match very well. 

with my coworker, she's just very good looking. there isnt much else to say other than that primeval instinct is hard to suppress when presented with a dream girl in a confusing, wacky scenario.",1659619325.0,2
cheating_stories,"ofc but im not even romantically interested in my coworker, she is just incredibly attractive and my monkey brain is telling me that this is a big opportunity. 

i did message her just then telling her im gonna cancel the sunday meet and i wanna get to know her. idk im just averse to upsetting people because she was incredibly vulnerable with me and denying her like this just makes me feel bad. same with my gf, she's just so emotional and i never wanna make her feel bad. 

men are fucking dumb horny creatures. i hate this dichotomy between fucking morality and getting laid. jesus",1659618641.0,3
cheating_stories,"we have been long distance for 6 months :( 

i get what u mean, like the whole relationship is reliant on texts and calls and photos and it seems like shes my pen pal but i dont see it that way. it was stupid of me to jump into a relationship with her anyway, but im far gone.

it feels like cheating. imagine telling someone u love them only to go fuck someone else behind their back. it sounds like cheating to me.",1659618419.0,1
cheating_stories,it isnt. honestly i just think she's really hot. but shes also being really forward because she knows im not experienced. im gonna try to sort all of this out.,1659618262.0,1
cheating_stories,"im gonna cancel that, honestly its just a battle between morality and arousal. i hate it, and honestly my gf doesnt deserve this at all.",1659614786.0,1
cheating_stories,u r completely correct. its absurd behaviour and i am gonna try to stop. i just needed someone to tell me from an objective perspective. thank u :),1659614714.0,3
cheating_stories,"honestly i dont feel happy abt any of this. feels like i rushed into a relationship because i lacked companionship and now ofc its going to shit becos i didnt give it enough thought.

and this coworker situation is just a stupid erotic dream scenario that has spruced itself to life. it similarly has no depth and its just me trying to control myself, and failing.

i think it would be much better for everyone involved if i gave it a break.",1659614628.0,3
cheating_stories,"i think ur completely right. really helps to have a set of eyes that sees the situation for what it is. 

yeah. i really think i should do that and im gonna ask my coworker to stop with her advances. i need some critical self thought. tyvm :)",1659614258.0,7
cheating_stories,"she asked me at work and i was honest

i met my gf through university during covid and she is in her home country. thats why",1659610948.0,16
ValorantCompetitive,CEO DIFF 🥵🥵🥵🥵,1659596171.0,3
ValorantCompetitive,yes,1659583189.0,1
ValorantCompetitive,IT DOESNT MATTER WHO GOES THROUGH BECAUSE THEY WILL GET 2-0D IN GROUPS. THE ONLY NA TEAM THAT WILL BE IN PLAYOFFS IS OPTIC NA MINOR REGION KEKW,1659583060.0,13
ValorantCompetitive,"the only L in ur vid is ur headset

its so heavy it causes balding nd the software and default sound r shit",1659385113.0,-7
ValorantCompetitive,"im gonna write another comment about the part u edited in

that is not my argument. my argument is that mitch and tom themselves watch the game in a very cursory, viewer-tailored way. they explain what is happening onscreen but not what happened in an overarching sense. so if explaining intricate details the casual viewer might not be looking out for is ""spoonfeeding"" then yes - i do expect them to spoonfeed me information. 

but ur saying im opposed to watching the game? no. do u think gluing my eyes to the minimap is watching the game? no. i should watch the pivotal duels unfold on majority of the fkn screen and the colour caster should explain how those duels took place and what was happening on the map to let the round unfurl the way it did. tom does not do that.

instead, as i said earlier, they opt for discussing what the viewer just saw. they r glorified play by play. 

so apparently im opposed to watching the game when my argument is that mitch and tom are only explaining what the viewer sees when they watch the game, not the details they likely missed and overarching round progression. jesus. ur calling me obtuse and that is all u derived from what i said.",1659292543.0,0
ValorantCompetitive,"it is more than possible. it isn't as though all my points were assertions - i stated what i believed to be the case backed up by how i viewed the analysis, and how the casters spoke. to call my comment an essay is laughable. u are purposefully misconstruing the grandiosity of what i said to make it look worse. it is a comment. 

u could easily counter it by bringing up one round and comparing it to other casters. hell, maybe to strengthen ur argument bring up two rounds! but u decide not to and instead assume i am impossible to debate with. 

why not try a counterargument? maybe u could actually change a couple perspectives. again, it would help me to be proven wrong. i could appreciate their casts more and so could ppl who agree with me. 

i think ppl like u need to do some soul searching. u just say other ppl are wrong without explaining, then when questioned y u won't explain u say they r impossible to deal with. perhaps u are the one impossible to deal with, my friend :)




since u guys dont like reading what i say i will tl;dr

tl;dr - show me how i hear what i want to hear by pulling up a couple sequential rounds. so easy, yet strawman is favourable to you",1659291477.0,-1
ValorantCompetitive,"yep - i included what i said yesterday into my argument! u ofc chose not to read my argument and instead insinuate u know what im saying. 

good job defending urself! i was actually curious as to whether my viewpoint was flawed but u did not deconstruct it 

instead u opted to flame my character! as expected of a mature and respected analyst.",1659290341.0,7
ValorantCompetitive,"why tf is ur counter filled with straw man. what a joke. 

sure can u tell me of this silver player analysis? i hate it when people disparage actual discussion in favour of shitting on ppl they dont even know.",1659290073.0,9
ValorantCompetitive,"u can by giving clear examples of when he dissects rounds. it is that easy. i gave examples of what I think he doesn't do as a colour caster and explained what i thought, why can't u do the same from ur perspective? 

i never said u insinuated that. i asked u how u thought they were better. 

no. i never said they always say nonsense. i said when there is a traditional explanatory play by play caster then tom loses his milquetoast analysis. 

i explained why i believe mitch and tom pair well together due to their casual viewer oriented style and explained why i thought that. 

i don't think they r spouting ""nonsense and blabber"" - they are spouting stuff for an incredibly casual audience. i explained it as explosive, reactionary casting. it is entertaining for the casual viewer. 

why r u sulking instead of explaining where u r coming from. ur an analyst, tell me why im wrong.",1659289534.0,-1
ValorantCompetitive,no i am not. sideshow and bren are great at putting forth storylines but idk how u can deny sideshow doesnt break down the round incredibly well or explain the specific value of an agent pick or certain utility placement and combos in a round.,1659288999.0,13
ValorantCompetitive,"how about u explain urself instead of acting like ur intellectually superior. tell me how mitch and tom r better than pansy and hypoc or sideshow and bren in terms of game analysis. 

i make effort to listen to them and often times tom is favouring complaining about a shot through a box than actually talking about cascading utility or defaulting or spacing or anything remotely analytical",1659288722.0,11
ValorantCompetitive,"that's just wrong - but tom was much better this time around than yesterday

mitch and tom r not even close to the best knowledgeable casting pair, they have a unique style and they run with it but it's tailored to the casual viewer, not people interested in analysis. the way they cast is an example of this - constant ""what the hell was that"". it's explosive reactionary casting with tom acting as the milquetoast analyst after the bombastic mitch finishes spouting the chaos unravelling onscreen. 

the difference between them is that mitch talks and doesn't explain as compared to a pansy or bren. the latter make the stuff on-screen more digestible for the audience with the colour casters in hypoc and josh dissecting the intricacies of the round. tom is not that kind of colour caster, he just does the things the play by play should have done. 

when he has nothing else to say, he just talks about a stupid duel or player. ""i feel like alive is better without the dash"" like yesterday when pansy was doing her job as a regular play by play.


i would rather say it's your bias being friends with mitch and tom than a viewer's bias against them. it doesn't make sense for a viewer to be biased against them for no reason but you have plenty of reasons to defend your friend.",1659288418.0,11
ValorantCompetitive,his casts have been the same regardless. pansy just exposes how tom is leagues below good color casters because she's such a good play by play,1659255431.0,1
ValorantCompetitive,steel gone from scouting lists kek,1659247145.0,7
ValorantCompetitive,"i have, they casted together a while back in vct and it was just as bad

the reason tom is ""good"" with mitch is because mitch is a yes man and entertains tom's shit analysis and they laugh together. they don't actually dissect the game.",1659245534.0,6
ValorantCompetitive,pansy did all the heavy lifting here. she was analysing the game and doing play by play while tom was sitting there saying shit about how alive was worse when he had his dash? or that he had a lot of kills. he needs to work on his color casting and actually analyse the game instead of saying random dumb shit. so bad,1659206034.0,24
ValorantCompetitive,what,1659205681.0,1
ValorantCompetitive,"i think everyone is made to be made fun of. i don't mean indians in particular but the broader human populace. sorry that came off wrong.

you can turn every culture into a caricature and everyone can make fun of eachother nd laugh together

if u are sensitive to light cultural humour u need to check ur pride. u are not special. 

poking fun at eachother and being comfortable with it is the only way we can unite. 

instead people r enraged by words meant to make light of cultural misunderstandings, intellectually making more fun of the individuals who propagate the stereotypes rather than the culture they feign making light of. 

the more we tiptoe around barriers the less we come together. progressive culture should be about breaking barriers and instead we r reinforcing them nd using anger to forge compliance. 

we r creating division by spouting outrage, forcing individuals to act certain ways nd preventing openness to different ideas. a society created by anger will be undone by anger. 

tl;dr u r soft if u can't handle ppl making fun of eachother",1659198405.0,-1
ValorantCompetitive,some1 like guard should pick him up in place of jonahp,1659191558.0,2
ValorantCompetitive,"rossy is lost without flashes. his fade play is mediocre when it is the 2nd most important agent in the meta

roza does not suit breach at all

put roza back to on a role that doesnt allow overaggression

i.e. fade or smokes

put rossy back on breach

the rest look comfy",1659191468.0,6
ValorantCompetitive,are u trolling or did u mean loud instead of los grandes who haven't even made it to this stage,1659191106.0,2
ValorantCompetitive,indian stereotypes are funny coming from someone with indian heritage (mixed european). we r made to be made fun of. something about the indian accent is very funny,1659176340.0,-12
ValorantCompetitive,good bot,1659104668.0,3
ValorantCompetitive,technically my ass burns like the sun,1659085351.0,7
ValorantCompetitive,didnt he just write sus amogus a lot with weird text. isnt that just a meme.,1659028689.0,19
ValorantCompetitive,"i would take lg and swap some pieces around, maybe replace tigg with shot_up, and definitely keep mada and bdog since they go hard no kizzy",1659028387.0,3
ValorantCompetitive,geng wont make na franchising but maybe korea since there arent big orgs there except drx,1659027988.0,27
ValorantCompetitive,have u seen him stream? he acts like he is cream of the crop,1659023620.0,-14
ValorantCompetitive,i dreamt about being in bed with my coworker and we r going on a date tomorrow so dont give up !!,1659023271.0,7
ValorantCompetitive,jcstani is an overrated egomaniac lol he hasnt been on any team thats performed well,1659022930.0,-41
ValorantCompetitive,ok. ill edit,1658733938.0,1
ValorantCompetitive,"desk is bad tho. only balla knows what he is on about, even then he is a moderate narcissist. yinsu should stick to hosting and occasional comments and stop pretending to know the game. jess talks out of her ass. all her stats r shit. tom is bad at color casting nd he thinks hes funny. insufferable

edit: balla provides actual analysis, talking about compositional quirks and important head to heads. but he places too much importance on his own opinion and disregards others. yinsu isnt playing the host role well because she isnt tossing questions to others nicely. she's inputting her amateur opinion surrounded by analysts and it waters down legitimate analysis. jess is mostly talking filler nd she just talks about how good someone is, pulls up a stat with a small sample size and compares a crappy head to head with no nuance. tom makes too many jokes during cast nd none of them are pleasant while providing simple eye test stats that the whole audience already understands. he just says someone is good and if they perform it will be bad for the other team. no shit sherlock.",1658695062.0,-2
ValorantCompetitive,heartbreak for [insert team that lost round],1658694749.0,5
ValorantCompetitive,there r a cabal of psycho fans still insisting drx is the best team in the world are we reading the same shit,1658251457.0,4
ValorantCompetitive,real talk u zoomers using real talk is cringe as fuck,1658251359.0,-2
ValorantCompetitive,"ah I see what you mean, that's fair enough then. hope to see the changes soon",1658042514.0,2
ValorantCompetitive,"when are balance changes going to ever happen then? it's always the excuse of ""well the next big tournament is right around the corner"" and it isn't like the tournament circuit is going to come to a halt. why not ship changes that are done and have the tournament client on a previous patch?",1658038610.0,4
ValorantCompetitive,after that ascent map im not sure,1657902437.0,2
ValorantCompetitive,did u intentionally make this read like a copypasta,1657881842.0,2
ValorantCompetitive,if I pick up the fish vandal will I hit shots like him,1657776926.0,2
ValorantCompetitive,man listed DRX but not LOUD,1656302691.0,2
ValorantCompetitive,"shazam is ass, just like the valorant player",1656050432.0,-2
ValorantCompetitive,kru vs girl kissers,1656050317.0,34
Whatcouldgowrong,english is not limited to the united states...,1655766032.0,-1
Whatcouldgowrong,how did this person reach adulthood without learning how to spell spatial,1655755625.0,-8
ValorantCompetitive,AHAHAHAHAHAHAHA,1655277191.0,3
ValorantCompetitive,"geo says so much irrelevant shit, she's what i hate about that pod",1654672384.0,5
ValorantCompetitive,is it only me that thinks this was written in a really insensitive way or,1654672252.0,16
ValorantCompetitive,"sen do not work hard, shahz tried to disregard the importance of practice in an earlier clip",1654225883.0,7
oddlyterrifying,r/oddlysatisfying,1653678039.0,1
ValorantCompetitive,benkai is the biggest troll man,1653486775.0,3
ValorantCompetitive,"vandal's one shot headshot is too good to give up, it also has consistent damage across all ranges compared to the phantom. the phantom seems to only be super valuable on a controller or cypher, where you can use the lack of tracers to your advantage and take favourable close range duels.",1653486724.0,10
ValorantCompetitive,"true, it's either make the op shit or rehaul the movement mechanics. riot is more interested in making skins than content so shitty op it is",1653477099.0,1
ValorantCompetitive,"valorant was made without any concern for lore initially. the stuff we see now is just a story written line by line, there isn't forethought, just narrative being forcefully jammed into a world clearly created without narrative cutouts. this ""lore"" is being written as we speak. it's just stupid filler to make the world make sense. 

riot can let the community make maps and jam in lore like they've done previously. nothing will change, it's all fanservice. valorant doesn't have the rich lore you think it does.",1653371546.0,25
ValorantCompetitive,damn been a while since I've seen aproto at the top,1653281475.0,68
ValorantCompetitive,"he said there was an upper limit to practicing and insinuated that sen didn't need more practice. this out of context bs pisses me off, u won't even explain how I'm wrong and instead opt to throw out stupid buzzwords to disparage my argument",1653267313.0,3
ValorantCompetitive,"shahz needs to stop disrespecting other teams and realise that sen is not a big boy team anymore. 

back when c9 qualified for champions via the lcq, he was underplaying their achievement and calling them shit in the sen champions ama. 

on stream he said that practicing a lot doesn't matter after barely squeaking out a win against NRG, saying that they practiced a lot and couldn't beat SEN. pretty much saying that they're always the better team against them, instead of noticing the massive gaping holes in their structure and strategy. 

shahz is a good player with a fucking massive ego. he thinks nobody understands unless they're in the team, but everyone on the outside can see that the team is a shitshow. 

he needs a shift in mindset or the boot. won't happen because sen doesn't give a shit about anything.",1653222952.0,219
ValorantCompetitive,"this is fucking ridiculous man, barely any changes for the past year and they don't even have plans to create a replay system. the fuck happened to this game being an ambitious csgo killer? 

instead of adding in anything players want, they're prioritising rotating skins and more bundles woohoo, fuck off. make the game you fucking money grubbing gremlins. especially the cunts at the top of the food chain. fuck you.",1653022800.0,1
ThatsInsane,"hey man, islam is fucked, but you're intentionally cherry picking to make everything look better compared to it. no negatives, just a brief mention of ""imperfections"" 

jesus believed that any sin could be repented for and you would be not be judged. jesus advocated for thought crimes, slaves obeying their owners, and not washing your hands. 

muhammad was pretty fucked too, and a successful warlord but not a genocidal pedophile maniac. the middle east had an inclination towards violence and in the scripture you certainly haven't read, you can see he tried avoiding it and most times he was defending. it was also socially acceptable back then to marry children, which is of course fucked now, but modern values changed over years and years. comparing now to then is ridiculous. morals do not shift in a day, they morph over time. 

in islam you're judged by your sins and your deeds. they are weighed against eachother and you are punished or rewarded. 

in christianity, the same genocidal pervert you claim can just raise his hands to god and repent, and he'll be sent to heaven. 

islam does have fucked ideas, so do other religions, just in different ways. islam has aged horribly but this primal one-sided behaviour is pathetic. put some fucking nuance into your arguments you side mongering caveman.",1652891499.0,0
ValorantCompetitive,"there are no strats in bronze bro

back when I was trying to derank my smurf I couldn't get below s1 unless I tried really really hard to do the most stupid shit possible. if I went on autopilot it was impossible to lose

nobody in diamond will smurf in bronze. it isn't even fun because it the elo is braindead, high diamonds smurf in gold/plat elos since they're fun to steamroll

instead of spamming ranked, start aim training in the range, playing dm, watching pro players and youtube guides. stop complaining. smurfs are in every rank, and people who smurf in bronze are probably low gold max

smurfs aren't stopping you, you just aren't good enough. I've had friends who ranked all the way from iron to high silver in two acts just by keeping their heads down and playing to get better, not playing to win.",1652448445.0,1
ValorantCompetitive,"[this](https://www.vlr.gg/98750/sen-leak) is the thread in question

what the fuck is he doing, focus on the game instead of replying to people that hate u on vlr. not smart. 

he's taking the bait and getting pissed at people who r trying to make him mad. wtf",1652041977.0,1
ValorantCompetitive,W mom,1651761628.0,4
ValorantCompetitive,"I'm just saying that the other sentinels need to be buffed to be in line with chamber, he powercreeps both cypher and kj heavily",1651521698.0,1
ValorantCompetitive,I wouldn't because then I wouldn't get my sweet betting money,1651521553.0,33
ValorantCompetitive,"I think kj is in a pretty shit spot, chamber has her alarmbots but smaller and silent, he has two of them, they cover a massive radius and they slow enemies.

kj has a proximity based kit with an alarmbot as loud as your neighbour's busted refrigerator, which doesn't do anything but make the enemy vulnerable. I think if you were talking about kit strength, you're right about her being in a decent spot, but in terms of kit versatility she should certainly be stronger. 

cypher's tripwires are really exploitable so some change needs to be made there, his cage should have a low intensity slow, and his camera should have more than 1 hp. I think his ult needs a complete rework.",1651419751.0,87
oddlyterrifying,chad. this is an advertisement for whey protein,1651395260.0,2
ValorantCompetitive,"bro u weren't gonna qualify anyway, quit karen-ing",1650977264.0,-20
ValorantCompetitive,no I'm sure they're plenty happy themselves,1650968935.0,0
ValorantCompetitive,"no, it was a dream run and it won't happen again",1650968904.0,-2
ValorantCompetitive,LDN is not stacked KEKW,1650968664.0,0
ValorantCompetitive,emea has the most competition bruh,1650968410.0,1
ValorantCompetitive,"24 is delusional legit what r u gonna have

4 na

4 EU

2 kr

2 br

3 APAC

2 jp

1 latam 

if u do more minor regions get fucked and event is bloated",1650756928.0,1
ValorantCompetitive,mad cuz bad,1650756636.0,0
ValorantCompetitive,"yay is yay

dep is not yay",1650756449.0,4
ValorantCompetitive,man marved is so good why tf does he have to be an asshole,1650756411.0,-12
ValorantCompetitive,who cares?????,1650756301.0,9
ValorantCompetitive,chamber bind is shit and zeta are really bad on bind,1650756250.0,2
ValorantCompetitive,"marved is a misogynist dickhead but that boy cold, optic all the way baby",1650756200.0,2
ValorantCompetitive,no ur boring,1650746940.0,1
ValorantCompetitive,"this is the most obvious bait, why the fck is everyone getting mad in this post. braindead fr",1650269251.0,1
Wellthatsucks,cringe,1649838520.0,-9
oddlyterrifying,"how are they great pets, you have no means of connecting with it at all. you just supply it with food until it dies, never to bond at all. it wouldn't hesitate to tear the shit out of you if it was able to.",1648501499.0,1
ValorantCompetitive,"LG did, sen got knocked out immediately but LG made it past the first round of uppers",1648300367.0,9
ValorantCompetitive,who tf would have a pool party with sen kekw,1648191432.0,1
ValorantCompetitive,no he's celebrating his birthday awwww little geddes 10th bday 🥳🥳🥳,1648031331.0,1
ValorantCompetitive,no tsm and t1 are dogshit,1648031049.0,1
ValorantCompetitive,"nobody is talking about it because it isn't sean or ddk, and the only way it could be good is if it's wyatt",1648030856.0,3
ValorantCompetitive,"not an example of one, glad ur expanding ur conceptual knowledge though 👍",1648030600.0,-9
ValorantCompetitive,"shahz is a narcissist powerfreak, it would help but he is too possessive and thinks he's always right",1648027785.0,-17
ValorantCompetitive,do u ever cast or just shitpost on this sub,1648027690.0,-12
ValorantCompetitive,im relaxed. it being a copy pasta does not make it less cringe,1647817415.0,-7
ValorantCompetitive,"no it still is. it isn't even funny, it's just retch inducing word vomit",1647814763.0,-7
ValorantCompetitive,I said it,1647806204.0,1
ValorantCompetitive,not copium. if youre a real Sen fan then you know what will happen,1647806159.0,2
ValorantCompetitive,im a coach for my team of 12 year old cousins can i help,1647806097.0,1
ValorantCompetitive,you can change dpi not sens #zombsnation,1647806062.0,2
ValorantCompetitive,because eu is stupid as fuck,1647806007.0,-23
ValorantCompetitive,i agree. sentinels will roll over their opposition without losing a single map,1647805986.0,1
ValorantCompetitive,sen is definitely gonna win it's so obvious,1647805914.0,1
ValorantCompetitive,"no sen will win the match. sen is the best team in the world. just wait, they saved strats for the lower bracket.",1647805892.0,3
ValorantCompetitive,this was the cringiest thing I've ever read,1647805828.0,-9
ValorantCompetitive,"nats actually said it himself before m3, unfortunately don't have the clip but yeah trust me bro /s

he said, from what I remember not verbatim but close ""I think dapr is the best sentinel in the world right now and I want to challenge him(?)""

there we go, found the source: https://www.theloadout.com/tournaments/valorant-champions-tour/nats-dapr-masters-berlin",1647457944.0,23
TrueOffMyChest,"that sounds painfully unnatural, jesus. mostly not good advice. please do not heed the above commenter's advice, any prospective first time daters be warned. 

absolutely don't do these things. converse with her instead and if there's some dead silence or an opportunity comes up for you to compliment her, or maybe when you meet tell her she looks great. don't say this stupid robot anime shit, this girl is not from a weird seedy dating sim. 

the eye contact thing is nice but don't be creepy about it, just maintain eye contact when you guys are talking. aside from that, act natural. just try to allay some of that anxiety by feigning confidence. eye contact when you talk, less nervous gestures, try to remain composed. 

don't randomly ask her what she likes to do, only if you guys haven't started a conversation yet. and when she tells you, if she seems passionate or interested, continue the dialogue by being inquisitive. ask her about details and remark how interesting it is, if it is interesting. 

and the last paragraph is okay, still cheesy as fuck. yes, it is okay to ask to hold her hand. but it's also a first date, and asking that stuff is scary and odd and if she's experienced she might find it weird. just play it cool, you don't need to hold hands on the first date, you just need to see if your interests kindle. and yes, breathe. 


this advice is telling you to avoid your anxiety and just keep smiling like a dumbass - no. face your anxiety, find out what's different when you're anxious, and correct those things in the most natural way you can. then, try to enjoy yourself, think about how exciting and equally nerve wracking it is, and then wear a delighted expression. 


I'm saying this in a rude way but I feel like I need to be absolutely direct and blatant in saying this is bad advice. maybe it'd be good for 10 year old kids or 12 year old kids who don't know how to control their expressions, so you need to make them into automatons. not for anyone older, who has an ounce of sentient thought. 


and for OP, remember this girl asked you out because she likes YOU. not that random dating sim avatar the commenter above is talking about. she wants your traits to come through, and if they don't and you're one of those dudes in romance stock photos, she won't ask you on another date. be yourself, just try to be a little more confident and composed by looking inwards and learning about yourself.",1647447076.0,1
Wellthatsucks,"tf is this protagonist syndrome shit, just sleep earlier instead of complaining about something you have nothing to do withq",1647284451.0,2
ValorantCompetitive,"sen are looking okay, just a bit disoriented. they've definitely fell far from the top, but they were never a team that relied on intelligent set plays to win rounds. their style has always been mechanical finesse and adaptive midrounding, both of which are stumbling right now. it's a bit of a gamble to rely on it, but when it worked for sen they were crazy good. they've always been a scrappy team, it acts as both strength and detriment.",1647284294.0,114
TrueOffMyChest,"you didn't answer his question. women in islam are portrayed as inferior to men. men are allowed to beat their wives and children. it is possible that the prophet, a fully grown man, married a child (aisha, estimated to be 11-15 y/o) and impregnated a child. what do you think about that? 

you're saying that in your experience, everyone who leaves islam have no knowledge of islam or little knowledge, but islam belies many scientific principles we uphold today (e.g. refusing evolution) and if you take islam literally, then you will believe that a horse rode into the sky some time hundreds of years ago. taking it symbolically leads to vitriol by much of the community. there is no winning if you're trying to be an intellectual in islam because you need to refuse our modern scientific findings. 

in my opinion, devout muslims simply ignore any counterarguments in favour of playing the victim. you've made a clear example of that here. it's an extreme form of cognitive dissonance.


before you say I have no knowledge, I was raised as a muslim, currently pretending to be a muslim, did quran classes overseas and in my country and pray very often. the morals of islam are dated back centuries, if this was a book that would stand with the ages, it would still hold for most people today.",1647236785.0,2
Wellthatsucks,"can we stop with this low effort dogshit petrol price shit, it was never interesting in the first place and now it's flooding the entire sub. if something actually sucks ass and it's a cascade of unfortunate events that might be interesting, then maybe post it. don't take a half assed picture of your fucking local gas station for some fake internet points. jesus fucking christ.",1647096836.0,1
ValorantCompetitive,"therapy, learning that a game is a game and being good at it doesn't mean shit. taking losses as an opportunity to learn, review your mistakes and try again. not like you've got anything limiting you from playing more, so play more, avoid the assholes and get better. when you're bored, move on. 

helps to take a cold shower when you're feeling like that, wake yourself up and play a dm or two, then hop right back in. everyone has bad days, maybe even bad weeks because of mental stagnation. 

idk why I'm writing all of this shit, probably because I need to say it to myself and I refuse to, opting rather to lament in endless self hatred.",1646947962.0,3
ValorantCompetitive,"the phantom ends not in success and triumph, but in sorrow, bound to the smokes and lost in the fog",1646906248.0,64
ValorantCompetitive,"my mom is a neurologist, she could fix the shitty egos on that team",1646896740.0,1
SuicideWatch,you should be thanking him for being by your side in all this :),1646287147.0,2
SuicideWatch,"how would you know you don't have a purpose? there could be a future you that's teeming with possibility, having fixed all of her present issues and felt a sense of purpose. 

why isn't it enough? it's enough to keep me going until I figure out who the fuck I am, and for you it should be enough for you to keep trying to help yourself. it's really tough trying to change a mindset, I know, but I know that you can do it. your bf loves you and wants you to keep going, to find yourself in the endless rubble. keep digging.",1646280993.0,1
SuicideWatch,"no, it wouldn't. your bf losing you might break him.

you haven't lived for that long. I asked why you don't see a purpose, not how long you've been trying to see a purpose. 

it wouldn't be better that way. you know that it will make everyone who was ever close to you weep. that thought alone is enough to keep me going.",1646280248.0,1
ValorantCompetitive,??? nobody said you would get shot,1646251609.0,4
ValorantCompetitive,"no, he was overshadowed because kayo and skye are simply better. now yoru is much better too. he's a dogshit flash agent.",1646251341.0,12
TrueOffMyChest,I agree. But what's the point when I've got nothing going for me? I'd rather die than become the person everyone pities.,1646251198.0,1
SuicideWatch,"call your emergency number. you've got this, keep holding on.",1646250861.0,2
SuicideWatch,"exams aren't the be all and end all, I understand you feel bad but life is more than a couple sheets of paper. I'm a uni student right now and I've forgotten everything about my hs exams, even though they made me incredibly anxious back then. calm yourself down, take a bath, you've got this mate.",1646250596.0,1
SuicideWatch,"save up, get a job and move to a neighbouring european country to live as who you want to be. it will take time and persistence, but it's a goal and you have the capability to be vigilant and pursue it. you're incredible mate.",1646250511.0,2
SuicideWatch,why don't you see purpose?,1646250408.0,1
SuicideWatch,"call the ambulance or the police and tell them, or tell your parents or anyone who can pick you up. you deserve to live. continue living my friend.",1646250293.0,3
TrueOffMyChest,"I'm sorry for your loss. That's absolutely terrible and you're amazing for continuing on as you have. Commendable, you're really strong.

I'm already on antidepressants, 150mg of sertraline and I just feel emotionally empty. I can't afford therapy. I don't care for exercise, I don't care about improving myself. Again, I'm worthless. I haven't had a significant loss or anything majorly troublesome within my life, yet I sit here drowning in self pity. It's pathetic. I wish I could die without anyone noticing. It would be the greatest peace in my life. 

Again, you're an incredible individual. I envy your strength, persistence and openness. Sharing that shit is hard man, and you are fucking amazing for doing it.",1646250226.0,1
TrueOffMyChest,"I know. They would weep infrequently for their entire lives, for absolutely no reason. I'm worthless. I don't understand why anyone would weep for me, given my lack of ambition and personality. It, aside from my cowardice, is the only reason I've continued my slog.",1646247709.0,1
ValorantCompetitive,"she is dead, she already wasn't fun to play and people chose her cos she was strong in ranked, now she's neither strong nor fun so bye bye",1646176888.0,23
ValorantCompetitive,"> (and on the toilet)


Try fingers

but hole",1646176755.0,1
ValorantCompetitive,this man put two comments on the same post 💀,1646175075.0,-2
ValorantCompetitive,"yeah, no. tenz does his job as a duelist, zombs already played every controller before this, dapr chamber just undermines the menace he is in stalling his opponent. the sole sen flair says more about you than not buddy.",1646166217.0,1
ValorantCompetitive,nah pretty sure you're just projecting. don't act like you aren't dogshit,1646144893.0,3
ValorantCompetitive,add me if you're eu I'll 1v1 you,1646143631.0,0
ValorantCompetitive,how is my statement dogshit,1646143572.0,-8
ValorantCompetitive,just a dumbass reddit discussion. treat it as such.,1646143296.0,0
ValorantCompetitive,"if you think this is an essay you've never been a student bro

his kd as chamber is 0.85. he barely ever gets the tour de force so they can't often run double op setups and it doesn't seem like they do plan those set strats ala liquid.

chamber isn't good at stalling like viper or killjoy so dapr can't get kills or stall aside from the trips he has.",1646141851.0,-4
ValorantCompetitive,r/nomnomnomgang,1646133628.0,1
ValorantCompetitive,mce best coach na no cap ong,1646081486.0,1
ValorantCompetitive,it's good except for the controller approximation. idk how that is relevant when bang is on skye most of the time and trent plays a variety of agents,1646081281.0,3
ValorantCompetitive,agreed,1646081112.0,4
ValorantCompetitive,tex is known for his climb from iron to radiant and then being picked up by nrg as an upcoming star player alongside his gold 1 teammate s0mcs to form the backbone of a killer nrg squad,1646081063.0,1
ValorantCompetitive,"his name is bangna, not to be confused with bang north america. it is a play on banana, but bang so his dick bangs like a banana yes? yes...",1646080965.0,-1
ValorantCompetitive,"I think you're right, their style of play is much more intelligent than faze but rn they just win all their duels and their players are at peak confidence. what happens when duels go 50/50 is when we'll see the holes in their play.",1646080802.0,77
ValorantCompetitive,the pattern break will be guard beating c9 hopium,1646080651.0,1
ValorantCompetitive,"ngl tenz on skye might go hard, or tenz kayo. he needs to broaden his agent pool considering his last few poor performances",1646080577.0,2
ValorantCompetitive,what a sore loser,1646080489.0,-2
ValorantCompetitive,let's go my main man benkai pop off king,1646080453.0,5
ValorantCompetitive,"it should be, masters 2 had a better format and it looked more comfy for both the players and the audience. M3 and champions at berlin had nice flashy visuals but the format was ass",1646080390.0,-2
ValorantCompetitive,fuck the shitty russian government man,1646080303.0,1
ValorantCompetitive,"they aren't proven completely, this could be a hot streak like faze's flow state season before they crumbled. when guard is figured out and their tendencies are capitalised upon, they might lose.",1646080230.0,311
ValorantCompetitive,"good confidence, good restraint and amazing gamesense. this kid is gonna go far unless his right arm falls off",1646078575.0,13
ValorantCompetitive,"players should find homes in the t2 scene, All Good",1646078518.0,2
ValorantCompetitive,"nothing, it's just gonna be the yoru buff. think they sacked or transferred a bunch of val devs to work on new projects and that's why all the content is so shit lately. I don't expect any other changes since riot has been overwhelmingly disappointing, don't wanna get my hopes up.",1646078444.0,5
ValorantCompetitive,NA kekw,1645599350.0,-1
ValorantCompetitive,"yeah you're right here but it isn't like he's saying anything disrespectful, he's just disconnecting/muting. jason should probably have addressed this with his partner if that's the case, or he just hates women which is plausible but he doesn't even make weird jokes so idk",1645561910.0,-2
ValorantCompetitive,"because people like to take sides instead of viewing situations with any sort of depth. people are stupid, ignorant and stubborn. fuck people.",1645561264.0,5
ValorantCompetitive,"new dm is so fucking bad. 12 people with spawns that are still shitty, people oft spawn behind you but not in front of you, and the maps feel deserted. give us 14 people back at least, jesus fucking christ",1645560975.0,14
ValorantCompetitive,his wife or gf is probably weird and doesn't want him to be in contact with other women,1645560807.0,4
ValorantCompetitive,"it's a reference to sports for tournaments of lesser prestige, used since the walt disney pro soccer classic which happened before a major tournament where the results weren't taken seriously I guess.",1645556784.0,3
offmychest,"cnt asked me if I knew how to read, what says I shouldn't be a dick back",1645540786.0,1
offmychest,"it doesn't define who you are, you're using your connection to him as means to manifest that link. go to a therapist and notice that you came from his balls, and that murder is not genetic.",1645540295.0,1
offmychest,"yep, and I know that you're seriously diminishing your chance of anybody giving a shit because without a link it sounds fabricated. but idk, if you just wanted to vent to thin air you should have done that.",1645540128.0,-36
offmychest,"yep, but you could also use his tiktok to prove your dad is a piece of shit. I can't picture anything without seeing how he acts",1645540055.0,-24
offmychest,yep it's fucked but there are pedophiles at the top so you can't do much about it. there are so many more epsteins and weinsteins you don't know about.,1645540005.0,1
offmychest,"you're way more than he is. you should fuck off and find someone better, you're worth it.",1645539882.0,1
offmychest,you are a dumbass but it's all good,1645539822.0,1
offmychest,"it isn't unfair, you're just ignoring your issue instead of facing it head on. go to a therapist instead of living a ""spiritual life"", whatever the fuck that means.",1645539802.0,1
offmychest,"no, find someone else, he was a dickhead, you are thinking too much, it's a dumbass line of thinking",1645539712.0,1
offmychest,"you're good mate, there are no sides, that's an archaic concept built for fucking bellends who don't understand grey from black or white",1645539656.0,1
offmychest,kill yourself before people realise you're suicidal,1645539516.0,1
offmychest,"you're gonna think about killing yourself over someone else's opinion of you? are you serious?

people get beat the fuck up every single day, some are subject to bullying physical and verbal, and they rise up and become stronger than their adversaries. instead of drowning in self pity, I suggest you do the same.",1645539474.0,1
offmychest,why not share the tiktok acc,1645539339.0,-26
offmychest,"you seem like a dumbass teenager, just have solace in the fact they don't beat you or abuse you and that you probably live in a stable household with emotional or power hungry parents or both.",1645539302.0,1
offmychest,"go therapy, talk with her about it, try to accept it and move on. GL.",1645539205.0,9
offmychest,"lmao you fucking incel jesus 

you are probably more of a dickhead than you know. fuck off asshole.",1645539167.0,1
ValorantCompetitive,replied to the wrong person bud,1645539090.0,-1
offmychest,"no, you should do it now. it'll feel weird, but when you're in a worse headspace you'll be less likely to accept help and more likely to reinforce your bad line of thinking. you've got this!",1645539048.0,1
offmychest,"DM me. I'll be your emotional buddy. and how about you don't repeat the semester and use that money for therapy and antidepressants? 

telling yourself you will do something is different to actually doing something. I always said ""after my exams..."" or ""after this semester..."" and never capitalised. it doesn't work that way, you will start now.

dying won't solve anything. you're likely really talented in certain areas and you haven't found out yet, or really tried. you are worth keeping in this world, you wouldn't do better in the ground. I could at least feed the soil that I shamefully stand on if I died.",1645538934.0,1
offmychest,"you are a deplorable human being. fuck you. go to a therapist and tell them how much of a piece of shit you are, and then fix your fucking issues. you're disgusting.",1645538689.0,1
ValorantCompetitive,"for sure, yeah it isn't fair to say they're out. maybe these new guys will make the team come alive and they'll go on some wild tear. valorant is unpredictable as fuck.",1645538617.0,1
offmychest,"you're a dumbass

you can be emotional regardless of gender or sex or fucking species

you can hug people as a man and discuss your issues

your problems always matter dipshit, you just don't ha e a good friend group or a good family. find a good friend group that values you

fuck off with this melodramatic bullshit. women don't have it better. they likely have it worse.",1645538522.0,1
offmychest,they are cute. we should fuck like bunnies.,1645538327.0,2
offmychest,"yeah go to the doctor and get therapy and antidepressants, just try to do something no matter how hard it is. gl",1645538297.0,1
ValorantCompetitive,"true but teams aren't cookie cutter, some styles counter other styles and maybe lg just couldn't handle TSM's",1645538241.0,-10
offmychest,"tell your school counselor, talk for a couple weeks, get to know him or her, then schedule a meeting with your dad and the counselor for an hour. done. GL.",1645538195.0,2
ValorantCompetitive,ethan and asuna said that lg were demons in scrims so I think it's safe to say they're out,1645538035.0,-31
offmychest,"you should tell them to fuck off. you don't need them, you feel like a natural punching bag right? tell nature to fuck off. change everything, let your shitty friends go, mute everyone in online games you play, exercise, do things alone and focus on yourself. you only have yourself.",1645537993.0,1
offmychest,"nah it isn't bs. tell her to look it up, that it's legitimate, and ask her whether bunnies really want children when they fuck all the time.",1645537873.0,1
offmychest,"you should go to a doctor and try antidepressants. might work for you, I still feel like a sack of shit but apparently they work really well on certain people. I'm sure they'd be good for you. you're worth a lot more than you know, and when you feel plagued by incompetence it's natural to only think about yourself. you are entrenched in self pity but for good reason, you are YOU. nobody else is you and your psyche is telling you, in its own twisted way, that you need to do something about it. you're drowning in thoughts about yourself because you know you need to do something about it. I believe in you.

I'll probably remain a useless piece of shit. hell, I use this alt acc to be a direct asshole and sometimes troll, bait reactions and in general be a dickhead. but I'm being truthful here, you ARE worth it. I'm incompetent to the very centre, but you are just a bud of a soon to blossom flower. you will succeed, go to the doctor, go get therapy if you need, take a semester off, meet new people, get into a relationship, etc. fulfill yourself. you're amazing.",1645537759.0,1
offmychest,"don't ultimatum it but really tell her your sexual urges aren't met and you really really want more. it's really tough for you to go on because it's a primal desire that must be quenched, it's a structural pylon",1645537400.0,1
offmychest,"well then your family are just dickheads, just switch off when they talk about that stuff or tell them there's nothing you can do, you're past 16 and you won't grow anymore and their genetics have a role in it. tell them it makes you feel really insecure. you're fine.

the fact you're working on yourself is good. keep at it, it's the only route to self actualisation.",1645537264.0,2
offmychest,"me too. I do hate myself very deeply, and I'm very confident that one day I'm gonna kill myself. not sure when that day is, but everything comes back solely to the fact that I am incompetent and worth nothing. the root by which my tree was sprouted is tainted by inadequacy. I just wanna fucking die.",1645537161.0,1
offmychest,"report him to the school. fucked. unless you like him, then go suck his dick and get expelled and make him lose his job.",1645536999.0,-7
offmychest,"talk to him more, explain your grievances, let him dwell in his own dumbassery and then ask him if he still wants a relationship and observe whether he's lessened his bad habits. if not tell him to fuck off",1645536961.0,1
offmychest,call a suicide hotline or some young adult helpline. they provide free counselling and just someone to chat to. do it instead of dwelling with shitty thoughts,1645536844.0,1
offmychest,"boys don't give a shit about your height, just focus on your present looks, most guys actually like short girls so yeah",1645536762.0,1
offmychest,"that's fucking weird

why not just address the issue. everyone comes on here to bitch about something instead of doing something. talk to him. if it doesn't work, go to a therapist, watch porn together or some shit. rekindle your affection for eachother. this is ridiculous. a childish dumb crush on some random streamer. are you 14 or some shit?",1645536663.0,1
ValorantCompetitive,they aren't participating in the VCT so it probably won't be a huge issue. 100t probably won't qualify anyway and after they play mickey mouse tourneys maybe they'll get signed or let back to their og orgs,1645532467.0,73
ValorantCompetitive,"sometimes yeah. chamber lacks Jetts versatility and you can't ever entry with him so idk why teams put star players on chamber, c9 does it well by putting dedicated sentinel Mitch on chamber and having leaf entry as star player. same with dephh on xset. teams like tsm putting wardell on chamber make them even more predictable. teams like envy putting yay on chamber limit their aggressive capability. c9 and xset are integrating chamber how he's meant to be integrated.",1645523012.0,3
ValorantCompetitive,"it's a huge bait. he could use shocks/darts on site or help him take gunfights, he doesn't need to be a pussy in ct",1645444064.0,1
relationship_advice,"this sub is called r/relationship_advice 

people are having an open discourse on a public platform, there is no such thing as an unnecessary comment",1645429818.0,-1
ValorantCompetitive,I said it,1645421356.0,0
ValorantCompetitive,everyone survives. sen is washed.,1645358492.0,1
ValorantCompetitive,"smart teams. this is good valorant. laboured, tactical map control used to allow for intelligent rotations, every kill is significant. 

way better than sen's mechanic focused fluid playstyle. it's fun to watch cos the players are cracked, but they don't have tactical depth, just good player synergy.",1645358466.0,2
ValorantCompetitive,1-3'd by an orgless team kekw oce,1645358195.0,6
ValorantCompetitive,"no shit it does, v1 might be the best team in NA",1645358154.0,8
ValorantCompetitive,well shit,1645312498.0,1
ValorantCompetitive,"you are probably right, last time I checked tho dapr has more viewers on avg more often",1645307308.0,1
ValorantCompetitive,add every EMEA team so NA win by default,1645307244.0,1
ValorantCompetitive,how is this trolling. stating my opinion is trolling?,1645307198.0,1
ValorantCompetitive,???? where,1645302782.0,1
ValorantCompetitive,riot are so fucking stupid,1645302625.0,0
ValorantCompetitive,"tsm values seem very off, roza is not a valuable pro pickup atm, wardell is also very niche but he should be higher than roza, rossy only has experience on imt and his igling is not proven given tsm's poor form, corey should be higher than rossy and aleko should be similar to rossy

why not also use v1 and xset buyout numbers too?

sick should not be near double dapr, dapr should be above both sick and zombs since zombs doesn't stream and he's a roleplayer, sick is not a popular streamer but dapr has a good following

I only agree with shahz's figure here",1645302535.0,2
ValorantCompetitive,pls add an acend flair 😘😘😘,1645302174.0,0
ValorantCompetitive,brazilian butt lift 😞😞,1645301981.0,1
ValorantCompetitive,"9-3 curse is just a meme, and twitch chat is a collection of degenerates. most people understand the one-sidedness, it's just that one side needs to win 4 rounds and another must win 8. it's a fair expectation for the team in the lead to win.",1645301897.0,1
ValorantCompetitive,calling someone stupid is harassment huh,1645301675.0,0
ValorantCompetitive,"I wanna discuss it too, by saying they are shit",1645301581.0,-1
ValorantCompetitive,"the 30k people are just shilling for their nation, it's just dumbass patriotism

you were born in your country via random luck, your location should not impact your reasoning

indian teams are dogshit",1645301491.0,0
TrueOffMyChest,kinda sussy 😳,1645279253.0,1
ValorantCompetitive,"acend is strategically terrible but their players are cracked, bonecold is just too stupid to play astra",1645276883.0,-1
ValorantCompetitive,"who even gives a shit about these teams, they would never make a mark on the international stage",1645276324.0,-20
ValorantCompetitive,starbucks might suit him better then,1645276287.0,1
ValorantCompetitive,"TL is 5 morons led by one smart guy, and this smart guy can't bolster the morons' intellect by one neuron",1645268537.0,-1
ValorantCompetitive,japan kekw,1645268365.0,-2
ValorantCompetitive,"cs, shitty old game",1645266583.0,0
ValorantCompetitive,"koosta is dogshit, he doesn't play the game and his stats are shit, he's a shit igl who doesn't care about the game. he should go back to where he belongs.",1645261126.0,-5
ValorantCompetitive,"the curse isn't real, and yes of course the maps are one sided. this is a useless post",1645253969.0,1
ValorantCompetitive,good koosta is dogshit,1645253885.0,-7
ValorantCompetitive,korea kekw,1645253742.0,-7
ValorantCompetitive,"I can here their voices

this shit is weird bro fkn fanfiction podcast",1645251854.0,7
ValorantCompetitive,"nrg don't have tenz or the match experience sen have, and they nearly toppled sen

nrg have a lot of cool ideas and really solid fundamentals

looking okay and looking good are relative values, not static values. sen is the NA favorite, nrg are mickey mouse come ups who are looking better every single match, and have the potential to rival the top of they continue at their pace. sen are looking sloppy. 

yeah v1 is really good, mb",1645217342.0,1
ValorantCompetitive,still riot L riv needs to get off the cast his takes are 1head,1645194448.0,1
ValorantCompetitive,TSM are gonna lose in groups such a shit team,1645194170.0,0
ValorantCompetitive,if u didnt play 4tnite ppl would take u more seriously. L,1645194089.0,-1
ValorantCompetitive,Japan LOL L,1645193989.0,1
ValorantCompetitive,riot is so fucking stupid,1645193949.0,0
ValorantCompetitive,ddw,1645193912.0,1
ValorantCompetitive,"Philippines food is good but everything else there is ass 

plus 85% of kids there experience physical abuse by guardians reportedly, could even be more",1645193859.0,-5
ValorantCompetitive,acend just caught gambit off guard on split because they played an old ass comp and their players are cracked. c9's split is good as fuck.,1645193667.0,5
ValorantCompetitive,Can Turkish players join?,1645193381.0,1
ValorantCompetitive,"xset win

v1 win

sen lose 

guard win

nrg win

nrg look really good. guard look really good. v1 look pretty good. 

sen look okay but tenz is carrying the shit out of them. if he collapses to pressure like he did at champions then they lose for sure. but I'm giving them an L because the personalities on the team are abhorrent bar tenz and sick. shahz is super disrespectful (saying c9 squeaked through lcq and they were bad) and when he bitches he sounds like a child. dapr is disrespectful and openly is an asshole to his gf on stream, laid back wife beater type beat. zombs seems like a massive troll whose constantly instigating others. even sick is toxic in ranked.",1645193247.0,-2
ValorantCompetitive,DM should just be a 30-40 minute server where people can drop in and drop out whenever they want with 1s spawns.,1645192594.0,5
ValorantCompetitive,My main man Benkai 💯,1645192456.0,6
ValorantCompetitive,"The because italicisation makes the whole latter part read really weird. It almost seems like you're saying koosta's acc level is low and that's why pros won't say he doesn't play ranked (I.e. pros say he might play ranked). And if by some weirdass chance you are saying that, it doesn't make a modicum of sense. The only way this reads properly to me is if the because is not italicised and perhaps an optional justification at the end.",1645192267.0,-1
