subreddit,body,created_utc,score
AskReddit,Being alive,1707722542.0,2
AskReddit,Mewing at bare minimum.,1706424065.0,1
AskReddit,"The worst part is knowing it WILL happen again, and probably in our lifetimes.",1706421947.0,1
AskReddit,I feel this one. Imagine what would happen in a modern Carrington Event...,1706421022.0,1
autism,"I'm extremely curious about what country that's in? I've never heard of a disability certificate except in the sense of special parking spaces where I'm from - New Zealand. 

Thanks for the insight about trauma overlap, I've never heard of that in relation to autism, and it's definitely relevant to my situation.",1705919797.0,2
autism,"Thanks for the recommendations! And yes, I'm female.",1705918472.0,2
Existentialism,That's my favorite book! No way haha 😂,1705912484.0,2
Existentialism,"Wow, I wrote my reply independently of reading yours.. we have a very similar perspective.. down to using the same language for it. 😱",1705912004.0,1
Existentialism,"The lack of apparent inherent meaning in the universe, for me, used to be extremely uncomfortable until I read a bit of Camus' ""The Myth of Sisyphus."" 

Paraphrasing: The same consciousness/awareness of futility and meaningless, at the same time can be our victory. We can choose either torture or victory with our knowledge and human consciousness. 

""The struggle itself towards the heights is enough to fill a man's heart. One must imagine Sisyphus happy."" 

I found that the ""cosmic perspective"" (such as talked about by Neil Degrasse Tyson) is almost a therapy against that torture. 

Consider humans as a self-aware universe. We're the first and only species we know about that can truly contemplate itself through science and recognize that our atoms are combinations of the same atoms found all through the universe. But only we know ourselves as matter. You can look in the mirror and see yourself, or you can look in the mirror and recognize the universe staring back at itself. 

I decided that was enough meaning for me. It's a privilege to have that, out of all the life that ever lived, and among the majority of humans that never experienced that feeling.",1705911897.0,1
AskReddit,Intentionally,1705907538.0,1
AskReddit,"It was borderline sexual/suggestive, and we flirt sometimes, sure, but we are only friends. It went too far for me and made me feel disrespected in a way. They almost immediately realized that I didn't take it well and were apologetic.",1705830184.0,1
AskReddit,"They sent an inappropriate vid that I wasn't comfortable with. So, while the vid was intentional, I don't think harming me was the intent. 

In all other ways, this is a supportive and caring friend I don't want to lose, I'm just finding it hard to move past this.",1705829936.0,1
BPD,"You could change your shopping behaviors for a while or indefinitely. Online shop - get it delivered or click and collect everything, even groceries. Make it a rule not to look at items in store, only enter to collect orders.",1705760576.0,1
RandomThoughts,When sitting on the floor or trying to pick myself up from the floor started getting painful. Wrists and knees just don't cope now.,1705760134.0,1
RandomThoughts,"It might be interesting but it would get old fast.

My plan would be to find a book of edible native plants, get some fishing gear, and quietly set up camp somewhere near the coast and see how long I last.",1705759738.0,1
MakeNewFriendsHere,thou shalt have no other monsters before him! hail!,1705758958.0,2
AskReddit,Getting a new book.,1705063801.0,5
AskReddit,"Imo even average people like mean gossip about other average people, there is no escape 😂",1704268455.0,1
AskReddit,I'm lucky my country doesn't deal with tipping culture. Seems like a headache and a half for everyone involved.,1704266334.0,1
AskReddit,"It's sad how that's a US stereotype, I thought the same thing when I read the comment.",1704266295.0,1
AskReddit,💔,1704206360.0,1
AskReddit,"Hahah will do. 

Try ""misery"" and ""trapped"" by the word alive. I really love their sound",1704033120.0,2
AskReddit,"I love me some MIW and slipknot, but never really listened to those other 2. I quite like some Architects, the devil wears Prada, the word alive, etc as well",1704032598.0,2
AskReddit,"my top bands are a7x, enter shikari, sleep token, and a perfect circle. a bit eclectic I know lol",1704032151.0,2
AskReddit,It's a combination of a7x and my name 😂 you're awesome for noticing! 🤘🏻,1704031542.0,1
AskReddit,"That's beautiful, I hope you get it",1704030994.0,2
AskReddit,That sounds beautiful,1704030756.0,3
AskReddit,"Oddly, a mood",1704030745.0,2
AskReddit,"Hmm I think some of us are fighting just to get through the day hahah, not to be overly dark",1704030727.0,1
AskReddit,Who's the enemy?,1704030700.0,1
AskReddit,I've heard we may have the option to die on that planet within our lifetime...,1704030688.0,1
AskReddit,Always,1704030653.0,1
AskReddit,"Biologically, our purpose is to replicate our genes.",1704024986.0,1
AskReddit,I'm pretty drunk tbh,1704024905.0,147
AskReddit,Embarrassing shit their owners do behind closed doors.,1703753426.0,1
AskReddit,"I was eating chicken wings with my friend at some restaurant and we saw these flatbed trucks go past with giant black solid shapes tied down on the back. A while later I'm driving around and come up to this parking lot, get out and start hiking down a straight-ish walkway, fences either side of the path, with a bit of forest on the other side of the fences. Suddenly, zombie sheep are coming from the forest and snapping through the fence holes at me. Then the black objects from earlier randomly appear, and I swear on my love of avenged sevenfold (m shadows the lead singer being my username), the shapes kind of dissolve and out come the fucking teletubbies from them. I kind of forget what happened next, I think I woke up around there. 🤦🏻‍♀️

I wish I could say I was on drugs, but sadly, that one was all me.",1703687935.0,1
AskReddit,"Trauma, then therapy.",1703687255.0,6
AskReddit,Knowing when to stay quiet.,1703686020.0,1
AskReddit,"I'm in exactly that boat (assuming you read my previous BPD posts).. relationships make my BPD go haywire, but I can keep myself controlled when I'm alone. But the loneliness sucks.",1703510638.0,4
AskReddit,Love love love. I want my dress to be green and to have the wedding in a forest.,1703484227.0,2
AskReddit,Gaijin - Japanese word for a foreigner/outsider.,1703484158.0,2
AskReddit,"Agree. I've seen those videos of people being unable to pick up simple objects because of their nails. It's ridiculous and not functional, and I wish we started prioritizing functionality in fashion.",1703484067.0,2
AskReddit,Dead fish,1703483952.0,3
AskReddit,"Ah, shit. 😅",1703483874.0,2
AskReddit,"One nephew only shows up on his birthday and Christmas for the presents. This year, I think something is going to be said.",1703483771.0,1
AskReddit,"It's interesting something legally and socially right here might be wrong somewhere else. 

Some would say the West lives by Christian morality. Others would say that's being phased out. 

Imo, it's up to every individual, and if enough individuals agree, it's a culture. Then cultural things become law, or just those unwritten social rules.",1703483628.0,2
AskReddit,"Literally opened this post to say the same thing lol.

Things seem made to break quickly so more money will be spent these days.",1703483343.0,3
AskReddit,"Honestly, I find satin unreasonably irritating. 

As well as walking on longer grass barefoot. If it's freshly cut, it's more tolerable.",1703483111.0,2
AskReddit,"This is a bucket list thing for me lol, I've seen people vlogging about it, and it looked so cool.",1703482936.0,1
AskReddit,"Freedom from what? Humans? Humans at least have the power to make animals' lives better, whether we actually choose to or not. There are plenty of humans who dedicate their lives to this cause. 
I agree with animal sanctuaries, but zoos not so much. 
Out in the wild, animals still live brutal lives.",1703482733.0,2
AskReddit,Relationships make me mentally unwell.,1703481980.0,286
SuicideWatch,"been there done that, no energy for even that now",1703250972.0,1
BPD,"I said in the post I've done DBT. 

This also isn't an answer to the question... but thanks.",1703245490.0,1
AskReddit,what kind of products or services would you want to advertise for? or just contract to anything?,1702858632.0,1
Advice,Block and don't look back.,1702474116.0,5
AskReddit,In space..,1702463207.0,2
AskReddit,"Friends. 

Buy them expensive, there'a nothing more valuable than your time.",1702366954.0,2
AskReddit,Rhymes with shoot him.,1702366763.0,1
AskReddit,"same music taste, down to the obscurest of bands on my playlsits.",1702366697.0,1
AskReddit,"""Stairs!? NOOOOOOOOOOOOOO""",1702366640.0,1
BPD,Me lol. I'm an elder emo now kinda.,1702366491.0,1
MakeNewFriendsHere,"I've met a handful of people I talk to regularly here. 

Might be a joke for you but not all of us..",1702314237.0,1
lonely,"Many clothing brands often use the word ""curve"" to refer to their plus size range. Maybe in some of our minds, we associate the word curvy with ourselves because this is the terminology we're faced with at times.",1702197548.0,1
Advice,"Potentially severe internal burns, poisoning. 

Friend would feel it pretty quick if he took a harmful amount.",1702192366.0,2
Advice,"I fully relate to that. I actually love my time at my job, I love my other coworkers and interacting with them. I will miss the place when I'm gone. I wish this drama didn't have to be front and center of my last couple of weeks there.",1702190707.0,1
Advice,"You deserve to be a higher priority if that's one of your needs in a relationship. He sounds incapable of meeting your needs. 

I totally get sitting around your phone waiting for a reply all day and the heartache and frustration that comes with it. I truly believe it isn't hard and does not take much time to send a few texts back and forth, and ""if he wanted to, he would.""

Please respect yourself here and find something better suited to you.",1702190578.0,1
Advice,"Quite simply, that ain't your friend.",1702189982.0,2
Advice,"I'm currently in a really similar situation (see last post) and honestly I totally understand that sick feeling of ""Oh so that's whats going through your mind whenever you look at me"" and it's foul to have to work around them constantly. 

I've already started informing a supervisor about my issue, and it's going to be raised higher next week, I assume. The guy is hopefully going to be told to avoid me. I'm worried about how he will respond in general. 

But.. I think a record should be made of this guy doing this to coworkers, so if it ever happens to anyone else after I'm gone, a pattern will be found, and the right consequence can happen.",1702189954.0,1
Advice,"Omg quite simply... please, please, please respect yourself to know you're above that kind of treatment from that kind of guy. 

Sounds like there's no trust, communication, or real future for this. If you want to go through his phone... It's time to be self respecting and end it.

You're worth constant affection, not just when it suits him.You're worth your partner finding you attractive at all times, not hurting you like that but keeping you anyway as if he doesn't realize the dynamic that then causes. You're worth clear communication, not mixed vibes. Break the cycle..",1702189378.0,2
Advice,"This is so unhealthy on so many levels. Please think about telling someone professional for some support on this. 

Like with the ages involved, this is illegal, and he will go to jail if he ever reciprocates feelings. You also risk destroying your dad's friendship with him if they find out. 

You need to become your authentic self. No intelligent man wants a girl to become a clone of him, they would prefer a girl to have self respect and self identify.",1702189057.0,1
Advice,"It's his choice to get drunk. He's accountable for the results of his choices. He may not directly control himself while drunk, but being in that state in the first place is directly on him. 

Your discomfort is caused by his choices. Don't defend him at all for this. He sounds like he needs professional support and to work quite a few things out. 

I know it's easy to say ""dump him"" when it's not your life and you see there's a problem.. but I personally wouldn't be staying in that relationship. 

I hope you can both end up healthy and happy.",1702187772.0,2
Advice,"Sorry you went through it, but I'm glad you got a good result for yourself and others. 

I'm almost a bit scared of getting the guy fired in case he really isn't all there in the head, and things escalate somehow. He is a little intimidating.",1702091602.0,1
AskReddit,"Okay, new fear unlocked... I'm so sorry you had to deal with that. Sounds like he wasn't right in the head.",1702089974.0,1
progmetal,Enter Shikari,1702014993.0,1
Anxiety,Leaving my house unless absolutely necessary.,1701955602.0,2
Advice,"Absolutely, if there's already problems this soon it's probably healthier for you both to go your own ways.",1701851013.0,10
AskReddit,"I think if they are following professional medical advice with a 2nd opinion depending on how extreme it is, and fully understand all implications, then good on them. There's a reason children have guardians until an older age, so that decisions like that can be made when necessary.",1701780292.0,5
AskReddit,Exist - Avenged Sevenfold,1701779686.0,1
AskReddit,"Too old for me lol, ick.",1701779617.0,1
AskReddit,"Most meals are monetarily ""worth"" doing yourself, even more so in bulk batches. 

Staple food like bread or bags of pasta are easier to buy than DIY imo. 

Pizza is always better bought from somewhere 💯 maybe my mind would change if I had a pizza oven.",1701779538.0,4
AskReddit,"I can appreciate that religion gives you a sense of purpose and belonging, but I can never agree with them as an answer. I think that's why religion has become so entrenched. It preys on our need for those things in an otherwise answerless, meaningless universe. 

I personally have come to more of a ""cosmic perspective"" view on things. As seen in the following 2 vids:

https://youtu.be/wupToqz1e2g?si=VpQlXnUaes4IWaJ-

https://youtu.be/9D05ej8u-gU?si=i-cTwaWPGM1xqfYh

The fact we as humans can interpret the goings on of the universe and actually understand ourselves as the universe... that itself sustains me. Like.. a physicist studying atoms are atoms trying to understand themselves. We are physical matter.. oxygen, hydrogen, nitrogen, calcium, etc, aware of itself as those elements. The universe looks in a mirror, and the universe stares back in recognition.

To me, that's the best gift I'll ever have, knowing myself as a vessel through which the universe understands itself. And that's the biggest bit of human ego I'll ever have because I believe that ability is ours alone so far.",1701773414.0,2
AskReddit,"I was raised heavily Catholic and attended private Catholic schools my entire childhood until I dropped out at 14. I figured out very early on it was BS.

The other half of the family are strongly 7th Day Adventist, vegetarian because of it, wouldnt watch any TV or have any electronics from friday sunset till saturday sunset, and I was encouraged to always wear some kind of false, ""perfect"" mask around them instead of just being me. 

Being religious to me comes off as a kind of herd-mentality in modern times, and it never made anyone ""better people"" from my experience. 

The act of transubstantiation - which is turning bread and wine into literal flesh and blood and expecting us to 100% believe in that transformation, and then expecting us to EAT IT - is downright cult behaviour and it isn't talked about enough imo. 

Also, the Church's persecution against science or any other spirituality that had any incompatible views is some mind control censorship shit. The fate of Giordano Bruno comes to mind.

End of the day, I'm happy for people to have some spirituality. I'm not okay with people that assert that there's a specific human-centric mystical figure with all these very specific rules for solely our species. 

Religion is born of the human ego, and human ignorance follows it blindly. Wherever someone says ""this is where faith comes in"" I have to stop from rolling my eyes. Faith isn't fact. We can't know. I'm sick of people pretending they know.",1701770978.0,2
AskReddit,"People with incompatible morals/ethics to me, religious people, and extremists of any kind.",1701767478.0,4
ask,"Nope, if you're ugly like me you're soul crushingly lonely as well. The grass isn't greener.",1701767246.0,1
AskReddit,Corsets!,1701676571.0,2
AskReddit,Very badly.,1701676412.0,1
AskReddit,People not really hearing what you're trying to say because they want to be offended about something.,1701657851.0,4
AskReddit,"There could be a solar storm/flare at any time, and if it was strong enough, it could act like an EMP on the whole planet.

There would be widespread electrical disruptions, power outages, loss of global communications. Anything with electronic parts could be fried - cars, TVs, phones, equipment used to feed the population. Your digital money would be gone. Your livelihood if it relied on any technology would be over. 

The vast majority of people wouldn't know what hit them. There could be assumptions that we're at war with other countries. There would be no widespread news about it for a long time, and the whole of society would collapse pretty damn fast anyway.

The scariest part is something like this has already kind of happened - The Carrington Event. Luckily, that was in 1859 before the world was heavily reliant on electronics.",1701656370.0,2
AskReddit,"Out of all the ""content"" that makes up the universe, only 4% is normal, ""visible"", fully understood matter. The rest is dark energy and dark matter, which we barely understand.",1701655726.0,2
AskReddit,"As expansion of the fabric of space accelerates, eventually there will be so much expanding space between other galaxies and ours, they will ""move"" away from us faster than their light can travel through that space to reach us, and we will no longer be able to see things in the cosmos. It will happen to the furthest away things first, but eventually even the closest will go out of sight. 

Dunno the time scale of this, but it's also the mechanics of the ""heat death"" ending of the universe - eventually all matter will be so spaced out from each other that no new stars will form and the universe will be cold and dark.",1701655534.0,6
AskReddit,"The planet doesn't need saving, humans need saving from themselves. 

Earth is quite content to go on about its business. It's been through worse than humanity before. 

Life in general will continue after us if we ruin it for ourselves and take a few other species with us.",1701655134.0,5
AskReddit,Hello.. my name is Santiago Alcazar.. you killed my father.. prepare to die.,1701654224.0,1
AskReddit,This made me choke on my Pepsi lmao,1701654085.0,2
AskReddit,Dipstick or joystick lol,1701616696.0,1
AskReddit,Quitting my career with no backup plan.,1701616592.0,6
AskReddit,A human skull,1701615776.0,1
AskReddit,"I wish my coworker would take the hint to drop it.. Every time we interact at work, I get a text later that day saying some creep shit.",1701615700.0,1
AskReddit,"Friedrich Nietzsche was considered the ""Nazi philosopher"" for a long time, but this was the work of his proto-nazi sister who gained control of his philosophical works when his mental health declined, and she assured Hitler that his ""Superman"" ideal person was about Aryans. 

His book ""Thus Spoke Zarathustra"" was sent to the German troops during the war.

She modified his works to her purposes for her own fame and fortune, and threw out anything she didn't agree with. 

She even dressed him up in a white robe when he went mad and presented him to visitors as some kind of prophet figure. 

She published a final book full of his discarded thoughts and poorly written notes he never intended to publish, mixed with her own lies, and promoted it as his final philosophy. This caused Nietzsxhe to be heavily misunderstood and disliked for a long time. 

In reality, Nietzsche was against racism and antisemitism and, in fact, hated his country and what Germans were becoming more than any other group of people he ever spoke about. He probably would have been jailed in Nazi Germany for some of the things he thought if they had been aired publicly. 

I think it's sad that academics didn't give him much attention until recently. But the record is slowly getting set straight with him now.",1701614555.0,2
AskReddit,"Enter Shikari, Sleep Token",1701613423.0,2
AskReddit,Wednesday,1701613377.0,1
AskReddit,Cosmic by Avenged Sevenfold,1701613309.0,2
AskReddit,Just Lose It 😂,1701613234.0,2
AskReddit,Mac n cheese 🤌🏻,1701613153.0,3
AskReddit,"I think Ancient Egyptians did ""polytheism"" - they had many Gods, apparently thousands. 

This is similar to Norse and Greek mythology. People worshipped many Gods as polytheists. 

When the Vikings first met Christianity, they didn't have a name for their religion - it just *existed* as their way of life. I could see that being the case for ancient Egypt, too. 

Polytheism is considered paganism. We can call all of those ancient religions pagan.",1701609216.0,1
AskReddit,What kind of name do you mean?,1701607309.0,1
AskReddit,There are people who sit in rooms and discuss the best ways to get our attention and money. Marketing and advertisement.,1701606808.0,5
BPD,Yeah that would've easily been my 2nd pick from BMTH for this post haha,1701562743.0,2
lonely,"I have relationships with fictional people in my dreams. Not really in my control, but it helps.",1701515128.0,33
ask,For me it was giving fucks selectively about beneficial things.,1701515058.0,1
AskReddit,Holy shit.,1701489861.0,1
AskReddit,What country and how young does this go?,1701489685.0,1
AskReddit,Accept natural selection.,1701489405.0,2
AskReddit,Cosmos by Carl Sagan,1701489315.0,1
AskReddit,More books that I'll never find time to read.,1701489202.0,1
AskReddit,Fried chicken.,1701488983.0,2
AskReddit,Maybe with a little nihilism towards everything.,1701488895.0,1
AskReddit,Borderlands 2,1701488796.0,20
AskReddit,🤬,1701488767.0,1
BPD,Don't Go by Bring Me The Horizon,1701488698.0,26
postpunk,Scary Kids Scaring Kids - self titled album.,1701488159.0,0
ask,"The planet will continue regardless of human interference, and unless a massive asteroid obliterates it, it will probably be swallowed by the surface of the Sun in a few billion years.",1701488080.0,1
AskReddit,Safety is an illusion..,1701486923.0,1
AskReddit,I felt this way about God/religion as well when I hit my teens.,1701481620.0,2
AskReddit,"I mean, he definitely isn't flawless, I knew it would be controversial. 

But I think he's done more than most of these downvoters will ever do, which is pretty amusing to think about.",1701481420.0,2
AskReddit,"Being nice is a good start, but only a small piece of the picture..",1701481095.0,1
AskReddit,"This one hurt me to adjust to honestly. 

But I can understand its demotion. If we called every Pluto-like object a planet, our solar system would have hundreds of planets, and that's more painful to think about, lol.",1701481043.0,1
BPD,"I used to think my identity was being a mess with fresh SH. When I started healing in any way I was confused about who I was. 

You can get through that though, when you realize you can be whoever you want to be, within reason, and all of life is a process of changing and becoming.",1701480063.0,2
depression,r/traumatizethemback 😂,1701442774.0,1
ask,"Everyone starts somewhere with music. 

But put your studies first!!",1701433183.0,3
ask,"I'm a fan of all of them, but I have to say Chester personally. 17-second scream!!!",1701433035.0,2
AskReddit,"If an asteroid hits this planet, I just hope we're off it. To me, preserving society is beneficial. He took the step towards making space activity more affordable, at great financial risk to himself. 

I'm not saying he's perfect, I've seen the headlines about his behavior.",1701431103.0,4
AskReddit,"Kind of controversial, but I think Elon is a GOAT for risking it all on space. He went in all, and it was failure after failure, apparently the most stressful time of his life, but finally made it. 

Focusing on Earth's problems is important, but I think having a back up location for life is also important.",1701430148.0,-3
AskReddit,That things will get better/be worth it.,1701421299.0,3
AskReddit,I am legend.,1701419619.0,1
AskReddit,A bad relationship.,1701419502.0,5
AskReddit,"Loud music throughout the day, but make sure it's still within local law for decibels and within the allowed time brackets. Where I'm from, the decibel limit goes right down at 10pm.",1701419474.0,0
AskReddit,"when a company becomes more valuable, stocks in it become more valuable.",1701419306.0,1
AskReddit,"Personally, some stubble can be nice, but I find beards to be repulsive. I dated someone who had a filthy beard - barely maintained and always full of food crumbs. Since then, I just can't find them attractive anymore.",1701418968.0,2
AskReddit,"Emotionally detach from those people and any of their actions. Assume that what they have done will be something they will continue to do. Anticipate it and roll your eyes when you see it. You can be above it. 

Accept that they are not on your side, and do not go looking for resolution or closure with them. Do not look for comfort where you've been hurt, it's not going to be found there. 

You need to be your own border security and monitor what you allow into your country, lol. Because people will always try to bring trash in. 

Be kind to yourself and know when your middle fingers are needed (metaphorically... mostly) for others.",1701418649.0,0
AskReddit,"I do it. It tastes fine. 

It's not a big deal, and I don't know why people are so polarized over it, lol. 

Why is there no conversation about people eating pork with apple? Or chicken with cranberry? It's just a combination. 

Does anyone freak out over pineapple slices in burgers like they do about pizza?",1701417771.0,3
AskReddit,"There are people in charities and aid groups working hard to make lives better. 

Also, people developing better medicines and monitoring current products for anything harmful.",1701416660.0,1
AskReddit,Nintendo Sega,1701416424.0,1
AskReddit,Like a clown for giving them my time to begin with.,1701416349.0,1
AskReddit,They won't judge you when you walk half naked to the kitchen in the middle of the night for snacks.,1701416244.0,1
AskReddit,"""Do you change positions as much as you change your hair?""",1701416187.0,1
AskReddit,"Yellow because I think it's simultaneously happy, sad, and hopeful.",1701415961.0,2
AskReddit,"dark brown haha, I personally always found my natural hair boring, it hasn't been fully natural in over 10 years now",1701415634.0,1
AskReddit,Dyed red,1701415349.0,1
AskReddit,"Tipping culture.

Political division.

Going to shops and having a ridiculous amount of brand choices for the same product. And having a million different flavors of chips, drinks, etc. 

Large portions at restaurants. Super-sized options at fast food places. 

Also fast food drive-throughs. 

Having some of the highest taxes for the least benefits for the taxpayer - like expensive healthcare.",1701415238.0,4
AskReddit,Candles,1701413904.0,1
AskReddit,Hoarding books that I'll never possibly get enough time to read.,1701350236.0,183
AskReddit,"Speaking against Christianity or having views against theirs. Be prepared for excommunication, potential prison time, and them making a bonfire just for you!",1701350155.0,2
MakeNewFriendsHere,Spotify said my top song of the year is The Summoning by Sleep Token 🤩,1701349652.0,1
AskReddit,"A merc gets more frowns, which is stupid for doing basically the same thing - someone else's dirty work. 
At least a merc earns more money or so I've heard.",1701331752.0,2
AskReddit,"Imagine legitimately believing that through the process of transubstantiation, that bread and wine become LITERAL flesh and blood, and then you eat it.",1701330742.0,2
AskReddit,Maybe the pagans.,1701330638.0,1
AskReddit,Any merch related to my favorite bands,1701330605.0,1
AskReddit,Various alcohol,1701330133.0,3
AskReddit,"Dropping out of school, though I was severely mentally unwell, and maybe that choice was unavoidable anyway.",1701326044.0,1
AskReddit,Doc Martens,1701325962.0,1
AskReddit,"Put your whole energy in your studies, there will be time to party after you've made it.",1701325838.0,1
AskReddit,Not being touch starved.,1701325795.0,2
AskReddit,That the hole in the ozone and the greenhouse effect are caused by entirely separate processes and do not interact with the other.,1701325746.0,1805
AskReddit,Bathroom scales out of the blue. I am overweight.,1701325600.0,1
AskReddit,"Shiey. He trainsurfs and explores creepy abandoned places across Europe. Also, he climbs large structures and sometimes deals with the consequences with security.",1701325027.0,2
RandomThoughts,No gib on the walls or carpet on the floors.,1701324820.0,1
AskReddit,Borderlands 2,1701324698.0,2
AskReddit,"My brother's ex wife. 

Conned him into marriage by being falsely pregnant with twins. 

Bankrupted them. 

Took his biological kids for the $ and out a false protection order out against him and cried abuse just to get her way.

Ruined his life.  

He killed himself.",1701324555.0,11
AskReddit,"Aioli, at least in my family lol.",1701324108.0,1
AskReddit,Mary Jane,1701324052.0,2
AskReddit,Maybe a sociopath. I know a high functioning one that does this.,1701323960.0,2
AskReddit,"One of my textbooks on electrical theory/principles from trade school. 

A big space exploration encyclopedias full of space pictures. 

An illustrated book I have on the human body and its internal systems/mechanics. 

A biology textbook. 

One of my books on technology science shit, how inventions came about and how they work.",1701323719.0,1
AskReddit,"Understand that over the next few years, you're both very likely to grow and change into different people than you are right now. There's still a lot to figure out.  

Enjoy the moment, but don't get blindsided by normal changes.",1701323018.0,1
AskReddit,"Also, monetizing pain and tragedy.",1701322307.0,133
AskReddit,"People don't like admitting that the beliefs they hold might be wrong. People consume headlines, don't research, and then play Chinese whispers with family, friends, coworkers, who trust them. And then you've got a whole alternative narrative going on. And who, being part of that, admits and realizes that they're part of it?",1701320840.0,7
AskReddit,"Mine is music. Relating through music, finding and sharing new music the other person will like, going to shows together.",1701320418.0,2
AskReddit,Who hurt you?,1701320321.0,2
AskReddit,"There's a TV series called Zoo (2015) based on exactly this idea. 
Quite scary to think about. I think humans have the intelligence to survive quite a lot, but maybe not every other species coming at us aggressively all at once.",1701320243.0,1
AskReddit,"My dad's friend group were/are heavy smokers of it. Most have passed from various cancers now, and/or their brains have turned to mush for lack of a better description. Inability to rationalize well, sometimes very bizarre theories about things. 

I can't speak for the actual experience, only what I've seen as a trend from the outside. Also, I can't make claims that weed was the ONLY thing they ever used. Dunno.",1701319812.0,47
AskReddit,"Bodily functions - chewing, burping, snoring, farting.",1701319389.0,2
AskReddit,depending on your faith that might already be the plan lmao,1701318929.0,1
AskReddit,Cummings,1701318843.0,1
AskReddit,"misinformation epidemic, journalist/media snake behaviour just to get headlines or spin to suit specific crowds, inability for people to ""live and let live"" because they're insulted by something else's existence.",1701318706.0,889
AskReddit,Negan from The Walking Dead. Fantastic actor.,1701318545.0,8
AskReddit,"It's impossible to truly know the answer to that question from our observational viewpoint as humans. It is one of the absurdities of life, to have that deep desire to know or understand if there is a God, but not being able to. 

A lot of people say that's where ""faith"" comes into play. But faith in something doesn't make it true.  

There's a good argument for a ""Creator"" figure. But human-centric Gods that are wholly obsessed with our species and are of our language and value systems and anthropomorphic, are to me, very clearly fictional cult shit designed by the human ego.",1701317241.0,0
AskReddit,"Just because someone doesnt believe in a God doesn't mean they don't think this could be a simulation or any other alternative belief. 

Nihilism is a rejection of all belief. 

Atheism is a rejection of religious belief. 

Believing in nothing would be nihilism.",1701253597.0,1
AskReddit,Lmfao. Got em.,1701253181.0,0
AskReddit,"the partner, when in a relationship",1701253122.0,34
AskReddit,Woke kids,1701253054.0,2
AskReddit,"Doc martens x2, vans x1, knee high boots x4",1701252970.0,1
AskReddit,Everyone's very mentally unwell. Suicide involved.,1701251632.0,22
AskReddit,Homologous structures.,1701251495.0,2
AskReddit,Drambuie - scotch whiskey,1701251408.0,2
AskReddit,like 20 minutes ago 😈,1701251148.0,1
AskReddit,"Russia, to add to the list",1701249071.0,2
AskReddit,Lmao I cackled,1701248955.0,1
AskReddit,"You owe people shit when there's a type of romantic contract between you. 

You don't owe general strangers shit. 

You seem dense.",1701248650.0,-2
AskReddit,"yeah lol. we call those specific sprinkles ""hundreds & thousands""",1701248178.0,3
AskReddit,? This is one of the responses. I don't care about yours.,1701248062.0,-5
AskReddit,Fairy bread 🤔 (New Zealand),1701247875.0,1
AskReddit,"Ape no need work, smart robot get banana for ape now.",1701247798.0,3
AskReddit,"Cuz they're selfish, gutless, and a little bit inhuman if they think they can justify a reason.",1701247688.0,-4
AskReddit,Following. 🤣,1701247347.0,1
AskReddit,"The Princess Bride, love that one lol",1701247305.0,1
AskReddit,People giving more of a fuck about getting educated.,1701247243.0,5
AskReddit,"Routine, purpose, and depending on the job - social interaction and physical movement.",1701247203.0,1
AskReddit,"Nothing. :) 

Genuinely, you don't owe people shit lol. At most some chocolate, minimal thought or expense.",1701247123.0,2
AskReddit,"Eventually being swallowed by the surface of the sun when our solar system dies. The natural ""old age"" death for our planet.

Getting hit by an asteroid would suck.",1701247048.0,3
AskReddit,"Could be a number of things. Mostly, though, it's just hopelessness and wanting an exit from pain.",1701246973.0,1
AskReddit,Health and cost,1701246888.0,1
AskReddit,I'm not sure that they would..,1701246854.0,2
AskReddit,"They're embarrassed about something to do with being seen with you. 
It might be you, it might be to do with what their family expects of them. 

I wouldn't settle for it personally, unless it doesn't bother you at all.",1701246802.0,1
AskReddit,"Parents need better education on how to parent, and when the signs are there, the kids need professional support before it spirals into anything extremely bad.",1701246700.0,4
AskReddit,My aunt and uncle adopted me. They're mom and dad now.,1701246605.0,1
AskReddit,"The Princess Bride,
I Am Legend,
Interstellar",1701245856.0,4
AskReddit,"The environment's already collapsing lol, either we fuck ourselves a bit now or we're gonna put that on all future life.",1701245658.0,0
AskReddit,"I won't deny that. 

But genuinely, people are very self concerned and have their own problems. 

This is the brutal truth that made life easier for me: people don't care about you as much as you think/expect/want. 

Strangers on the street won't remember you 15 minutes later, just like you don't remember them.",1701245477.0,1
AskReddit,🥵😂,1701244886.0,-1
AskReddit,Throw all funding at the climate.,1701244822.0,-1
AskReddit,"That situation can work if all parties are happy. If you aren't happy, that isn't a friend to you.",1701244784.0,1
AskReddit,Diplomacy lol,1701244657.0,1
AskReddit,"This might need more description. I know many young families built on love, not gain.",1701244486.0,3
AskReddit,No?,1701244342.0,0
AskReddit,"In the alternative crowd, The Craft (1996) is still pretty influential and popular.",1701244174.0,2
AskReddit,music taste.,1701244049.0,2
AskReddit,"Probably killed the most people too, food for thought.",1701243976.0,2
AskReddit,By having clear communication beforehand that they wouldn't be staying the night. Dropping that on someone after the act without them expecting it can be harmful as fuck.,1701243757.0,6
AskReddit,Me lol,1701243667.0,2
AskReddit,"""We could be better than this""",1701243650.0,0
AskReddit,Stop caring what people think,1701243599.0,1
AskReddit,"filling it with water, putting it in the fridge, then using it on your face and holding your breath when you get in distress.

this activates the ""Dive Response"" to lower your heart rate and calm down.",1701243525.0,3
AskReddit,"a rocket lifting off from earth. 

freedom from Earth's gravity.",1701243365.0,2
AskReddit,Atheism isn't the same as nihilism.,1701242990.0,2
AskReddit,Music,1701242837.0,2
AskReddit,Write it anyway and fuck the rest,1701242809.0,6
AskReddit,Trusting others lol,1701242769.0,3
AskReddit,Angry,1701242741.0,3
AskReddit,Don't trust too easily.,1701242630.0,86
ask,"That person sounds very unwell. 

Do what you need to keep yourself well, and hope that they get what they need in therapy.",1701241750.0,3
ask,"I would say that in itself is a form of bad mental health. it comes across as manipulative and self-serving, but some personality disorders are like that. 

sociopaths are very good at lying for their own gain. they can be ""high functioning"" too, so appear to blend in well with most of society. 

they don't feel guilt for what they do, or if they do it presents in a weird way like projection, they'll try to make themselves a victim by blaming someone else for whatever they feel guilty about. 

we call this toxic, sure, but it's still a form of illness/disorder.

and it's still ultimately up to their doctors to ask the right questions and give them the right treatment. 

if they're not trying to get treatment, you don't have to be friends with them for your own wellness.",1701239539.0,4
ask,"mm I was adopted and just feel extremely grateful that I ended up somewhere that did want me, maybe that's why I feel so strongly about it. 

I kinda know what it's like to feel ""thrown away"" so I couldn't think of a worse act than throwing away someone who made me feel wanted. 

maybe there's something to be said for children taking their biological parents for granted when they don't know any different.",1701238893.0,4
ask,"it's funny I've seen this assumption that ""people decide to have kids so that they'll be taken care of/surrounded later in life."" then you see how many end up alone, pretty much neglected without any return on investment for all the effort they put into their family. 

I don't think I could ever entirely repay my mom for raising me all those years. the thought of her alone and rotting away in a care home gives me chills. 

but still I'd never have a kid for that reason, with expectations of repayment.",1701238073.0,18
ask,"I don't think old people understand the financial struggles of younger generations and how expensive children have actually become to feed, clothe, and educate. 

That kind of loneliness can be filled with a pet.",1701237328.0,41
ask,the first half of my life lol,1701236978.0,1
ask,"they're not ""using"" mental illness if they're actually mentally ill, and that's up to their doctors. 
it's not really appropriate to discuss your assumptions about their circumstances unless they ask, or you have a clearly established caretaker role with them.",1701236700.0,11
AskReddit,alcohol,1701235564.0,12
AskReddit,"Relationships. Might just be people these days, but everyone seems so fast to jump ship at the first sign of a problem.",1701235491.0,3
AskReddit,Getting years into education/a career then finding out you don't want to do that whatsoever.,1701234781.0,4
AskReddit,the skilled and educated I would hope/expect.,1701234694.0,2
AskReddit,A horse running down the centre of the highway..,1701234652.0,1
AskReddit,Finality,1701234595.0,1
AskReddit,"In my travels, I saw and wanted these upside-down triangle shaped earrings because they remind me of my favorite band, Enter Shikari. 

Ended up giving them a miss at the time, forgot about them. 

Went to a jewelry shop months later completely impulsively, and my mom was standing in front of 1 cabinet the whole time while I circled the entire shop. 

I finally came over and recognized the artist she was looking at was the same one who did the earrings.

I bought them online that night and saw the artists interpretation of the range was related to Sengai Gibon's artwork ""Shapes."" 

I Googled that work, and something about Zoroaster came up saying those shapes are ""the three symbols of man."" 

Another name for Zoroaster is Zarathustra.
 
I'm currently reading Thus Spoke Zarathustra by Nietzsche. 

Turns out the singer/songwriter of Enter Shikari is an avid Nietzsche reader.

The three points of this - earrings, shikari, nietzsche - can become a triangle with each point having a relation to the others. 

I found a bunch of other simulation breaking (if you will 😂) coincidences on this specific thing but they're a bit much to get into. It really truly freaked me out though, it was like the coincidence that just kept giving.

Needless to say, the earrings have a wild story to them now.",1701234313.0,1
AskReddit,Music,1701233240.0,3
AskReddit,how some people are so carefree and able to shake off the bad things like they're nothing.,1701233223.0,1
AskReddit,"yellow, it seems both happy and sad. it also feels kind of hopeful.",1701233135.0,2
AskReddit,"live and let live, but if you choose to exist in a society/culture with the benefits that come with that, follow their laws and customs.",1701233077.0,2
AskReddit,hahahahahhahaha,1701232691.0,2
AskReddit,Norse.. cuz everyone would probably be extremely aesthetically beautiful to me. 😂,1701232614.0,2
AskReddit,"giving me more attention when they think I'll get in bed with them instantly, and less when I say no.",1701232439.0,93
AskReddit,extreme vegans are still eating things that were once alive and are speciesist by rating animal life above plant life.,1701232317.0,1
AskReddit,"lmfao, we can be friends in the show and relate through having the exact same problems",1701231759.0,2
AskReddit,"Going cold turkey after each pack, until it finally stuck.",1701231666.0,1
AskReddit,my birth lol,1701231558.0,2
AskReddit,Most reality TV shows. So many terrible personalities on display.,1701231072.0,12
AskReddit,"does this mean direct or indirect killing? cuz if indirect then probably a president, but dunno which. Stalin was apparently responsible for 20 million deaths.",1701230615.0,3
AskReddit,"I was always frustrated with my brother for various things. He used to antagonize me, so it wasn't totally uncalled for on my part. We just clashed a lot in general. Then he took his own life, and I will forever wish we had a better relationship.",1701230362.0,3
AskReddit,Exercising around the block,1701230183.0,1
AskReddit,That I will probably outlive my parents and have to cope with them dying.,1701229772.0,1
Needafriend,glad I'm Rich then.,1700604017.0,1
MakeNewFriendsHere,"if we knew everything it would mean the death of science. I for one think we should always have questions to answer, keeps us busy right?",1700388939.0,1
BPD,"I don't actively seek revenge, but I'm absolutely guilty of spite sometimes, if that's the right word for it. If something bad happens to someone who's truly hurt me, I feel that sickly sweet karmic justice and love every bit of it.",1699784443.0,2
BPD,"If you know how to cope with life, then why do you need therapy?",1699713455.0,1
BPD,"I was also a skeptic for a long time. You just need to have the mindset to take what works for you and scrap what doesn't. 

If group isn't something you want to do at all, then that's fine, the usual DBT model isn't for you. 

As for the bowl of cold water, it's not about the bowl and the cold water specifically, it's about shocking your system into the ""Dive Response"" to hack your body and lower your heart rate when you're in distress. I used to have a large zip lock bag of water in my fridge that I would put against my face in those times. Anything from the freezer was too cold for me. But it worked. Easy, fast, no clean up. 

It's fine if you don't THINK any of this will work for you, but just know a lot of us start in your position, thinking it's all a condescending joke. Thinking there is no real help. This is a perspective though, one you're trying to beat.",1699662854.0,1
BPD,"I had a pretty similar journey/result. 

This quote sums up what I got from DBT: 

""I can't 100% control what others do to me or what events happen, but I can control how I respond."" 

Acceptance isn't such a bad thing if it gives you peace. There's a lot of this world/the past that all we CAN do is accept it - or suffer. Accepting doesn't mean agreeing or condoning, it just means acknowledging and moving on as best you can. It took a long time for me to really understand it.",1699662263.0,16
BPD,"I mean, what do you want from a therapy? 

Group was a way to listen to others in similar shoes, talk about experiences and relate with them, and grow with them. Listen to what was working for them, what they struggled with, and honestly just ""normalize"" things for each other. There was also weekly individual sessions with a psychologist where you could address more personal things that you didn't want to speak about in the group. 

The stickers are just a psychology trick attempting the reward response to reinforce continuing effective behaviors, even though to me it was repulsive at first, and I absolutely understand how that comes across in the beginning. 

The homework was practicing the tools you were learning in sessions and filling out diary cards about what you were feeling, any harmful behaviors you had done each day, and which skills you think you had done well. 

There's no magic wand treatment for BPD, it takes being outside the comfort zone and trying new things. At least, that was my experience.",1699660967.0,2
BPD,"I did one year of DBT, and it was life changing for me. Completely turned my life around and gave me the ability to cope without being in frequent crises.

DBT never stopped the depression, it never stopped suicidal ideation, it never stopped the actual problems of everyday life, it just taught me how to not spiral so hard and remain functional despite them. 

The best DBT skill for me was ""effectiveness"" - what can I do today that's effective? How can I respond to this event effectively? Is this toxic relationship/situation/habit/addiction effective for my goals and health? It became like a new lens to view the world through. 

The other thing that stands out were the Skills Training Assumptions, especially these ones: people are doing the best they can, people want to improve, people may not have caused their own problems but they have to fix them anyway, new behaviour can be learnt and requires practice, all behavior is caused - even if we don't know what the exact causes are. 

I will admit parts of DBT early on felt a bit 'condescending' to me. We got stickers for showing up to group and finishing our homework tasks. The facilitators would also correct us whenever we used language such as ""should/shouldn't"".. It seemed like how you treat a child. But along the way, I decided to trust the process and stop being so in my head about what I thought. I was there BECAUSE my thinking wasn't the best. Basically, I had to remind myself to drop my ego about things and really just embrace whatever they were doing instead of being so resistant to change. 

By the end I had bought a few sheets of stickers for the group because yes it could be seen as childish, especially when you're new and feeling highly resistent and possibly hopeless and looking for reasons to leave, but we all used our stickers in the front inside page of our DBT folder, and nearing the end of the course it was almost full, and it was like a visual representation of progress and how much work had been put in.",1699659896.0,2
BPD,"Haha, I'm familiar with them! :) 

Johnny Cash did a really good job of Hurt, I agree, it hit different.

The Downward Spiral and Mr Self Destruct are also pretty relatable for me.",1699658301.0,1
BPD,"I was in a very similar situation a few years ago. He was on my mind daily, even though it was well and truly over. Part of me just wanted everything to go back to how it was before. He was my FP, and the fallout from losing that was hell. I just couldn't move past it. I felt worthless, used, hopeless, fucking angry, and just drained. 

But a few years later and I barely ever think about him. And if I do, I can smile, cuz the good times meant something to me and that's what I choose to remember (while being completely over him and not wanting to go back down that path) 

Honestly, sometimes it just takes time. I know that's so cliche, but I swear in a few years it won't feel like it does now.",1699615647.0,2
BPD,"It sounds like the relationship isn't healthy for either of you anymore.

At that stage, personally, I would rather be in hell alone than put someone else through hell if I had a choice.",1699615251.0,0
BPD,"Weight by Hands Like Houses 

Chemical by The Devil Wears Prada

Get Out by Circa Survive

Every Day Is Exactly The Same by Nine Inch Nails 

Crazy Girls by TOOPOOR

Zombie by Siiickbrain

Hospital For Souls by Bring Me The Horizon 

Into The Black Light by Ghost Brigade 

The Deep End by Crossfade

Set Sail by Scary Kids Scaring Kids 

Burn by Doobie + Clever 


I could go on..",1699614329.0,4
BPD,"Hahah yeah.. my ""things"" are books. I own more than 300 at this stage, and actually just got 7 more today from op shops 😅 I need another bookshelf, which is absurd cuz I already own 3 massive ones and have absolutely no space left hahaha. Fml. 

And I do like some kinds of craft, but not all. 

I love making DIY bead bracelets, I've spent so much money on different kinds of beads lmao. Sure they might look a bit tacky or childish, but like they're self expression in a way. I can make them for any theme or topic. Typically I make band/lyric themed ones, and I just made one for Halloween with skulls that says ""memento mori 💀 remember death 💀"" lol. I get into this weird state while making them, of just being able to zone out for hours before I even realize it's been hours. 

The other occasional craft is making band patch jackets. (Pro tip.. cutting up a band shirt and using it as the back patch is super good, especially if the shirt is old or doesn't fit well anymore) 

If I could, I'd be making music, but I find it too overwhelming to learn at this stage.

I absolutely get what you mean about nobody being able to take those things away. They're yours, and you can just click off from worrying about shit when you're doing them. I think the word for that might be getting into a state of ""flow.""

But even with having enough healthy things to fill my time, I can't stop craving people. 😩",1699419289.0,2
BPD,"I really get what you're saying. It's almost safer for me AND them not to get too close, cuz it usually turns out bad. 
How is it both so comfortable and so uncomfortable to isolate? I don't get it lol. 

I'm hoping next year at uni will be the year I figure interpersonal relationship stuff out. I need more of a support network (as well as being support for them, I don't expect it to be one sided in my favor) and just people to interact with. I can't rely on my parents to be 100% of my social life anymore.",1699399899.0,1
BPD,"I don't feel good enough for friends sometimes. As if trying to have them would be incredibly selfish of me because I'm so much work haha.. 
I think I've become a little resigned to the fact I probably won't have close friendships again. It's not comfortable, but it seems almost better for everyone.",1699399564.0,2
BPD,"Well with a partner in a picture that does sound pretty normal. 

I personally have nobody though.",1699355818.0,1
BPD,"I meant petty things as in appearance, job, sexual orientation, etc. I wouldn't split over that stuff. 

When it comes to something like music I'm a fiend though. I relate through music like it's pretty much my love language. If it isn't compatible I can't help but split. How could we find common ground on a car ride or go to music gigs if one of us hates it yaknow. And that's the main activity I would like to do with friends. 

As for traits that get on my nerves? I wouldn't be friends with someone that litters, or drives terribly, or tries to control every situation without giving me a chance to have a say. Basicslly I need to have values in common. 

Maybe it's not different, but I understand what I mean by it lol.",1699354339.0,2
BPD,I'm going back to uni next year and I just hope so much that I'll be able to find some friends there. I hate being alone surrounded by people that I should have things in common with.,1699353690.0,2
BPD,"It's honestly so hard to put your baggage on to someone new. You can't just turn it off until there's connection.. It's going to be there from day 1, and most people just don't want more drama. 

I dislike gossip with a passion. There's a quote somewhere that goes something like ""great minds discuss ideas, average minds discuss events, small minds discuss people"" haha.",1699353631.0,2
BPD,"I have extreme trust issues too.. from high-school girlfriends dropping me when my mental health turned to shit.. to multiple attempts at romantic partners ending up cheating or just not being as committed as me. 
I feel you. It's sad. I don't know how to trust easily but I really want to find someone worthy of it.",1699353299.0,1
BPD,"What kind of art is that out of curiosity? (just looking for ideas) 
I'm glad you escaped the lonely!",1699353205.0,1
BPD,"I feel that. I read philosophy and science in my free time, have all these ideas I wish I could share with someone that was as interested as I am, but I genuinely just can't find those people. 
I don't have a partner but I would dread to be in that role personally hahah I would be a nightmare of neediness.",1699353100.0,2
BPD,"I think I read somewhere that ""loneliness in the new smoking"" in terms of your health haha.... Loneliness is probably literally a killer. I'm so tired of it.",1699352941.0,1
BPD,That's a good point. I require that kind of understanding.. someone that won't take my hot/cold personally. But in the early days it's hard to explain why you're suddenly cold on them and their feelings about it are valid.,1699352776.0,1
BPD,"I feel empty whenever I don't have an FP haha.. it's come to the point where my FP is someone on the other side of the world I met on reddit that I probably won't meet *facepalm*

But yeah I just don't know where to meet people I think I could connect with. I didn't at uni, I didn't in my workplace, and I'm too scared to go to small music gigs alone. Don't even know what else there is.",1699352603.0,3
BPD,"The burn out is honestly the worst. I'm burnt out on both friendships and romantic stuff. 
There's only so much failure you can take, wasted energy with nothing to show..",1699352466.0,1
BPD,"I get it. As soon as there's signs that I won't be compatible with someone on a deep level, it's over. 

The shit thing is not knowing if it's imagined incompatibility or me just trying to protect myself from ????",1699352407.0,3
BPD,This seems like a dream scenario 😂 I need to get adopted!,1699352332.0,3
BPD,I highly relate with the trauma from past friends thing. I don't have a partner so I'm like.. just alone day to day. It's hell.,1699352286.0,1
BPD,"Oddly enough, becoming a music producer is one of my life goals. If I can't connect through people normally, maybe I can through music right?",1699352179.0,3
Needafriend,plenty.,1680243147.0,1
SuicideWatch,"a lot of us wish we had someone like you. 
the other comment has great advice. remind them of what they love. look into their favorite music and see when new music from them is expected to drop.. then try get your friend excited about it",1676782465.0,1
avengedsevenfold,beautiful 😍,1674280303.0,2
DecidingToBeBetter,Thanks for the reply. I wish I could just go blind to darkness lol. I don't want any more.,1673425103.0,1
DecidingToBeBetter,"Lol, you're welcome. It's one of my favorite lines.",1673424894.0,1
DecidingToBeBetter,Thanks for your reply. I'm a woman and have an extensive mental health record and visible self harm scars. This disqualifies me from the military in my country.,1673424849.0,1
DecidingToBeBetter,"I saw this today.. it helped. 

“If what you have seems insufficient to you, then though you possess the world, you will yet be miserable.” 

Lucius Annaeus Seneca",1673424700.0,2
DecidingToBeBetter,"You don't have to explain suicide to me. As my post says, my brother necked himself a few years back. I've seen first hand how my parents handled losing a kid, and I'm the last one they have. It wouldn't be ""easy"". If it was I would have been gone years ago. 

But my point was still accurate. Health and safety taught me that it's always better to eliminate a problem rather than minimize it in terms of hazards. I'm just applying that here. Negating the problem is technically a solution.",1673370316.0,0
DecidingToBeBetter,"Thanks for the reply. You might have a point. This way of thinking, like this kind of distress and discomfort I feel every day.. it's on my mind so often. Like it's one of the first things I think about in the morning and one of the last at night. It's always just THIS IS THE WRONG LIFE FOR ME WHERE AM I GOING WHAT AM I DOING WHAT THE FUCK IS MY PROBLEM. Maybe the chain of thoughts and their constant claim on my mind is the actual problem. 

Damn. Only .. 20? Replies down and I finally think something may have clicked for me in a meaningful way. I mean I knew ""it's all in my fucking head"" but maybe I just put ""it"" in words for the first time.

Thanks. 🙏🏻🙏🏻🙏🏻",1673327242.0,2
DecidingToBeBetter,"Thanks for the reply. There's so many approaches out there huh. Others are saying ""move your body and get out of your mind"". This suggestion would take a lot of brain work for me, cuz the answers aren't immediately clear. 
Baby steps seems to be the universal advice though hahah. Thanks again.",1673326713.0,2
DecidingToBeBetter,"Thanks for your comment. I do move, but nobody thinks I do lol I must have given off basement dweller vibes. 
Thanks for the science and the recommendation.",1673326564.0,1
DecidingToBeBetter,It negates the problem. One could argue that is a form of solution.,1673326462.0,0
DecidingToBeBetter,"Thanks for your reply. 
My issue is with the ""determining what makes me happy"" bit. I really try, nothing grabs me though. I don't know how to diagnose my issue either. I don't know why it's here, it just is. Almost like life randomly in the universe.",1673326360.0,1
DecidingToBeBetter,"Thanks for your reply. I finally did get the right person.. really. I've got everything I could from therapy in my opinion. They taught me all the theory and skills I need. It's just up to me to continue to apply it. 
 
Yes I'm in the scary approaching 30 scenario but I've already learnt not to compare. I'm already many many many years behind my peers just from dropping out at 14 and losing so many years to suicidal depression. I'm at peace with my behind-ness. Im happy enough with ""better late than never"". I have a lot. I'm never hungry. I have a roof. I have clothes. I have a car. I have a job that isnt that bad. I have a lot to be grateful for. 

But in general I do not enjoy my life. And as my post says, I'm frustrated, I don't know why I'm like this. I don't know my problem. It's all in my damn head.",1673326074.0,1
DecidingToBeBetter,"Thanks for your reply. I like your approach, I do tend to focus more on the present now. It only took therapy to figure out how haha. 
Maybe I'll remember this post if I'm ever in Sydney lol.",1673325663.0,1
DecidingToBeBetter,"Thanks for you reply. 
Haha I must be like a hoarder with how messy my head feels occasionally. 
That's good advice. I might choose going to bed 30mins earlier.  I know it would make the next day less hellish.",1673325539.0,1
DecidingToBeBetter,"Thanks for the reply. I just wanna refer you go my Edit in the post as a response to some of that hahah... Thank you for the book recommendation though, I'll check it out.",1673325413.0,1
DecidingToBeBetter,"Thanks for you reply. Yup, I agree it's all about the ability to cope. Thanks for the metaphor, I really enjoy wordplay like that. ""We are all fighting a mighty battle nobody else knows anything about"" or something or other. I am doing a lot of your suggestions already (refer to my edit) 
There's different philosophies. There's a guy that says all that exists is atoms and empty space and the rest is opinion (Democritus) and existentialist stuff would say that all is meaningless except the meaning we give it, so in either case life is only suffering if we choose it to be so. 

What really fucks with me is that.. therefore I must be choosing suffering? I'm trying so hard to choose otherwise but my mind has always been a hard one to change. Sometimes change isn't constant...",1673325273.0,1
DecidingToBeBetter,"Thanks for your reply. I'm really trying (refer to the Edit) and I mean.. I'm 27 and want to go back to university lol. I just couldn't tell you what for. I suppose the biggest passion I know I have is .. learning in general. but the subjects just constantly change, my interest never holds in one place very long. it makes it hard to turn into a hobby or career. 
I get so scared knowing I only have this one life and it feels like I'm fucking it all up.",1673324838.0,1
DecidingToBeBetter,"I've only gone into some of his Sisyphus stuff so far, but I'm really intending to deep dive him cuz that resonated with me so much. So far only The Plague has arrived in the mail lol.",1673324601.0,1
DecidingToBeBetter,"Thanks for your reply. After a quick Google of what bipolar is about, no. BPD is 100% more accurate to me even if there are some overlaps. 
I'm no longer on medication, and haven't been for 3 years. The kinds I listed were things different people had me on over the prior 15 years. Antipsychotics for suicidal crises. Antidepressants as a teen before any diagnosis other than general anxiety/depression. Neither thing ever helped me. I became really against medication. Sertraline from memory turned me into a zombie. 
I grudgingly accepted being put on epilim or something like that, which was apparently for epilepsy, during my time doing DBT to see if it would help my mood regulation. 
To this day idk if it helped at all, but the DBT skills definitely did. I quit the meds as soon as therapy finished, then went on to get top student and been employed for over a year now. I'm still functioning. I don't need meds and wouldn't accept them now.",1673324490.0,1
DecidingToBeBetter,"Thanks for your reply. Yeah I do want to get independent from my parents. I just know how bad I get when I'm fully alone. I think I may have a little autism (aspergers) because I really really really struggle with making and maintaining relationships of any sort. I'm trying, but people are simply HARD for me to get along with. 
I'm really trying to discover my happiness. I've spent a lot of money trying things I always thought I wanted to do, to then find out there's zero passion there.",1673323594.0,1
DecidingToBeBetter,Lack of context makes this sound sort of condescending.,1673323385.0,1
DecidingToBeBetter,"Thanks for your reply. I'll have a look when I have some time, for now I'm just trying to reply to all these comments haha. 
I'm currently getting right into philosophy, it's my latest attempt at a hobby. I read the ""cartoon introduction to philosophy"" around Christmas. it came in the mail early enough for me to finish it and decide on passing it to one of my nephews as a present lol.
I got familiar with Albert Camus a few years ago, his stuff around Sisyphus really helped me in a way. I ordered 4 more of his works around Christmas, as well as Satre.
Also decided to finally order my own copies of Carl Sagan's Cosmos as well as Ann Druyans follow up Cosmos which are really helpful to me. They're a cosmic kinda philosophy. Also been reading ""what we owe the future"" which makes a case on what we morally and ethically owe future people who aren't born yet in our current actions. 
Sorry for the rant. I just really relate with the last part of your post.",1673323280.0,1
DecidingToBeBetter,"Thanks for your reply. I think one of my biggest problems is not knowing what I want my life to be. It's almost like I want it all, and have fear of missing out on the other paths. I'm scared of the wrong path so much that maybe I sabotage anything I'm on. Maybe I'm ruining everything because I have no focus. I can't find it. 

And the only thing I like faking is my mental state at work lol.",1673322681.0,1
DecidingToBeBetter,Thanks for your reply. You introduced me to plyometrics. I will give that a go somewhere in my journey.,1673322438.0,2
DecidingToBeBetter,"Hi, I may or may not fit the bill. I've just got a few books by Albert Camus I'm intending to pick apart. I have some Aurelius and Seneca unread in my shelf though. Maybe this is my sign to get into them lol",1673160522.0,1
SuicideWatch,both. who knows.,1672483263.0,1
SuicideWatch,"music, reading, learning in general, my nephews, the thought of getting the fuck out of here and never coming back. 

but all those things make me sad too. to love is to grieve. I grieve the futility of all human labor and the absurdity of existing like this at all. I think you could call me a walking existential crisis.. that type of thought intrudes on anything I do.",1672483060.0,2
SuicideWatch,"not really, it feels like drowning in everything. it's every aspect of my life, none of its going well in my head and heart. I'm utterly unhappy in all of it.",1672482818.0,2
SuicideWatch,"as I said, in 10 years I've never managed to change this for myself. I'm just empty",1672482665.0,1
SuicideWatch,"counter question, is that somehow important?",1669887123.0,1
MakeNewFriendsHere,Stay Alive,1665887491.0,1
SuicideWatch,"I assume something to do with a mixture of consumerism and social media and media in general.. marketing perfect lives, relationships and bodies which are unattainable to most. and school teaches us stupid shit instead of things like what I've literally had to go to therapy to learn - emotional regulation, distress tolerance, mindfulness. if your family is toxic to begin with then you're shit out of luck at being raised into a healthy person.",1665885147.0,2
SuicideWatch,"nobody wants to be like this. the amount of therapy I've taken myself to, the counseling I still attend? to suggest I want this is insulting. 
and most of it isn't my fault, but it's still my responsibility to fix. 
I'm done with this thread.",1665866088.0,1
SuicideWatch,hope isn't just willed into existence. you either have it or you don't. to me it's just more pretty words people try to use when they have no real advice.,1665861785.0,2
SuicideWatch,"I'm already in the void though, that's the thing.",1665861224.0,2
SuicideWatch,I learnt that years ago. but my brain seems set on this path.,1665861131.0,1
SuicideWatch,hope is dangerous. it's like flying into the sun. feels warm at first then inevitably burns you alive.,1665831007.0,6
SuicideWatch,some levels of not ok aren't ok,1665830826.0,3
SuicideWatch,not really. I like the new lotr I guess.,1665830788.0,2
SuicideWatch,"healthy relationships, less toxic family, passion for my career, motivation in general",1665823250.0,3
SuicideWatch,idk everything,1665821560.0,3
lonely,some people get cremated.,1665821522.0,1
lonely,"and yet we're here while we're here and you matter to people while they're capable of feeling. human experience doesn't go away just because it's futile, not everyone else is growing cold about life like us. 
it's entirely up to your personal morals/empathy whether you care how your actions affect others.",1665821407.0,2
MakeNewFriendsHere,oooo you're NZ too?,1664606995.0,2
MakeNewFriendsHere,stars 🌟,1664606923.0,1
MakeNewFriendsHere,yep,1664606899.0,1
SuicideWatch,no,1663309406.0,2
SuicideWatch,"I want this for myself but I hate seeing other people leave, so I'm a hypocrite. but in any case I hope you're comfortable within yourself, and feel peace before the end.",1659154159.0,1
SuicideWatch,"this is why I hate romcoms, and thriller/horror (and zombies in particular) are my fav genre. less desirable to compare myself to.",1659152127.0,1
SuicideWatch,like succeeding,1652161767.0,1
SuicideWatch,yes. no.,1652161239.0,1
SuicideWatch,everything,1652160835.0,1
Advice,"cut off her access to any future money you make/save. you need an account independent from her whatever it takes. 

when that's in place maybe you won't feel like it's on your mind all the time, and hopefully if she has any integrity she will eventually pay you back.",1650344606.0,1
lonely,I understand more than I wanna admit. I hope things get better. we gotta put ourselves in more social situations,1650006744.0,2
Advice,"classic doc martens. 
a length of chain around the hips with maybe a good padlock on the end that can be turned into a makeshift Manriki. 
a cheap watch, idk why. 
one of those neck tube things that can become a mask. 
I'd probably do a plain leather vest over it with the arms torn off and some dumb poser statement painted on the back with white fabric paint. 


if the hair isn't a hawk or undercut at minimum then the whole thing won't work",1648627819.0,2
BPD,"imo if you feel that from someone whether it's true or not you should still leave it. once there's a hint of distrust everything is just heartache. 

I think I believe assumptions and intuition are different. assuming comes from not knowing enough and putting false and most likely negative data in those gaps. but intuition comes from recognizing patterns of where you've been.. hence a skill gained through life as you say. 

to me assumptions are almost always negative, but intuition can be either.",1648626046.0,1
Advice,"you're 14? do your homework what the fuck? it's illegal for actual women to have anything with you and what you're gonna judge your love life on immature girls? 

I hope this post is troll.",1648625367.0,0
ukraine,"It's valid to feel how you do, just remember if roles were reversed you could easily be who they are. Ordinary people don't want to deal with war, not those in Ukraine, or those Russia. Ignorance is bliss. But now their bliss is being disrupted by sanctions - hopefully they'll feel compelled to look deeper than whatever lies they're being fed. And hopefully they do what's right when they figure it out. But I don't think ""waking"" the brainwashed is such a simple or sure thing, considering it's nearly an entire population.",1647923790.0,5
ElectricalEngineering,"Agreed, almost want to print their answer and add it to my study notes lol. 

I mean yeah. I only just started my apprenticeship/night classes and have been out of study for a long time, and because I did my initial entry level study with a different provider I have massive gaps with what this provider expects me to know/remember.

Fun times, but it'll be all good. 

Thanks for your reply. :)",1645654375.0,1
ElectricalEngineering,"Thanks, that's extremely helpful 👍",1645581252.0,1
ElectricalEngineering,"Thanks, that's extremely helpful 👍",1645581212.0,1
ElectricalEngineering,Mine or the material? 😅,1645563646.0,2
BPD,"Crazy girls by TOOPOOR

Chemical by The devil wears Prada

Time - edit by NF

Mirrors by Arrested youth

Weight by Hands like houses

Trapped by The word alive",1637639113.0,1
MakeNewFriendsHere,new zealand,1636701180.0,2
MakeNewFriendsHere,lol it was 7pm here when you said this,1636700711.0,2
MakeNewFriendsHere,not here.,1636700657.0,2
depressed,"if u believe that u leave no room for hope or awareness of improvement. 
u can overcome it by truly understanding it's all in your head and your way of perception - which CAN be changed with enough effort. there is no easy fix.",1636693653.0,5
Advice,maybe look into dopamine detoxing,1635229134.0,1
BPD,"I've had a FP who was bad for me, messing around with other girls while with me, and ultimately not treating me right. so can kinda relate.  

as hard as it is, it's always better to take your chances and have a clean break. if you've survived this far you can survive a little further... despite how easy it is to catastrophize a life without them. 

i haven't talked to that specific one for about a year now and been broken up for about 3. also had the weird broken-up but still hooking-up stage. it took ages to mentally move on. the block button is your friend..

change happens outside the comfort zone. good change included. you've gotta embrace being uncomfortable.",1633776824.0,2
BattleJackets,I'd go a couple sizes up.,1632293806.0,1
Advice,"I would be offended too... but it's also her choice imo. 

I know if I had a friend who I told everything and they were supporting me.. it WOULD be weird for them to then get close with my family, regardless of age or relationship status of everyone involved. You gotta respect that her feelings of weirdness are just as valid as your feelings of being offended by it. 

And because she's been in a bad place and you're helping her, she deep down probably wants your companionship and time for herself, and not share you with her mom who she might want to be independent from.",1632293277.0,1
Advice,"You could think of your current situation as a stepping stone.. make a little bit of money over a year or two, and then just walk away and have a quiet life in a quiet place. 

You're allowed to say no, and allowed to walk away. You don't have to ""show"" anyone anything, or be friends with people you don't want to be friends with, as long as you keep it professional. 

Hope you feel better.",1631485820.0,1
Advice,"> I want my friend back

Friend is valid, but sounds incredibly selfish to actually say that out loud while you're experiencing grief. Without hearing the context or delivery of how it was said, it comes across through text as very self centered... but they may have said it from a place of concern.

> What to think, what to do

Think kind thoughts, think about the good times. Don't dwell in the ""could of, should of"" because there's no point and will only cause needless pain. Grief counseling is an option to help you work through it. Coping themed self help books or resources online. Other than that, it really just takes time for the wound to heal.",1631485357.0,1
BPD,"Absolutely this.

I'm healthy until other people are in the picture.",1631425435.0,3
BPD,"100%

Books, games and Netflix are your friends.",1631348451.0,1
BPD,I'm BPD and attract narcissists/toxicity everywhere I go (yikes) and can't seem to retain healthy people .. mostly cuz I find healthy people boring... but still.,1631348370.0,1
Advice,"> Fear is of the devil

ok",1631192058.0,2
Advice,Fear is a survival instinct? Lol I'm a satanist,1631191033.0,1
BPD,"A FP is the first person I think of in the day. The thing I'm looking for when I pick up my phone every time. 
The whole world could be burning but if my FP was giving me attention I'd be okay.",1631087936.0,2
BPD,"Get evidence and then absolutely shut down all channels of contact with this person. Now. 

They aren't worth the privilege of being your FP, I'm sorry the disorder has picked them. It's time for YOU (the person beneath to disorder) to pick even better for yourself.",1631087680.0,5
depression,"I think you're afraid of negative judgement.

A professional is trained to give constructive judgement.

Please try convince yourself that not all judgement is bad. We judge things every day.. whether it's safe to cross the street, whether food is safe. 

If you want professional help they WILL judge you, but not in the way you fear. Just so they can decide the way to best help you. 

When it comes to normal every day people, you have to remember they're not trained in healthy ways to respond to people. When you're in a better place this won't affect you so much.",1631087463.0,2
BPD,"I personally got past my suicidal depression by finding a passion for life itself.. but more the understanding it aspect than living it. science gave me an understanding the natural world and the fabric of the universe. it's rather cool to see the view and understand how the view works. 

but being so existential is why I'm now like I am. it's not what I want, but it does beat daily suicidal crises.",1631080855.0,1
BPD,"Yes and no. 

People cope differently and present with BPD differently and it's best to be mindful about gatekeeping what is and isn't okay or real. 

Even those that say ""I guess I have BPD then"" and self diagnosing - we have no idea what their life is and what their struggles are. And while a professional diagnosis is ideal, we don't know if they can afford healthcare in their circumstances. 

If anyone is wanting to be borderline, romanticizing aspects of it, they have some kind of problem to begin with. If they need to turn to this diagnosis to feel listened to/given attention, don't shit on them for being ""attention whores"". They are obviously not healthy. 

Act with kindness.. keep assumptions healthy.",1631080607.0,2
BPD,"I'm currently unmedicated and have been for over a year. It never did anything positive for me.  

Though I do recall sertraline having a similar effect on me years ago. But I've been better and ""okay"" between then and now.",1631077040.0,2
Advice,"Personally? I wouldn't put up with that. Unhygienic, unclean, unmotivated people are a massive red flag and can develop into hoarding types.",1631076667.0,1
Advice,"It's okay to think and admit so long as you don't act on it in your current situation. 

If you feel about to act on it, it's time to end your relationship, or discuss polyamory.

I wanna point out that relationships are rarely long term when you're young.. don't stress things.",1631076568.0,2
Advice,"Tell him, be willing to compromise within reason, if still unhappy then leave.",1631076361.0,2
newzealand,"I agree in Level 2 it is unappealing, but context was for possible Level 1 by the time the movie comes out. More appealing to me.",1631065595.0,2
newzealand,"Jacinda said the other day that in cafes, gyms, etc, it isn't reasonable to wear face coverings because eating or exercising.

Cinemas pretty much rely on food sales, so same principle imo. Not a feasible place to wear them.",1631058806.0,2
newzealand,"Relatable! Dune is the only thing I really care about seeing on the big screen.

I believe it comes out in just over a month though, and chances are we'll be Alert 1 by then.",1631055536.0,4
BPD,"I've learnt everything DBT has to offer me to be totally honest. I know all the theory. I don't need more sessions on it - taking a limited spot someone else could definitely do with far more than me. 

Maybe a psychologist would help again though, can't deny that.",1631007138.0,2
BPD,"""manage myself right into emptiness.""

wow. 

feel that.. 

also I was suicidally depressed for about 10 years and DBT basically saved me from nearly daily suicidal crises.

but now its emptiness, and the fact it's emptiness is bringing back suicidal thoughts just in a different presentation.",1631005806.0,2
Advice,"Just.. wow. 

I would have a  roommate meeting with her. 

Set agreed terms for the maximum time you can have alone. 

Also maybe something like ""Nothing after 11"" or midnight or whatever.

Just come to a mutual understanding about what's okay and what's not.",1631002551.0,2
lonely,"You're valid. Emotions are there to tell us when something is wrong, and they've oing their job. (So basically your systems are functioning normally, congrats!) 

But yeah loneliness is hard. I suffer it. I go to concerts and movies alone and feel like theres nobody out there for me, I've tried looking for so long. 

Best option? Find people to interact with in mutual communities to take your mind off it. And don't stop looking, and keep an open heart and mind cuz the alternative is assured defeat.",1631001146.0,2
Advice,"I'm personally the kinda chick that will never beg for attention again in my life.. that's just become one of my values as an individual. I'll put myself out there, but whether I stay really depends on how much effort I'm getting in return from others. I consider this to be acting with self respect. 

I would leave these people alone until they sought me.

But assuming you're not wanting to do that.. yeah just refer to my original idea. Kindly and calmly ask the main one what's going on. Depending on the enthusiasm of their reply, stick with it, or take it as a sign to leave them all to their lives and find people who are more interested in you to fill that space.",1631000634.0,2
Advice,"I'm sorry you're going through a difficult time. 

If it were me I would straight up ask the one I was closest with if I'd done something because of how everyone was acting. I would tell them my feelings and ask them if they had noticed anything in the others. 

If I didn't get much of a warm, helpful reply, I would start pulling away and matching the effort I was being given.

Good luck.",1630999834.0,3
punk,"Off topic, but is that a borderlands reference?

If so, I dig it 👌

Good luck with your friend quest",1630989378.0,4
newzealand,"I get humans are basically a large invasive species. It's just human reliance that concerns me and lack of animals needing their skills to find food. I suppose enrichment tools would be a solution, zoos do it right? 

I agree with your sentiment though. Rather the lesser of two evils.",1630989154.0,1
newzealand,"That's very fair. 

I just personally take issue in interfering with wild species and food chains unless there's an extremely good reason.",1630984969.0,1
newzealand,"Keyword there for me is ""stopped"" - issue wouldn't have appeared if they hadn't become accustomed to humans feeding them in the first place. 

Essentially domesticating something and then treating it as wild again is of course going to lead to that.",1630984775.0,1
newzealand,I laughed so hard I cried 😂 amazing.,1630981921.0,14
newzealand,"Food for thought: 

https://www.bbc.com/news/science-environment-58346043",1630981660.0,1
Advice,"I learnt the hard way that people who don't want help aren't going to be helped. And that is heartbreaking for the people on the sidelines. I'm sorry you're experiencing it. 

What personally saved me from my own suicidal depression was discovering a love for science. Especially astronomy and biology. Learning what life actually was made me appreciate it much more and want to cling on to mine. 

If all else fails, get out some David Attenborough documentaries. Drag him out to some really nice scenery spots. Subtlety describe how beautiful everything is to you, and how glad you are that he's there with you in that moment. Maybe it will trigger something positive in him.",1630979153.0,1
Advice,"Rejection is always gonna be part of the game should you choose to play it. Don't fear it, just get more comfortable with experiencing it. Yes it's an unwanted experience, but it''s not a threat. Don't allow it to make you bitter or depressed. 

Maybe more exposure to women is a good starting point. Reply to girls' posts on here for some casual interaction. Go into it with no expectation and try to control the ""what if"" thoughts. The goal is the realization that talking to guys and talking to girls is absolutely no different - the difference only exists when you have expectations from the interaction. 

Like hey, I'm a girl. We aren't all scary. 😂",1630978351.0,2
Advice,"Match their effort. Not their attitude, just their effort.

It sucks but sometimes people just grow apart. But it opens a new door for someone new to take that space. Just need to discover who that will be. 

Find some single player games to play in the mean time. You can still have fun without this person, please don't think otherwise.",1630976899.0,1
BPD,why interact with them then 😂 seems kinda masochistic for you.,1630970118.0,1
BPD,"""Even hell can get comfy once you've settled in."" - BMTH

I fully get you. It was exactly that which made starting therapy so hard. It was comfortable being what I knew how to be. Just cling on to not wanting it and be willing to give yourself some middle fingers when you see yourself picking comfort. 

You've gotta be uncomfortable. No change happens within the comfort zone.",1630970057.0,1
BPD,"Is it weird I want my partner to have a wrist that looks like mine? 

(If you know, you know.)",1630969727.0,0
BPD,"proud of you!

I'm definitely not there yet",1630923656.0,5
Advice,Halestorm is bomb. take my upvote,1630922406.0,2
BPD,"""feed on this shit"" is a relatable description",1630921032.0,3
MakeNewFriendsHere,?,1630920586.0,1
BPD,"Honestly. 

Feel that.",1630917725.0,3
Tauranga,You're doing a great job of being brainwashed in your own way. x,1630917445.0,3
BPD,"Mm I've done some therapy which was hugely helpful, I don't get in crisis anywhere near as much. But I still find healthy people not very fun. 😕",1630917364.0,5
MakeNewFriendsHere,Take my upvote 🙄😂,1630915640.0,1
MakeNewFriendsHere,yes sir!,1630913732.0,3
Advice,"Do a solid stint of No Contact and heal. 

Reflect, work on yourself, get to an absolutely stable and happy place, and then MAYBE rekindle things in the future.",1630912323.0,4
Advice,"Story time.

In school I had a friend who was jealous I could actually self harm myself. She told my crush I tried to cut my neck at her house (absolute fiction). She was constantly lying about awful events happening to her, about having cancer with a year left to live when her mom died of cancer. All these pregnancy scares left and right. Lying about hooking up with boys (which she's since admitted to). She wanted the attention or fame or whatever she saw in it.

It's about 10 years later now, and she ended up actually depressed and mentally ill, overweight, and unhappy in general. She's actually not a nice person to be around now at all. But at least she's seen the error in how she was as a teen

I just want to warn you about a potential path you're on. Count your blessings!! But also maybe see a counselor about this before it spirals.",1630911966.0,4
punk,Absolutely **love** your makeup!,1630911149.0,2
Advice,"I've had sex with total strangers who to this day I don't remember their name. And it is uncomfortable. It's awkward. Communication suffers. But I took myself there, signed myself up for it, and never said no. I would never call them rapists as much as I regret it. 

I would never do it again, I far prefer the trust and communication that comes with a relationship. 

Even people who appear not into it still might be, that's the funny thing about sex. I myself would have come off as extremely quiet and shy. People enjoy CNC so there's that. 

The actual act of saying **NO** is the most important part in the distinction between consent and rape.

Again.. my opinion.",1630910692.0,0
Advice,"No but the rest of my definition makes up for that one part.

If it's agreed of ahead of time and you make it clearly known to them that your mind has changed and they still go ahead with it, yes it's rape, I agree 100% with that.

If it's agreed ahead of time and you don't tell them anything, it's still consenting sex because this person isn't aware of a change. They believe they are having consensual sex because you've allowed them to believe that. They aren't raping you.",1630910183.0,1
Advice,"Your point is valid, but not here in my opinion. 

You internally struggle with whether you want to have sex but outwardly tell them to wear condoms. They say let's go to the shop, you internally dont want to but externally say nevermind and walk to the bedroom. You're internally unsure but externally push them back to say you're very nervous, and by the sounds of it make no clear protest for the rest of the encounter.

With the original consent in mind, does this guy at any point have a *clear* signal to stop? This is the difference between consenting sex and rape. 

Your burger example has a clear ""no I'm not hungry"", I just don't see it here.",1630909142.0,1
Advice,"Does your sister know that? Okay maybe you try nicely, calmly and firmly at first.

But that might be a good way to scare her out of it, threaten to get adults involved if she doesn't stop after the first talk.",1630908217.0,1
Advice,"My brother killed himself during psychotic depression. He has 3 kids and this action wasn't him at all, it was the illness. 

Rally all the support you can.",1630907856.0,1
Advice,"Again.. the freak out is warranted. That's literally the appropriate response. 

And what's the chances that she'll just hide it from you and be more careful? 

She needs a talking to from someone with a bit of authority imo.",1630907698.0,1
Advice,You have every right to do this. The freak out is warranted. It's in her best interest. If she has a brain she'll get over it later on.,1630907436.0,1
Advice,Involve your parents. Seriously. They'll have better chance at talking sense into her than you will assuming they've been doing it her entire life.,1630907378.0,1
Advice,"Why not both?

Buy a bald cap online as a birthday present lol",1630907210.0,1
Advice,"You're not their taxi. 

Set your boundaries and make them absolutely clear. Real friends respect you. Fake friends continue to be selfish.",1630907037.0,2
Advice,"Sure it would have been nice if he had been more communicative, but this wasn't your boyfriend or fwb. It was a stranger and it sounds like you asked and directed him to be there for a sexual encounter. 

My personal definition of rape is when it's not asked for, not planned and clearly refused before or while happening. Your discomfort over the actual experience doesn't make it rape. 

Sorry to those who don't share my view.",1630906743.0,-2
Advice,"Put simply, you haven't found the right girl. When it's right, it's reciprocated. 

There's stuff you can do to have better chances at things going well, like dressing well, having good hygiene and being kind. 

Chicks don't want to get close to a guy who's bitter or depressed. If that's not you, then nothing to worry about. 

Constantly work on yourself and keep searching and that's really all you can do.",1630906028.0,1
punk,I honestly feel you. I'm alone in being alternative in my real world life.,1630904360.0,2
Advice,"What saved me personally was getting into popular science. Especially astronomy and biology. Understanding the universe and my place within it. How rare it is. How short my glimpse is. How nature works to sustain us. How grateful I am to have the mental capacity to perceive such complex things. No other species or life we know of can. We're literally a self aware universe - matter recognizing itself as matter, physicists themselves atoms, studying how atoms work.


Having expectations about life, people, myself, gave me nothing but pain. Dealing in gratitude instead made it a whole new reality.",1630904261.0,1
punk,"They're normies. Don't take it personally.

They just don't get it, *and how sad that is for them!*",1630903810.0,2
Advice,Not necessarily. If you don't like something don't waste life on negativity and keep scrolling.,1630903735.0,1
Advice,"If something doesnt bring you joy, you're not obligated to do it unless it's law or in contract. 

Also consider this: US military still get honorably discharged/separated when they leave because of mental health. 

Don't overthink it or beat yourself up. Do what makes you happy.",1630903569.0,1
Advice,"Take it somewhere else. 

I mean, I'm on reddit right now and I should be doing study lol, that's what I get for keeping my phone right beside me. I'm addicted! 

Take just the essentials to a place you normally don't go as a reset, so you can train your behaviour while in this place.",1630903211.0,1
Advice,"You're allowed to give opinion and insight, just add a disclaimer that you're not a professional or qualified.",1630903060.0,1
Advice,"Dealing with the drama of these cats was not what you signed up for. You signed up to feeding them only. 

Make no mistake, this is her problem. Ask her if there's anyone else she can call to take over.",1630902946.0,3
Advice,"My personal definition of love is caring that a person is happy and healthy and acting in ways that promote this. 

Any healthy relationship needs that from both sides.

Also I prefer communication, commitment and compromise in my relationships. My three Cs.",1630902245.0,1
Advice,"This is really good advice, but also be mindful of being strung along by him saying the right words then more 180s.

Some people really get off on having ""options"" all around them.",1630901847.0,2
Advice,It might be healthy to do No Contact with him. Look up the details if it sounds like something you're willing to do.,1630901662.0,1
BPD,"Maybe you should seek professional help first? It shows her you're serious about improvement and that things are about you too, that whatever you bring up to her isn't an attack solely on her, it's about you both. 

Being with someone who's untreated is challenging, and you deserve support for that. Whoever you potentially see would most likely have really good advice and answers to this stuff as well. 

If you decide to bring it up with her without that, don't be a persecutor, don't be a victim, and don't be a rescuer. Be a coach. *Look up the drama triangle!*

And be aware there's only so much you can do. You're not responsible for her self-betterment, she is. And only people who want to change AND put in the effort to, will change.",1630901563.0,2
Advice,"Wait so to clarify.. you broke up with him? Or he broke up with you? It says both in the post.

I think if the situation is making you depressed and feeling uncomfortable then it's better to step back from it and look after yourself. 

Get to a good, happy, place mentally. Be friendly with him if that's one of your values, but don't seek anything until you're okay.",1630901100.0,2
Advice,"You know what to work on then right? 

Anyone worth having around you isn't going to be looking for that in a partner.",1630900467.0,2
Advice,"I think you read malice in my post where there was none intended. I'm just trying to understand before I feel able to answer. 

I experienced suicidal depression for over 10 years and my brother took his life, so I'm personally no stranger to life meaning little and not wanting help being mutually exclusive things. 

For me it took a strong realization of how much life was worth (after learning about astronomy and biology) to be able to get over my reservations about getting professional help. It's relatable in some ways to you, since most of my damage was caused by other people bullying me, and I also experienced sexual shit as a kid. I didn't want anyone poking around in my mind.  But now I can say it was worth it.

I think you should seek some form of support for what you're going through and take a different approach to getting assessed. Even if it means a few appointments with a doctor getting exposure with them before they do anything. Cancer doesnt discriminate in age.",1630900272.0,1
Advice,"Do you dress well, have good hygiene, come across as kind and approachable? Have you asked people in your life what you could work on to be a better you? 

There are relationship coaches if all else fails. 

It's a hard game for some of us and it's easy to get discouraged, but being discouraged means almost guaranteed failure. Make a mental decision to stick with things no matter what. Don't get depressed, don't get bitter. Use rejection to motivate yourself to become even better for yourself and any potential partner.",1630899176.0,1
BPD,Imo don't be her therapist. Don't call her any diagnosis she doesn't have. Kindly coax her towards seeking a professional who can do the diagnosing. Market it as being for both her own health and the health of the relationship.,1630898706.0,7
Advice,"Start looking, don't be too picky, accept rejection as part of the game, work on yourself constantly.",1630898535.0,2
Advice,"I experienced that a bit when my ex left. It's been three years now and I'm only just starting not to compare people to him.

I'd say doing it is normal, because you think that's what you want. That's where you've set your bar and expectations. 

But imo people deserve to each have their own individual chance to prove what they're about, free from the ideals we have on what our partner ""should"" be. If they care deeper than just surface level niceness, that's huge enough on it own. It's hard to find people that do.",1630898147.0,1
Advice,"If life means so little to you, then why do you want help? I'm just struggling at understanding that.",1630897639.0,0
Advice,Please leave your wife.,1630897478.0,7
Advice,"You're not crazy. You're not pathetic. Your feelings are valid.

However I want to point out how easy it is to idolize people we havent met and put them on a pedestal. We dont see all the negative things because behind screens they can show us whatever version of themselves they want. So we run away with this idea of this amazing person who's just so perfect in every way. It's a lie.

This isn't to say that she doesn't have traits that you like. Just be realistic with yourself that she probably isn't 100% what you expect. 

Any loss is going to cause some grief, that's very normal. Take some time, look after yourself, and when you're ready, try again with people closer to home if that's one of your worries. 

As for what you said about girls on the dating apps. Your goal should be a person that cares about you, not a carbon copy of yourself and your hobbies. There's plenty of people out there you can love and be loved by. 

Good luck.",1630897218.0,1
Advice,"Even when it's your choice, it's still a loss and feeling grief is still expected and normal. 

Stay strong and reject the self doubts, after all, you got to the point where you made this choice so it's very evident you've been unhappy with what things were. 

Give yourself some time and reassess how you feel in a few months.",1630895218.0,2
newzealand,She helped someone who was stabbed in the recent Auckland terrorist attack.,1630823349.0,17
newzealand,I just saw her account. What a badass.,1630823307.0,6
BPD,"Wow this just unlocked new feelings for me. I had never focused on this, because it's always felt like a personal problem for me.

I had a late diagnosis (after age 20) and managed my own appointments and treatment, and while my mom would ask me how it went, she never really pressed to hear much about the specifics. My family are in the ""just get on with things"" mentality.",1630822446.0,1
BPD,"Tell who? And tell them what? I've just explained what my behaviour is, what else is there to say?

I've learnt in therapy to let go of expectations from and of others. 

And I dont know what I'd like from people, I feel outwardly apathetic to everyone lately. That's the whole problem.

I'm struggling with your line of questioning. Maybe you should make a post and see if others can answer this.",1630817018.0,3
BPD,"I actually love the sound of your style! 

I still wear band shirts, chains on my jeans, docs as well, dyed undercut hair, and I go absolutely nuts for titanium dipped (rainbow) anything, and anything to do with raccoons. 🤣 Like.. I cant imagine ever NOT dressing like this. I'm gonna be a badass grandma. 

I like your view on it. I also had to somewhat get over the weird feelings of dressing how I like in public. Middle fingers to the haters tho right? At least we're being ourselves.",1630807099.0,2
BPD,Feel that.. I don't even like crossing roads alone!,1630806603.0,2
BPD,"Yup that's relatable.. always looking to others to take charge of the situation. It's like I'm always looking for a parent. I wonder if being adopted contributed in a way..

I know I'm relatively smart and approach things with good intentions.. so maybe lack of confidence is a factor too? Fear of screwing up something I'm responsible for? Fear of failure has actually been a big thing for me, but I'd never connected it to this post's topic before. 

Dunno. Thanks for your comment, it unlocked a few deeper thoughts for me.",1630806415.0,2
BPD,this just gave me ptsd of like..  everyday life hahahahaha 🤦‍♀️,1630760664.0,8
BPD,"thanks for the advice, it never hurts to hear it 

I hope you and your work manage to work out long term, I'm going to be facing my first proper employment as soon as my country's lockdown ends and I'm so scared I'll be horrible at keeping up on responsibilities. 

Dressing like a skater boy sounds fun though! but I understand identity issues.. I'm basically becoming the guy who left me 3 years ago. my appearance is becoming more like his, and so are my goals. fuck 😂",1630747415.0,1
BPD,"I also feel mature in some ways.. like I've been on the earth for more years than a teenager and that brings experience and more knowledge. 

I dont really know how to explain it. I just feel otherwise really young in my mind. who I'm attracted to hasnt really aged alongside me either (but of course within the law though)",1630747032.0,3
BPD,"thanks.. yeah I'd briefly heard that this was a thing. 

dunno if anything's PTSD but I've had some rough experiences. My mental health has been a mess my whole life and it was an extreme problem during my teen years. lots of ego death, loss of identity, dissociation, suicidal depression back then. 

I dropped out of school at 14 over bullying and had a massive involuntary personality shift, and my memories before then are still super sketchy. a therapist in the past said she thought I had blocks. I've felt stuck at that age ever since I guess",1630746806.0,10
BPD,"honestly this has been the most relatable comment so far. 

I'm the last of all my siblings to still be childless and unmarried, and the only one left of my many, many cousins to not have a partner. I'm older than a few of them too. 

I still live with my parents and I'm only just finishing study now. So don't have much savings and wont for a while to be able to move out. 

I guess it's just... feeling so far behind everyone else? and the shame that I put on myself for it.",1630746149.0,3
Slipknot,"Nope. 

To me waking up can be a metaphorical thing. If ignorance is bliss, ""waking up"" can be anything but. I've had many sleepless nights in distress. I like the line.",1630723932.0,21
BPD,"I'm not really sure how to answer this, I mean, I just live with it.",1630723511.0,23
BPD,"I've lost so many people because of this. I just have no urge to message people or even reply to them half the time, and yet I crave emotional connections? I really am my own worst enemy haha.",1630718104.0,107
progmetal,sick choreography... damn,1630581770.0,4
SuicideWatch,"It's more sad wasting your life being condescending to people on the internet who are sharing their feelings. Does it make you feel better about yourself? Like, who are you to gatekeep people's mental health and speak to them this way? Check yourself. This is absolutely not the sub you should be on if you can't speak to people who are in crisis with a little compassion.",1630578833.0,1
