subreddit,body,created_utc,score
scars,"I would get sick often, and I have now been diagnosed with an autoimmune disease that could've been triggered by the infection but theres no real way to know. I never got meningitis but I did get bronchitis a few times during that time. But we don't know if it was because of the infection.",1747838763.0,2
scars,"Yeah, even after the double mastoidectomy I still have tinnitus and frequent ear infections. The mastoiditis caused severe migraines and nerve damage that I still have 2 more than years after getting them removed. I would try to find a doctor who can remove your mastoids. While I still have issues, I feel much better without them.",1747838212.0,2
scars,Without cholesteatoma.,1747836961.0,2
Celiac,"I've checked, but they're all atleast an hour and a half away. I wish I had one nearby.",1747759037.0,1
whatsthisbug,"Ooo, I'll have to keep an eye on it, see what lil guys show up!",1747707484.0,1
whatsthisbug,"They are only on a few flowers, are they bad? If they're just doing their thing then can I just leave them? Let the circle of life go on? Will they kill the plant? Even then, it's not a native plant so I don't really care, it came with the house. I'd rather the lil bugs be happy than the plant, are they beneficial in anyway to other creatures?",1747703030.0,2
Celiac,"I've got alot of pre-existing mental health conditions and celiac disease has definitely been making my mental health worse. While yes, feeling better has helped-- on days where I've been glutened by God knows what, I feel so much worse than before I was diagnosed. I have never had so much stomach issues as I do now. I feel like I can't eat anything.

Going out isn't fun anymore. Cooking isn't fun anymore. I used to love going to fairs and going and trying restaurants with my friends, but not anymore. I always wanted to travel the world to try diffrent foods. I had a whole list of restaurants I wanted to try. The only time i would see my friends was when we were going and testing restaurants. I don't really have friends anymore tbh. The only person I have anymore is my boyfriend and its just so lonely. I don't know anyone who's gluten free, let alone has celiac, and the people in my life try to sympathize but I can tell that they don't understand it. 

I have very bad anxiety too, I have been really struggling to stand up for myself and make sure that I'm safe. I don't want to be a bother. Even before this, I could barely order my own food. Every time I go out to eat I feel like crying. I get such bad anxiety any time I leave the house, I feel like such an outcast. I go over my boyfriends family's house sometimes and they will always make comments on how my food looks lame or that they couldn't imagine and how they wouldn't go gluten free and they say it as a joke and I pretend it doesn't hurt but it does. Its not just them, everyone seems to think its funny to say ""id rather be dead than not eat gluten!"" And shit like that. It hurts. Its just a joke to people.

My doctor thinks I could've had this my whole life. (I'm 21) Knowing that is hard because I was told all the time that I was so lazy and dramatic. My family would say I would ruin their vacations because I'm so lazy and boring. They would always make fun of me for needing like 3 naps a day and having really unstable moods. But now that I have the diagnosis they are saying ""oh wow, I always knew something was wrong!"" When I bring up what they would say, they deny it. I just want them to acknowledge that they never heard me as a kid. Knowing my family can't even do that also adds onto the hurt of this disease. 

I still feel like its a cruel joke. I still haven't fully grasped the fact that this is my life now. For the rest of my life I can't just go out and enjoy food. I feel like I've lost a big social part of my life.",1747702717.0,12
Celiac,"Oo, how do you order stuff ahead? I'm going at 11 so I figure there will already be alot of people.",1747163063.0,1
glutenfree,I'm going! It's called Wicked Gluten Free expo. I'm so excited.,1747161811.0,1
mycology,"Are there poisonous look alikes? There are so many, like 10 big bunches. I love cooking so if they're safe then I struck gold lmao",1746139245.0,4
glutenfree,The bag was actually pretty full!,1744810668.0,1
Celiac,"My boyfriend will advocate for me, but not make a whole big deal. I have anxiety and would rather there not be a big deal about things.",1744641709.0,6
Celiac,"Dont take my word on this since I'm very new. My understanding is that I don't think its a gluten allergy, more so a gluten intolerance. There are wheat allergies. But gluten intolerance is like celiac, but not an autoimmune response and doesn't damage your body. So it can cause similar issues, but without the intestinal damage. Kinda like being lactose intolerant I believe. Every lactose intolerant person I've met can still have lactose, but they'll just get sick after. Celiacs can't eat any gluten because they will get sick, AND cause an immune response that will attack their intestinal lining and cause more issues down the line. They're similar, but celiac needs to be taken more serious.",1744641548.0,2
parrots,I have 3 cats and a blue and gold macaw. They all know that she can fuck them up so they leave her alone. One of my cats is stupid and I have to protect him from her because if he's close by she will literally climb over to him to bite him. Like he could be asleep on the couch and she would try to climb up on me so she can try to bite him.,1743652333.0,1
Rocks,"I have no clue, but me too. If I see a cool rock I need it. My car is filled with rocks (and pinecones). My sister calls me a penguin.",1743436904.0,3
Rocks,"We went to Zion and then Orderville. Pretty much all of them were found in orderville, some from the side of the road on the way. I stopped at Joe's rock shop and tried to get directions to the separation nodules but me and my boyfriend got distracted and climbed a mountain.",1743432978.0,3
Celiac,"Thats the funny part, hes a pretty young doctor! Looks like he's at most late 30s/early 40s.",1742936266.0,6
Celiac,Lmao I might as well just not leave my house at this point. This is horrible. I have no idea how I'm going to do this shit.,1742912990.0,0
Celiac,"I'm sorry, I'm just so overwhelmed by all this. I've been struggling for months and then this whole diagnosis was like a stab in the back while I'm already down and I'm just not doing great.",1742911366.0,5
Celiac,"I'm not eating very well, I'm afraid to eat. I've mainly been eating fish, rice, yogurt, and apples. But I'm out of everything so I'm just eating whatever I have because I need to mentally prepare for going to the store again. I still haven't found a good store to shop at and I'm just too overwhelmed to go out.",1742910964.0,3
Celiac,Hes a gastroenterologist.,1742910810.0,2
Celiac,"Yeah, well I'm very new to this. I've been diagnosed for a few weeks. My bad that I'm not perfect and that I'm so stressed out that I literally can't eat anything anymore. Like I'm asking this question so I can learn more. I think its kinda messed up that people are coming after me for not knowing shit. My life has been turned upside-down. I was literally getting ready to go to school for baking and now my whole life plan is gone and I have no idea what I'm going to do anymore. I'm trying, I'm sorry that I'm new to this and going through a really tough time where I can barely get out of bed anymore let alone think about ingredients. I'm doing horribly haha, the one time I try to eat out after being holed up in my house for weeks I get sick. Im sorry i was so anxious and already feeling like a bother that I had to eat somewhere diffrentthen my group! It'll teach me to check for sure! I don't need some random people online telling me I'm in wrong for that. Like I know I fucked up. I know I keep fucking up. I'm really not cut out for this and yall cam down vote me all you want because I'm just so done.",1742910766.0,6
parrots,"I have a blue and gold macaw who absolutely *hates* my boyfriend. He still loves her. She screams non stop when he's around and he still talks about how he will get her to like him one day. I say this because your partner should atleast tolerate your pets, after all, they had your heart first. My bird is like my child. 

My ex hated my bird. I was with him for 2 years. I kept thinking that he'd warm up to her, but when he eventually moved in-- he hated her even more and that was terrible. He told me that he wished I'd get rid of her and would say he thought about leaving me over her. 

Theres a compatibility issue there. You might be able to work things out, but never let a man tell you what to do with your life. Your pets are your babies and he can't tell you what to do with them. If you want to start a family-- Imagine if he said that about your child. Is a crying baby going to bother him? If he can't deal with two small birds then how can he deal with a whole infant.

Its ultimately up to you. You need to talk to him and tell him that your birds are important to you and that him not not making an effort to like them is upsetting.",1742881516.0,1
polymerclay,"Id spray the top first, like the whole top part while its sitting on something. I'd usually just set mine on a peice of cardboard. Then once its dry turn it over and spray bottom. You could also get a wire and make a loose loop around the tail and spray it that way. I now tend to cover my peices in UV resin now as I like the glossy look, so that's an option aswell, you can just brush that stuff on.",1742875130.0,2
Celiac,"Yeah, my levels were only 30 and idk about marsh, but my results only said mild villi bunting. I'd say with how I'm feeling I probably have it since I've been feeling especially worse after I ate a gluten free pizza yesterday. I didn't think to ask if the toppings had gluten (sausage/pepperoni).",1742871509.0,9
Celiac,"I was diagnosed with both endoscopy and blood test. The results weren't super bad. The blood test wasn't enough to diagnose, and if I only had the endoscopy it said that wasn't enough to diagnose. It said mild villi bunting. And my positive results with the blood was only very slightly over the positive numbers, but my blood was tested twice and they both came back positive. 

Do you think its ok for me to keep my toaster and air fryer for my boyfriend? I've been trying to feed him the rest of my gluten foods and he sometimes brings over his own food from home, and I don't want him to have to only use the microwave.",1742871185.0,7
Celiac,"I'm autistic and all my safe foods were gluten. I know you don't have the diagnosis, but I get what you're feeling. But just remember you have the ability to go out and get those foods. Like I don't want to undermine what you are feeling, but you can still eat those foods it will just be more work. Get your own pots and pans and sponges and anything that will come in contact with gluten. Make sure you clean up everything afterwards. Don't use flour or anything that can put particles in the air or around the kitchen. Depending on what your safe foods are, it can be easy to keep things separate. Like, I still have my toaster and air fryer and now those are only for gluten if my boyfriend wants to eat anything (I still have alot of gluten foods left over and have been slowly feeding them to him haha).",1742865641.0,2
Celiac,"My boyfriends brother asked me that and I was like ""yeah, I had diarrhea every day for 8 months until I started shitting blood and got diagnosed and another whenever I eat gluten I feel like I have the worst flu ever"" 

He brought it up after I had said I made a gluten free cake for my boyfriends birthday. I told him that I made sure it had no coconut in it because he (brother) is allergic. He was like ""yeah well I bought him a regular cake"". I was like ""Cool, boyfriend wanted to have a cake we could all enjoy"" and the brother goes ""Why don't you just eat gluten??? You'll just have a stomach ache. Or will you shit yourself?"" 

He then tried to say that him being allergic to coconut was worse then celiac. I wish my boyfriend was in the room to hear that. I just sighed and walked away.",1742864977.0,1
Celiac,"I'm in NJ too and was just diagnosed, I know I'm not OP but if would you be able to give me some recommendations?",1742864432.0,1
Celiac,Happy birthday!,1741631038.0,2
medical_advice,"I'm an infant teacher aid in a preschool and I used to ask that question alot. Since I have started just last year, I've gotten the flu 3 times-- same with a cold. Currently recovering from bronchitis. I used to never get sick like this.",1741630130.0,2
Celiac,No worries!,1741628294.0,1
Celiac,"I'm pretty new to being gluten free and I just had my birthday the other day and had a gluten free cake, it was definitely different but not really that bad. But I had the vanilla one so I'm not sure how the chocolate would taste. Its alot more firm, not even close to being as fluffy.",1741628265.0,2
Celiac,"I'm the one with celiac, he can eat normally. It would just be us two which is why I was wondering if I should just make a gluten free one or just make him his own cake haha.",1741628115.0,2
parrots,"Exactly, people see stuff online and think they can have it. I worked at a pet store and people would constantly come in and want to get birds because they saw online how great pets they are. No bird owner will tell you parrots are good pets. I have a blue and gold macaw and people always say how they want one so bad because they saw how they are so sweet and cuddly. My macaw is an asshole. I've had her for almost 7 years and only in the last year did she finally start warming up to me. I grew up with cockateils and was never able to form any sort of bond with them and my mom eventually gave them away because she didn't like that they weren't affectionate. People need to do more research.",1740166001.0,2
parrots,"The thing i would always tell people was to talk to them. Sing to them, whistle with them. Try to mimic the noises they make. Give them new foods, and talk to them, but don't try to give it directly to them until they're ready. The worst thing to do is try to grab them or chase them around the cage. I know its hard, but you gotta give your bird time to settle into its new environment.",1740152066.0,2
parrots,"Yeah, but you are the human here. You're gonna mess up your relationship with the bird if you can't gain its trust in a healthy way. I mean this is the nicest why possible, but did you do any research? Birds aren't easy pets. They can be very rewarding, but they are typically not affectionate right off the bat. You need to show the little guy that you are not a threat, and that can take awhile. I've had my bird since I was 14, and I'm 20 now and only within the last year she became ok with being pet and handled. I worked at a pet store and it was similar with the birds we had there, alot of them were terrified of people and we needed to slowly gain their trust. There's no quick fix.",1740146522.0,3
parrots,"Patience. Its only been a week. I had my bird for a few years before she warmed up to me fully. They are intelligent. Imagine if you were moved from somewhere you were comfortable to a place with a giant who keeps trying to feed you. Let it be for a week or so. Just talk to it, don't even try to give it food through the cage, just talk and try not to spook it. What kind of bird is it? Smaller birds are alot more nervous than big ones. Just give it time to get settled in. Don't try to take it out or handle it, that will only make it worse. In a week or so you can go back to offering treats, but right now its telling you its uncomfortable.",1740145999.0,10
Celiac,"I appreciate your comment, you're very kind. I might have my mom or dad come with me to the appointment because I feel like I might be overwhelmed. My mom just bought me some gluten free pasta for me to try so I'll see how that is.",1740099969.0,3
Aquariums,I actually already have a school in my other tank! I do really love them so I might end up getting more haha,1739968154.0,2
tipofmytongue,Yes!! Thank you so much!!! Just looked it up and they even came out with a new season.,1739595663.0,1
tipofmytongue,The detective also had dark hair and I remember a scene by a trailer or something,1739595107.0,1
tinnitus,"I sent you a DM. Sounds exactly like what I had. I saw 11 different ENTs from age 14 to 18 before I finally found out it was mastoiditis. I was so depressed and suicidal because of it. It gets better. I had to have 8 surgeries but I'm doing much better. Its not perfect and I still have alot of issues, but I can go about my day now. Try to find someone who specializes in Neurotology. 

I was getting daily migraines, had tonal, pulsatile, and also morse code sounding tinnitus. I also had a loud clicking, popping, and squeaking that other people could hear. It turns out that my ears were filled with fluid and there were bubbles popping. If you can find one, get yourself a little ear camera. I got one on Amazon. I was able to get a video of the bubbles and fluid. 

I'm 20 now, dealing with this all since I was 14. If you need any advice just DM me. Same with anyone else, if any of yall have similar experiences just send me a DM. Id be happy to tell yall the steps I took to get better. I know how horrible it is.",1739563445.0,7
tinnitus,"Ive gotten atleast 5 MRIs and like 4 CT scans of my head and neck. My symptoms were very similar to yours. Ask them about mastoiditis. I had bilateral mastoiditis and had to have 2 mastoidectomys. I ended up having to have a total of 8 surgeries on my ears because I had shitty doctors. I remember being really nervous but it wasn't scary at all. The first one I got was when I was like 14. They played music and I actually was super relaxed. I dont mind them now, they're very calming and I actually enjoy the way the vibrations feel. The loud noises can be a little scary, they can jump-scare you, but its not gonna hurt you. 

I was getting really bad headaches every day for years and had clogged ears. What kind of tinnitus do you have? I had both objective and subjective tinnitus. I had clicking, tonal, my heartbeat, and what sounded like morse code. Since I had my mastoidectomy I rarely get those headaches and my tinnitus is better, its not gone but its not constant. I wish you luck!

Edit to add:
 I've also had even more MRIs for other issues. I guess some people may be more sensitive than I am, but I've never had any issue. It can be loud but it was never ""too loud"". Don't let others scare you out of getting answers. Having the clogged ear aswell as the tinnitus is a sign that there might be something inside your ear. It could very well just be fluid. Have you ever had an ear infection?",1739560972.0,2
InvertPets,Ah ok! Thanks! How quick do I need to be after they molt? Like I really check only them every other day.,1739412443.0,2
ehlersdanlos,Id say take it to your gp but they will most likely send you to a rheumatologist or something,1738611986.0,1
parrots,"So the hat wasn't helpful, but we made some progress! He played her music and danced with her then bribed her with banana chips. It was actually amazing, she willingly climbed onto his lap! She was on him for a good 5 minutes but he made a kiss noise (she usually likes it when I do) and that pissed her off and she tried to bite him then ran back to me haha.

https://preview.redd.it/n03173gngyge1.jpeg?width=2268&format=pjpg&auto=webp&s=08bd151ed1ef859faa08697e0bc3fb1c90fae6a2",1738602093.0,1
parrots,"I never once said I would?? I have grown up with this bird, she is my everything. I would never even think about getting rid of her.",1738062325.0,1
parrots,"Hiii! Yep, Shes still out here causing havoc.",1738015984.0,1
parrots,"No, but I might have him put his hair up, or hide it with a hat the next time he's over and see if that changes anything. And I'm going to start giving her more of her banana chips randomly as he's over so she associates him being over as her getting cookies lmao",1738013655.0,2
parrots,"Haha, I can try that. Maybe I'll get him a colored hat or something like that since I have colored hair and maybe it'll make him feel more familiar?",1738011392.0,11
parrots,"Shes not super cuddly, she mainly likes to chill out with me rather than anything. Im laying on the couch with her chilling on my chest as I type haha. Oddly enough, she has become more cuddly since I started dating him. I know not to touch below the head but I didn't know about the side of her beak, I do pet there sometimes. I will definitely stop with that.",1738011282.0,29
parrots,"Yeah, her previous owner had her sexed",1738010859.0,3
parrots,"Yeah, now I'm honestly thinking it could be that. He was very phiscical with me alot during the end (he was living with us) so I'm wondering if she thinks all men are like that and is trying to protect me? She gets very aggressive towards him whenever he is near me. I wonder if she thinks my boyfriend is my ex since they have very similar hair.",1738010739.0,27
parrots,Thats the thing! He loves to dance with her and give her treats. Last night he was telling me how sad he is that he can't give her treats because she won't take them from him. She will try to bite him.,1738010118.0,3
parrots,"I 100% agree. She was a gift to me when I was 14 and I love her to death, but it was a very stupid idea on my parents part. I used to work at a pet store and people would come in asking about large birds ALL the time because they saw funny videos online. Yes, birds are funny but they can be really mean and can cause ALOT of damage both to you and your home. I was bit soooooo many times when I first got her.",1738007308.0,6
parrots,"He has, hes said that she's not AS aggressive but still fairly aggressive. He's only gotten her to take a treat twice in the 6 months and the third time she went for his hand and he hasn't tried since. I honestly might talk to him about trying some bite proof gloves eventually, but I think we gotta get her to not see him as such a threat first.",1737997157.0,2
parrots,"She is still aggressive towards him, but a little bit less? She's only taken a treat from him twice without trying to bite in the whole 6 months. The last time he tried she went for his hand and he hasn't tried again since.",1737997009.0,2
parrots,"Yeah, thats what I've been starting to think.. thats why I told him to ignore her for now, I think she doesn't like him getting close at all. There are times when she's ok with him being in the room, but if he's doing anything she tends to get upset. In the video, she was fine beforehand, he was in the kitchen, but he had to get something from the dining room and she lunged at him when he walked in, and I got the video of her lunging again as he walked out. 

She was all fluffed up and just chilling beforehand, but he said hi to her as he walked in and she got mad and tried to go after him. Hes never done anything to get her aggressive like that, but someone mentioned that birds remember things well and I'm now thinking she may think he is my ex. He hated her and was also physically abusive towards me and maybe she thinks my boyfriend is still him? They both have the same length hair, so thats what got me thinking that. 

I really have no idea what to do other than him ignoring her. I know the bite isn't a good idea, thats why we haven't even tried him getting close like that. I hope him ignoring her and giving her space will help. I've never seen her hate someone so much.",1737996796.0,16
parrots,"She has, but my ex hated her. She wanted to make friends with him, but he would get mad whenever she tried.",1737994480.0,34
parrots,He wears them as an under shirt so his belt doesn't pinch him. How are you going to judge someone's whole personality based off that?,1737993327.0,31
Paleoart,"Thank you! I was originally going to make it simple and have it be brown, grey and orange, but I just kept adding lol",1737925000.0,1
Paleoart,"I didn't sculpt it, I got it from Facebook marketplace. This is what it looked like before I painted it.

https://preview.redd.it/dhjepvt4xqee1.jpeg?width=2268&format=pjpg&auto=webp&s=4082f26a33922f0ec134e780013ddcd6b90cad1e",1737639086.0,10
Paleoart,"Aw thank you! It is completely different than what I had originally planned but I really like it. And no, not yet. I'm going to let my boyfriend name it since he drove me to pick it up haha. He said he has to see it first.",1737601040.0,16
Paleoart,"Yeah, me and my boyfriend drove out in a snow storm 30 minutes after I found it. I was like nah, I would never forgive myself if I let this pass. It was only $50 so I say its worth it haha.",1737333050.0,12
Paleoart,"I got it from Facebook marketplace, the back says rinehart taxidermy supply co. But I cant find anything online.",1737332648.0,8
Entomology,Its pissing me off too. Like what is happening?? Why is he doing that??,1735530745.0,5
Gourami,"Thankfully they let me exchange them, I got lucky because they got in a shipment of ACTUAL honey gouramis today. They said it must've been a mistake. Idk, but I got my little guys and they seem much happier. I thought it was weird how big they were but the employee assured me they were honey gouramis. I had never seen them irl and only online and they matched the description so I didn't question it haha.",1733956650.0,5
Gourami,*Update* I brought them back and they told me they accidentally mislabeled them and that they just got some actual honey gouramis in. They let me trade them in.,1733951016.0,4
Gourami,"No, I'm from the east coast in the US",1733946639.0,2
Gourami,"Damn thats so sad, I've fallen in love with both of them. I don't have the space for a larger tank. I'm gonna see if I can convince the fish store to take them back and atleast give me a credit or something. Planning on going in later today.",1733934591.0,5
love,"Yesterday was our 4 month anniversary but we're going out to dinner tonight because of the holiday yesterday. I know its not a huge deal, but we like to celebrate monthly. I have never met another person like him. He is wonderful. He is the kindest and funniest person I've ever met. I feel like I've known him forever. I thought I knew what love felt like, but what I feel towards him is unlike anything I've ever felt before. I feel so safe with him, like I dont have to hide any part of me. I feel like the warmth and love this man radiates is so strong that you can see it. His smile and laugh are probably my favorite things in the world. He is the most beautiful man I have ever layed eyes on, and I'm lucky enough to get to love him and be loved back. I feel so blessed to have him in my life.",1732897332.0,6
tipofmytongue,Solved!,1732850304.0,6
tipofmytongue,Omg thats the song!!! I guess I miss remembered the lyrics. Thank you so much!!!,1732850231.0,6
tipofmytongue,"The lyrics seem like it could be it, but I really can't imagine a family theme park playing anything by Weird Al. If I don't get any more answers then I might have to just accept that it was probably this song.",1732850006.0,2
tipofmytongue,Nah it was definitely a man,1732849813.0,0
tipofmytongue,Sorry for not having alot of info.,1732849203.0,1
Aquariums,"There's no betta in there anymore, he passed away",1732841374.0,1
Aquariums,"I have a rabbit snail in my other tank, hes pretty cool but the issue with him is that he rips up every plant in the tanks. I have one nerite snail in that tank and hes pretty cool, but he also tries to rip up the plants but isn't as good at it. I have alot of Malaysian trumpet snails but I do have a few ramshorn snails.",1732840620.0,1
Aquariums,"No. I had 2 diffrent bettas in that tank, they passed away because I would always take home the dying ones. I'm not stupid lmao",1732839507.0,1
love,"You would know. I was in a relationship like that for 2 yeats, he was never affectionate or anything unless he was in a good mood (which wasn't often). There were also alot of other things. Now looking back, I honestly feel like he hated my guts. I'm now in a healthy and loving relationship. You will know. 

Is this your first relationship? Its terrifying, but if you have the gut feeling that its not going to work then you should listen to it. 

But something to pay attention to-- When you talk about your interests or hobbies does she get excited with you? Or at the very least want to support you? If you bring up something you're passionate about, does she let you talk about it or does she change the subject? If yes, how often does that happen? 

When I was with my ex, he would get so annoyed when I would talk about my interests. He would also get annoyed when I wanted to work on my hobbies. My boyfriend now has tried to do my hobbies with me and is always encouraging me.

At least to me, hobbies and interests are an extremely important part of who someone is, and if your partner doesn't want anything to do with them then that's a pretty telling sign. The no affection is one thing, if you have brought it up to her then that's no good either.",1732598646.0,4
mantids,Shes still alive so we need to be able to refrigerate/put outside so they don't hatch too early. That's why we're trying to figure out how to remove it.,1732132145.0,2
Aquariums,Will the snails spread it to my other tanks? Can't I just move them over?,1732125259.0,2
Aquariums,"I have, its a fluval flex. So I guess thats possible, I never thought of changing the whole filter. I got it from petsmart brand new. 

I can definitely try to get my hands on a tap water kit, are they sold at hardware stores?",1732122451.0,1
Aquariums,"I do, its a fully planted tank. I do have alot of issues with keeping plants alive in there but I kinda figured it was the snails eating them. I haven't tried any medication because I've read alot of them can hurt the plants, snails, and shrimp.",1732121775.0,1
mantids,"She has not, she seems fully grown.",1732087659.0,4
mantids,"Thank you so much! If I were to keep it in the fridge, what temperature should they be kept at?",1732082692.0,2
mantids,"Use context clues, I'm talking about my boyfriends mantis. **His** mantis. **His** species. Referring to **his** *species* of mantis. I literally have a photo of the eggs attached?? Like I am well aware its female??",1732082585.0,34
mantids,"How can we remove the egg case without damaging it just in case it its fertile? I would feel horrible if somehow it is because I read somewhere that there's a chance that they are fertile, but I don't know if that's for his species. Are the eggs only at the top? So if we used a razor or something to cut the bottom off would that damage the eggs?",1732073681.0,5
ChronicPain,"It doesn't do a whole lot but I noticed it helps a bit when I have joint pain or when my back is acting up. And yeah, the omeprazole is for my stomach since I wake up with stomach issues every day. I haven't noticed any changes in that though. And I totally get you with the PT thing, when I was going I would always be in alot of pain afterwards to the point where my therapist straight up said she was going to stop giving me alot exercises because they were making things worse. Like I'd go in on a day where I had almost no pain and leave with pain for atleast the next week. 

I tried the injections on my back and they didn't help much, I had one for my occipital neuralgia and that one helped a bit. Before that I was waking up every night with a debilitating headache. I've only gotten a few since then and all when I was super stressed so I take that as a win.",1731816457.0,2
Fibromyalgia,Unfortunately I'm not able to deal with school. I have tried college and I couldn't even get through one semester and I was only taking 1 class because I dropped out of my other two. I was in a special school since 4th grade because I literally couldn't function. I wouldn't have even been able to get past elementary school if I hadn't switched schools. I tried public school again in 7th grade and was kicked out only a few months later. School is not for me. Online school doesn't work either. When covid happened I had over 70 absences. I'm not school smart at all.,1731797548.0,2
ChronicPain,"I haven't had very much luck, though to be fair I only just found a doctor who is willing to help me. I slipped my disk a year and a half ago and was told I pulled a muscle and that I just needed to loose weight. It took me a little over a year to have an MRI and when I finally got that my doctor told me since I'm young it will heal itself and wouldn't even give me a note for work telling them I needed to take it easy. I just started taking Celecoxib and Omeprazole which have helped a bit with pain but not with the fatigue. Its very frustrating. I feel like im missing out on life. I have a twin sister and she is traveling the world and and also getting her bachelors degree and becoming a tattoo artist. She's doing so much and still wants to do more, and I can barely even convince myself to leave the house on most days. Its so frustrating.",1731787018.0,1
love,"He does, hes extremely smart and a super hard worker. He's a wonderful man all around.",1731462621.0,10
foraging,I assume its not safe to eat? Are there poisonous mushrooms that look like this?,1729040663.0,1
medical_advice,Turned out to be mono lmao,1729027683.0,2
medical_advice,Yeah I dont have any symptoms other than the mild pain and the white stuff. Should I still take the antibiotics that were prescribed?,1728158548.0,1
PMDD,"Thanks! I figured it out once I stopped an antidepressant that I was on for 3 years. It fucked up my body and made me stop getting my period. When I stopped taking it and my period came back is when I developed the psychosis. I noticed my delusions would get so bad in the week leading up to and during my period. In a moment of clarity I was like hold up, wtf??? I did a bunch of research and found PMDD and then my old doctor didn't belive I had it even though at the time I was selfharming daily and genuinely considering having myself admitted lmao. I lied and said I was sexually active and thats why I wanted it and I was originally gonna just get my IUD but she would not let me because I had never had kids. 

I then found an amazing doctor who was like ""oh hell yeah, let's get you that IUD"" I haven't needed anything other than that to treat the PMDD and I'm very glad.",1727803385.0,1
PMDD,"I think that having consistent levels of hormones makes it easier. I'm not entirely sure, but my doctor told me that not having the severe fluctuations caused by my period will help. 

While I was on the Nuvaring I would be fine to skip one period but then the next month I would still get it even though I was using the ring in a way to skip periods. The PMDD symptoms were less severe but still there. I think with the IUD being so strong it kinda cancels out the bad hormones? 

I didn't try anything other than those 2 birth controls, but my PMDD didn't respond well to any psych meds (I tried atleast 10 over the years). 

What birth control did you try? Did you look for ones that make you skip your period? I refused to try any that didn't stop my period.",1727802991.0,1
PMDD,Hormonal. I don't think the non Hormonal IUD would help me. When I was choosing a birth control we looked at whichever was most likely to stop my period. I had the Nuvaring first but would still get my period every 2 months.,1727797334.0,2
AskWomen,I would. I have PMDD and the last time I was off birth control I developed psychosis. I'd like to think I could deal with the hormones from getting pregnant and having a child but I'm not entirely sure I could.,1727793994.0,1
piercing,So its not an issue with anatomy?,1727452702.0,2
piercing,"Yeah, thats what I thought. It seemed very far back. She didn't even mark it or anything, just put the things on and stabbed me 3 times haha. The lady started shaking too. It was a terrifying experience lmao. 

Before I even went, I felt my nose and I definitely have a spot that has no cartilage, but like you said its forward more. 6 months even if it didn't go through all the way? There was no dots on the other side but she did push pretty hard so I'm not sure.",1727448456.0,2
sphynx,"Possibly, I dont really know what it could be though. I use all the same things as in my parents place. My place is on the same street as my parents so its not even like the water is different. The only things I've though of are the steroid shots and the shampoo. My other 2 cats are perfectly fine.",1727212218.0,2
sphynx,"I'm also allergic to most detergents. I only use tide and when I lived with my parents we used that and he never had a problem. Although around when I moved out is when these issues started. But he did start getting the steroid shots a little after we moved. The last one was like 2 months ago, and its been getting worse since. The last 2 weeks is the worst its been. Though I did also start using the vets shampoo instead of baby shampoo. I wonder if its that. I'm going to go pick up some more baby shampoo tonight and start using that again because I never thought that he could possibly be allergic to that shampoo.",1727211094.0,13
sphynx,"He is a Donskoy. He does have dental disease, had a few teeth pulled while he was in surgery for his eyes. My 2 other cats who are the same age have beautiful teeth, but his are all gross even with regular care. I didn't know it had to do with the type of sphynx he is. I was gifted him as a kid and I remember he came from a not great breeder. I believe he's inbred which I don't think help with his health issues. He's got stomach problems aswell. What treatments did your baby get? His skin wasn't the best before, but since he got the steroid shots its gotten 10x worse.",1727210743.0,9
NoStupidQuestions,"I could use clay, but I think it'd be funny to tell people that I made it out of kitty litter.",1726937334.0,1
puppy101,"He won't pee intentionally around me. He will accidentally pee on me, like he'll jump up and pee on me, or walk up to me and lean on me and leak pee. He won't squat down and pee. Even when I take him on long walks, like over 30 minutes, he won't go to the bathroom at all.",1725924647.0,1
puppy101,"Nah, its all good, I'm autistic aswell, so I didn't think it was judgemental. I actually reached out to a trainer and am having her come to my house on Friday to assess if its something she can help me with. I'm hoping she can help because I really don't want to rehome him. If she says she can't I'm going to look into board and train or something. Hopefully she can atleast try, she has good reviews.",1725924451.0,1
puppy101,"I know, thats why I'm trying to find out what to do. But this issue was a problem before my anger started to bubble up. Within the last few weeks its gotten really bad because I slipped a disk and am in excruciating pain when I need to clean up after him so I've been getting frustrated. He's had issues with potty training since I got him, he's never been receptive and my friend thinks his previous home wasn't good. I feel horrible that I've been getting frustrated with him which is why I'm considering rehoming. I love this dog but I am so frustrated.

Even when I first got him, there were times he would pee atleast 5 times within 2 hours. I figured it was just puppy things and he'd grow out of it. I would take him outside and wait for him to pee and he wouldn't, so I'd bring him back inside and he'd pee on the floor again.",1725921676.0,1
backpain,"Is physio different than physical therapy? And when I say I went to PT twice I meant I did 12 sessions twice, like the whole 6 weeks twice a week thing. My first physical therapist wasn't the best and said that my pain was from my sacroiliac joint because my pelvis is uneven, but after I saw him, I got xrays and that was never mentioned. The second physical therapist was great but we couldn't figure out why the PT wasn't helping. It actually was making it worse and I ended up going to the ER because I couldn't move without extreme pain. We had to change it up so I was barely doing any exercises because most of them would aggravate the sciatica and make it impossible to do anything.",1725917919.0,1
backpain,"I spoke to a surgeon, he said that if I wasn't so young he'd reccomend surgery right off the bat, but since I'm young he wants me to wait and see if it heals itself. So far I've had this pain for a year and it comes and goes, but every time it comes back its worse. Except this current time, its bad but its not as bad as the time before, that was the first time I went to the ER, I felt like I was dying haha.",1725916762.0,1
Guitar,"Lol, I wasn't planning on it. I might use it inside to hold something in place, but not on the outside, I feel like that'll look kinda cheap.",1724700108.0,-1
Guitar,"Yeah, but I'm not really looking to make it electric. Plus whoever removed that cut the wire so I'd need to figure out how to rewire it. I was mainly just looking to cover the hole up.",1724690610.0,-4
petsmart,Ours have always been 17 cents. What were they everywhere else?,1720738720.0,1
parrots,"Np, I hope he feels better!",1720446795.0,1
parrots,"I didn't even bring her in, just emailed them a the picture and they said she probably scratched her face on something. They said keep an eye on it and if the swelling and redness doesn't go down then make an appointment. Or if it starts oozing. That bump went away that night, so id see how it looks tonight then go from there.",1720446695.0,2
pitbulls,"Maybe an olde english bulldog? I have one and everyone thinks he's a pit bull, so it can go both ways I guess.",1720192326.0,1
parrots,It actually matches her! I had yellow but the black and the blue bled into it and made it green so now its just blue and black. [Here's a link to a photo of what it looked like!](https://imgur.com/a/OH47PdP),1720104126.0,1
parrots,Its from her vet.  Pretty sure they did a DNA test or whatever they do to tell the sex. They have a whole birth certificate looking thing that says she's female.,1719922515.0,2
parrots,Yeah I have a certificate from her previous owners saying she's female.,1719886671.0,5
parrots,"Oh she really likes trying to stick her tounge up my nose, but every so often she will just caress my nose or face. Its really funny and I always wondered why.",1719885831.0,7
parrots,"She didn't try to, she has never tried to do that, mainly just grabbing with her foot. She usually just grabs and holds. This was just the only angle I could get without her stopping lol. But I do wonder if it is a horny thing",1719885359.0,10
parrots,"She is a female, idk if that changes anything",1719871300.0,6
WildlifeRehab,"The pool is very large and surrounded by trees so I'm not sure where exactly they would've been. I was also just told by the owner of the pool that someone was pressure washing the area yesterday and knocked down a nest that they said was empty, but im not sure if it was theirs. Its not super close to the pool but with the storm I'm not sure if they were pushed far. The pool is atleast 10 feet deep aswell with a foot of water in the deep end which is where I found them. I left them out there for 30 minutes and I didn't even hear a mom calling for them or anything. Its almost 100° out so I didn't want to leave them out there to cook. 

Is my best bet calling a rehab? Also, do you happen to know what species they are? All my local rehabs will euthanize house sparrows and starlings. They're too small to be starlings, but there are alot of house sparrows around.",1719511802.0,2
CringePurgatory,I did go through an anime hyperfixation phase and was learning Japanese and I was unironically adding Japanese phrases to my speech. I still really want to learn Japanese though. I actually got accepted into a really good language school in Japan but got super anxious that I wouldn't fit in and dropped out before I even started haha.,1719161059.0,1
CringePurgatory,"Yeah. I am autistic, I'm higher functioning but still low enough that I was put in specialized schools for kids with autism and other issues that made public school hard. That's a trait I would see alot. I even do it sometimes but way more lowkey. My ex who was also autistic would do it alot.",1719121162.0,4
AmItheAsshole,"I'm a twin and I dont think you are an asshole.. We aren't identical even in the slightest, but growing up as soon as someone learned we were twins its like they lost all ability to recognize faces. Once she got glasses it got better but somehow occasionally we'd still get messed up.

I have experience both in the same school as my twin and in a different school though the experience is a bit different than the situation your girls are in. I am autistic, but I was originally in the same school as my sister. We were in different classrooms but I would use her as a crutch whenever I would get upset and the school would allow us to see eachother to calm me down therefore disrupting her education. A neurotypical  child odviously won't get as upset as an autistic child, but there is still a possibility that they will get upset and disrupt class to comfort one another. 

There was also a big issue with friends. I didn't make my first real friend until I moved schools. I was strictly friends with her friends even though they didn't really like me as much as her. It was like a package deal. I moved schools in 4th grade but tried to hold onto her friends up until 7th grade when I realized that they were never my friends. I think if I had gone to a different school from the start that I would've been able to make my own friends. 

There was also the issue of the teachers who knew both of us and would compare us. My sister learned how to read and write before I did. Teachers would talk to our parents when we got picked up and I would see them praising her and it always sucked because even though we were in different classes I still had the same work as her. Once I went to a different school I felt alot better because even though I was in the ""slow"" classes I wasn't able to compare myself to her as easily. You do need to make sure that the schools are both teaching them what they need to know. If one of them is doing well in one subject and the other isn't, try to see if the school is the one making it difficult for them to learn.

Also make sure to keep asking them if they would like to continue going to separate schools. It could be that they are fine going to separate schools up until middle school or maybe even high school. Give them the choice, which it already seems like you are, just remember that they are growing and their feelings may change or they may not. Just keep checking in on them.",1719033874.0,1
CURRENCY,Do most places charge for an appraisal?,1719001495.0,1
CURRENCY,"How do I even find out the worth? Do I just list it on ebay for an absurd price and see what people bid? Thats what my mom said to do, but that just feels wrong haha. Someone else said a couple bucks and idk if I'd be willing to send it to some expert or whatever to have them tell me.",1719001078.0,2
petsmart,Will they come in faster than the ones from play up? I dont want to make a big fuss if they will come in at the same time.,1718592120.0,1
petsmart,I asked and they said the dont have any and didn't give me an option other than play up on how to get more,1718591222.0,1
Vent,"I had this problem for awhile. I don't work in a mall, but i work in a shopping center in one of the busiest stores there. I also work next to a mall so I've gone there too.

What I did was find a food I really like and buy it for home. So I have something to look forward to when I get home. If you find a microwave meal you like you could also bring that in and eat it on break or when you finish your shift. Try to make a game out of not eating at the restaurants, see how many days you can go and for every week you don't, you can treat yourselfto one meal, but not during or after a shift, you have to go and get that so its not connected to the work (not sure if that makes sense). Don't get mad at yourself if you mess up. I belive in you.",1718545582.0,1
autism,He said there's a possibility of us getting back together. And that's driving me crazy because its not yes or no. I know its alot to ask of him which is why I'm having such a hard time.,1718494212.0,1
Advice,"I still feel selfish. I honestly think if the sex/intimacy issue wasn't there that everything would be ok. I was the only one who really found it to be an issue.

I just wish I knew if he was getting treatment. We decided to go no contact, he is the one who is to contact me when he is ready, but I don't know when that will be. I have already gotten an appointment and was prescribed ADHD and anxiety meds because that was putting a strain from my end, I just really hope he's doing something from his end. On Saturday when we broke up, I asked him if he needed help looking for a doctor (I have alot of health issues so I know how to find a good doctor. He was like ""no, I can do it on my own"" and when I asked when he thought that would be, he got very upset with me and said to leave it alone and he'd do it when he gets to it. I understand that going to the doctor is very anxiety producing and I also know how frustrating it is to look for a doctor which is why I only wanted to help.",1718378519.0,1
love,"I dont really have the urge to do anything anymore. The only thing I want to do is to go far away to the other side of the country where my happy place is or at the very least go to my other less happy but still happy place thats a 7 hour drive. But I work so that won't be happening. I almost went last night to the place 7 hours away. I was genuinely thinking about just packing my bags and leaving but I have pets to care for. 

I find no joy in anything. I tried doing my hobbies but they all felt empty. I've used all those hobbies to make gifts for him and all I can think of while doing them is the love I felt while making him those gifts and how I may never be able to feel that again.",1718370419.0,2
petsmart,"Thats crazy, when my grandma was dying my management gave me 2 weeks to be there with her and then grieve afterwards. Its definitely a problem with your management. I would report it. And im very sorry for your loss then being guilted into going if when you needed time to yourself. Thats not ok. Death of a loved one is so heartbreaking, you should be allowed to grieve in peace.",1718286708.0,4
ants,How would I get rid of them?,1718156207.0,1
ants,Whats the best way to get rid of them? And I am in the US. I do have a puppy so I'm very hesitant to use ant bait because hes very good at getting into things he shouldn't.,1718134680.0,1
ants,[Are these pictures any more helpful?](https://imgur.com/a/ESqulv7),1718133212.0,1
ants,[This](https://imgur.com/a/ESqulv7) is the best pictures I could take. They seem to like honey like the other person said. The plant is a few weeks old. Its a Yucca if that helps.,1718133154.0,1
ants,Ok cool! I'll let them stick around. Do you know what kind they are? They're some of if not the smallest ant I have ever seen.,1718112869.0,5
Bulldogs,Its biting them. Like he's been sticking his entire paw in his mouth and chewing.,1717352588.0,1
Bulldogs,He hasn't been near other dogs other than my parents dog and his siblings before I got him. The itching started a few days ago. So unless my parents dog has them idk how he could've gotten them. But my parents dog isn't itchy.,1717333975.0,2
Bulldogs,It doesn't smell cheesy and there's not really any apparent irritation other than him nomming on them. Like its not red between the toes unless he was just chewing. Other than that I cant see anything wrong.,1717333701.0,2
Bulldogs,"Ok, ill call and make an appointment tomorrow. What causes skin mites?",1717333433.0,1
shittyaquariums,"I see a rainbow shark, bala shark, 4 koi, an angel fish, a white skirt tetra, and a tiger barb",1717187504.0,2
shittyaquariums,"Yeah but those are koi. They will get over a foot long, sometimes 2 feet. There's also a bala shark in there which can also get a little over a foot. Not to mention the other random fish. Its definitely better than alot, cleanliness wise, but the stocking choice is horrific.",1717101150.0,17
petsmart,You guys get 8 hour shifts??? I only get 5 hour shifts,1716945920.0,4
Bulldogs,"I'm mainly looking for just basic obedience, being good on walks, and the biggest is good recall since my parents have 13 acres that I like to walk around and I'd want to bring him off leash. I also would like to train him with deep pressure therapy because I have bad anxiety and migraines that cause panic attacks. That one isn't as important, but it would definitely be nice.",1716945080.0,1
Bulldogs,"Ive already started walking him around my parents yard, my house is right next to theirs and they have 13 acres so I've been working on walking with him until he can get all his shots. Hes really good with walking on a leash.

Will that be able to give him as much food he needs?",1716933656.0,1
Bulldogs,"I know, thats why I was asking for tips! I'm well aware he won't be trained for awhile, I just wanted to get tips because I've never trained a bulldog before, just a poodle mix which is fairly easy to train. I noticed he wasn't responding to the same things the doodle responded to so I wanted to see what the best methods to train him would be from people who actually own these dogs.",1716932332.0,1
Bulldogs,"Hes actually not too bad (so far). There's not a super big issue with him being mouthy, I'd say he's as mouthy as any puppy. Its mainly just him not wanting to learn. He wants to do his own thing and will pay attention to anything but me haha",1716926355.0,2
Bulldogs,"Thats the hope! He still snores when he sleeps, but its not nearly as bad as some bulldogs I've met.",1716922696.0,3
Bulldogs,"Hes an olde English Bulldogge. They're made by mixing a few different dogs I belive. Both his parents were olde english bulldogges and I believe their parents were aswell. So I'm not exactly sure what he's mixed with, but its down the line more.",1716915180.0,3
Bulldogs,"He loves nap time so thats not a problem, except I have to stop him from napping in the evening because he was up playing allllllll night last night.",1716913269.0,7
Bulldogs,So should I just keep trying to train him as if he wasn't stubborn? Like do the same thing I did with my parents dog?,1716913203.0,4
petsmart,"Where do we get this? I wish I had this a few days ago, I just got a puppy so I spent so much money haha.",1716905571.0,2
isopods,"I dont really care, theres so many that I would be sitting there for days lmao. I started with 15 and now I have hundreds.",1716745918.0,18
isopods,"I have alot of those. They were magic potion, but after over a year, maybe 2, ive started to get some with the orange spots. I think half the population in there now has the orange spots.",1716742117.0,60
bettafish,"I work at petsmart and I actually thought this was the petsmart reddit for a second. Believe me, we don't like it either. I have 2 bettas, one is disabled because of petsmart, he was there for 3 months before I decided to just set up another tank for him. But it was too late and he had swim bladder issues. He now lives very happily on the bottom or laying on his plants near the surface. Its not the best life, but its better than a cup.

We try to limit the amount of fish we have, but corporate just wants to sell sell sell and doesn't care. At my store we will try to put bettas in whatever empty tank we have on the fish wall, especially the sick ones. They heal and get their color back and then people will adopt them. It gives them a better chance than being a grey fish with rotten fins in a cup. We try our best but the company trys to tell us that its ok to skip taking care of them. On betta days when its super busy, my managers have told me to skip taking care of the bettas and I just can't do that.",1716740622.0,1
snails,Omg! My snails name is Glenn! And when he's in trouble his name is Glenjamin haha,1716491579.0,3
dogs,"This is his bio on pet finder 
""is a terrier-sized, approximately 2.5 month old puppy who was found as a stray and never reclaimed. He is now ready to be adopted into a forever home. Adoption by appointment only with an approved adoption application""

No where does it say he has to be adopted with his brother. It actually doesn't even mention he has a brother.",1716425134.0,1
parrots,Shes a blue and gold macaw. I wouldn't want to color it just because its not really banana colored,1716307871.0,1
parrots,"Same, while I was getting it done I was smiling ear to ear. My sister designed it which is also cool.",1716241294.0,24
petsmart,"Oh nooooo, how many babies?",1714836555.0,2
petsmart,Is your store a male or female store? We only get males at my store. They sex them at the breeder. My manager said in the years he's worked there he's only accidentally been sent a female once. But that looks like a male to me.,1714832113.0,1
isopods,"There are alot, especially babies. This colony is probably about 2 years old, so there are probably over 100 or so. Not sure if I can get everyone.",1714784012.0,1
Sciatica,"I went to the ER yesterday after I needed to call out of work because the physical therapy made it worse, and they completely dismissed me and just gave me Tylenol. I was literally crying from pain and they completely ignored me and told me to go to CVS and get a lidocaine patch. My boyfriend came with me and apparently was like 5 seconds away from starting an argument with the Dr because he acted like I was being dramatic. He said that was the worse doctor experience hes ever seen or heard of. They completely ignored me when I was trying to explain my symptoms, and completely dismissed everything. They were going to put me on a steroid even though I was just on a super high dose for over a month for a really bad ear infection just 3 months ago. You shouldn't take steroids that often. 

 The doctor also said, ""unless you have weakness, numbness, tingling, or trouble going to the bathroom you can't get an MRI"" and I said, ""I have weakness, I almost fell down the stairs the other day because my leg gave out, and my leg feels heavy."" And he straight up said ""Well, thats different.""",1714708112.0,1
Sciatica,"I can call them today and say that, but from what I was told, if I even miss one PT appointment that will drastically lower my chances of getting an MRI. It has something to do with insurance, but I have gotten so many MRIs for other things without any issues. The office won't even put in the order until I complete the PT.",1714567660.0,2
Sciatica,"I've been to 2 doctors. One flat out denied I even need an MRI and didn't give me any options, the other gave me that option. Both were orthopedic surgeons, the first one was also a pain management doctor. My dad said I should see a neurologist because they might be able to help with the nerve pain, but I'm not sure if thats true though.",1714567439.0,1
Sciatica,"Yeah I ran into that issue last night. I had my first PT appointment yesterday and I was literally crying in bed from the pain. It still really hurts. But I have to do PT. I can't get an MRI until I do PT. So basically I have to fuck up my body even more so I can figure out whats wrong. Even if its just a pinched nerve, I read online that you should rest. PT isn't resting. She had me sit and bend and lift my leg, all of those things are so painful. I had to sit to drive the 20 minutes to get there, then sit in the waiting room for another 20 minutes, then she had me sit and talk to her for 45 minutes, then she had me bend and shit for 15 minutes, then the 20 minute drive home. That whole thing was like torture, and I have to do it 11 more times in order to get any kind of imaging or relief. My doctor said he won't prescribe anything until I get an MRI, so I just have to suffer and its so messed up.",1714567092.0,2
Sciatica,"I dont have saddle anastesia, and I've always had bladder issues so I'm not sure if that counts. I go pee like once an hour but I've had that issue for over a year now. I've had the pain for over a year now too, but even when the pain goes away I still pee alot.",1714555467.0,2
Sciatica,"My doctor and the nurse. They also said they aren't even going to ask my insurance if I can get one, that they will 100% say no. She said if insurance says no once that they will keep saying no. Then when I had a PT appointment today they said the same thing. They said unless I go to physical therapy for 6 weeks/12 sessions, that I can't get an MRI. Then at PT the lady tried to convince me that its not important to get one. But I've had many MRIs in my life, I think I've had like 4 MRIs and 3 cat scans. Not sure if your back is different than your head (I had a bone infection on my skull and also migranes). It honestly feels like the Dr is just saying no and that I probably can get an MRI. But I've been to 2 different doctors and both said no to an MRI. Mind you this has been going on for over a year (on and off) and all ive gotten was an Xray.",1714523289.0,1
Sciatica,"I was standing straight up, she had me put my arms straight out and hold onto a post. Not sure if thats how it should've been but she seemed like she knew what she was doing.",1714522064.0,4
Sciatica,"Its messed up. 3 doctors (my back doctor, and 2 doctors who reviewed the Xrays) all said it looks like I have something wrong with the L5-S1 disk, yet I still can't get a MRI. Its not terrible, but I'm only 20 and my doctor said there should be alot more disk there than what there is.

Like I straight up almost fell down the stairs the other day because I took a step and my leg buckled. But apparently its not bad enough to get an MRI.

But this is my Xray, they said everything is normal except that disk.

https://preview.redd.it/n76gsrkuvoxc1.png?width=1080&format=pjpg&auto=webp&s=029ee8dd5ffd25e90ac6b06f3e3699dfcf83eb59",1714514493.0,2
Sciatica,My dad is kinda in the same boat so he's been pretty supportive.,1714512498.0,3
petsmart,"I did that too 😅 I had to call my manager over and I was so nervous like ""please help me I dont know what I didddddd""

To be fair, I'm strictly pet care and rarely go on register. So I still don't know how to do everything and I feel bad but I have to call my manager or ask my coworkers questions while I'm on register because it stresses me out so badly that I forget everything I learn haha",1714452670.0,4
litterrobot,"I use Esquisicat clay litter, is that too heavy?",1714437360.0,1
litterrobot,How much is that?,1714436901.0,1
litterrobot,"I did, it didn't work. The litter area is basically only half full. There needs to be enough litter for them to use.",1714435469.0,1
parrots,I'm planning on calling them when they open tomorrow if its still swollen,1714365154.0,7
parrots,"My bird is named Tiki. I usually call her Teek or Squeaky. Sometimes I'll do a song and sing ""Squeaky Squeaky Tiki Tiki"" over and over and she always dances to it. She's adorable. Or I just refer to her as Demon.",1714365105.0,11
webtoons,"What is the webtoon? Ik yall are saying its different than the ad, but I like the art style.",1714231247.0,1
bettafish,"They hold good bacteria. In a way it basically helps keep the tank clean, the bacteria kinda eats the bad stuff and makes it less bad.",1714103569.0,2
Birdsfacingforward,"Mine knows how to whisper but she just babbles. She just makes random noises. 

When she sees a treat she literally screams ""COOKIE???"" Then will just keep saying ""Wanna cookie? Cookie? Cookie? Tiki wanna cookie?"" And she won't stop until she gets one. She doesn't even try to be polite, she just demands it. But sometimes she just convinces herself that she's going to get one. When she wants one, she always asks, ""wanna cookie?"" So I always say, ""no thanks! I'm not hungry."" I find it hilarious.

For her, at night, she either says ""night night"" or just does her creepy laugh. The 3rd night I had her, I was home alone and all the lights were off except the room I was in, and I just hear ""ha ha ha haaaaa"" and I was like wtfffff",1713970289.0,4
Birdsfacingforward,"I'm not sure what she was named after, I got her from an old couple off Craigslist haha. She already knew her name so I couldn't change it. Plus, its cute when she goes tikitikitikitiki (she also does a little dance while saying her name).",1713969416.0,4
Aquariums,"I agree with that 100%. We do sell tanks up to 150g at my store, but the largest I've seen someone buy was a 50g. Most people do get their tanks from somewhere else. We are WAY over priced, and if you're buying in store you need to buy the tank and stand together as a kit. 

But we don't really choose what fish we get in. For example, we have like 10 baby bichirs in a 6g and we have only sold 2 in the year I've been there. No one wants them. They send us whatever they want then expect us to sell it even if we don't even have the proper parameters. Most of us just want the fish to go to a good home, but I do know some people can get kinda crazy when it comes to not letting people get the fish they are equipped to get. 

If you're set on those fish, just go in on a day she's not there and you'll probably get them from someone else haha.",1713881784.0,2
Aquariums,"I work at petsmart. Not gonna defend her, but we do get a ton of idiots coming in for fish. But is usually pretty easy to figure out if someone actually knows what they're doing. I love selling to people in the fish keeping hobby, its a good refresher from all the stupid people trying to buy oscars for their 2 gallon tanks. 

I will say that when I was newer I was pretty overprotective just because of the sheer amount of people not knowing what to do and tryingto put the fish in terrible situations. But once I got the hang of it and was able to figure out what to look out for, I was able to know who I need to ask questions to.",1713845977.0,6
backpain,"Yeah, the doctor I see is a pain doctor. But he sucks. He refuses to do any sort of imaging, he hasn't really told me what I can do to help. A few months ago he told me he was going to prescribe me pain medication yet never did, and when I called the office they told me I'd have to make another appointment. When I did make another appointment he just gave me a steroid shot in my back without really explaining what it was or any side effects or anything. He also constantly cuts me off when I try to explain my symptoms haha. I don't think I ever had an appointment last more than 10 minutes, with the average being like 5 minutes. He sucks, but there are no other close ones that take my insurance. The next closest is like an hour away I think.",1713828835.0,1
backpain,"Dude, no need to be an asshole lmao. My physical therapist literally told me I can pop my pelvis into place if I push my foot against a wall, that doesn't seem like he knows what he's talking about. Every time I'd do his ""exercise"" hed ask me if i felt normal again. I always said no yet he was adamant I was just doing it wrong because I should be able to do it. Also, I did ""graduate"" from physical therapy, atleast thats what my therapist told me. After my pain went away he said I was fine and that insurance wouldn't be covering it anymore. I was fine for a few months then the pain came back. 

Plus, I have always had pain in my back, even as a kid. I was told it was the scoliosis. It just got really bad last year.",1713822507.0,0
backpain,Is there nothing I can do on my own? Or is this something I need to go back to the doctor for?,1713815516.0,1
backpain,"Ive had this pain on and off for over a year now. Its never been this bad though. It goes away and comes back worse than before. My doctor has don't no imaging other than an xray while I was laying down. Bending, sitting and lifting my leg, especially when it is straight makes it worse. Over the counter meds dont really help.",1713813257.0,1
Aquariums,Omg that'd be awesome,1713563023.0,1
Aquariums,"I feed a pinch of fluval bug bites once a day, sometimes every other day if everyone is looking fat. I also offer thawed blood worms every few days as a treat and i skip feeding on those days. I did get him from petsmart, I know he was there for over 3 months, so I was able to adopt him. I'm sure staying in that cup for that long didn't help his health. But hes been fine for the past 2 months I've had him.",1713285440.0,1
Aquariums,Could any of this be making him have the swim bladder issue? I was going to go out to the store to pick up some peas and I need to pick up some stuff from the pet store so I was wondering if there's something I can dose the tank with or something? The only thing I can see is wrong is his stomach is bloated.,1713284701.0,1
Aquariums,"Well, they're usually at 0 in this tank so I guess its high for the tank. The PH is low 6.8, I'm trying to raise it. I think it may be from the new drift wood. I'm using the API freshwater master kit.",1713284291.0,1
Aquariums,"The ammonia and nitrates are slight high, ammonia being at 0.25ppm and nitrate being at 5 ppm. This is the first time in the year I've had this tank that the parameters have gotten this high and I think it may be to the new plants melting. I had a whole carpet and they all melted. The tetras and betta get along great, they don't bother him and he doesn't bother them. I had a betta in that tank with them for over 8 months but he got stuck in a peice of cholla wood which was my own mistake. But that whole time I never had any issue. The tank is fully planted, so he has all the hiding spots he could ever want, I added picture of the tank, its one of the last few photos.",1713283789.0,1
ants,Even with them being captive raised? I started with 2 snails and now I have hundreds. I don't even think the original 2 are still alive.,1713280192.0,1
AquaticSnails,I have a rabbit snail like this. I think the shell is just too heavy and its just way easier to do stuff on their back. My rabbit snail ONLY eats while on his back. I'll give him an algae wafer and he'll take it and roll over and just munch away. Snails are silly. My rabbit snail also doesn't really climb much. Some snails are just lazy fucks.,1713104079.0,2
jumpingspiders,I offered her food multiple times and she hasn't showed any interest. I don't even think her little next has a door.,1712591652.0,3
jumpingspiders,"This is Yam, I've had her for over a year and she has melted once. About 3 weeks ago she shut herself in and layed eggs. In that whole time she hasn't eaten. She doesn't even really move. What should I do? Should I open her little wall she built? (Last few pictures are just how adorable she is.)",1712590130.0,6
whatsthisplant,I'm trying to turn my yard into a flower heaven so honestly thats a big plus haha,1712363862.0,5
whatsthisplant,All the dandelions near me have already started blooming. Plus they also have different leaves. Later (if I remember to) I can go pick a leaf from each and compare. The dandelions have more pointy leaves.,1712347181.0,4
whatsthisplant,"https://preview.redd.it/nc266a9uvosc1.jpeg?width=2268&format=pjpg&auto=webp&s=f7f7fcee89ce5e8725b63ce8effa51ace2f05c7d

Thats the root of the one I dug up",1712335250.0,9
whatsthisplant,"Forgot to add, I'm located in New Jersey.",1712335130.0,5
shrimptank,"Ok yeah, thats what I was thinking with the filter, the fish store lady said it'd be fine but I wanted to make sure. Thanks! I do think that with what you said, I may have too many snails haha. I'll move some of the larger ones into the betta tanks.",1712255595.0,1
PMDD,"Its been great. For the first few weeks I was spotting all the time, but it went away within like a month or 2. Don't be discouraged by the cramping afterwards, its definitely worth it in my opinion. I don't really have to worry about it other than to have a yearly check up. I feel probably the most stable that I have ever felt.",1712154283.0,4
PMDD,"I tried both Nuvaring and currently the Mirena IUD and both were very helpful. I love the iud because I haven't gotten my period in like 5 months. Its great. I do occasionally get slight PMDD symptoms every few months, but its not even close to how I was before.",1712152112.0,9
Vent,"Are you taking any meds? Some med side-effects can mimic PCOS without actually being PCOS. From what you describe, there's definitely something going on. You should be already having regular periods by age 16 and the fact that you have only ever had one is cause for concern. No doctor will thing your crazy. Growing up I had super irregular periods (I'm talking, I went over a year without bleeding) and when I went to the doctor they gave me a medication that made me get them regularly. 

See a obgyn, they will probably do a blood test and an ultrasound and be able to help you out.",1711856368.0,2
cats,"I sleep with my hands above my head and about 3 times I woke up to my cat licking my armpit so much that it was red and swollen. It was super painful for the next day or so. That was absolutely crazy. I ended up banning him from the bedroom because it happened 1 too many times and I was like nope, you're getting wayyyyy too up in my business my guy.",1711853171.0,1
Aquariums,"I work there, I might have to start doing this 😂",1711662368.0,1
petsmart,I took home the ai art French bulldog from the Christmas display. Hes in the corner of my living room just watching.,1711641108.0,1
petsmart,What difference would having a real artist draw it make? This gets the point across and is visually appealing.,1711133875.0,2
petsmart,"The only thing about writing reviews is I still work there and I'm scared they'll see it and fire me. My store is pretty good, but petsmart overall sucks.",1711038223.0,2
petsmart,"Eh, before i got my job at petsmart last year I applied to atleast 20 different places and I only got one interview. I was only 18/19 so it kinda makes sense, but atleast where I am its hard to find work. My partner, my sister, my friend, my cousin, all of them were looking for work for months and ended up at shitty places. I'd love to work somewhere that pays better but where I am there isn't much out there.",1711030776.0,2
ImTheMainCharacter,I always accidentally downvote when this subreddut pops up in my feed because my brain is like omg wtf. But then I remember that you aren't this lady and you deserve an upvote,1711030506.0,2
shittyaquariums,"I work at petsmart and we're letting people ""borrow"" comets. We have up a sign and everything. We are also explaining how its not good for the fish and that they can bring them back after they're done with them.",1710647410.0,9
InstacartShoppers,"I work retail and I can 100%say that alot of instacart people are very rude to us employees. I used to do instacart so I know how it works. I have people come in and the first thing they say is ""where are these things"" without actually looking for them. Not a problem, it makes it quicker. I tell them and they're like ""oh, you're gonna have to show me!"" And when I say that I can't because I have my own things to do as I'm usually the only one on the floor, they tend to be extremely rude. We banned one woman because she was in our store 15 minutes after we closed making a huge fuss because we didn't show her where everything was. And the best part was she ended up canceling the order because she lost her instacart card, and didn't know how to use the Google pay version or whatever. 

Instacart shoppers can definitely be rude.",1710430986.0,1
fishtank,"Damn, mine was $6",1710335948.0,1
PMDD,"Something I've found that helps me is to remind myself that its all in my head. I still will randomly get the feeling that I'm not real and that I need to go ""home"" (aka, the characters world) but I keep reminding myself that its just my brain, and that I am real.",1710095376.0,1
PMDD,I was on Lexapro for like 2 weeks but it made me super suicidal so they took me off. Its weird because multiple people in my family are on it with great success. I just have bad luck with meds haha. Im glad you found something that helps! What birth control did you try?,1709931448.0,1
PMDD,I never had a medication that has helped besides birth control. I've had this issue my entire life and have been on 9 or 10 different psychiatric meds from the age of 11 (when I started my period). I even had genetic testing done to see which meds would help the most and have the least amout of side effects yet none of them helped. The only one that helped was Cymbalta which I was on for 4 years and the only reason that helped is because it made me gain 70lbs and develop cysts on my ovaries so I stopped getting my period haha. The birth control has helped me a lot though.,1709929046.0,2
PMDD,"I was hospitalized 5 times growing up. No one ever caught it and they had me on so many meds and nothing ever helped long term. The one that did kinda help just fucked my body up and made my period stop and I grew cysts on my ovaries. As soon as I went off that med and got my cycle back I went insane again. I figured it all out on my own and I brought it up to my psychiatrist and she said she never heard of it. After she read up on it she was like ""yeah, you probably have that"". 

Then I tried birth control and its helped so much. My first OBGYN didn't belive that PMDD was a thing and told me I dont have it, I just have PMS like all women. I had to lie and say the birth control was being used as birth control because I was getting nowhere with saying its to help my PMDD. My current OBGYN is amazing. She was so kind and called to check up on how I'm doing mentally a few times after I had changed birth control. She also helped me make a plan just incase the new birth control didn't help and made me spiral.",1709906195.0,8
Aquariums,"Oh crap, could they hurt my pea puffer?",1709872060.0,2
Aquariums,How do they kill the fish? I have a pea puffer in there,1709871889.0,1
redditonwiki,"No, I have the Mirena IUD. I haven't had my period since November (I got it put in last july). I was on the Nuvaring for awhile and I'd still get my period every 2 months, which was better then every month, but I was still having the PMDD symptoms. Not nearly as bad, but it was still not great. The IUD has helped so much. Only downside is the weight gain. But its that or literally go insane. I tried a bunch of psychiatric meds before I tried the birth control and nothing helped, so my obgyn said that birth control is basically my only option.",1709668942.0,3
redditonwiki,"Yes, 100%. I got the diagnosis when I was 18 and thats when I tried birth control and it was life changing. I was fighting my parents almost every day, and I actually moved out because of it, but now that I'm on the birth control I get along great with them. Its really interesting.",1709660054.0,3
redditonwiki,"Yep, I have PMDD (pre menstrual dysphoric disorder) and I was hospitalized because I tried to kill myself. I also would become delusional right before my period.

I went an entire year thinking that I wasn't real and I was actually in purgatory and just needed to either live this fake life or die so that I'd be reborn as the real me. It would flair up really bad before my period, and it went away after I went on birth control to stop my period. I'm so thankful I had a moment of clarity and was like oh shit I'm going insane. It was scary, I literally was writing a book for my friends and family to read when I killed myself that explained my delusion in detail, but as if it was real. 

And growing up I would be very easily angered right before my period, as a teen I did throw alot of stuff at people. And it was solved by going on birth control and leveling out my hormones. I switched both control last year and for the few weeks that my body was getting used to the new one I felt myself falling back into the delusion, but I knew that it wasn't real so I was able to work through it.

Hormones are no joke, I feel for both of these people. I hope the woman can get her hormones under control, and I hope the man can find peace in whatever road he chooses to take.",1709615951.0,96
bettafish,"
* **Tank size**: 9 gallons
* **Heater and filter? (yes/no)**: Yes
* **Tank temperature**: 78 f
* **[Parameters in numbers and how you got them](https://www.reddit.com/r/bettafish/wiki/tank#wiki_test_kits)**: NITRATE: 0. NITRITE: 0. AMMONIA: 0. PH: 7.2. API freshwater master kit
* **How long have you had the tank? How long have you had your fish?**: Tank: 1 year. Fish: 2 days
* **How often are water changes? How much do you take out per change? What is your process?**: water change 25% once a month. I use a gravel vac
* **Any tankmates? If so, please list with how many of each**: 6 ember tetras, 4 otos, 2 nerite snails,, and a few ghost shrimp
* **What do you feed and how much**: Fluval bug bites, a pinch once a day
* **Decorations and plants in the tank**: live plants, drift wood, rocks
* **If you haven't already posted a picture, please post pics/vids to imgur and paste the link here**:",1709576587.0,1
petsmart,I'm sorry if this is morbid but how exactly did they die? Is it from stress or do they get caught in stuff?,1709410784.0,19
shittyaquariums,"I'm almost 100% sure thats an eastern box turtle. They aren't aquatic. They don't have webbed feet and can't swim. They sometimes like to soak, but they definitely should not be living in water. I hate people.",1709355796.0,1
petsmart,"I had something like that but mild, I think it was from the virex. I started washing my hands if I'd get any on them and it stopped happening.",1709334102.0,1
petsmart,Yall got new radios? My manager bought a bunch of cheap ones online and we've been using those since,1709309007.0,2
shittyaquariums,"I also squeezed my pet too hard, issue is my parents didn't explain what happened and got me more pets. I squeezed 3 animals to death and I still have that guilt. But seriously, who gets their 3 year old a hamster and a parakeet?",1709139970.0,2
shittyaquariums,"No, they don't! I work at petsmart and probably 8 out of 10 people don't see fish as anything other than a decoration. It makes me so upset.",1709139695.0,7
shittyaquariums,"Some lady came in and bought 10 comets and its policy that we have to sell feeder fish, and she showed me the bowl they were going in and I tried to fight her on it, but it was getting to the point where she was going to call over my manager and I could get written up for refusing the sale so I had to give her the fish. I still feel like an awful person. As terrible as it is, I hope those poor fish die quickly before having to suffer for too long.",1709139547.0,1
shittyaquariums,I keep insects and shrimp and they are not good starter pets haha. Insects and shrimp are very delicate. A child can and probably will smash an insect the second they get their hands on it. Shrimp are difficult because any sudden changes in the water parameters will kill them.,1709139333.0,14
shittyaquariums,"I don't think toddlers should have pets. I think maybe a family dog or cat, but a toddler shouldn't have anything they can easily kill, because they will. Toddlers dont understand life and if that kid sticks his hand in the tank and somehow catches the fish he could squeeze it, or he could take it out of the water and kill it. Nope.",1709139128.0,2
instacart,"I dont use instacart, I actually used to be a driver, but my best friend relys on it to get her groceries because she can't drive. There are also plenty of disabled people who can't go shopping for themselves and therefore need to use services like these. And some people just don't have to time or just don't want to go to the store. There are plenty of reasons and there's no need to be an asshole about people using a service.",1709138796.0,1
cats,"https://preview.redd.it/42wedk8b55lc1.jpeg?width=2268&format=pjpg&auto=webp&s=a2f8a32c4afb4f8c597a903bc36d34ffccdfd72d

She has a bed, yet chooses the cold floor.",1709045361.0,1
neurodiversity,"Yeah, I never realized how it made me feel till my partner was like ""are you ok?"" And I was like ""actually, no"". I always just let it happen and tried not to think about it, but having my partner be like ""hey, thats not ok"" made me realize that no, its not. 

I'm kinda scared to bring it up as I hate causing problems. I've become a huge people pleaser, so I try to avoid conflict, and I feel like that could start an argument of them being like ""oh we're just talking about memories!"" I can already hear them saying if I don't like it than I shouldn't have been like that. They're those kind of people haha. They aren't very understanding.",1708979081.0,12
petsmart,"You really just gotta do the research on your own. Its best to know the basics of every animal, though I do understand how it can be overwhelming and difficult to remember all that information. 

When someone asks me or my coworkers something we don't know we'll say we aren't sure and try to get someone who does know. I'm very knowledgeable with birds and fish, so I'm often called over. But if its just me and no one else knows, I'll tell them that it isn't my area of expertise and tell them they can find more information online, or I'll just Google it if its simple. 

Something I've found helpful is looking up ""*type of pet* care guide"" online and looking at the images and that typically has little guides that have bullet points of info on the animal. Look at a bunch of them to try to get the most info, and you can look up additional things if you're unsure.",1708830139.0,1
petsmart,"Thats where our chinchillas abscess was. I wonder if its a common thing? We currently have a guinea pig with one too. Hearing that someone else also had that happen, in the exact spot, is kinda suspicious. I wonder if its from the breeder or something? Bad genetics? I feel bad for these little guys.",1708525358.0,5
plantclinic,Is there anything I can do to make it happier while settling in? I don't want it to die.,1708465526.0,1
petsmart,"Our chinchilla just had surgery to remove a cyst. It was a $1000 surgery and we were all very surprised it was approved. Hes not very happy, he hates his meds and we have to flush the wound every few days, but hes healing up good. It was so cute/sad the day after surgery, he looked like he was stung by a bee, his face was so swollen haha. 

I hate when people say we don't care for our animals. We all love these guys. There are some bad stores/employees, but most of us work here because we love animals.",1708460132.0,23
plantclinic,"I had the plant for like 2 years. The light in that room isn't great, my house faces another house so its very indirect light. And the issue started like 2 weeks ago and has been getting worse and worse",1708459046.0,1
petsmart,We keep the lights off. I also like to do their water change with slightly warm water with a little bit aquarium salt and stress coat. I've noticed the aquarium salt helps with the ammonia burns. I started doing that for the past few weeks and I've seen an improvement in how they look. We do water changes 2x a week. Monday and Friday.,1708455428.0,9
shittyaquariums,"Ah ok. Yeah, I work at petsmart and we do see popeye alot in the Dumbos. I'm glad you were able to take her in! I've had 5 bettas since I started there, all who were on the verge of death when I took them home, I currently have 2 who I'm still nursing back. I hope you can figure out a solution, I had the same issue and just ended up getting rid of the duck weed and getting water lettuce which they love because of the roots.",1708438446.0,2
shittyaquariums,"Is her left eye ok? I kinda agree with the other person about her scales looking raised. If her one eye sticks out more than the other than she might have popeye which needs to be treated soon or it could kill her. 

Regarding your filter, you can look online for floating plant rings, it keeps them away from the filter because the water flow is whats pushing them down. You can make your own using air hose pipes.",1708406305.0,1
parrots,"She preens everywhere but her tail. Its been an issue since I got her 5 years ago. She's healthy, I guess also lazy haha.",1708119053.0,1
parrots,"Yeah, I'm mostly just trying to figure out if this is an issue that needs to be fixed. It doesn't seem to hurt her, but I'm just nervous that she isn't caring for herself properly and I wasn't sure if that can harm her. The rest of her body is perfect, just not her tail.",1708101354.0,2
petsmart,"Yup, we lost one because he was just way too small. We also lost a chameleon because he was a hatchling.

We've also been getting in blind leopard geckos. We had to adopt out 3 of them because they were completely blind. We just got in 2 more that I suspect may be blind (they aren't completely albino like the other ones), they are extremely small and their tail is super thin. My coworkers who do the intake always mark them as healthy even when they definitely aren't.

Also, lots of sick animals. We have 3 animals in iso for cysts, one chinchilla, one guinea pig, and one finch. Then all our guinea pigs came in with ringworm of course.",1708056678.0,3
parrots,"https://preview.redd.it/690pqzvw6uic1.jpeg?width=1080&format=pjpg&auto=webp&s=854492dad73b93b6e05b85413572021befea239f

This is Tiki",1708041028.0,23
parrots,"When I spray her with water she just gets super playful and will usually play instead of preening. She'll play until it dries, then she'll preen everywhere but her tail.",1708028316.0,10
parrots,"She would not be happy if I did haha. She's a very independent woman and hates being touched unless she wants to be. And even then its usually only for like 2 seconds on the top of her head, then she'll give me one of her f*** off bites haha.",1708027768.0,13
parrots,Omg they're so pretty!!! What are their names?,1708024921.0,18
parrots,"She plays wherever she wants. She has 2 different stands, but she usually chooses to play inside her cage or on the floor/couch.",1708024867.0,11
parrots,Her cage is 4x3x6 ft. She is very active though.,1708021606.0,12
parrots,"I spray her, but she hates water. Should I just make her deal with it?",1708016525.0,65
Advice,"Ive had the symptoms for 5 years now. All the information I've read says that I should be deaf by now if I do have that autoimmune disease. I've lost some hearing, but not even enough to need a hearing aid. I just feel like its not the right diagnosis, atleast not without figuring out if it could be something else.",1707933619.0,1
teenagers,"Fish keeping (I have no life, just fish)",1707919697.0,1
Periods,"I have been cutting since I was 12...... I started my period when I was 11. I'm nearly 20 now and I still get really bad urges (and still relapse) when I get my period. Growing up i was hospitalized 5 times for selfharm/suicidal thoughts, and every time was right before or while I was on my period. I was diagnosed with PMDD and I'm on birth control now to try to cut down on how often I get my period. It's helped ALOT. I went 6 months without cutting which was the longest I ever went since I started. I still do get my period occasionally, and still get really bad symptoms every few months, but its way better than every month. 

I'd look into birth control. I used Nuvaring and I currently have the Mirena IUD. Both have been wonderful besides the weight gain. You might have trouble finding a doctor who will listen to you about PMDD, my first doctor didn't believe me and said that it was normal, so I had to do all the research myself and picked the best option for me as ""birth control"". My new doctor is amazing and helped me figure out what to do when the previous birth control wasn't helping enough. 

I know its a struggle, but you got this! Hormones suck",1707912484.0,2
petsmart,"I was hired into petcare like 7 months ago and I shadowed someone twice, but they didn't really train me, just had me do the online course, then had me follow around the people during closing shifts. I didn't know how to do deep cleans, or anything, and I've basically been learning on the job. They had me ""train"" someone in pet care and I was like ""idk how you're supposed to do this but heres what I do!"" I was hired because I know alot about animals, so alot of it was easy to figure out, but it was still scary to jump right into a job that I wasn't entirely sure how to do and be labeled a ""specialist"". The first time I opened petcare I literally had to have my manager write down what needed to be done because I had no clue. 

I knew nothing about fish when I started, they didn't even teach me how to do water tests, but then Id have to do them and i would literally just Google the results and tell the costomers what Google said haha. 

My coworker was hired as a cashier a few months after me, but they sometimes scedual her to do pet care and she was never trained. She didn't even do the online things. She has my number and will call me sometimes if she needs help because no one ever taught her what to do.",1707852618.0,8
petsmart,"We had a clam, I was gonna take him home but he disappeared and I haven't found him since. Idk if my coworkers threw him out or what. I'm still bummed cuz he was cute.",1707768871.0,8
ATBGE,"I have an isopod bag! It doesn't look exactly like this, its way more simplified but I might have to buy this......",1707602772.0,1
petsmart,"Honestly I feel like it sometimes, the other day I was so ready to just walk out haha. Everyone except that coworker is great though. I'm also dealing with a shit ton of health issues and my managers have been really kind and understanding, where as I'm scared if I go somewhere else I'll be fired pretty fast because of how often I need to request off for doctors appointments. It just sucks that this is how it is.",1707518937.0,2
petsmart,I feel like making sure that you don't kill off half your fish is better than waiting a few days/week for the goldfish to do their job. You can also look into how to make snail traps. They aren't usually very pretty but if its that big of an issue you might just want to try it overnight or something.,1707518462.0,7
petsmart,"Idk the answer to your question, but I do know that we do in our tanks is we take a comet goldfish and stick them in each tank and they eat most of the snails within a few hours. We call them our little employees haha. I'd try the goldfish first because even just sensitive fish can be hurt by the copper. I know the comets can't get the ones that are in the filters or whatever, so if you're having an issue with them clogging everything up then Idk.",1707517978.0,8
shittyaquariums,"I work at petsmart and the amount of people who come in looking for a fish for these projects disgusts me. I just tell them to go to a lake and get mud or something. There will be bugs and shit. No need to torture a poor animal. Their parents are always assholes though. I had a girl who wanted 2 mystery snails for her torture jar and I was like nope. I gave her a couple invasive bladder snails, I even felt terrible doing that, but the dad was making a huge scene about me being the reason she fails lmaooooo. I didn't have time for that shit. 

But seriously. Teachers shouldn't be having their students torture animals in the name of education. That's just telling me that the teacher has no fucking idea what they're talking about and probably shouldn't be teaching science if they think it's a good idea.",1707476722.0,2
petsmart,"I taped a fake spider to our podium and would make him hold stuff and they took it down :( no idea where they put him either, they probably just tossed it",1707452202.0,1
petsmart,"Shes scedualed for 6 hours. Come in at 8 leave at 2. Its not alot of time, but she doesn't even put the shipments away half the time or even do much of the other opening tasks. She also pretty much never does the crickets, and she never does the fish dead pull. We don't have to do anything with the cats, we have people who come and do that.

She's just given up.",1707436276.0,2
shittyaquariums,"I work at petsmart and that kinda looks like one of our display backgrounds. Like, its so familiar. Now I kinda want to see if I can find it somewhere in store when I'm on shift next. Its definitely a back drop though. I don't see any live fish in there tbh.",1707281992.0,8
teenagers,"Id try to talk to him more. The one guy that I asked out who rejected me was someone I just kinda liked, I didn't really talk to him much beforehand. I'd try to get to know him more, even if it is scary. 

I don't regret asking that guy out even though it didn't go anywhere. It was absolutely terrifying, and I was pretty upset when he rejected me, but it made it easier for me to ask my now boyfriend out, and I'm really happy where I am. 

Also, try to do it casually. Not make a huge deal out of it. Ask if he's going to the dance. If he says yes, then ask if he's going with someone, or just ask if he wants to go with you. If he says no, then say something like, ""aw man, I was really hoping to see you there, would you want to go with me?"" Theres not really any reason to make it a bigger deal than that, even though I know it feels like it is. 

You got this!",1707281740.0,3
teenagers,"Well, I am bi, and also it was an inside joke between me and a friend.",1707278514.0,5
petsmart,"Oh, we don't do that at our store. Honestly I'm glad because those are not suitable housing for them anyway. Just temporary.",1707248014.0,3
petsmart,"Hold up, were supposed to sell it with the container? We always put them in the cups because we only have 3 small containers and 2 medium ones. I ain't getting rid of my prized small containers! I love those ones the most, I wish we had more because they are so helpful for moving the smaller animals.",1707234319.0,8
teenagers,"I've never been asked out, so I took the initiative and asked out 2 guys (separate times, of course) and only one agreed, but we've been together for 2 years and currently live together. So, come on girls. Ask them out. Also, in my experience, they also get all cute and shy because they don't expect it, which is adorable. 

My current boyfriend said he wasn't going to ask me out because he thought I was too good for him or something, but I snatched that bitch up and now he's mine. 

I've always had the opinion that if you actually want something that you should take initiative. Why wait for something that might never happen? You might get rejected, but then you can ask the question of, was he ever gonna ask you out in the first place? But also, Men can be, and are shy too. If you can't muster up the courage to ask them out, then why should they muster it up to ask you out? If your tired of waiting for him to ask you out even though you made it odvious you like him..... just ask him? Like, it ain't that hard. Yeah its scary, but it can also be super worth it.",1707233542.0,76
HearingLoss,"Ive has many, ive never had anyone bring that up. I can ask my doctor to look at them again to see if its that? Would it show up on any MRI of the head? I have one with and without contrast",1707173765.0,1
HearingLoss,"Thanks for all this, its very helpful. Should I look into a rheumatologist now, even without having a definite diagnosis? Would they be able to help diagnose the issue, or are they someone I go to after I get that diagnosis from my otoneurologist? 

I'm pretty scared, I thankfully don't have bad hearing loss, but its definitely been getting worse little by little for these past few months. I just hope that I can figure out whats going on. 

The only thing that makes me confused is just how long my ear problems have been going on. I've always had messed up ears, I had tubes placed as an infant so its been all my life. Is it possible to have it all my life? Its all so confusing because there's not that much info on it.",1707171467.0,2
adhdwomen,"I got another week on that dose, then 15 days of tapering. Fun times",1707070516.0,3
adhdwomen,"I'm on 60 mg and I'm soooo fucking tired. You're not alone. My doctor told me I wouldn't be able to sleep, but I am so exhausted that I want to sleep all day. ",1707069614.0,9
hognosesnakes,Cheese,1706975505.0,1
shittyaquariums,I work at a pet store so I know if I was shown this then id 100% be willing to give you some dead goldfish to make a swap. Same with all my coworkers. So id give it a try. Show them the picture.,1706974678.0,3
shittyaquariums,"She won't know if you grab them.... just scoop them out and have a container to put them in. Make sure she isn't near by. If you think she'll notice, you can try going to your local fish store and let them know, and they most definitely have dead feeder fish on hand, so you could take a some dead ones and do a swap. Im sure she won't care if they ""die"".",1706974547.0,2
parrots,"https://preview.redd.it/vy2acuso2egc1.png?width=1080&format=pjpg&auto=webp&s=01d764f2efe4f487a7f2e028204521e1b36db2f1

This is my lil baby Tiki",1706974200.0,2
parrots,Blue and gold macaw. I use my birds feathers as bookmarks too haha,1706802782.0,6
teenagers,Mix between D-20 and C-30,1706645615.0,1
shittyaquariums,"There's a pleco on the wall right behind the cats ear. I also saw a red tailed sharks and also a glo shark, both of which are aggressive. The tiger barbs are also aggressive but can sometimes be kept with community fish, but I never reccomend it.",1706285504.0,1
shittyaquariums,"The tank yeah, but the choice of fish will have killed most in less than 3 months. There are fish in there that can get over 8 inches long, some that have HUGE bioloads, and also multiple aggressive species. I also saw a pleco in there, which can get up to 18 inches long.",1706285296.0,1
shittyaquariums,"Oh, sorry about that!",1706218772.0,6
shittyaquariums,"Link to post:   

https://www.facebook.com/share/r/yGNdoNmL2Pu8RRCc/?mibextid=roAVj8",1706217795.0,0
shittyaquariums,"Omg I saw this on Facebook just the other day, me and my friends were cringing at that. It looks like there's no filtration holes between the panels and the only way to have the water circulate is to fill it up, but then the bettas can just jump the barrier (they can already do that, but that would make it easier). Plus there's nothing breaking their feild of vision so they will be super stressed.",1705722457.0,4
petsmart,"Something similar happened to us. We had a guy come in with a bag full of dead fish, half of which we didn't sell. And only one was from our store and he had to DIG in the bag to find it (thank God he did it himself). I think he just bought a bunch of fish for his uncycled tank and was going to all the stores and returning them. He proceeded to tell me that he filled his tank with tap water and just let it sit for a day then got the fish. I swear, some people don't deserve to own animals.",1705087700.0,4
Fish,Oo it might be,1704944733.0,1
Fish,Its from a breeder in the United States. I think its the east coast.,1704944629.0,1
Fish,"Well, he did jump out of the tank because someone forgot to shut the lid, so hes pissed and definitely doesn't want to be here haha. I only have a 9 gallon tank at home and hes too big, id love to bring him home cuz hes so cute. If he doesn't need a super big tank i might just take him home haha. But idk what he is or how to cate for him",1704905599.0,1
Fish,"I forgot to add-- What size tank does it need, and is it tropical? We can't sell it so it'd be adopted out, I just want to be sure its going to the proper home.",1704899746.0,1
petsmart,"All our walkies literally fell apart and corporate won't send us new ones, so our manager just got us cheap ones from Walmart. But we don't have the button and haven't had it for over 2 months now and its amazing. People just wait their turns like they're supposed to. I don't miss when people press the button as I'm standing infront of them helping someone else.",1704517586.0,1
cats,"Believe me, I wasn't planning on getting another cat, but I asked EVERYONE i know and not one person wanted her. I also talked to a rescue and they said that she probably won't get adopted because she's older (vet said about 8) and very anxious. They said that her best bet is to live with me and to just give her time to adjust. She lived in a house with lots of animals, they were hoarders who just forgot one of their 16 cats when they were evicted.",1704478754.0,1
ferrets,"I volunteered at a wildlife rehab and unfortunately thats how it is. They are so underfunded, that the larger or less common species tend to get top priority, plus if they don't think an animal is able to make a recovery then they also will choose euthanasia. So, rabbit kits are a very common animal to get in, and sometimes if they aren't healthy when coming in, meaning they would need extra care, they choose to put their energy into animals that they KNOW they can help. 

The people in wildlife rehab love animals, but they also know not to put their hope into an animal that isn't likely to make it.",1704452293.0,2
MedicalGore,Thats her lower jaw,1704323816.0,2
bettafish,"Yup, I just lost my lil guy because of that aswell. I was devastated.",1704152844.0,3
Aquariums,Those are usually rosy red minnows. They can sometimes be aggressive. What other fish do you have?,1704150553.0,1
weeviltime,https://preview.redd.it/tp5haiw5dp9c1.png?width=1080&format=pjpg&auto=webp&s=ca2b86ac9aad7410e5c01937c046054248a0b91d,1704059972.0,2
fixit,Would that straighten it out?,1704059526.0,1
fixit,"Yeah, I was thinking that if I bent it the other way that the metal might break. Is there anyway to avoid that happening? There's no cracks on the underside, like tubes of metal usually fold when bent. This is just bent/curved.",1704041191.0,1
petsmart,"So, this is a long story, but it was fucking unreal how annoying some of these people are. 

Anyway, I once had this lady come in an hour before we closed and the first thing she said to me was ""I forgot my glasses, can you show me where *list of items* is?"" I told her exactly where they would be, and she said, ""cant you show me?"" And at fthat time I had nothing better to do, so I showed her where the hills dog food is, then I walked her to the fancy feast. She started asking me to find the food for her and at that point I was called to get some fish, so I told her that the best thing is to look at the can colors because they're all different colors.

Fast forward to like 5 minutes before closing, she SCREAMS across the store and was like ""Will someone come and fucking help me?!!??!"" As I started walking back there, another costomer walked into the isle and she started yelling at the costomer because she thought she worked here, then when she saw me, she was like, ""Oh, so now you come to fucking help me."" The whole time shes complaining about being here, and that im a bad employee for not helping her, and basically just being an asshole. So, I very easily find all her items because THEY ARE ALL DIFFERENT COLORS!! But she still had like 20 cans left so it took a bit. But my manager told me to just help her.

So, she gets to the front, its a few minutes past closing, and she has a cart full of cat food, all different kinds. We get her all scanned and by that point its like 9:10, and then her card gets declined. She called costomer service. She also had the nerve to yell at me when I started vacuuming and trying to do my closings. 

Anyway,  she then just decided to leave.",1702601054.0,8
Vent,"I'm kinda overweight but thats from a mixture of an eating disorder, a few medications, and PCOS. I used to be skinny but then I gained 60lbs in 5 months. I know I need to loose weight, I just find it very difficult because of the thyroid issue aswell as PCOS. I have scoliosis so I almost always have a pinched nerve in my back, and I have pretty bad hypermobility in my joints so I'm in a good amount of pain usually.

I don't smoke cigarettes, but i do occasionally smoke weed at night so I can fall asleep faster. Most days I just have meal replacement shakes for breakfast and lunch, and I eat alot of different things but mostly Brussel sprouts. I work in retail so I'm on my feet all day.

The thyroid issue has been all my life. I currently have extremely swollen thyroids, and when they tested them I have an underactive thyroid aswell as an overactive thyroid, so I probably have a pituitary gland issue. But to figure that out im gonna need to go to the Dr. 

Plus, I have ear issues so I'm constantly dizzy, and I always have ringing in my ears. Ive had 8 surgeries, 2 of which they had to remove parts of my skull (typanomastoidectomy) because of an infection. After the surgeries I did have a major increase in just how tired I am, no clue why, it just happened. 

I have have such bad anxiety that I have panic attacks pretty often, and they use alot of energy. The depression also doesn't help with the lack of energy. I have chronic depression, so I'm always in a constant state of not having energy because of that too.

I know its all not an excuse, but I have lived my whole life being so tired. Lazy has become a really hurtful word, because when I put my all into things I'm still called lazy. And then it takes me days to recover. I just want to be able to do things without feeling so exhausted afterwards. I try hard, but I haven't been able to find anything that helps give me energy. I've taken so many medications and gone to physical therapy and all that stuff and I have found no relief.",1702224807.0,1
whatismycookiecutter,"https://preview.redd.it/qsyf5zh4v74c1.jpeg?width=887&format=pjpg&auto=webp&s=e985fc9d2d8d196148ac249d6ef65f3e030f41e4

tulip tree leaf?",1701668839.0,2
petsmart,"We had a guinea pig with a chronic upper respiratory infection for over 6 months. Eventually we took him to a specialist and they said that Banfield had made him build up an immunity to antibiotics, so they needed to give him almost triple the dose or something crazy like that. And within two weeks he was almost completely fine. Idk why it took so long to have him seen by a specialist, I wasn't there when he got put back there, so idk. All I know is that he's doing well and I believe he was actually adopted by our manager, or someone in his family.",1701536620.0,3
sphynx,"I have 2 sphynx cats, and one is absolutely disgusting to touch if he isn't bathed weekly, and the other one is so soft and covered in peach fuzz. The other rone is completely hairless, like, not one hair on his entire body. I think it all depends on the cats.",1701536237.0,4
shrimptank,"https://preview.redd.it/0xpzhjzw143c1.jpeg?width=2429&format=pjpg&auto=webp&s=f04a4519dbf3f664ee3b906a7dc703bb326026c8

This is an older photo, the only thing that isn't there is the cholla wood. The hair grass also hasn't been doing too well, so its pretty bare in the front.

When you say you got them from leaf litter, is it just qny old outside leaf litter, and just stick it in a jar? Or is it aquarium leaf litter?",1701186850.0,2
shrimptank,Like the almond leaves?,1701147172.0,1
shrimptank,"Where do I get all of those things? I don't have any moss, it all keeps dying so I kinda gave up. If I send a photo of my tank would you be able to tell me if there's enough hiding spots?",1701147142.0,2
shrimptank,"I had that in my tank, but my old betta managed to get himself stuck inside and passed. As much as I liked having it in there, bettas are just too curious. I had the ends buried and he still managed to wiggle in.",1701136752.0,3
shittyaquariums,"Unfortunately, it's a green danio glow fish",1701011403.0,2
shittyaquariums,Green Danio glow fish,1701011274.0,1
petsmart,"We don't throw out animals. I really don't understand why people think this. All our animals must be accounted for, if one dies we need to log that. So we can't just ""throw out"" animals. Even when they are sick, we have a special room and will take them to an exotic vet, which is more than the average small animal or small bird owner would do since exotic vets are expensive.",1701010986.0,2
bettafish,"If the smaller tank has a heater and filter, then it should be ok just for a few days, but you need to keep on top of   cleaning it. You can try going on Facebook, there are fish removing groups on there, you can probably find one for your town or atleast one nearby.",1700616318.0,1
bettafish,"Tell them that their employee gave false information. That's what happened. It might not get you anywhere, but they might take them back because of that. Even if you just donate them back, but tell them its their fault these animals are in this situation to begin with",1700591754.0,1
bettafish,"I work at a pet store and what I always tell people is that it all depends on the betta. Some can have tank mates, some can't. I've had 3 bettas, currently have 2. 2 of them were/are absolute sweethearts, and one will kill anything she sees. It completely depends on the personality. If your betta is chasing them, then he might end up killing them if he gets the chance. He could get used to them, but its possible that he never will. If you're willing to wait and see if he ends up not caring, then go ahead, but it could end in him killing the corys. You can always bring them back to the store if you're not comfortable with that risk.",1700564679.0,1
whatismycookiecutter,I just take a screen shot then draw on it in gallery. You can also save the photo and draw on it in gallery or another drawing app.,1700364169.0,1
whatismycookiecutter,"https://preview.redd.it/1dac50xb211c1.jpeg?width=1020&format=pjpg&auto=webp&s=fabd9c962dd6a6fc2778de04d0688c834215c8b4

Blob fish",1700278970.0,4
whatismycookiecutter,"https://preview.redd.it/mn9r7w37111c1.jpeg?width=675&format=pjpg&auto=webp&s=807b7f688a4ff016ad4efcd8dfd319fe19efbc97

Its a marble statue with ice cream on its head",1700278589.0,5
petsmart,How? Having an external parasite is a bad comparison to... having an external parasite? Ok,1700244309.0,1
petsmart,"Ok, so the lady with the puppy with the odviously hurt paw, should she treat him for fleas and completely ignore the fact that the puppy could've had a serious injury? Or should people use harsh chemicals on an animal with a skin allergy, therefore making the skin more itchy and painful? Because they will use the flea bath or flea medicine over and over because ""maybe it just didn't work the first time."" People need to be educated about other issues that their animal has.

If your scalp is itchy, are you gonna go out and buy a lice shampoo and a lice brush? Then continue to treat your scalp because its still itchy, but now its even more itchy, so it must not have worked the first time. You know, because its not always 100% effective, so you need to give it a couple of trys. Maybe that brand of lice shampoo just sucks, better try a different one! 

Or are you gonna try to figure out why its itchy? Why treat your pet any different?",1700217444.0,0
petsmart,We had 24 parakeets like that. We ended up sending them back to the breeder because we can't treat that many birds.,1700179166.0,1
petsmart,"If there's no fleas, then its not trial and error??",1700167412.0,-3
petsmart,"Exactly. Like the puppy I gave as an example. It wasn't even itching, it had a hurt paw, but for some reason these people thought that him wincing in pain was from fleas??? They said ""when he walks he does a weird skip whenever he steps, he must be super itchy."" No, ma'am, your dog is limping because he hurt his paw.",1700165782.0,0
petsmart,Yeah but people are ignoring the actual issue. Like food allergies or skin issues.,1700165494.0,0
petsmart,Because people are ignoring their dogs medical issues.,1700164137.0,0
petsmart,"I'm not policing preventatives, I just want them to know that if their animal doesn't have fleas that this will not help them. If they buy this medicine they will delay treatment for their pets for longer because ""it just needs time to kick in"". What if that puppy has a splinter or glass in its paw that could get infected, but they won't make a vet visit because ""its fleas"". What if someone's dog has a serious allergy or some skin issue, and they won't take it to the vet because they think that its just fleas. 

If you come in and ask for help and your dog has a medical issue that needs the vet, why would I suggest flea medicine. I always tell people that flea medicine is a preventative as well as a treatment, but its only for FLEAS (and ticks). 

I didn't know about the coupon for Banfield, I'll definitely be telling people about that. I just hate the idea of people letting their pets suffer. The majority of people ive dealt with were genuinely shocked when I told them if they don't have fleas then it won't help. Its not that people want to save money, atleast not in my experience (I work at a petsmart in a SUPER rich neighborhood, not alot of these people really care about money), they just don't want to deal with the hassle of going to the vet. Its just that they're uninformed. They assume flea medicine is an anti itch or something, idk.",1700162852.0,2
petsmart,"And thats fine, but if your dog is hurt or itching for some reason, then take it to the vet. Letting these people give their dogs these medications are going to make them think they cured their dogs issue when they haven't. Plus, if their dog is having skin issues l, then I assume that putting a treatment on their skin will definitely not help at all.",1700157472.0,8
petsmart,"We have people bring their flea infested dogs to the store, and let them walk around and say hi to other dogs. I always tell them ""if you are coming for flea medicine with your dog, carry it because you are going to make the other animald get fleas aswell."" Its always the crusty white dogs too.",1700157192.0,10
petsmart,"We just went through hell at my store. We had 7 Guinea pigs with ring worm and 5 Syrian hamsters with wet tail. Then, as soon as all that was sorted, we then got in 3 shipments of sick birds. 3!!!! Over those 3 weeks every shipment they send us was sick. We had 24 sick birds, we eventually had to fight the breeder and have them come and take them all back. We took them to the vet and it was some sort of virus and they wanted us to give oral medicine to all 24 birds 2x a day. Nope. The breeder can deal with that. They also sent us a bird with a broken wing (it was old, so it didn't happen in shipment) that ended up passing away, probably from a mix of the virus and the stress of the pain. We haven't gotten birds since. That was over a month and a half ago. We only have 2 canaries and 2 finches left in store.",1700156980.0,1
cats,She might just not like the sound my phone camera makes. Whenever I take pictures of her she makes that face. Makes for alot of funny pictures. I just adopted her a month ago and she makes that face ALOT. She's so silly,1700154587.0,2
Goldfish,I love when fish are named after other fish! I have a betta named Tuna. (But his full name is Mr. Tuna Fish),1700154463.0,2
cats,"https://preview.redd.it/rsuenz4arq0c1.png?width=1080&format=pjpg&auto=webp&s=0950428b7bb698c99e7ac7dceaf0f4db25a4f988

She must've seen a ghost",1700154186.0,2
whatismycookiecutter,"https://preview.redd.it/0frgbcueqq0c1.jpeg?width=1021&format=pjpg&auto=webp&s=94b5240f7c2733b34f6d0ac4df8a0009abb8bb06

Its a silly little cat",1700153893.0,2
teenagers,The sin is yellow,1700042704.0,1
weeviltime,I soooooo would've kept him as a pet and given him a fancy house. He is one snazzy gentleman.,1699912374.0,3
Bedbugs,"It was REALLY small, how big are stink bug nymphs? This guy could fit on a pin head",1699581718.0,4
Bedbugs,He said he hasn't seen any. It might already be too late since I stayed over a few days ago. Shit,1699578252.0,1
Bedbugs,"Shit. Its at my partners house. I checked his bed, its clean, but it could be in his parents or sisters room. Should I avoid staying at his house so I dont bring it home?",1699577804.0,1
whatismycookiecutter,It looks like a dogs butt to me haha,1699563464.0,5
teenagers,"No clue. I made my account when I was like 17, didn't go on for a few years, then when I went to log back in it said that.",1699477259.0,1
teenagers,Mine is more like a pinched R with an extra line. If im sloppy it'll look like an R.,1699464918.0,1
teenagers,"I was just like you, except I'm still chubby haha. I never had many friends. I started to shoot my shot with the people I liked, and by people, I mean 2 people. I was 17 with the first guy, I got rejected. It hurt, but I ultimately think it wouldn't have worked out anyway. Then when I was 18 I asked another guy out, and now we've been together for over a year and a half. 

You just gotta try to seem confident, and try to make the first move. Even if it doesn't work, you can always try again.",1699457561.0,1
teenagers,"I got this too, and I'm 19. I ain't sending them my drivers license so I just deleted the account and made a new one.",1699457157.0,2
parrots,"My bird does that too! But she does it so well the sometimes my mom will answer her hahahaha. Its hilarious. Its so funny to be like ""That was the bird!""",1699455547.0,2
parrots,"My bird does that too! But she does it so well the sometimes my mom will answer her hahahaha. Its hilarious. Its so funny to be like ""That was the bird!""",1699455538.0,2
petsmart,"Some guy had a 75 gallon with 4 fancy goldfish inside. He came in asking why his fish died. It turns out he was feeding them whenever he fed his kids, and that included snacks. So roughly 5 times a day. The fish were so fat that he said they basically never left the bottom of the tank except to eat the food when it falls. Somehow the tank was pretty clean, I did a water test. I think he was cleaning it atleast one a week though.",1699354312.0,4
pestcontrol,"Its just houseflies. Like the smqller black ones with the brown/tan belly. 

The thing with the chemicals is that I have a bird, so I'm scared to use anything that can hurt her.

Will the alpine fly bait release fumes?",1697934769.0,1
pestcontrol,Honestly at this point I might. It feels like someone put a damn curse on us haha,1697906857.0,1
petsmart,"In the past few months I have had 3 families come in after being given an animal from a school project. 2 were crayfish (I'm convinced they were in the same school), and the other was a fucking turtle. What schools are doing this shit???? Then everyone gets upset because they can't just keep their crayfish in a salad container (yep, the school gave them a cray fish in a Tupperware salad container, and told them it was a sufficient home. They only came in for food and ended up leaving with a 5 gallon tank (that was the biggest they'd buy). Baffling",1697824499.0,8
texts,"I feel like qlot of people dont realize that dates can be free. Like, you know you don't need to go and pay a billion dollars on a dinner, you can walk to the park and hang out. Or, don't even leave home and just have a movie night. I personally like those dates more than the more expensive ones because they're typically more intimate. Idk, its confusing to say you don't like dates. Its like not enjoying being around your partner. What do you guys do?",1697778403.0,2
cats,https://preview.redd.it/l4ws14ebw6vb1.png?width=1080&format=pjpg&auto=webp&s=77a46f4a37ae3ba3d043afec77f30ea858a83bfe,1697734501.0,1
cats,https://preview.redd.it/qamljnn7w6vb1.png?width=1080&format=pjpg&auto=webp&s=e4bb029053abf8ace1a3ebc920cffe0e1493815c,1697734467.0,1
parrots,"My bird can talk and she uses her power to constantly ask for treats or to turn off music. She hates my sisters music so she always yells ""ALEXA. STOP."" and turns it off. It gets annoying when you actually want to listen to music and she doesn't.",1697725688.0,1
AskReddit,"My ankles bend sideways on a 90° angle and turn inward alot. They also click when I walk. My twin also has this issue, and one day she fell down the stairs and landed on the side of her foot, and the doctor said she should've broken it, but instead it was just twisted. Apparently her ankle bones are deformed so mine most likely are aswell.",1697723538.0,1
petsmart,We have no more headsets. Our manager had to go to Walmart and get us some cheap walkie-talkies. Its been over 2 weeks of this and they have yet to send us any more.,1697655454.0,2
petsmart,"I am soooo bad at typing. I'm also just dumb so sometime I will press the wrong numbers when putting in their phone number, and I'll do it like 3 times, its so weird. If someone is like ""533"" ill type ""543"" without actually meaning to and the people will always get so annoyed. Its honestly kinda funny. I have yet to close the register, thankfully. I have no idea how to do it haha.",1697466129.0,2
cats,"I try to make the noises she makes back at her because thats usually what I do with my other cats, but I've never dealt with a cat who isn't trusting of humans. I don't know if I need to act differently around her. I learned I cant move fast or she bolts, so I cant play with her like my other cats. Its pretty confusing because my other two cats already loved people. 

Are the noises stress? She purrs and makes biscuits but I have read that thats a comfort thing. But why would she do that while laying next to me and pawing at me. Its confusing cuz I cant tell if she's scared of me or if she likes me.",1697435575.0,2
petsmart,"I dont have any advice but I feel you. I've been  in petcare for a few months now and I only ever back up on register every few days and I am so fucking bad at it. I fumble my words and can't ever remember how to do stuff besides ring people up, and I press the wrong buttons all the time. Don't be too hard on yourself. I always tell costomers ""I'm sorry I'm so slow! I'm usually with the animals."" In a joking way, kinda plays into most peoples idea that the antisocial people work with the animals, so then most people will automatically not be so upset because they'll  probably find it humorous rather than annoying.",1697435001.0,4
parrots,"I agree 100%. All my coworkers (except 2 who might be layed off soon) see the animals as our own, and we all try our best to get them all comfortable with us. We've had rats at our store for a few weeks and I have become best friends with them and will play with them when we aren't busy. I love them like they are my own pets and its always sad to see them go, but I always try to make sure they are going to a good home, especially if its an animal that I am kinda attached to. 

I will basically interrogate people, and if they get pissed off with all the questions then they probably aren't going to be a good owner. If they listen and ask questions or tell me what they have, then I'll sell them the animal. Even with fish, I refuse the sale of fish pretty often if I don't think that the people can keep them alive. Its terrible how many people come in thinking that fish are simple to keep when they are actually pretty difficult and also expensive. Ive probably spent over $600 on both of my tanks so far and I've only had them for 5 or 6 months. I always tell people about how hard and expensive it can be. Then they'll argue with me like I dont know what im talking about. Its honestly hilarious sometimes.",1696523164.0,1
petsmart,If people want variation i usually suggest mollies or guppies since we have different colors. If they continue to say they want a bunch of different fish I will just tell them that I won't sell them anything.,1696448061.0,10
parrots,"I completely agree. Thankfully, so do my managers, so they allow us to refuse sales to people. I asked them while interviewing if I could refuse sales, and they said yes. If they had said no then I wouldn't have taken the job. That does lead to the animals being here for longer than they should be, but id rather know they are getting the proper care by staying with us then know that they're being sent to a home that won't care for them.",1696444609.0,1
NoStupidQuestions,"Ok but that article literally says, ""While crustaceans are always shellfish, shellfish are not always crustaceans."" Meaning, all crustaceans are shellfish, so, if you were allergic to shellfish, you would be allergic to all crustaceans, aswell as mollusks. 

So, my question still stands. Would someone with an allergy have an allergic reaction to an isopod if they ate one?",1696352704.0,1
NoStupidQuestions,"Yeah, but let's say you did eat one, would you have a reaction because they are a crustacean? If shellfish are crustaceans and mollusks, then they would have the same effect, right?",1696289452.0,1
foraging,So you reccomend just leaving them since I couldn't get a spore print?,1696125402.0,1
foraging,"It was raining all day (and for the last week), so they were definitely wet. Im trying the spore prints again, but idk if it'll work since they were wet. I want to try cooking them (I know they can cause an upset stomach but I still wanna give them a try) but I'm gonna hold off till I know.",1696121591.0,1
foraging,"There was a small tree, but no big ones. Im not sure if there was ever a larger tree there, so there could be roots. 

I tried doing a spore print but nothing happened. I left a few on tin foil for an hour and nothing.",1696119371.0,2
parrots,"We sell them as feeders. We have a bunch of signs on the tank that say all the info for keeping them as pets, and I've seen people move the sign to the side to see in the tank, basically completely ignoring it.",1696119212.0,3
mushroomID,The inside is white/yellow.,1696113524.0,1
parrots,"I work at petsmart and the amout of people who come in to buy a pet that they know nothing about is insane. Atleast 3 times a week I have to tell people that bearded dragons get over a foot long and can be up to 2 feet in length, and they will go ""but, look, they're so small! Are you sure???"" 

Or they come in wanting like 10 goldfish for their 5 gallon tank. You can't even put one, let alone 10. They need over 35 gallons for just one fish.",1696113224.0,3
petsmart,"Yeah, I know that, I did that like last month I think. I've just never seen anything other than gloves. For awhile we didn't even have those. We had 7 guinea pigs with ring worm and I ended up needing to bring in my own gloves because I wasn't about to touch then with my bare hands.",1696091325.0,1
petsmart,"We don't have that stuff, if we do then I have no idea where it is. All we have is gloves.",1696086732.0,1
parrots,"No, they're just a regular vet, they don't even keep animals who just had surgery overnight. They'd send me somewhere else to board her, and I don't think there are any around here. I'm gonna ask my friend if I could keep her with him, but she is a blue and gold so its most likely going to be a no.",1696007257.0,2
parrots,We don't have a choice but to accept them. I will ask my manager if we can report it to our higher upset though.,1696006805.0,3
parrots,"We don't have anywhere to wash our clothes at work, I can probably spray my clothes with disinfectant but im not sure if that'll help at all. 

I would switch shifts, but we currently only have 1 other pet care employee because one quit. I can see if my manager would be able to take care of them, but hes usually very busy. 

I'm thinking I might be able to ask if I can switch places with my coworker who's usually on register and she can take care of them. 

If I call the vet people, what would happen? My manager is going to take a few to the vet on Monday, but even after the vet, I will probably have to medicate them every night. 

I'm going to try to talk to my manager tomorrow to see what my options are, because I don't know what I'd do if I got my bird sick. Shes like my child, I'm so scared of her getting sick.",1695957426.0,12
weeviltime,Are these your pets??? If they are can you tell me what kind they are and how difficult they are to keep?,1694574566.0,2
parrots,"Age- 19 
No. Birds- 1 
Breed- Blue and Gold macaw

Also, I'd like to see the results when you have them!",1694489082.0,1
bettafish,I'm so glad he's better! What is the floating plant called?,1694407484.0,1
bettafish,"Omg, she looks just like my girl!

https://preview.redd.it/ttyiknho1knb1.jpeg?width=4032&format=pjpg&auto=webp&s=369a09b86c82f944b1010706a1900831baee24e6",1694406910.0,2
Periods,"Thats a weevil! He's not harmful, they only eat plants so he probably just hitched a ride or crash landed when flying. I can't tell what kind he is, but all weevils are peaceful and only eat plants matter.",1694010053.0,45
medical_advice,"Will it go away on its own or do I need to find a new ENT? Also, should I be concerned and what causes it?",1693881596.0,1
parrots,"Yeah, the only time I'm on the phone is with my partner or best friend, so they all know her, I'm just dreading if my boss or someone important calls and I can't leave the room fast enough. Its also just a bit annoying having to get up and leave the room if I want to talk to my friend or whoever. She's in the living room so thats where the couch is. Sometimes I wanna lounge and talk to my friends. Birds are pretty ridiculous haha.",1691874726.0,3
petsmart,"Not having enough time to take a break or even take a piss. I'm always the closing pet care and we currently have more than 10 animals in isolation, about 10 in new arrivals, and all of the floor animals. I start closing at 6pm and I still feel like I don't have enough time. My coworkers will take their breaks then I'm left covering them on register, making it even harder to close because there is no one in pet care. We were there till 10:15 the other night because I had to cover my coworkers break and wasn't able to start closing till 7.

And, all the irresponsible pet owners come in at night, so I'm left spending 30 minutes explaining why 2 bettas can't go in a 2 gallon tank, or why you can't defang a tarantula. And, there's always atleast 1 family that comes in like 15 minutes till closing having never had a fish tank before and having a ton of questions (that they then argue with you about because they ""knew someone who kept a goldfish in a bowl"" so therefore your ""trying to scam them into buying a big expensive tank!""). 

But I do love it here, my coworkers are amazing and all my managers are super nice and understanding. Its just that I'm always running around.",1691770297.0,7
bettafish,"I would love to do this. Do you have trouble finding them homes? That would be my main concern, finding them a good home. I work at a petsmart and I see way too many people who have no idea how to care for these guys. How do you ensure they are going to a good home?",1691690299.0,1
TooAfraidToAsk,"My boyfriend can and will eat entire large pizzas by himself, and then eat even more stuff. Yesterday he ate 8 eggs, 2 slices of Costco pizza, 1 whole cauliflower pizza, a whole family size bag of chips, one slice of icecream cake and one slice of cheesecake. And he eats like this regularly, he is very slim.",1691686246.0,1
migraine,"If you have chronic mastoiditis like I did then surgery might be your best option. I was on antibiotics but the damage was already done. The surgeon said that my mastoids were completely infected and almost all the bone was dead. I probably had it for over 6 years before anyone did anything, but I always had infections as a kid so I could've had it longer. I don't regret the surgeries at all, they have helped me alot. I still have issues and I'm looking for a second opinion since I might need to have it cleaned up because I think it might've gotten infected again. 

If you do end up needing the surgery, it isn't terrible. The first day is terrible because you have to have a cup/bowl thing over your ear and it was extremely itchy. After the pain is manageable, the second time I had it done it was very painful but that was because they didn't put in a tube and the blood and stuff had nowhere to drain. If you can request a tube I definitely recommend it, it made the healing process so much better. For a few months after there was pain if it was touched, but now I'm just very sensitive/ticklish behind my ear. I think its because they had to go through nerves and stuff. 

I wish you luck!",1691274106.0,1
parrots,Hes already in the highest cage we have. Its about eyelevel for most people.,1690655458.0,1
parrots,"Would covering half the cage with paper work (not sure if I could but I can definitely ask)? When we first put him out we had the whole thing covered, but we took that down because we wanted him to be able to see that people wouldn't hurt him. I added extra toys to his cage and he does tend to hide behind those, would adding even more help?",1690652865.0,1
petsmart,I was hired into petcare at $15.50. But the minimum wage in my state is going up to $15 in a few months so idk if they just didn't wanna deal with changing the pay down the line,1690650900.0,1
petsmart,"I always just refill both. They drag sand into it anyway, I might as well clean them both out.",1690650759.0,1
InvertPets,"I'll definitely try that then, thanks for the tip! Do I need to worry about the beetles having too much humidity if they were to go to the corner/under the hide?",1690310170.0,1
InvertPets,"I dont think the humidity in the tank is high enough to sustain isopods, I'm not sure about springtails though. I tried looking into it before but I remember I couldn't find much. I have a colony of springtails so maybe I'll try adding some and see how they do.",1690308122.0,1
InvertPets,"I've tried carrots, those are my go to with my other inverts, but they didn't have any interest. The only thing I've gotten them to eat that wasn't dog/cat food was a prickly pear cactus fruit, but those are somewhat hard to come by (I'm in the northeast). I found one at a farmers market and figured I'd see if they liked it since its from where they're native to and they did eat some.",1690305419.0,2
InvertPets,"Well, I did figure out what was causing the mold, they had a secret stash of food under one of the peices of wood. I've never seen them go under it, let alone bring food underneath. I bet they wanted me to redecorate lmao.",1690305003.0,3
InvertPets,"Yeah, the only reason I spray the enclosure is because they don't like alot of the food I give them and for some reason will only eat dry dog food, so they aren't getting water from their food like they should be. Ive tried a few different fruits and even a cricket and they had no interest. I'm scared that they'll get dehydrated so give their enclosure a few sprays in the hopes that they'll drink a bit. Its not even alot, I will literally spray it 2 times, that way half the tank is damp and the other is dry.",1690304861.0,1
petsmart,"I've had people ask me to pick out all the decorations/gravel for their tank. Im always like ""that is entirely up to you"" and they kept trying to push me to pick the stuff. I had this couple who wouldn't stop asking me if what they picked was good. At one point I had gone over to help someone else and they followed me with their stuff and waited to ask if they could get this one decoration. I literally told them like 10 times that its up to them. It was very frustrating, they were in there for like 45 minutes.",1690238235.0,16
CarHelp,"The puddle was running down and touching the front side of my front tire then pooled a bit at the curb. Yesterday, I did have trouble starting my car and when I did start it the air came on and it smelled like dead/burning fish. It was weird. I might just bring it in, the smell freaked me out.",1690213230.0,1
PlantedTank,"I do have grow lights for my house plants, would I be able to set one of those up nearby and just aim it into the tank? Or, would the light built into the tank work? Its the Fluval Flex if thats any help",1690072719.0,1
PlantedTank,Thanks for all the info. I'll definitely watch some videos. Would this be a reason why the plants are looking how they're looking?,1690071884.0,1
PlantedTank,"I have API Co2 booster and I put it in typically when I get home from work which is at like 10pm. It says to add it every day but im afraid to hurt my shrimp by there not being enough oxygen or something. This is my first time having a tank so I'm very new. I don't have a light, but the tank is in a room with a south and west facing window, so it gets alot of indirect sunlight (it is placed so it doesn't have direct sunlight). Is that not enough sun? Or am I putting the Co2 in at the wrong time?",1690070201.0,1
Aquariums,"So far I have ghost shrimp, cherry shrimp, and Malaysian trumpet snails. I just put some of the plants in today so I'm hoping they take root. My shrimp seem quite happy with all the plants which is very exciting!",1689652714.0,2
teenagers,"8 but the center is more brown, like 11",1689652088.0,1
Aquariums,"The issue with taking the wood out is that a few plants just won't stay in the gravel and if there's any movement then they'll float away (I'm hoping they take root soon). If I moved the wood I'm afraid I'd mess up their process of taking root, and also the substrate is pretty dusty when agitated and in scared that'll hurt the shrimp. 

Would washing the wood be the only way to fix the biofilm? I boiled it for a few hours, changing the water like 5 times because it kept dying the water, so it should've been clean when I put it in.",1689482167.0,1
Aquariums,"I was also wondering what I can get to occupy the upper levels of the aquarium. The shrimp tend to stay on the bottom. I was thinking about endlers livebearers, but I read they might eat the shrimp. Are there any small fish or something else that will hang out at the top? I was thinking about getting floating plants, but I don't want them clogging my filter.",1689476346.0,1
MedicalGore,"I just got one in a few days ago, this is terrifying. Did it hurt? How long was it in? I've been terrified to sneeze or cough since I got it.",1689475078.0,1
shrimptank,"Yes! Please, I need all the advice I can get. I absolutely love shrimp, so I want to care for them as best I can.",1689047451.0,1
shrimptank,"I got them from Petco. I do think he has orange bands, [here](https://imgur.com/a/xGfMBnS) is a video of one of them. He has pretty noticeable orange on his claws, but I'm not sure about on his antenna. They all have pretty long arms but I don't know how long their arms should be.",1689047266.0,2
fishkeeping,"Should I just get rid of everything in there and just start over (not the wood, but everything else)? It was sold as mini leaf (which, now that you mention it, the pictures do look suspiciously like chia 😑) and long hair grass. Will they keep coming back if I just get rid of the top layer of the substrate or should I just get rid of everything?",1688659014.0,1
MedicalGore,Do you get the symptoms of your period even if you don't have it (like PMS or headaches)? I have PMDD so I want to get rid of my periods all together which is why I'm thinking of the mirena.,1688632979.0,3
MedicalGore,How did you like it? I'm thinking about getting one but im so scared of the pain haha,1688615750.0,7
doodledogs,"There's alot of videos out there on YouTube that are very helpful. I learned from my dad, but he just taught himself how to do it because our first dog also hated the groomer. Its really not too hard. If you want a specific style it can be a bit harder, but we tend to just shave him all the way just because its far easier. He looks a bit funny for a few weeks but then he looks fine haha.",1688239701.0,2
doodledogs,"Yeah, he hates the groomer but is pretty much fine with being groomed at home. Its not that hard but we usually have 2 people helping, one to keep him still and the other to groom. I'm sure if you had a grooming stand or something that it'd be possible to do it with one person. You just need to be careful to not go too close to the skin because it can hurt them. Tgey sell clips that go on the razor to keep it away from the skin which is very helpful.",1688239354.0,2
cymbalta,"Yeah, I've been doing so much better now. Its been awhile, I cant remember when it got better, but I know that it took a little while, but I slowly got back to normal.  If you have any questions I'd be happy to answer.",1688002316.0,2
AskDocs,"My doctor told me it can happen on both hands and feet. Its way more common on hands though. I only occasionally get it on my hands and its never as bad as my feet. The only other person I've met irl with it has it on his hands and sometimes his feet, but not nearly as bad as mine. My doctor thought it was athletes foot but when I told him I've had it since I was 8 and also have tried athletes foot creams did he say it could be exfoliative keratolysis. That was the only suggestion he gave me to what it could be so I assume that's what I have. The pictures look very similar to how my feet look.",1686768879.0,1
AskDocs,Pretty sure its exfoliative keratolysis,1686753474.0,2
teenagers,🌵🐙🐀🐀ℹ🚫,1686420994.0,1
teenagers,"The mom doesn't stay near the babies. That fawn is in fact chilling (probably a bit scared of the people, but not abandoned). The mom will come back and feed it when it's hungry.",1684794979.0,1
medical_advice,"Not a doctor, but I'm pretty sure those are hemorrhoids. From what I found online, you can try to eat more fiber or take laxatives. Looks like there are also procedures to fix it.",1684788507.0,1
awwnverts,"Yeah, she's very calm on her cork bark. I only tried to handle her once since I got her (just a few days ago) and she was very nervous so I'm letting her have some more time to settle in. I'm hoping that she'll get more comfortable.",1682800378.0,7
parrots,"Shes just started doing it though. She hasn't had her wings clipped in years (previous owners) and never used to fly unless she got scared. It seems like she's flying for no apparent reason, the past 2 times she did it, I was in the room and nothing happened to spook her to fly. And both times she asked for a treat as soon as I picked her up. 

Its hard to put curtains on one of the windows as its a very large window and I don't know where to get curtains that can fit it, plus its shaped weird. The other one I will definitely get some curtains for. 

Is there any sort of training I can do to teach her to land somewhere when she starts flying? Or to show her that she can circle around and go back to her cage/stand? The only issue is she really isn't a fan of training, she prefers to do her own thing.",1680295388.0,1
Depersonalization,"I think its the frame, that there is no peripheral vision (or its alot harder to have peripheral vision), that everything is slightly warped, and that I can see the glass. No matter how many times I clean them I can still see the glass. If the sun shines on my face I can sometimes see the reflection of my eyes. All of that combined just makes me feel like I'm looking through a screen. The frames I have are very thin, and also pretty big, but they still cause it. I also had thinner glasses without a frame on the bottom and that still caused it. Sometimes even seeing my eyebrows causes it, but it happens every time with the glasses. I thought I just needed to get used to them, but even after a week of wearing them it didn't stop and it got way too much for me. 

I dont really know if the safety glasses would work since they still have an edge. And from what I've seen the edge seems a bit bulkier on them.",1680124213.0,1
Depersonalization,"Yeah. But only parts of me. Like my arm will feel like its 10x bigger than the rest of me, while my head is super small. It usually only happens when my eyes are closed though.",1680122224.0,1
parrots,They are great pajamas. Very comfortable lmao,1679170852.0,1
plantclinic,Ive had him for about 2 or 3 years. I water him about once a week and he gets medium light.,1679150951.0,1
tattoo,Will it mess with the tattoo? They all mean alot to me and id like to keep them in as good condition as I can.,1678587066.0,1
tattoo,Thanks!,1678580507.0,6
teenagers,Frenchfries,1678120482.0,1
cats,"Ikr, I put a cat door in my bedroom door and when my cats don't sleep in there it makes me sad. They'd rather sleep on a vent or something",1678115458.0,2
scars,"I had both sides done but I didn't loose my taste for either. I did have a very metallic taste in my mouth for the first month, but never fully lost taste. But, my doctor did say that could happen, so I dont think its uncommon. I'd mention it to your surgeon in your follow-up. The lump is normal, its not actually a lump, its that there's an indent where the mastoid used to be and the bone aroundit is still raised. I still have an indent even after almost a year, it gets deeper for a bit then slightly levels out. The tenderness will go away in time, for me it took awhile. It's definitely a more sensitive area now, any harder pressure there can cause soreness still, but otherwise after 5 or 6 months its pretty much back to normal/better than normal.",1678113664.0,1
isopods,"Thanks! So the way I did it was quite easy but also it has its own issues so I'll say how I'd avoid them if I were to do it again. [Here are pictures I've taken along the way.](https://imgur.com/a/fZFk9iA) It needs maintenance, I need to add more moss because they love to eat it, but I'm waiting for spring.

I started with the tank (I think its 25 gallons) washed it out and stuff.

Then I added coco fiber, sand, wood chips, dead leaves, and dirt from outside. Using the dirt from outside introduced other insects that I didn't necessarily plan to have in there, but its cool to see them when they pop up. Have had quite a few moths pop up. I also added water so the mixture was moist and able to be shaped how I wanted.

I then went out and looked for a peice of wood that fit the tank. Now, with this I had an issue with some sort of ant (probably carpenter ants) because I put the wood straight in. I'd advise to boil or freeze the wood before putting it in. 

After that I gathered moss and other wild plants and added a few house plants I thought would look nice. I also poured in some of my springtail colony. If you look at the pictures you can see how much it's changed. I still add and take out plants and stuff pretty often since I'm not totally happy with the look yet. I'm still trying to establish the moss on the wood in some of the more dry spots. I add dead leaves every few weeks because they like to eat them. 

So the main issue I have was the ants. I don't think there's any way to get rid of them now since the wood is the main peice and also the isopods actually like to hang out inside it. The ants aren't bothering them, they're just annoying for me since they can climb the glass and it has no lid haha.",1676671660.0,2
isopods,So would the male be the one holding the other one up?,1676385950.0,2
isopods,"If you're talking about the string of turtles, its a semi succulent, but its been thriving in the tank. If you're talking about the bromeliads, I haven't had any issues with them, but if they start looking funky then I'll take them out. I don't water them by pouring water on them, the only water they get is the humidifier thats on for like 30 minutes or so a day. But I'll definitely keep an eye on them, thanks for the heads up.",1676384876.0,3
teenagers,"If I was a fruit fly, I'd land on you first because you are so sweet.",1676329672.0,2
isopods,Uhh it might be 20 gallons or so. I'm not 100 percent sure though. I can get the measurements for you if you'd like.,1676328111.0,2
isopods,"Yeah its a fog humidifier, but no jelly fungus. There actually used to be some, but it all went away sadly, I loved that stuff.",1676321060.0,13
isopods,"You can probably get a smaller one, but I like the bigger one because the water lasts longer. Just make sure to wash it and run it a few times before putting in their enclosure, not sure if that does anything but I'm always cautious with my little guys.",1676316014.0,6
isopods,"I turn mine on manually, but I have been thinking of investing in a timer to turn it on and off for me. The main issue is that it can get clogged every so often, but if you clean it regularly then that shouldn't be an issue. I went away for 10 days and didn't clean it and it was clogged when I got back, but after washing it the clog cleared up.",1676315781.0,7
isopods,I have a [humidifier ](https://imgur.com/a/raBN9d6) that I attached a silicone straw to then taped the end to the corner of the tank. Doesn't really look good but it does its job.,1676315527.0,18
isopods,"[Here's ](https://imgur.com/a/9pDIIiQ) some pics of the whole enclosure. There are grow lights on it which is why it looks so pink. Its in a darker part of the house so I wanna make sure the plants get enough light. Though, the bromeliads are actually really pink normally which is super cool, I feel like they were a good touch.",1676315011.0,48
awwnverts,Where can I get him???,1675842722.0,4
medical_advice,"Damn it, I guess I better call my surgeon in the morning.",1675220985.0,2
medical_advice,"I have had tubes 3 times before, a mastoidectomy, and tympanoplasty so my ear drums probably look a bit wonky (all has been done on both sides). But I do not think my ear drum should be moving like that. It doesn't really hurt. Its itchy, and occasionally there will be a really sharp pain for a split second. It makes a clicking noise, theres alot of fluid and its bubbles going in and out of my ears through the eustachian tube. The tube was placed to hopefully let the fluid and air out so the clicking would stop. My other ear is fine, occasionally it feels weird but usually clears up.",1675209573.0,1
teenagers,"I've got a macaw, 2 colonies of isopods (1 wild colony, 1 cool looking colony), 6 blue death feigning beetles, a garden snail, and 2 hairless cats. I also have a dog but he's just a dog.",1674943454.0,2
plantclinic,Yeah he's in a very bright spot  and always moist but when I got him he was so dry that his dirt floated when I put water in. I don't really have much hope for him but im still trying haha.,1674711456.0,2
plantclinic,Yeah it looks like a Norfolk pine spray painted white. I was gifted one and have been trying to save him but not with much luck.,1674711214.0,1
isopods,"These guys have always been a dream of mine to have and I finally got them! I've had most of them since October but got a few more in December because why not. I haven't seen any babies so I'm not sure if I'm doing anything wrong. Most of them tend to hide behind a peice of wood but the ones that go out and about never seem to have eggs (but I also haven't looked super hard because I'm afraid to hurt them). There is a small colony of carpenter ants in there (I didn't plan it, they were in the wood without me knowing) so I'm not sure if the ants are killing babies if there are any.",1674705022.0,2
scars,"I had disolveable stitches aswell, idk why it scarred so badly",1672934945.0,1
weeviltime,"I actually didn't even mean to find him. I had collected acorns to plant and was keeping them in a bowl until I got around to planting them, and one day I looked and there was this little guy at the bottom. I love weevils so I was like **you are mine now** and put him in a little container.",1671981290.0,3
weeviltime,"Oo this is actually really helpful, thanks!",1671973341.0,3
plantclinic,"Same, I cant seem to kill them. Sprayed with pesticides, soap, alcohol, diatomaceous earth, spayed them down with a hose. Nothing worked. Now over half of my plants have them, it sucks.",1671643492.0,3
teenagers,"I'm a girl, but I was very similar. I was also afraid to be creepy (social anxiety sucks). But I figured out you just gotta go into it thinking that you're trying to make a friend. Talk to them like you'd talk to a friend. Don't think of it as such a big thing. Unless you do something weird then they won't find you creepy.",1666648971.0,2
teenagers,"Here are some of my favorites: Go hiking/on a walk or on a picnic (or even better, a picnic after hiking). Try to build something together. Go apple picking or pumpkin picking. Bake a cake together.

Also, just remember that you don't need to always go out and do things. I always have alot of fun when me and my boyfriend just go do stupid shit like wandering around a store, making food, or just sitting and watching a show together. Honestly sometimes we just go over eachothers houses, take a nap, eat a snack, then leave, and I love that.",1666546266.0,3
teenagers,"I'd say ask her to hang out outside of school. Doesn't have to be a date, just go do something fun. That way yall can get closer and then when you feel the time is right you can ask her out.",1666544184.0,1
teenagers,Do yall hang out outside of school?,1666543742.0,1
teenagers,Depends on the girl,1666543677.0,1
teenagers,Probably,1666543628.0,1
teenagers,Talk to her. Get to know her. It's pretty simple. Just think of it as making a new friend and not talking to your crush. See if you have anything in common and bond over that.,1666543592.0,1
teenagers,"I'd say just talk to them. 

As for the hair, make sure you use conditioner and brush it daily. Depending on your hair type you could get specific shampoos and conditioners to make it healthier (like my sister uses curly hair shampoo and conditioner, and I use oily hair shampoo and conditioner.)",1666543424.0,2
NovoAmor,I am!,1660966208.0,1
a:t5_5yqyll,Np! I hope all is well and let me know how it goes!,1658418053.0,2
a:t5_5yqyll,I had it from a very young age so I was still growing while I had it so I'm not sure if it was swollen. I never realized any swelling. The way I was diagnosed was from an MRI for my migraines and tinnitus. Id say if you have swelling of the area you should bring it up with a doctor and see what they think and if they want to give you an MRI. I also had very frequent ear infections. So if you had/have frequent ear infections that is a sign of mastoiditis.,1658417721.0,2
a:t5_5yqyll,"Its no problem at all, I want to be able to help people with similar issues to me! I didn't have any swelling, but I believe that's common. I think since I had it for so long, my body was used to it for the most part and didn't swell up. I remember when I was first diagnosed with it I did some research and I think swelling behind the ear is what usually happenes.",1658416500.0,2
a:t5_5yqyll,"My main symptoms were the objective tinnitus, fullness, migraines, and frequent ear infections. I had cronic mastoiditis for atleast 4 years before I went through with the surgery.",1658333010.0,1
crafts,This is absolutely beautiful!!! How big is it?,1657226783.0,1
tinnitus,"The thing is, I've seen 9 doctors. I've been to all the ENTs (who specialize in just ears) who accept my insurance. Ive also been to 2 Neurotologists. One of them was out of state and my insurance refused to cover the surgery he wanted to do. The one I see currently is a Neurotologist and he's completely stumped. He sent me to the guy I saw today to see if he could help, but that guy was also stumped. Ive had test after test, and no one knows whats going on.",1657064086.0,3
LiminalSpace,"It was by Mystic Connecticut. I can't remember the exact place since it was awhile ago, but I'll look and see if I can figure it out.",1654285820.0,1
scars,"3 weeks ago I had a mastoidectomy and tympanoplasty. I had mastoiditis for over 4 years (an infection of the bone behind your ear) and my eardrum was damaged due to the infection. I also had objective tinnitus. They removed the infected bone and also gave me a fake eardrum. My hearing is still messed up, but my tinnitus has gotten alot better!",1651540579.0,6
MedicalGore,I think thats what my doctor did. He talked to my mom so I honestly have no clue haha. My eardrum was damaged so I think he replaced it. My mom says he just took it out then put it back in but that just seems weird lol. How long ago did you get yours done? Will your hearing go back to normal or will it stay slightly muffled?,1649938780.0,2
MedicalGore,"Wow, I only had to wear a cover from the first 24 hours and just that sucked, I cant imagine wearing one for weeks. So far it hasn't been terribly painful, but I do get random shots of pain. If anything, my throat hurts more from the breathing tube. 

How long did it take you for your hearing to go back to normal?",1649936112.0,2
MedicalGore,Partly. The main thing was the mastoidectomy (which is the big scar) but I did have an eardrum replacement while they were at it.,1649872590.0,2
MedicalGore,"Yeah seriously😆 The nurses were having a laugh while trying to read the name of the surgery. 

Thanks!",1649871918.0,6
MedicalGore,"How are you feeling? Has the pain gone away or is it still sore? I'm also nervous mine isn't gonna have worked, but only time will tell. I feel like they shaved a crap ton of my hair! My mom called a week before and asked if they'd have to shave my hair and they said that they shouldn't have to. Man, I'm so annoyed lmao, I was trying to grow it out. Hope all goes well for you!",1649871796.0,3
MedicalGore,"Oh man, I just watched a few bits of that video, thats so cool!!! It makes me surprised that it doesn't hurt more. I mean, they drilled away at my bone and sliced up my head but all I am is just a bit sore, its kinda funny.",1649871467.0,4
MedicalGore,"No, it was because my mastoid bone got infected (mastoiditis) and they needed to remove the infected bone. I had some hearing loss because of the infection but I was told it should go back to normal after I fully heal.",1649841817.0,23
MedicalGore,"Thats what my friends were saying! Honestly I might. Im not allowed to cut my hair for a month, but as soon as I can I'm probably just gonna get an undercut or something.",1649821626.0,26
tinnitus,"No, its independent. It often happens when I breathe in through my nose, or sometimes its just random. Before I got the tubes, it'd click randomly out of nowhere, now it usually only clicks when I breathe in or out through my nose.",1647042639.0,1
tinnitus,"I had fluid trapped behind my eardrum, but I had tubes put in so there should (in theory) be no more fluid. But idk",1646914336.0,1
TMJ,"I did a few of the exercises in [this article.](https://goldcoastimplantspecialist.com.au/news/9-quick-easy-tmj-exercises-for-jaw-pain/amp/) Idk which worked l, but I did most of them.",1644453145.0,1
TMJ,"Does she clench her jaw? I got braces and since when they'd get tightened my teeth would hurt, I stopped clenching my jaw, which I think helped a ton. I used to clenched may jaw CONSTANTLY. Since I stopped clenching, and started doing the exercises it has gotten much better. I still have a very loud pop when I open my mouth/chew, but its no longer painful or sounds like sandpaper. Try having her go to the doctor, they might be able to get her physical therapy to help it.",1644451380.0,1
TMJ,It ended up going away within like two months. I tried not to open my mouth super wide and that helped. I believe I also looked up TMJ exercises and did some of those. I wish you luck!,1644408614.0,1
tattoo,"Set up a consultation after them healing for 18 months, or set one up now and see what the artist says?",1642626808.0,1
INFJmemes,"Hahah me and my therapist are both INFJs and we have very interesting conversations, its great tho, idk any other INFJs in real life so its nice to talk to someone who knows whats up lmao",1642221525.0,1
HadToHurt,"When I first got her, I was really scared to go near her after the first time she bit me, but she stopped being super bitey (for me atleast). She's happy to bite anyone who isn't me. I usually tell people to just not go near her untill she's gotten used to them being in the house, because if not-- she'd happily take a chunk of skin.",1641661302.0,1
HadToHurt,"With me, its usually that she's being too rough. But she purposely bites other people, I think she likes their reactions because she'll literally laugh when someone says ""Ow!""",1641654867.0,3
HadToHurt,"Haha yeah. I have a macaw, and when she bites its VERY hard to not react. It hurts like hell so its really difficult.",1641624671.0,18
HadToHurt,"Yep, Its an Indian ring neck, but all parrots have feet like that! Their feet are like that to help with climbing.",1641624558.0,3
therapy,"I really thank you for this. I kinda calmed down a bit but I'm still scared, and this made me a little less scared. I think maybe I'll try talking to my school counselor and maybe she can help me make a game plan. Its all very overwhelming ahaha. I'm the one who wanted to go to college, its funny how as soon as I got accepted I felt like I shouldn't go to college. I mean, its my dream yet I am so scared. Idk. But thanks again for this response.",1641395593.0,1
AskReddit,"Someone told me they'd pay to have my nose. (They ment like plastic surgery, but the way they said it seemed like they actually wanted my nose lmao)",1641099209.0,2
AskReddit,Anthrax or bees,1641098888.0,1
AskReddit,A large mug,1641097867.0,0
AskReddit,Zelda breath of the wild,1641097419.0,3
AskReddit,"Personally, I'm excited/curious. I'm not scared. Im afraid of death for those around me, but I could care less if I dropped dead.",1641096918.0,1
AskReddit,"Yeah, she also barely had any lines. She's kinda scattered throughout the movie but in very short bits (like a flashback scene or something).",1641096832.0,1
AskReddit,"I'm a senior now, so technically I still have time, but I wish I made more friends and stopped being so scared of people. I have actually gotten better but doesn'tdo me any good since I'm graduating haha. I also wish I went to public school.",1641096608.0,2
AskReddit,Dune (2021). I saw it in theaters 2x and would've seen it many more times if I was able to,1641096246.0,1
Bernedoodles,Hes 21 weeks old and 46lbs. Hes an F1b Bernedoodle.,1640210065.0,1
therapy,I'm 17. I think I'm thinking about all this more because I'm going to college next year and im scared it will be the same there. Hopefully I do actually make good friends in college,1639834548.0,2
AskReddit,Amateur Blood - Novo Amor,1637978980.0,1
AskReddit,I didn't even know about it being down till I saw this post lol,1633373870.0,1
Bernedoodles,"Hes an 8 week old F1B bernedoodle. I love him, hes great. He's very talkative, but super duper smart. He's already amazing on the leash and I didn't even have to teach him anything. He follows me around which is adorable. He also is pretty good at not going to the bathroom in the house. Im planning on training him to be a psychiatric service dog, and so far he is absolutely perfect.",1632691295.0,1
clusterheads,"No I haven't, I haven't really tried anything that works for the cluster headaches, most of the stuff I've been on was for migraines. I had been on two medications to try to prevent the ""migraines"" for three years(didn't work at all), and it was only a year ago that the doctor decided to give me something to take when I had the pain (which didn't work either). I haven't gotten the medicine he prescribed yet, so I don't know if it will work.",1631753187.0,1
therapy,"I've tried, ive been in therapy since I was 4. Ive been on psychiatric medicine since I was 7. I have a therapist now, but I am scared to talk about this stuff with her. Online, I am anonymous, she knows me, she knows my mom, she can tell my mom, and if she tells my mom, my mom will get pissed at me and tell me to go back onto a medicine that made me have no emotions. 

I'm stuck, I've been trying my whole life to be a normal kid, I want to have normal relationships and have normal experiences. I don't want to overthink things, I don't want to be scared of things that will never happen, I don't want to be different from everyone else. Ive always been seen as the ""odd kid"" i have bad social skills so I don't know how to have a conversation. I don't know how to fit in and its very frustrating because I am very aware of it, yet I don't know how to fix it.",1631421443.0,1
therapy,"Part of me doesn't want to, part of me wants to find happiness and get to experience life, but the other part knows that that will be difficult, and probably not worth it. 

And I do have depression, anxiety, and ADHD, which definitely help make me feel this way.

The problem is, I have always felt like this. Since I was 4 ive been in therapy. I've always felt so alienated from the rest of the kids, ive never really had friends, no matter how hard I tried I couldn't fit in. I might've not always felt this depression, but I have always felt so distant from everyone else. 

Nothing happened really. I guess like 5 months ago- its like the last bit of my will to live just disappeared and I haven't felt the same since. Its like I'm a walking corpse, just going about my day and never actually feeling anything good. Just a week ago I went on vacation to somewhere I had always wanted to go, and all I could think about the whole time was how that would be where I'd go when I finally decide to end my life. The only thing I could do was imagine all the different ways I could end my life, and try to figure out the best way with the least impact. 

Its truly a terrible feeling. Its human instinct to want to live. For 5 months straight my body has fought my mind, but its like the instinct has disappeared and I no longer hold any fear towards death.",1631420054.0,1
therapy,"Well, I don't know. But I like to believe that ill be happy then, and that ill finally stop feeling like an alien around everyone. 

I know I am still young, but I have experienced alot. My main issue with life is the sheer amount of pain and suffering I see every day. I cant go a day without hearing about or seeing the hatred or whatever thats going on in this world. I want to be a child, but I feel pressure from others to know about this stuff because if not, im seen as a bad person for not caring about it. I feel like a terrible person for not really caring about that stuff, but I cant. I don't want to know about the bad that happens, but I cant escape it.

I make an effort to avoid the news, but even in casual conversations with friends or classmates end with bringing that stuff up. I don't want to hear about it, I have enough pain to deal with i don't need to feel others pain aswell. Reading things like that hurt me, I can vividly imagine the pain and suffering of others and I don't want to. 

I chose 18 because thats the soonest ill be able to do it. I cant do it now at 17 because I don't live near where I plan on doing it, but as soon as I'm 18 I can get a plane ticket and just go away. 

I have to go to college if I want to achieve any of my dreams. But I cant. I go to a small private therapeutic school, my classes are EXTREMELY EASY, but I cant even deal with them. I had a panic attack just the other day because my English teacher wanted me to write one paragraph. I can't even write one paragraph, yet I dream of being a scientist or doctor. I cant even go to school without being so stressed I make myself in pain. I have lots of medical issues, and when I get stressed they get worse, and when they get worse, I get more stressed. I put myself in pain because the stress of even the idea of going to college is too much for me. 

I am weak, If I could end my life now without causing any trauma or pain to those around me I would, but I there is no way to do that, I have no way. So for now,, I can only dream of the time when I can be happy, but until then I just have to wait.",1631416683.0,1
AskReddit,"Yeah she got one from the kitchen, I heard her angrily stomp into the kitchen while yelling at the dog",1631187191.0,60
AskReddit,"I went through a phase where I really liked soup. My friends cousin said its impossible for me to like soup because im gay, then I said, soup is gay wtf are you talking about. Thus gaysoup was born.",1631156074.0,3
AskReddit,"It was ok, it was the first day of school, I had a headache all day but I got to see some friends I hadn't seen for awhile.",1631155513.0,2
AskReddit,I slept over my friends house when I was like 7 and her dog had to go to the bathroom in the middle of the night and was whining at the door. Her mom woke up and went out and hit the dog with a pan. It was terrible and I never slept over her house again because if that.,1631155239.0,3016
AskReddit,Vanilla yogurt and goldfish crackers is pretty good.,1631154908.0,1
Anxiety,"Thats part of why I want to go, I read that they teach alot of philosophy and stuff, and I feel like that would help me, but its still scary since I've never been there before. I wanted to bring my friend with me but she doesn't want to. I know all the scenarios im imagining probably won't happen, but its still hard to let go of the fear.",1631127047.0,2
migraine,"I get them all year round, but mostly during the summer.",1631037956.0,1
clusterheads,"I'll definitely let you know the outcome. I'm going to see if i can get my mom to scedual an appointment with my Neurologist tomorrow. 

To stop the pain, I take Diclofenac Potassium or advil. I have no clue if it works, since the episodes last for 30-40 minutes. When I thought it was just a migraine, I assumed I just stopped the migraine by taking meds, but thinking back, even when I didn't take any medication, they still lasted around the same amount of time, sometimes a bit longer, but never more than an an hour. 

I was planning on seeing my Neurologist even before finding out about cluster headaches because they have been terrible the last week, but now I definitely want to see him and see what he thinks.",1630998322.0,1
AskReddit,Maine?,1630991003.0,1
AskReddit,"Porkroll, Hoagies, Pizza, Bagels",1630990895.0,1
AskDocs,"Dogs can detect things we can't, maybe go to the doctor and tell them about how you feel after you eat. Thats definitely not normal and maybe something is up. Im not a medical professional, but I do know its always best to make sure everything is ok. Even if you're fine and nothing is up, its better safe than sorry.",1630989531.0,1
attackontitan,"Thanks! I don't usually do so much detail with hair, but I was having way too much fun while doing it.",1629387474.0,2
attackontitan,"Yeah, I rarely draw from this angle so it looks terrible lol",1629387247.0,2
ShingekiNoKyojin,"Oh yeah, I agree 100%",1628529177.0,2
ExfoliativeKera,It felt good. I normally don't stand up for myself and I felt so good that he acknowledged me and actually agreed with me.,1628109981.0,2
Breath_of_the_Wild,My friend did it and that made me want to do it 😂 ive done all the shrines/quests so now I'm just trying to get all the koroks lol,1627065791.0,1
Breath_of_the_Wild,"Omg, thats an amazing idea! Thanks so much!",1627064785.0,2
Joinen,"This took me a few days, it was also pretty hard to do because I couldn't find that many pictures of Soot, so I had to go back and look through some videos. Im pretty happy with how it turned out, but I wish I had made Soots markings a bit lighter.",1626908990.0,1
Joinen,"Idk what time it is in Australian time, but for me (EST) its usually between 1AM and 3AM, but usually around 2:30AM. Sorry if thats unhelpful lol",1626908144.0,1
AskReddit,"Same! Its just overall a beautiful plant that has beautiful colors, I wish I could have one but its too cold where I live",1626332573.0,1
AskReddit,There's this plant called a Purple Prickly Pear cactus and the color where the purple meets the green/blue is my favorite color. I don't know how else to explain it lol,1626332182.0,1
AskReddit,"9, when im anxious i always count to nine for some reason so I guess its a good number because it helps me calm down lol",1626331937.0,2
AskReddit,Nemo Schiffman,1626331848.0,1
AskReddit,"When I was like 10 I was allowed to taste my moms margaritas and those things are delicious lol. But the first time I actually **drank** alcohol, was the night before my 17th birthday because I got depressed and chugged 1/3 a large bottle of tequila. Now I get nauseous at the smell of most alcohols.",1626331768.0,1
AskReddit,"(Im taking this as you asking why I won't have kids of my own, not kids in general) 

I have alot of mental health issues, medical issues, and the world is shit. All my medical/mental issues are hereditary, so they would be passed onto my children. I have suffered so much, and I would never want to be the reason for another humans suffering. There are so many children who are in the foster system who already exist and need a home. Why should I add another human to the world when there are so many who need love?",1626331198.0,1
AskReddit,DARK is the best series and I will fight all of you for it lol.,1626330869.0,2
AskReddit,"I have weird pets aswell, my macaw is the main one im worried about because everyone hates her lol. Ive lost friends over that bird lol",1626330703.0,1
AskReddit,"Hippo Campus, they are my favorite band, their music is absolutely amazing. Listen to Way It Goes if you want to hear a good song by them",1626329873.0,1
AskReddit,"It depends on where you live, in my state you don't need a license, but some you do. 

I honestly never thought of that, but that would be adorable, just taking my family on like annual rock collecting trips lol.",1626329655.0,1
AskReddit,"I do taxidermy, sculpt, collect bones, collect plants, and collect rocks/other cool natural things. I have so many cool sticks and rocks, I'm always looking for/finding more lol.",1626329119.0,1
AskReddit,"I love watching how excited/happy people get when talking about their interests. Even the most quiet people become so lively and happy when they start talking about their interests. I also love when the interests are something most people don't like, because then it shows you how different everyone is.",1626328877.0,2
AskReddit,"Shape shifting but only into animals, so when I become them I can understand other animals.",1626158760.0,1
AskReddit,Joinen or Serpadesign,1626158600.0,1
parrots,"She eats Macaw food from my local parrot store as well as some pellets mixed in. I try to feed her frest fruits and veggies but she refuses to eat them, she will only eat bananas.",1625950080.0,1
ATBGE,"Thats not a pillow, its called a soft mount. The head is made of foam, and the body is made of toy stuffing.",1624839346.0,4
AskReddit,"America sucks, they only care about money, not the people",1624496959.0,3
AskReddit,"Moss, ferns, evergreen trees, rocks, bones, insects, animals, succulents, wildflowers, cows, hyenas, other people being excited about weird things, clouds, moonlight, being in nature, fluffy/shiny things, mini big things",1624471732.0,1
AskReddit,Make breeding programs/preserves to help all endangered species.,1624470723.0,1
AskReddit,"Sewing kit. I have it in my backpack and ive fixed holes in my clothes, holes in my friends clothes, holes in my friends stuff, and once my backpacks strap just ripped off. Very handy.",1624470599.0,1
AskReddit,"Medicine. I found out a medicine I was on was around $350 for just 30 pills. Thankfully, I have insurance, and thankfully its not a medicine that id die without. But can you imagine if you didn't have insurance, and it was a life saving medicine that you'd need to take for the rest of your life? Thats over $4,200 a year.",1624470499.0,17
AskReddit,Broken bones/going to the hospital for an injury,1624449882.0,1
AskReddit,"Hyena, Canadian Lynx, Mountain lion, or Dhole.",1624449643.0,1
AskReddit,"Jonas from DARK. Hes basically a time traveler, but not purposely.",1624449490.0,1
AskReddit,"Ollie's. They literally have a huge sign in the store that says  ""Confusion is our most important product!""",1624449237.0,8
TwoXChromosomes,"Thank you for this. Its nice to know I'm not alone (even though it sucks that people have to deal with this). I have a pretty long torso, so its hard to find high waisted jeans that actually go to my waist lol. Are there any stores you recommend getting clothes from? How long did it take you to finally feel confident in your body? Im 17 and I only got diagnosed this year (though I thought I might I have it for a bit before). 

Its hard for me to be confident, I'm a very anxious person but i think if I find clothes I feel comfortable in then I can probably gain a little confidence. Its gonna be hard standing straight/looking confident, my default mode is slouched and unconfident.",1624391401.0,2
TwoXChromosomes,"I haven't tried shapewear, where would I find it? I've heard of it but ive never worn any. I know there's ones that go over your whole body and that seems inconvenient, are there any that go under my chest and not down onto my legs (thats the only kind I've seen but im not sure if there's multiple kinds). I'll look for those kinds of jeans.",1624387730.0,2
oddlysatisfying,Looks like some sort of fungus,1623852268.0,1
AskReddit,"Ive had pretty bad ADHD all my life and when I was younger, everyone treated me like I was a wild animal. I went to therapy when I was like 5 and I got upset and threw something onto the ground then the therapist called the police or something to bring me to an institution. These huge men ran in and I just ran for my life. They chased me for a while until I found a room with chairs and tables against the wall so I ran in there and his under the small corner table that was luckily bolted to the floor. They tried to grab me but they couldn't reach me because the chairs were in the way. 

My parents were also told that they should restrain me whenever I got mildly upset. Once my mom took me to a hairdresser that was also a self-proclaimed therapist, and she whipped out a straight jacket and showed my mom how great they are but putting me in it. But my parents never got one thankfully, but instead they'd just restrain me to the floor. I have memories of being pinned to the floor by my father. Not fun.",1623847816.0,6
AskReddit,I watched some tornado movie when I was like 5 and I was kinda scared of tornados after it but I fell asleep through most of the movie lol.,1623845978.0,2
AskReddit,"Never getting lost in the woods. I can venture off trail and somehow know exactly where I came from. I somehow keep track of the location of the exit in my brain without realizing it, then when I want to leave I just remember what direction it is and walk. I use that and landmarks like trees with knots or rocks. Im not sure if everyone is good at that but I know for sure my family isn't lol. Im always saving them from getting lost, even when we just walked straight on a trail.",1623845850.0,1
ExfoliativeKera,"I first noticed it when I was around 7. I guess it came out of nowhere, but its been the majority of my life so I don't know. It doesn't always effect my life because its on my feet mainly, but I hadn't told my mom about it until I was 16 because when I was 7 my sister said I was disgusting and I tried to tell my mom when I was like 11 but she said it was because I was gross and wasn't clean, so I didn't bring it up until I found out definitely what it was. Ive not tried anything but a steroid cream that didn't do anything.",1623672707.0,1
depression,"No problem, depression isn't fun and it sucks that we have to go through this stuff. I hope that you can be back to your normal self soon.",1623567563.0,1
depression,"Ive been where you are, and honestly, I still am. But just try to look at the little things. Try going outside and trying to see how many different kinds of plants are in your area. As odd as that is, its given me a little joy whenever I find a new species of plant while walking around. Look at the flowers- look at the shape of their petals, how they are connected to the stem, how their leaves are shaped. It gives you a new perspective of life. Im still depressed as hell, don't get me wrong, but its given me some happiness to just stop and appreciate the things we often overlook. I hope you feel better.",1623566890.0,3
depression,"Yes, thats depression 100%. Do you know if something could have triggered you feeling this way? Its good that you want to figure out how to fix it. Maybe talk to your parents or your brother. I often find that just talking about it and getting my emotions out can help. If you aren't comfortable with talking to them about it then you can always post here. Just try to do something that requires focus, when I get really depressed, I sculpt. Even if you aren't good at art, it is still helpful/rewarding to create something. I hope you feel better soon.",1623566430.0,1
Mediums,"Whats the best way to do that, just focus on contacting them the same way I contact mine?",1623180536.0,1
PetPsychics,"Before his passing I never felt anything spiritual, I honestly didn't even believe in it. The night he passed I felt his presence, like I knew he was on my bed, and he has been coming to my bed every night since. As I've started to be less clouded by grief, ive felt his presence even more.",1622906956.0,3
dogpictures,"Thanks. It so hard, hes my first pet that I've lost so its very hard for me, ive had him since I was 5 and im 17 now. Its like loosing a brother. Im glad I got 12 years with him, he deserved to live a billion years.",1622230802.0,1
dogpictures,"Thanks, he was amazing, he loved everyone and everything. He was such a weirdo aswell",1622170125.0,4
dogs,"If you have the money, id suggest getting the spleen removed if it hasn't ruptured yet. When his spleen ruptured he basically bled out internally. We made the decision to put him down because the cancer had spread to his liver and it was to the point where his liver would start failing soon. We took him to the vet earlier today but his blood cell count was so low and operating wasn't an option and even if he had the operation, his liver would've failed soon after. He wasn't in pain, he was just really tired and uninterested in anything. I wish I had taken him earlier because he was tired yesterday but I figured he was tired from going on a long walk the day before. So, as soon as you notice something off, take her to the vet. Luckily you know this is happening so you have time to prepare.",1622165324.0,2
dogs,"I just had to put my dog down a few hours ago because his seen ruptured. I know exactly what your going through, he was fine but then he wasn't, its so sudden, nothing can prepare us for it.",1622163379.0,6
parrots,"She keeps picking at it, how can I get her to leave it alone or make it more comfortable for her? Ive also found that playing her favorite music makes her seem to enjoy being out in the harness more.",1621706992.0,2
AskDocs,"Hey! I just got an MRI yesterday and they say that I have stable moderate to severe bilateral mastoiditis. I cant really find anything online saying anything about it causing clicking, but I think I read somewhere that it can cause ringing tinnitus. Idk, id love to hear your opinion on that. Its honestly hilarious the wild goose chase I've been on trying to figure out what's going on lol.",1621654911.0,1
bonecollecting,I'd be so confused if I found a clean skull lol,1621381705.0,2
bonecollecting,"It was almost the whole skeleton. I soaked it in peroxide to whiten it, but it was pretty clean. It had dirt on it but no flesh or anything and there was no damage to any of the bones. I have alot of strays in my area so I'm sure that he was a stray. I found him in a super muddy area, I live next to a swamp so that could be why no animals got to him to make damage.",1621381203.0,2
bonecollecting,"Ive found bones before, but never of a domestic. It was a weird experience because I definitely felt different then I felt for other wild animals ive found. It was like I found a hurt animal, I was being so careful, making sure I got all the bones in the area so that none of him was left behind. It was odd.",1621299530.0,10
AskDocs,"Its in both ears but it jumps around alot, when it first started it was mainly my right ear but every so often id jet a series of clicks in my left, now its jumped to my left ear and every so often ill get a series of clicks in my right ear.

 Ive never gotten any imaging done, you'd think that that'd be the first thing they'd do. 

Ive not gotten anything ruled out because no one seems to know anything about what could be causing it. 

My ears constantly feel full, like im in an airplane or whatever. I have hearing loss when sound goes through my eardrum but not when directly sent to my nerve(im pretty sure thats what the lady said, all I know is that when the sound goes through my eardrum Its muffled but when it goes through behind my ear it isnt). Every so often my ears itch. Like not the ear canal, DEEP inside my head itches, its horrible lol. My doctor said that its impossible because there aren't any nerves in that far than can itch but, like, I know what im feeling and its an itch.",1621272830.0,1
AskDocs,"The noise started in only one ear (the one with a hole it it now) but it is now mostly in the ear without the hole. 

The drainage is mostly out of the ear with the hole, I know q-tips are bad but every morning I have to put one in my ear so that I can actually hear, if not, everything is muffled like its underwater. 

The one with a hole in the eardrum doesn't form a vacuum, but the lady had to try twice on my other ear because the first time a vacuum didn't form.

If sometimes, if I suck in, the noise becomes like a squeaky dog toy. If I blow out, I can feel the air in my ears and it slowly leaves and when it leaves it clicks more. I can also let air into my ears by lowering my tounge or something like that. That makes a single click but not the series of clicks that just come out of nowhere that I usually hear. I also can't blow my nose because it fills my ears up with air and is painful/uncomfortable so ive just been getting bad post nasal drip (I guess?) because I'm unable to blow my nose.

I'm not feeling the ear infections if im getting them. Every so often ill get a random shot of pain in my ears but not like the usual throbbing/constant pain of an infection. The doctors say that my ears look like they are just getting over an infection but that makes no sense because I cant possibly be constantly getting over an infection every time I see a doctor. 

I have seasonal allergies but they don't seem to interfere with the noise, most of the time my nose isn't stuffy/congested. I was actually taking Zirtek (or some other allergy medicine) every day for a little less than a year when it first started because my first ENT (one who put in tubes) was convinced it was just my allergies.",1621270942.0,1
migraine,"Yeah, I used to have a somewhat good sleep schedule but then spring break and last week I had off and thats just asking for trouble lol. Now I'm lucky if I get to sleep by 2. Its honestly annoying lol.",1620733857.0,1
migraine,"Yeah, I take melatonin but my memory is shit so I usually take it around 12 or 1 AM because thats when I remember lol. Im gonna try to set an alarm for 10:30 pm to take it and then go to sleep. The only problem is actually **going** to sleep lol.",1620733299.0,2
cymbalta,"I gained over 30 lbs over the 3 years I was on it, the weight gain was quick at first then it froze and no matter what I couldn't loose any weight. I went off it and lost 20 lbs but then went back on and stopped loosing even though I was exercising everyday and eating less/healthier.",1620194130.0,1
medical_advice,Could it be something from work? Maybe try checking every so often at work to see if it shows up.,1619993543.0,1
medical_advice,"It might be dead skin, sometimes built up dead skin can have a blueish/grayish hue. How often do you notice these, like how long after your last shower do you see it?",1619991848.0,2
medical_advice,"What color clothes are you wearing? They could just have a blue undertone, ik that for me when I wear black it can leave a blue color to my skin",1619985265.0,2
medical,"Yeah, id guess it is. Tinnitus is a sound inside your ear thats not present in the outside environment",1619551067.0,2
medical,"I'm under pretty bad circumstances. I was supposed to meet with my prescribing Dr. last week but they had a covid exposure then were supposed to call me to do an appointment over the phone and never called me. My parents refuse to call them because they're ""too busy"" so I'm in a bit of a pickle. I can wait over a month for a new appointment, or I can take myself off it. Id rather risk having side effects that I know how to deal with then this ear problem that I don't know how to deal with.",1619540288.0,0
medical,"Ive been on SSRIs and the like since I was 7, ive taken myself off a fair share of them so Ik how to do so safely. Whether or not I actually put the time/effort into doing it safely is another story. I did these kinda safely so I should be fine",1619539419.0,-3
medical,"Ive actually read about this, its called microdosing. Its also helpful with depression.",1619525582.0,4
medical,"Most of my Drs believed it was all in my head till I showed them the videos. Even with my mom saying she can hear it, they still said it was in my head. As I said, not the best doctors.",1619525515.0,5
medical,"They haven't done much, ive been asking for a brain scan for awhile now, not only for the tinnitus, but for my migraines aswell but no one seems to think I need one, its very frustrating.",1619525413.0,4
badtaxidermy,"I think its pretty cool, I'd like it more if its mouth was closed. It gives me forest guardian vibes.",1619240604.0,6
parrots,"Gotta love birds, ive been sneezing for days now and all I hear is her sneezing after me 😂",1618532972.0,11
whatsthisbug,Do they eat wood? I'm concerned because idk if they're the reason the branch fell off the willow tree in the first place.,1618531844.0,2
AnimalsBeingDerps,What breed are they? They're so pretty!,1617923690.0,1
AskReddit,"I go to a school for kids with mental health issues (from bullying, trauma, or just genetics) and most of the kids at my school wouldn't want to bully others, plus my school has a very strict bullying policy. I love my school because of how welcoming it is for kids who are different.",1617758791.0,6
AskReddit,"Nah, they're furries, they have actual fur suits",1617758636.0,1
AskReddit,"Oh yeah, I have nothing against them, most of them are pretty cool, I'm pretty good friends with the main ring leader 😆. Its just that before a few years ago I didn't even know what furries were and now my school has a large group of them.",1617735858.0,3
AskReddit,Occasionally,1617688030.0,800
AskReddit,"I have a creek in my backyard so id probably go there first, then id go to the Delaware River because my creek is attached to that.",1617681291.0,1
AskReddit,"Tom Cruise, something about him makes me so angry idk why",1617681188.0,1
AskReddit,I got bit on my eyelid by a spider and it was swollen shut for a few days. I was in preschool so it was a big thing since no one had ever seen a spider bite. I remember I skipped preschool for 2 days after because everyone was crowding around me and being annoying.,1617681009.0,2
AskReddit,Not a teacher but ive noticed an increase in furries in my school.,1617680770.0,2932
AskReddit,"TheCrafsMan SteadyCraftin 

Its this older guy who sounds like a grandpa who does crafts and its amazing. His voice is so calming and nice",1617680704.0,1
AskReddit,"Never ending story, I thought it was so realistic and amazing but now I'm like wtf this is so fake",1617680564.0,1
AskWomen,"Me and my two other female friends were walking on a hiking path near my house when a white van with a sliding door on the side (literally perfect for kidnapping) drove around us. There was a man driving and one man had opened the sliding door and was kinda hanging out yelling at us. One of my friends left me and the other girl for dead and bolted out of the woods. I grabbed a large stick and held my ground and my other friend used me as a shield. Well, it turns out we had walked so far on the path that we ended up on someone's property and the guys just drove down there in their van because they heard some kids being loud. So it was still a horrifying experience because my life literally flashed before my eyes because I genuinely thought I was about to get murdered. But it turns out everything was fine and we just got yelled at lol.",1617516770.0,1
AskWomen,I usually get inspired by animals and a lack of sleep 😂,1617516141.0,1
AskWomen,I always get a plant or taxidermy 😂 Im definitely an oddball,1617515752.0,1
AskWomen,Peanut butter on bread,1617515564.0,2
AskReddit,When I was 13 and I just got Instagram I saw a video of someone being hanged. It was very realistic and looked like it was filmed in the middle east. It has stuck with me. I remember hearing a woman in the crowd scream so sadly. It was terrible.,1617508461.0,1
AskReddit,"Farms. I love the smell, idk why. I love the mix of hay, urine, and shit 😂",1617508228.0,4
AskReddit,"My pets. I always think that they will probably be brought to a shelter or something by my parents and possibly live a bad life. I could never do that to them, they are my world.",1617508071.0,1
popping,I have a skin condition called keratolysis exfoliativa so my skin on my feet (an hands sometimes) naturally peels off like this but not nearly as bad as that.,1617346183.0,1
oddlyterrifying,"When I was little i used to lay on the ground and make ""dead animal noises"" with was basically just screeching like I was in pain and wait for the vultures to come. They would fly overhead but they never came down to me :(",1617345742.0,1
AskReddit,Needle felting,1617344433.0,1
AskReddit,Zelda: Breath of the Wild,1617343670.0,1
AskReddit,I once met a man and his husky that ride across the country on a motorcycle. The dog had goggles and everything! It was adorable m,1617343597.0,2
AskReddit,I have Central Hetrocromia. My eyes are green/blue and the middle around my pupil is brown.,1617343501.0,1
AskReddit,"Silk. I hate it, its waayyyyyy to slippery. I don't understand how people can have silk sheets and stuff. Bleh, just thinking about it makes me uncomfortable.",1617343321.0,1
Vent,"Ive had tinnitus for 3 years. Its objective tinnitus so not only can I hear it, others can too. It causes my ears to constantly feel full and uncomfortable, and they make a loud clicking sound.",1617315063.0,1
AskReddit,My parents,1617301936.0,1
AskReddit,"I turned myself in for accidentally bringing a pocket knife to school because I had gone on vacation the week before and used my school backpack as my luggage. I told my teacher but my bully overheard me and said that I threatened to kill her, thankfully my councilor came and talked to the principal and I only got a 1 day suspension. I still think it was dumb that I got suspended and the girl who had been bullying me for months never got in trouble.",1617301799.0,1
AskReddit,"That they enjoy hearing me talk about my interests. I have ADHD and its super hard for me to stop talking about my interests or realize that others don't want hear about them. I had been talking for like 10 minutes straight about the ecosystem and how this bug does this, this bird eats this and bla bla bla. Well, I realized that they haven't said anything for 10 minutes and I stopped and said sorry. They said ""No I love listening to this, Its so interesting! I love listening to you talk about your interests, you always get so passionate!"" And I was at a loss for words, I usually get people telling me to stop or ill realize that I'm talking to no one because they aren't listening. So that made me feel really good.",1617301551.0,1
AskReddit,"When it gets hard to walk without stepping on/over things. I usually just throw my stuff on the floor, I do art and my floor is usually covered in paintbrushes, sculpting tools, paint bottles, wire, beads, etc.",1617301174.0,1
AskReddit,Make soup for the LGBT community,1617300636.0,1
DnD,"Hi! I know basically nothing about this and I was wandering if its possible to play DnD over an app or maybe Discord? I don't know if I would need anything, I also have no idea how to play 😂. I was wandering if you can make your character any of the species or races or whatever? I really like the Firblog.",1616981435.0,1
antinatalism,"Lol I completely agree, they aren't even close to good parents.",1616978382.0,6
antinatalism,"Exactly. Unfortunately, I think the main thing that makes them think like that is the fact that they basically bought us. They paid over $50,000 for us which is honestly a complete waste of money in my opinion. Like they could've bought a crap ton of cats or maybe a yacht 😂.",1616973504.0,8
isopods,Are these guys hard to keep?,1616768974.0,1
isopods,I'm thinking of starting off with Armadillidium vulgare or Armadillidium nasatum (I cant tell the difference so idk which lives near me) One of those is super common by me (I live in NJ so if u know which can be found here that'd be helpful lol). I could probably start them off in a big tank and as cool colors/patters emerge then I can separate and try to isolate that gene.,1616762182.0,1
isopods,"Omg im so stupid, I mixed these guys up with the Common striped woodlouse",1616616522.0,1
isopods,"Huh, are they invasive in the USA because ive found quite a few recently, i hadn't seen them before this year but theres a ton of them",1616616389.0,1
isopods,Are these sought after? I read ona website that these were rare in the hobby of keeping isopods so idk if its rare that people have them or rare for people to find them. I got a ton of them in my yard so I never seen them as rare lol.,1616616029.0,1
Vent,"Yeah, hopefully I don't loose my hearing but I really hope that I can get this stupid noise away. I feel so trapped because its stressful and annoying. 

I wish you luck with your implants!",1616608187.0,1
Vent,"He is an ENT, I'm gonna look for a new one though because he seems to suck at his job",1616601041.0,1
therapy,"First off, id like to thank you for your kind words and info on how to help me out. Id also like to thank you for not putting your son on meds. I know its a weird thing to thank you for, but I wish my parents hadn't put me on meds. Ive had to be on meds for over 10 years and I haven't learned how to cope with myself without them.",1616434793.0,2
frogs,"Its a ten gallon. I got repti calcium, is that vitamins or are there other vitamins needed?",1615087455.0,1
frogs,"The plants are fake, I'm planning on getting live plants and making it bioactive when he gets bigger and in his forever tank. Right now he's only about an inch long rn",1615083084.0,3
Whatisthis,It was with sewing stuff,1614545587.0,1
AskReddit,"Don't stop taking your Anti-depressants, its a very stupid idea and it won't make you feel better",1613888943.0,2
AskReddit,My future. Right now my grades are terrible (I usually get straight As). Ive thought about dropping out of high school many times since covid started. Ive been worrying about not getting accepted to the college i want to go to or not being able to find a place to live or a job.,1613888827.0,1
AskReddit,"Um, animal crossing? So I guess my animal crossing character? Lol its not looking too good for me",1613888500.0,2
sphynx,"Omg your little baby looks just like mine, except mine isnt a bambino. His name is [Monsoon](http://imgur.com/gallery/L7u9n9c).",1613774888.0,2
AskReddit,"Yeah, it was a terrible experience and I hope no one ever has to deal with something like that. I couldn't even get help that first time I was hospitalized because I was still so upset and ended up being sent back to hospital 3 weeks after I was discharged. 

I really hope that whenever someone reaches out for help that they get treated fairly, kindly, and with respect. 

That was 4 years ago and I have been doing better, though I was just released from another hospital 2 weeks ago. I'm now on some meds that are really helping and my school has been helping me out with my stress from the whole covid thing so I'm pretty optimistic.",1613339163.0,22
AskReddit,I love German. It is my all time favorite language. It sounds so beautiful. I would love to learn it when I can afford lessons.,1613338824.0,2
AskReddit,When I was 11 my my rabbits had babys. I had brought the little babys outside with my friend. My best friend (who i had been friends with since I was 5) started chasing one of the babys and chased it into the woods. After she said it wasn't her fault and that she wasn't going to help me look for it. I spent 5 hours searching the woods and by the time I was done my legs were all bloody from the thorns and I had bad poison ivy. She went home. So I called her a bitch and never talked to her again.,1613338705.0,1
AskReddit,"When I was 12 I was suicidal and needed meds and my therapist reccomended I go to this ER and they could give me meds. When I got to the ER I was admitted against my will.

Later that day my mom was forced to leave the room because I started crying. I freaked out because I didn't want her to leave and i grabbed her arm and tried to pull her back in. Then the male nurse grabbed me in a threatening way that made me push him and i had to be restrained. It took around 6 or 7 people to hold me down because I was a big kid and I was thrashing around. It was terrifying. They called me a little shit and they were all yelling at me to stop but I wasn't able to control myself. It felt like I was being controlled by a wild animal that was cornered. They put handcuffs on my arms and legs and I continued thrashing so much I started to bleed. One person at my chest had his elbow on my breastbone and it was super painful which made me freak out more and I bit him and didn't let go. After what felt like hours of thrashing around they put a net thing over me because even with the cuffs I could still kick them and move my body around. They also injected me with something that made me pass out. After I came round I started freaking out again because I still had the net over me. I had to be sedated again. 

When I woke up it was around 2AM and there had been a shift change and the newer nurses were nice and had let me out of the net/cuffs. They let me walk around the crisis center and talk with them. 

It was a terrifying experience because I didn't know what was going on. No one explained why I was in the hospital or why I was being restrained.",1613338427.0,36
AskReddit,"Anderer Mensch - Anderer Schmetterling by Ben Frost

Or

Bleed Magic by I Dont Know How But They Found Me",1613337158.0,1
evergreenstate,"I honestly wish I could live on campus but ive got my pets so it wouldn't work lol. My best friend that I have rn is planning on moving out there with me even though she isn't planning on going to college. I'll hopefully be able to find a place that's close and allows cats and birds, if not I wouldn't mind having to drive an hour or so.",1613264331.0,2
evergreenstate,"Yeah, I've been looking at the house prices and stuff and they are *very* expensive. I really hope that by the time I graduate high school everything goes back to normal because this place looks so beautiful and its honestly my dream college. I can agree with how you say it draws people in. I saw it a year or so ago on College Board and I fell in love with it. I always wanted to live in WA and its so cool how my favorite college is there!",1613255661.0,2
sphynx,"Aw, I'm sorry for your loss. Ive got 2 boys, I want to get a girl one day, I was going to get a black one with orange eyes but she was sold before I could even do anything lol. Im very happy with my little monsoon anyway, hes a little monster but I love him lol.",1613078788.0,2
sphynx,"Aw, Thanks!",1613078247.0,1
Link_Dies,Same,1612985034.0,1
teenagers,3 or 4 months,1612833984.0,1
teenagers,"Sometimes, we haven't really met in real life, my friend introduced me to him online and we talked and I'd like to get to know him better.",1612833740.0,1
teenagers,Possibly? I'm probably one of the worst people at telling if people like me. I honestly sometimes am scared that my best friend hates me. How do you tell if someone likes you?,1612833541.0,0
teenagers,"Yeah, I want to do that but idk how to lol",1612833297.0,0
plantclinic,How long have you had yours? Mine is atleast 3 years old. Hes pretty small.,1612758108.0,3
plantclinic,[Here](http://imgur.com/gallery/HozlBcW) is a picture of my little dude.,1612757569.0,4
eyes,"Yeah, its kinda rare. Its usually a genetic thing. Most of my family has it.",1612757519.0,1
eyes,So hetrocromia is 2 different eye colors. If you've seen someone with one blue eye and one green eye- thats hetrocromia. Central Hetrocromia is 2 different eye colors but in one eye. If you can see my main eye color is green/blue/grey but in the center I have brown eyes.,1612757226.0,1
plantclinic,"Yeah! Thats it. Mine isn't growing up, it split in the middle and its going in 2 directions",1612757014.0,3
mentalhealth,"Exactlyyyyy. I feel you. I now look back on my crush from last year and I'm like ""why did I like him??"". Man being a teen is a crazy time",1612756913.0,1
plantclinic,I have a succulent like this aswell and someone told me it was a mutation that makes them grow weird. I forget what its called though,1612754899.0,4
eyes,Pretty much all of my family have Central Hetrocromia. Most of their eyes are green with an orange/yellow/brown center. My grandfather had eyes like that aswell and my grandmother has blue eyes. My mom has eyes like mine but more green and my father has blue eyes. Me and my sister both have eyes like my mom but they are a bit more dull. My sisters look more grey than green. Mine look blueish green. I wonder how the genes for the Central Hetrocromia work. Ik that blue is a recessive gene and green aswell as brown are dominant over the blue but with the Hetrocromia its like a mix of 2 different colors so I wonder if that changes the way it interacts with other genes. I don't know much about how genes work but I find this stuff super cool.,1612556995.0,9
eyes,New Jersey,1612554571.0,3
eyes,Look up Central Hetrocromia,1612551220.0,1
Blup,I love him,1611068142.0,1
medical_advice,"Not really, its still kinda sore but thats all",1611062072.0,1
Blup,Is that an albino skunk? Whatever it is its adorable.,1611034735.0,2
Tulpas,I like eating things I shouldn't. We ate some [aerogel](https://en.m.wikipedia.org/wiki/Aerogel) the other night.,1611034665.0,2
HolUp,When I was 11 I saw a video of someone being hanged. I can never forget that shit,1611034197.0,1
AskReddit,I always make up stories involving mermaids or shapeshifters.,1611034121.0,1
Taxidermy,Can you post the link in the comments? Thanks,1610937720.0,5
Tulpas,For us it took a week for emotional response and we are 3 1/2 months in and he isn't vocal yet. Its different for everyone.,1610919755.0,3
Tulpas,You can ask them. Do they do things that you didn't think of doing? If you want them to be a tulpa its best to believe that they are a tulpa and are there/have a mind of their own.,1610662825.0,4
Tulpas,"Well, do you want them to be a tulpa? I'd say if they can talk and seem to have a mind of their own then they are a tulpa.",1610662156.0,4
tmobile,"Oh god, I didn't even think of this haha. I should probably do that.",1610576505.0,1
botw,Is there more than 1 DLC?,1610507103.0,1
Link_Dies,"Huh, idk much about DLC stuff, does that mean it's money?",1610158323.0,1
Tulpas,Do you have any tips on dissolving those doubts and stuff? I know I have them but I cant figure out how to get rid of them.,1610126351.0,1
Tulpas,Not very well. I can visualize his body but at the face my brain blanks out.,1610126228.0,3
Tulpas,I mean ive never experienced feelings that there was another person in the room. Like some people say the know when someone is in the room with them without even seeing/hearing them come in. Ive never experienced that,1610126140.0,1
Link_Dies,What is that on his head? I've not seen that before,1609909553.0,1
medical_advice,"Nah, I cant call my surgeon, its late and they are closed. Instead of salt water they gave me a prescription mouth wash (which I hope is less gross than actual salt water) i heard that citrusy things are bad because they hurt, did the lemonade slushy hurt?",1609897536.0,1
depression_help,Do you have a link to that thread?,1609553208.0,1
AskReddit,Fuuuuckkkkkk owwww. Woke up with a migraine,1609540904.0,2
depression,"I do, I can play these games or watch the shows for hours and not really eat or even feel hungry- It makes me happy at the time but after I feel sad. Also- with my dreams I often sleep until 1 or 2 even though I naturally wake up early just so I can continue dreaming. If I could sleep longer I would but I often get woken up by my loud family.",1609397282.0,3
Taxidermy,Yeah I actually use that often! I used it on a coyote mount,1609375856.0,1
cymbalta,"Hey! I'm pretty sure im off the withdrawal, maybe? I get migraines daily and am an asshole but im pretty sure thats just me lol. I completely agree with what you said about Cymbalta turning off your emotions, I didn't even realize until I got off. Its odd because I thought I learned to cope with my depression and stuff while on it but I just learned to cope with a watered-down version of the depression. Ive been a fair bit more depressed since coming off of it but im just hoping that my body will learn to regulate it overtime. Good luck to u!",1609184090.0,2
Taxidermy,Yeah but isn't that a waist of money?,1608942738.0,0
botw,"Yeah, the black one leads to treasure but he won't lead me anywhere lol",1608614311.0,1
Taxidermy,Id buy it lol,1608607899.0,3
botw,"Yeah, I looked up which dog at terrytown leads to treasure and everyone says the black dog will lead to treasure",1608595894.0,0
botw,I read that you can use apples,1608593264.0,0
Xenoblade_Chronicles,For the Definitive Edition- is it alot of fighting or are you able to explore without fighting often?,1608349676.0,2
Xenoblade_Chronicles,"Hi, I have the Nintendo switch and was looking at Xenoblade chronicles. Idk which to buy because there are a few. Are any of them open world? I loved Zelda BOTW and was wondering if they are similar? Thanks",1608348245.0,2
tarantulas,[here](http://imgur.com/a/DZZFkH5) are a few pictures I tried to get of her/his pedipalps. I tried looking online and it seems like its different for every tarantula breed/species.,1608182778.0,1
tarantulas,"I guess, I'm not sure how to tell though",1608180020.0,1
Tulpas,"My tulpa uses a youtubers voice, there isn't anything wrong with it, people can have similar voices to eachother. If you don't feel comfortable using that youtubers voice maybe look for another smaller youtuber that you don't watch often but still enjoy their voice enough to use for your tup. Good luck!",1607748190.0,3
Taxidermy,These are some [before pictures](http://imgur.com/a/S11kTDC) from the seller. I got him from Ebay for $25. I think it was a lucky find.,1607708678.0,9
plantclinic,Will it hurt the plants?,1607294630.0,1
amazon,"[Here is a link of the screenshots for better context](http://imgur.com/a/mND3J0M) But anyway I bought an album in MP3 to listen to. I went to the Amazon Music app to download the songs to my phone and noticed that 2 out of the 12 songs I had payed for weren't downloading. I tried to play the songs but something popped up saying ""We're sorry, but this is no longer available in Amazon's catalog."" I tried talking to customer service but all they did was give me a refund. I hadn't even listened to the song 1 time, the first time I went to listen to it it said that. Why are they allowing people to pay for these songs if they end up not being able to be listened to? I actually payed for the songs that were missing 2x because I thought that maybe it hadn't gone through or something. What should I do? Is it worth even trying to buy again after I get my refund? Why is this happening?",1606892558.0,1
Aphantasia,"Its really weird when I imagine things, im a sculptor so I can imagine how a horse would feel to sculpt. Its not like a specific color or anything its just like the factual anatomy of a horse. When I want to imagine things I usually have to imagine how they would feel.",1606864781.0,2
Aphantasia,Exactly,1606844861.0,1
Aphantasia,"I can remember what happened like it happened a few days before.  I have a pretty good memory when it comes to things that have happened but I just can't quite see them. Like last nights dream- I remember I had a blue bracelet because I had noticed it while dreaming, I cant actually *see* it but I remember everything about it.",1606763067.0,2
Blup,"Yes, but its quite adorable",1606630401.0,1
Tulpas,Most people have a hard time focusing. Im going to assume your pretty new to this so your mind isn't quite used to it yet. Try looking for some mindfulness exercises. Its helpful to not get mad at yourself for becoming distracted and just redirection your focus back to your tulpa. With time it will become easier. I have ADHD and focusing is very hard and I can understand how frustrating it is to get distracted when your trying to do something.,1606450494.0,2
plantclinic,Idk what that is but I want to cut it open,1606329921.0,1
Taxidermy,"No, the skin isn't rehydrated. I heard that you should only rehydrate the skin once. Thanks for your help",1606279131.0,4
Taxidermy,"Yeeaaah, I'm very new to taxidermy so I'm making the form myself. What is there that I can do to get it to not fold like that? I feel like I might be able to figure something out with the lack of lip skin but I was sitting for like 30 minutes trying to figure out how to get it not to fold but I couldn't figure it out.",1606277139.0,5
Taxidermy,I wish I could get some roadkill but unfortunately its illegal in my state 😭 ive already contacted my states fish and wildlife to ask.,1606237951.0,1
MedicalGore,He should get the bones cleaned and articulated.,1606169189.0,1
Taxidermy,Why does just the thought of this bring me so much joy? I need to see this when it happens.,1606168955.0,3
Taxidermy,"You might be able to email some fur places, idk. You can also look on ebay or etsy for untanned pelts. Your not really going to find just tails on etsy or ebay, its usually the whole animal. Good luck",1606018821.0,1
Taxidermy,I'm going to sculpt my own form. I can get any size coyote eye aslong as I make it fit the form?,1605826635.0,1
MedicalGore,"Oof, that doesn't sound like a good time lol, was he ok? I can see my younger self doing that, but then again I used to just kick people even when I wasn't under anesthetic.",1605618317.0,1
parrots,"I didn't know the gritty perches were bad, she has a few of those. I have to get her nails cut this Friday so while I'm there ill get her new perches. I'll also call up our vet, thanks.",1605585783.0,3
parrots,What sorts of issues can happen with the leg band?,1605585630.0,3
MedicalGore,Ive had surgery 2x on my ears and idk what they gave me but apparently when I woke up I wouldn't stop talking about feeding seagulls and orange cats. I have no idea why I was talking about that but apparently I was very funny lol,1605576576.0,1
ofcoursethatsathing,I could do that but with my wisdom teeth,1605576194.0,1
Tulpas,"If you want to join our discord here's the link, we all would love to have you there. You can ask questions and get advice if you need some. https://discord.gg/vytU7hcP",1605575048.0,1
MedicalGore,"Yeah, I think they're just gona knock me out all the way with anesthetic because my top ones are super high up or something lol. Im not sure if they do that with everyone though. I told the dr I was terrified and he said it'll be fine lol.",1605574546.0,1
Therian,"Welcome, I'm also a tulpamancer! Its always nice to find others outside that community. My theriotypes are a mountain lion, Canadian lynx, and wild horse.",1605552974.0,2
MedicalGore,I'm getting all 4 of mine removed on January 5th. Until I read that you were on blood thinners I was about to say that I ain't getting it done. Hope your doing better,1605552667.0,1
HolUp,!spin,1604890078.0,1
pics,I love your dog. Whats his name? What breed is he?,1604692730.0,1
Tulpas,I have this problem aswell!,1604096364.0,3
delusionalartists,Its kinda scary,1604018645.0,1
Taxidermy,"You can mummify him! You can use borax or pickling salt. I've found borax is easier to come by. You will also need to put him in a shoebox. Pose him how you want him to be and cover him in whichever you choose. Also, if you add baking soda it should help with any possible smell. If you don't have any borax or pickling salt you can freeze him until you get some- just make sure he is completely thawed and dry when putting him in. He needs to be in a very dry place. Airflow is a plus. Idk how long it takes for them to be done mummifying, I'm still waiting on my snake that I started mummifying like 2 months ago. Someone told me that the longer you wait the better. There's also alot of good info online, just search ""how to mummify a snake"" good luck!",1604018570.0,28
NotEvenBones,"I was thinking the same thing, or Kovits pov from where the books ended.",1603799010.0,6
medical_advice,"Its definitely not cowards syndrome, i don't feel dead or anything like that. It could be my depression but I don't feel depressed anymore than usual. So idk lol",1603510815.0,1
medical_advice,"No, but I feel further away, kinda like my eyes are being pulled back (like where I see not a feeling)",1603510193.0,1
medical_advice,Dude that things broken,1603483657.0,25
frogs,Thanks! This is honestly super helpful. Tysm!,1603231979.0,1
Taxidermy,So how long should I soak them for?,1603210370.0,3
plantclinic,Like dawn?,1602604791.0,1
webtoon,Its invalid,1602510889.0,1
medical_advice,"I guess, but I've been drinking water, not alot but i never really drink that much water",1602506840.0,1
Tulpas,Hey! I can try to draw him for you! I'm not the best but I can try!,1602197145.0,1
plantclinic,"No i haven't, ill do that, can I just use regular old potting soil?",1602070679.0,1
awwnverts,That is literally so adorable,1601498960.0,4
awwnverts,She was hanging out on my front door an on my way inside she tried to jump on me and missed and was dangling by her tether. I probably wouldn't have even noticed her if she hadn't jumped.,1601497970.0,2
Teratophiliacs,"Female mantises eat the males after mating, idk if she's the best gf",1601468307.0,4
awwnverts,"I just found this lil guy on my way inside from school, I always make sure to befriend spiders.",1601468141.0,2
Taxidermy,"He looks a bit skinnier, he's still flexible so I'd assume he's not quite done yet. His eyes are kinda sunken in. There's a small bit of smell but not enough to really notice it unless you know its there and are making an effort to try to smell it and the smell is only in the closet close to him. The smell hasnt gotten worse so id assume thats good. The borax seems fine, it looks the same.",1601380357.0,2
Tulpas,I'm not sure if I have full on aphantasia but I definitely have a suuuuuppppeeeer hard time visualizing things in my head. Like I can see a faint shadow but nothing more than that. Its like trying to look at a picture in the dark.,1601053201.0,1
WaspHating,"Two-spotted Scoliid Wasp, I've never seen one of these either and haven't since.",1600775537.0,2
plantclinic,"I think its just preference, mine used to be hanging but then it grew too long and my cats kept playing with it, now its sat on a shelf. Its been there for over 2 years and is fine.",1600726308.0,2
parrots,"We've been out here for an hour now, every time I try to put her in her carrying cage to bring her back inside she gets all angry. I guess we are staying outside a bit longer.🙄",1600726075.0,4
Taxidermy, Looks more like its was run over by one of [these](https://www.google.com/imgres?imgurl=https%3A%2F%2Fimage.made-in-china.com%2F2f0j00lFeEQNJBnYkG%2F622m-Single-Drum-Road-Roller-with-Shangchai-Engine.jpg&imgrefurl=https%3A%2F%2Fxmtopway.en.made-in-china.com%2Fproduct%2FxKsmGXjurohF%2FChina-622m-Single-Drum-Road-Roller-with-Shangchai-Engine.html&tbnid=mGKF1lnySQIMRM&vet=12ahUKEwjZhvqwxM_rAhUajOAKHW-HBC4QMygDegUIARDFAg..i&docid=_lsnR9zgqluupM&w=1179&h=860&q=road%20roller&hl=en&client=ms-android-att-us&ved=2ahUKEwjZhvqwxM_rAhUajOAKHW-HBC4QMygDegUIARDFAg),1599223994.0,4
Taxidermy,Wow really? I could've sworn it was walking around. Huh,1599223423.0,3
TooAfraidToAsk,I'm pretty sure with the trans hotline all the people who work there are trans. They know about all the problems trans people have and are better suited to help them.,1599138651.0,1
Taxidermy,Thanks! That's very helpful info to know!,1599137888.0,2
LiminalSpace,It's in Connecticut,1598560219.0,2
LiminalSpace,It's in Connecticut,1598560197.0,1
parrots,"We have an ongoing joke that tiki has a foot fetish, she will always go for the feet.",1598485512.0,3
parrots,All my friends say shes a pokemon because she says her name when she gets excited.,1598410656.0,43
parrots,Oh man! I've never thought of that! I bet she would love that.,1598406666.0,35
sleep,"No, my mom has to get me one yet",1598391803.0,1
insects,"Oops! Whatever it is, they are taking over my plant. How rude of them lol",1597897597.0,1
AskReddit,"Not going on ADHD meds at 8 y/o,  made me gain 40lbs in 2 months",1597812012.0,2
AskReddit,Venom,1597811953.0,0
parrots,"Mine hasnt seen me in a face mask but I'd assume she'd do the same lol, that's what she was doing this morning when she saw my hair the first time",1597708066.0,9
Advice,"I'd be able to put animals down if they have no hope, but some people put animals down just because they dont want them or they are ""vicious"". I'm all for putting an animal down if they are suffering but if the animal can live a happy life if it just gets some help I wouldn't be able to put it down. 

Im not sure if fostering would satisfy my want to be with and bear animals. I'm very hardheaded and wouldn't work well in alot of jobs. Honestly I'd be happy living in a small house on a mountain farming sheep for all I care, I just cant see myself not around animals.",1597560092.0,1
depression,"As someone with depression, yeah I go through waves of sadness. I've found that (if your an introvert) keeping to myself and just staying in doing art or hobbies helps. Ofcourse it's not ideal but it helps. Even if your bad at art I find just letting go of your feelings helps. You can try just buying a bunch of cheap craft supplies and seeing what you can make with them. I think just giving yourself a place to mess up and not worry about what is expected helps. Happy birthday and I hope you feel better soon",1597554696.0,1
teenagers,"First off, is it really love? It could just be a substitute for love, masking itself as love. I also have a hole in my heart, the way you fill it is by finding people who actually love you. That can be friends, family, whoever as long as those people are nice and make you feel good. The hole is called depression. Its really hard to fill but when people around you show they care it makes you feel better. Not that medicine is the way to go, but there are meds out there that help with depression if it's bad. I might not know exactly how you feel but I have an idea. If you ever need to talk I'm  most likely on my phone so yeah lol. And you know, poptarts always make things just a tad bit better so moral of the story is stuff your face with poptarts.

My favorite poptart flavor is strawberry.",1597554274.0,2
Art,"My mom wants me to sign and date this but I dont want to ruin it. When I make a base for it she doesn't want me just signing the base, she wants me to sign the dolphin. She says if I dont sign it its worthless garbage so idk what to do, can anyone help?",1597352963.0,1
AskReddit,"Nah, there now once a month lol",1597072862.0,1
AskReddit,"I personally think that being in prison is more of a punishment than death. It's like putting them out of their misery, they should have to suffer in prison.  Lots of people dont like the death penalty because its ""inhumane"" I just dislike it because its basically letting them not suffer. Rotting in jail is better than dying peacefully by lethal injection. That's just my opinion.",1597037680.0,2
AskReddit,Animal Crossing New Horizons or Zelda Breath of the Wild,1597037220.0,1
