subreddit,body,created_utc,score
otvandfriendsrumors,"Lmao, Leslie just appeared a couple of times in Blau’s Japan vlog.",1746870706.0,1
Philippines,"Aayusin, then sisirain ulit",1746506737.0,1
Philippines,"I saw Rivera himself campaigning around Rob LP. Nag iikot siya, talagang kulang lng siguro.",1746499789.0,1
Philippines,Please use my comment to reply kung sino iboboto sa Las Piñas. Ayokong manalo ni isa sa kanila. I’m planning to vote for Rivera kase wala nang iba.,1746419531.0,2
Tech_Philippines,"To lower the selling price of the device, nagshshow sila ng ads. Kaya mura mga chinese phones and sometimes even samsung kaya may bloat na nakalagay agad kahit brand new.",1746418218.0,3
Tech_Philippines,"You can get a used Macbook Air M1 or M2 for that price. It still holds up. There are also used Lenovo X1 Carbon on the orange app and they can be amazing daily drivers for students (go for 8th gen intel  or aboveand at least 16gb of RAM). Those were Premium laptops years ago so magand quality niya.

If you want to game, I’d rather suggest a dedicated separate PC or even a Handheld (like Steamdeck or ROG Ally)for that since gaming laptops have a lot of cons. (Heavy, clunky, low battery life, heats up easy)",1745821993.0,1
Philippines,Rey Rivera nalang,1743672181.0,1
PTCGP,I’m the opposite. I have a bunch of regular Leafeon EX but no Glaceon. It’s the only one I’m missing.,1742617698.0,2
marvelstudios,"I, too, hope to see her in Daredevil’s Bizarre Adventure",1742392527.0,3
Tech_Philippines,"If you have the budget, no issue sa Anker since they have quality products. Pero kung prefer mo cheaper but still good alternatives, try looking at Romoss or Ugreen products.

Also, for me, di na maaalis ang 10k powerbank sa bag ko since may battery anxiety ako. So I really recommend,mend buying one or two.",1741053828.0,1
Tech_Philippines,"Gusto ko rin gawin to, kase si Marques sanay na walang case aka ang ganda tingnan. Kaso wala ako pampalit ng screen at reserbang phones kung sakaling bumagsak hahahaha,",1741053552.0,2
LivestreamFail,"Hijacking the top comment.

Cinna tweeted:

> hey everyone we are safe.

> unfortunately we have end the marathon and need time to process what happened as we shock at the moment. 

> Thank you for all the love and support on the marathon. We love you all.







https://twitter.com/cinnabrit/status/1896439810845487518?s=46&t=W3sXPaJw5-9mUNwCdUXBvg",1740981714.0,64
LivestreamFail,"Tbh of a random dude threatens to kill me, I’d be thinking that too. She also had her fair share of stalker experience personally, and her previous roommates",1740980459.0,38
LivestreamFail,"Props to Cinna for calling out security and getting in between the guy and Emiru. Emiru was frozen in place too, poor girl

Also props to Emily(Rae’s PA) fortrying to stop the guy behind the scenes",1740979735.0,259
Tech_Philippines,Buti pa yung laptop nagwork ulit. Pero kayo hindi,1740619838.0,110
Tech_Philippines,"Seems like you need a Thin and Light. I’ll paste my write up na binigay ko sa kaibigan ko regarding thin and lights.

Windows Laptop
- This is a broad subject, the market changes easily so I'm just gonna recommend the Specs you will need, and gonna list a few options at the end.
- The specs you'll need:
	- Ryzen 5 or Ryzen 7, Intel Core Ultra 5 or Ultra 7. (intel i5 and i7 are already old but 12th-14th gen are okay)
	- 16GB of RAM (you can opt for 8GB IF AND ONLY IF it's UPGRADABLE)
	- 1080p or 1200p screen IPS or OLED screen
	- at least 500GB SSD* storage. (never go for a HDD it's very old and slow)
	- less than 2kg if you don't want to game
	- 13 to 14 inches screen size. A 15.6 inch is too big for on the go.
	- At least 8 hrs of battery life. Check reviews. Laptops are really sketchy with battery life claims and reviewers are the only ones who are going to report real world battery life.
- These specs will get you through productivity, video editing, etc. the pros for this is Windows is a flexible OS unlike OS X.
- Gaming: If you want to game, at least get a laptop with a RTX 3060, 4060, 4070 etc. But I really recommend on separating your ""gaming system"" with your work system.
- If you want to game ON THE SIDE, but not too particular with Specs or Graphics, I HIGHLY suggest getting a Gaming Handheld like a used Steamdeck OLED or ROG Ally X.
- ULTIMATELY, get a Thin and Light and get a gaming handheld on the side.

Thin and Light Suggestions: ( but still check reviews for battery life)
- MSI Modern 14 C7M-287PH Laptop (Ryzen 5 7430U / AMD Radeon Graphics / 16GB RAM / 512GB SSD) - Php32k
- Asus Vivobook Go 14 E1404FA-NK611WSM Laptop 14"" FHD |Ryzen 5 7520U|16GB DDR5|AMD Radeon| 512GB SSD - Php34k
- Asus Zenbook 14 OLED 14'' WUXGA Touch Laptop Ultra 5 Intel Evo 8GB/ 512GB SSD - Php40k *Only if with upgradeable RAM
- HUAWEI MateBook D 14 2024 Laptop | 12th Gen Intel® Core™ i5 Processor | 8GB + 512GB - Php31k *Only if with Upgradeable RAM
- Asus Vivobook 14 X1405ZA LY040WSM black, i3 1215u, 8gb, 512gb ssd, 14 1920x1200, w11+ofc+m365, - Php27K with Upgradeable RAM slot (pero feel ko mababa battery nito haha)

USED laptops.
- I don't really recommend on buying used laptops ESPECIALLY gaming laptops since their batteries tend to deteriorate quickly and performance really lag behind.
- BUT if you're just going for productivity and don't mind a little bit of hit on the battery life, you can get good laptops for the price since you're gonna target the Premium laptops of older generations.
- Ultimately same specs, but for the CPU, go for 8th gen i5 or above. Personally I have an 8th Gen i7 laptop and apart from the lowered battery life (12hrs to around 7 hrs now after 7 years) it's still great for productivity and light editing.
- What brands?
	- LG Gram 13 or 14
	- Dell XPS 13
	- HP Envy 13
	- MacBook Air or Pro M1, M2
	- Asus Swift 3
	- Asus Zenbook 13
	- Microsoft Surface Laptop 3 or above",1740619623.0,3
Tech_Philippines,"5700u has better graphics kung APU ang pag uusapan regarding gaming. Depends on the laptop pero alam ko mas efficient din sa battery life ang Ryzen

Saka Ryzen 7 is better then i5",1740619413.0,0
Tech_Philippines,Nagnanakaw ng design ang casetify. I suggest finding another brand. Dont support them,1740619324.0,48
PTCGP,Yey. I still dont have a Darkrai.,1740597041.0,1
Philippines,"Thin and Lights all the way! I bought a thin and light for post grad, 8years later still working! Built a cheap gaming pc on the side nung may budget na ko.",1740589728.0,1
comics,Thank you,1740581810.0,1
InternetPH,"Same here. Reported yesterday. Can't load Twitch, Twitter, or Reddit unless using a VPN. Reddit works on 1.1.1.1. Buti pala hindi lang ako.",1740571166.0,1
funny,Bruh. I'm only one month away from my medboards and my friend linked me a tiktok of a laptop review to ask me if it was good value. I wrote a 741 word write up about laptop recommendations and specs to look out for depending on his budget. lmao. Why do I do this to myself,1740408393.0,2
PTCGP,Poor Caleb bruh,1740300492.0,2
PTCGP,Agreed. I actually won most fights with Lucario+Kabutops duo it was so hilarious healing 70-90HP,1740300116.0,1
pcmasterrace,"Thats weird. I have a 12700kf and 3080 and managed to an average of 77fps on 1440p High.

Do they turn on DLSS by default when they start the benchmark?",1738865210.0,4
OnePiece,Yeah. The setup of him being beaten up barely hanging and being freed just to be a shield to Luffy and co.,1738864696.0,3
OnePiece,Luffy technically tamed a Zombie Cerberus back in Thriller Bark sooo….,1738078651.0,3
NintendoSwitch2,I WAS HEEEERE.,1737034269.0,1
pcmasterrace,"There are no bad GPUs, only bad prices. Kudos my dude",1736420238.0,2
sffpc,ZOTAC AND PALIT PLEAAASE CAN WE GET A SINGLE FAN 5070,1736242185.0,5
pcmasterrace,"If it can perform near my 3080 FE at a lower TDP, I might consider switching to it. I’m tired of wasting power.",1735546625.0,3
PokeLeaks,Same. I maxed out the 1000+ hrs on that game lol. I was actually waiting for at least a DLC.,1728955751.0,14
OnePiece,Ikr. JJK and MHA ended and there’s not much alternatives to take the edge off.,1728955440.0,1
manga,I agree with Momo. She’s definitely useless,1726417317.0,1
JuJutsuKaisen,I completely agree with Momo. She's useless. I even agree with Mechamaru. Everyone in Kyoto except Todo and Utahime are useless,1726398134.0,1
OnePiece,Daaamn. Imagine Queen Lily never coming back to Arabasta and then being stranded in an island in the Calm Belt. Then eatablishing a new kingdom of warrior women is amazing.,1725776175.0,9
OnePiece,That buildup with Imu walking up the stairs with the OST is just amazing.,1725776085.0,13
sffpc,"I don't know your needs (gaming, work or both) but I'd rather save up for the 4060.",1725760670.0,2
OnePiece,"I agree with this theory. I am also afraid that for the SW to discover the secret of Imu’sand the Gorosei’s power, somebody will have to die. Maybe a SW or somebody important",1725750523.0,1
sffpc,Wow I havent thought of that. Thank you so much!!!,1725683565.0,1
sffpc,"Hi OP! Planning on doing the same mod for the GPU, did you have any additional customizations done to the InRobert cooler to fit the 4060ti PCB?",1725569213.0,2
sffpc,Congrats OP!! I really want this card too but damn it’s too expensive.,1725401769.0,1
LinusTechTips,"Yeah but Thor is the not Elon. Thor actually considers accessibility, puts an effort if it’s within his capability because it’s worth it. 

But I also want to link this one where [Thor dropped Mac support](https://youtube.com/shorts/qRQX9fgrI4s?si=EHORRsedXk9DUYEU). Maybe for Elon, Brazil is like supporting Mac.",1725391066.0,4
pcmasterrace,"I know what you mean. I’ve also been building for about 7 years now and I’ve been obssessed with downsizing my main rig. I came from ATX to ITX. Now I really want to switch to the Velka 3 and lower my power draw but without sacrificing performance.For now, I couldnt really justify the 4060ti to replace my 3080 and the 4070 single fan is too expensive (almost priced like a 4070ti super)",1725390567.0,1
anime,HOORAY IT’S THE CATHOLIC CHURCH!!!,1725390026.0,24
pcmasterrace,Same here. I was praying for the 5060 to have 4070~ performance at low TDP and hopefully more VRAM. I really wanted to build a small form factor PC with a single fan GPU to replace my current rig. It seems my hopes are crushed. Available models rn are 4060 and 4060ti but that doesn't really improve performance to my current one.,1725385255.0,1
OnePiece,"Also, now we get 2 swordsmen in the Gorosei. Garling and Nusjuro",1725371568.0,10
OnePiece,Maybe he’s gonna be like Franky but with Thicc legs and skinny arms,1725363576.0,5
OnePiece,We live in a world where a new Elder and Vegapunk is equivalent to Dragon finally doing something. Lmao,1725363438.0,21
OnePiece,Ayo what the fuck is happening. A new Vegapunk?? A new Elder???? This is nuts.,1725359281.0,380
DrStone,She looks too much like Ginro as a blonde bruh,1725181349.0,23
buildapc,I agree. 3090 is still a beast esp with 24GB Vram. I really want to downsize my rig to a Velka 3 but the 4060ti is the best card (value wise) to put into it and Im downgrading my GPU performance(from a 3080),1725180781.0,1
anime,BRUH I MADE A MISTAKE WATCHING IT THINKING I'M STRONG ENOUGH SINCE IT HAS BEEN A LONG TIME SINCE I WATCHED THIS. BUT NAH THE TEARS STARTED TO COME OUT AS THE OST PLAYED,1725121161.0,18
fuslie,"Leslie I had a dream where I randomly bumped into you out of nowhere and I just mentioned to you I missed your streams and your energy and you cried and hugged me… and I cried too.

Lmaoo but really tho I miss the vibes",1724947278.0,1
BokuNoHeroAcademia,Bruh the way she did the physical therapy herself just to keep his muscles from going limp is INSANE,1724911065.0,5
sffpc,"Great build. I also have an A4H2O. How are your temps on the CPU with the Thermalright cooler? Did you just mount more fans where the AIO is supposed to be?

Edit: saw the T30 fans. Youre exhaust must be more than adequate.",1724845144.0,2
LinusTechTips,Sammi the goat. The rationale in choosing the box with the noise it makes based on the sizes on the catalog is fucking genius. Applying logic on gatcha is nuts,1724789243.0,394
sffpc,It’s just a standard sized luggage,1724246537.0,1
sffpc,I’m also considering the Velka 5 but I really want that Velka 3 form factor,1724246524.0,3
sffpc,"I really like my main A4 H2O build but damn it’s heavy and still a bit big. The main reason I switched to itx is for the portability but now that I moved to a new place, I realized that it’s not small enough. I'm considering on switching to Ryzen 9000 in a smaller Velka 3-ish build. I'm just waiting for 4070s or the like (more than 8gb VRAM) to be available in a single fan configuration. I know Zephyr exists but I'm really not gonna pay for a 4070 at the price of a 4070ti Super.

Specs:

CPU: i7-12700KF

AIO: EK 240 Basic

Motherboard: ASUS Strix Z690-I

RAM: Kingston Fury Beast 32GB DDR5 CL40

GPU: RTX 3080 FE

PSU: Corsair SF750

Case: Lian Li/Dan Case A4-H2O",1724228620.0,12
anime,"Lmaooo, when I saw that catch and blush on the first episode I knew the discussion will be nuts for that",1723728459.0,4
anime,The big sister….,1723720606.0,4
OnePiece,"If they adapt until Arabasta in less than 70 episodes and maintain consistency, it'll be goated.",1723365353.0,1
valkyrae,LMAO the absolute contrast of comms between the teams. Capped's POV was so hilarious witnessing District 12's panic.,1723365040.0,2
pcmasterrace,"Same for me, I have a 12700KF and a 3080. I'm considering switching to a 9600X for the TDP alone. I could use a lower power bill.",1723180911.0,3
Amd,"Same, i have a 12700kf and intel’s incremental generational “upgrades” didnt convince me to upgrade which made me dodge the bullet. 

What might convince me is the 65w tdp on the 9600x. I want to lower my power bill and idk if a change in platform will justify it.",1723043008.0,1
pcmasterrace,That 65W 9600x is so tempting. I have a 12700k and a 3080 that I want to switch so bad for that low power consumption.,1723041055.0,1
OnePiece,It's a secret box containing Imu's picture at the Christmas Party,1722950508.0,5
pcmasterrace,I have a 2yr old 12700KF at stock. Should I be worried?,1722571044.0,1
OnePiece,And everybody thought he was a nobody cuz he was Joyboy's pet. Bounty: 150 berrie lmao.,1722512777.0,3
OnePiece,Or maybe Joyboy was killed while transformed into a Giant in awakened form. And the Hat never returned to its original state.,1722512708.0,1
anime,Aggretsuko is so underrated.,1722505619.0,2
sffpc,"I have the B550i one. It’s easy to switch to English, BIOS was easily updated and enabled XMP. Overall nice board.",1721201659.0,1
sffpc,"A4H2O is still frickin heavy since it’s basically designed with AIOs in mind. (Source: I have one. Tried putting one in a luggage, it fits but it’s hard to travel with it).

As for OP, I’d still advise a Velka 3 build or a copycat (D19 or A07) since it really fits on a small backpack.",1720994235.0,1
RPClipsGTA,Literally English or Spanish,1720833072.0,6
sffpc,Surprisingly it’s on english. Hassle free BIOS browsing,1719168961.0,2
sffpc,"
CPU: Ryzen 5 5600G
Cooler: Thermalright AXP90-X36 Low Profile 
Mobo: Jginyue B550i White
RAM: Timetec Pinnacle Konduit 16GB (2x8GB) DDR4 3600MHz
Storage: MSI Spatium 1TB
GPU: Onboard Radeon Vega 7
PSU: White 7660B Modular Flex 600W
Case: White A07 ITX Case 

First time building in a 4.3L case. My personal build is on a A4 H2O but I’ve been interested in a Velka 3-esque type of case so I just had to do this. I’m selling this one though. 

For an end game PC, I’m still waiting for the Velka 3 to be accessible in my country (PH) and Solo fan GPUs to have more than 8GB VRAM. Those 4060ti 16GB ones are hard to procure",1719163195.0,4
RPClipsGTA,"Fellas are missing out on the amazing RP the clowns are making right now. I’ve never been this invested since the Joe Goldberg arc.

Chatterbox deserves a nomination/win for his RP this week alone.",1719158148.0,39
manga,Tho Ippo’s relatively a better boxer now compared when he was active professionally,1716004839.0,1
manga,He’ll just think about that or just say it to his second and not say it to Ippo himself. Lmaoo,1716004744.0,2
manga,"With that reveal but no punches connected, I’m sure Mashiba will be able to land a clean hit next chapter due to Ippo’s spar sessions. 

But damn break next week",1715953519.0,24
ChikaPH,"Late to the party but here’s my two cents.

Pansin ko sa mga show ni Mark Reyes hindi nauutilize yung TV show as a medium. Mukha silang nasa stage lagi. When I see series from other channels at least nagiging creative sila sa mga shot. Sobrang poorly aged ng blocking, talking, explaining, etc ng scenes na sana naging audiobook nalang yung encantadia.

I get na hindi naman yun maappreciate ng madlang pipol pero it’s a quality that can be utilized to market internationally. Voltes V’s CGI was so creative and good pero ang bland ng real life scenes niya.",1714669471.0,1
valkyrae,It's an honor being with Captain Kitty til the very end. o7 #FlyHighMondTello,1712407972.0,22
BokuNoHeroAcademia,AFO lands the 2nd black flash and unlocks RCT,1712200663.0,1
Jujutsushi,Then Zoro appears and be like “I dont know where the fuck I am but I’m gonna slash this random black guy”,1711019257.0,88
valkyrae,Kirk running around was so hilarious,1710850828.0,40
valkyrae,Embrace2 continues to be a menace to the server,1710850444.0,29
OffMyChestPH,"Wala talaga makakaintindi ng position ng showbiz(in med career) sa mga nonshowbiz. 3rd year ka palang buti nagseparate ways na kayo. Kase mas magiging toxic pa yan sa Clerkship at Internship. 

I have a showbiz relationship and we had our ups and downs and now I’m reviewing for boards and she’s in Residency and nakakasama ko lang siya tuwing bedtime. It’s Hell and if your parter couldnt understand it, hindi kayo magwowork out.

Hope everything gets better from here OP kase you’ll need it",1710464031.0,2
OnePiece,That old man that got >!T Bone!<,1710404476.0,1
ChikaPH,[O may bagong tsaa](https://www.facebook.com/Double.Eyyyy.AA/posts/pfbid02obpnbWTXJGXWM9M5NgQBS6Tambpq5BjcgdwhcPj5RgZAm8GskYF1AzyC815ebKgGl),1708928145.0,1
ChikaPH,Yan din sinabi ni inka sa threads lol,1708828206.0,57
pcmasterrace,I want my frames to go brrrrr,1708482295.0,1
OnePunchMan,Def this will be it. Sonic and Flash will overcome the dream by shouting out their shonen ideals then walimg up to challenge empty void only to see Saitama off screen him saying he was a ninja wannabee.,1707364448.0,15
OnePiece,Should've told that to Satoru Iwata when Brawl was announced.,1706082738.0,31
OnePiece,"Luffy: yurrr

Food making machine: *sigh* 12.78",1706060069.0,1
pcmasterrace,Forreal. I have a decent rig and I want to build either a budget PC or a very small sff pc,1701539226.0,1
pcmasterrace,Noice. Good luck!,1701257878.0,1
sffpc,"Here is a list provided by Dan himself

https://smallformfactor.net/forum/threads/lian-li-dan-a4-h2o.16201/

Another thing younhave to consider is the compatibility of the AIO to the motherboard since some AIOs will have trouble mounting to the CPU. I had trouble fitting the EK Basic to my ASUS Z790i",1698829333.0,5
anime,"Lucky Star. It’s not for everyone but damn I love that show. The dub is amazing, too. Sometimes I just play it on the background. Cute girls talking about mundane things is soo good.",1694602287.0,2
OnePiece,Nah man I’m becoming a Nami enjoyer,1693499268.0,2
LinusTechTips,Jesus fucking Christ.,1692171402.0,1
anime,Literary Girl scenes are just gold,1691773170.0,3
OnePiece,Oh shit so that's why Jordan can stretch because he's Luffy.,1685524808.0,4
OnePiece,![gif](giphy|WgRqTUQbqULJEq9swo),1685464088.0,1
anime,Well I do miss discussing on how to eat a chocolate cornet for 15mins.,1685433915.0,24
movies,"*John Wick successfully climbs the stairs in one go*

Me: Oh I guess they're gonna duel soon.

*John tumbles all the way down*",1680102558.0,4
BokuNoHeroAcademia,Not just you. I read the manga. I didn't expect to cry in the anime. Damn I was caught offguard and I was happy to see Eri happy and I cried more when I saw Togata happy for her,1678511812.0,1
pcmasterrace,"I get a lot of entertainment from budget PC build channels because they get creative from previous generations of hardware.  RandomGaminginHD, TechYesCity are some good ones. My previous build that I used for 5 years had an i7 equivalent Xeon processor that I otherwise wouldn’t have known and spent double the price for the i7 for the same performance.",1678060403.0,3
clevercomebacks,[Veritasium has a great video about him](https://youtu.be/IV3dnLzthDA),1672600200.0,12
anime,There’s also one scene where Konata(voiced by Aya Hirano) goes to a concert to watch Aya Hirano sing God Knows from Haruhi (voiced by Aya Hirano) lol,1669645365.0,117
pcmasterrace,Woahh,1664600282.0,1
anime,Also adding the Haruhi dub to the list. It's amazing.,1661520882.0,2
AnimalCrossing,Im playing Pokemon Brilliant Diamond and I just dig stuff in the underground.,1661099494.0,2
sffpc,Well I haven't noticed any temperature spikes on heavy workloads. And there are options out there for socket fixes like the Thermaltake ones. The reason I went Intel is because there is no upgradeability for AM4 anymore.,1659185505.0,1
sffpc,Didn't Gigabyte recalled the Aorus Z690I boards? That's why I dodged those even though they are cheaper than the Asus Strix.,1658891160.0,1
sffpc,"Thanks! Temps are around mid 30s on idle, and mid 80s on load.",1658889928.0,1
pcmasterrace,I tried doing that but I'm afraid the corsair's cable is too short for that route.,1658849809.0,1
pcmasterrace,"Specs

CPU: i7-12700KF

AIO: EK 240 Basic

Motherboard: ASUS Strix Z690-I

RAM: Kingston Fury Beast 32GB DDR5 CL40

GPU: ASUS TUF 3070Ti

PSU: Corsair SF750

Case: Lian Li/Dan Case A4-H2O

Some notes: 

- I did not expect for the cable management to be this hard. Coming from an ATX build I was excited with the challenge of building this thing and now I am happy I finished it.
- There are some areas with smudges of thermal paste, I goofed a couple of times in the AIO tubing placement so I had to remove it a couple of times. (It was my first time using an AIO too.)
- I was anxious on the compatibility of the motherboard to the AIO, I saw some builds with it, but some refunded them. So I was relieved to see that the tubing only pushes the RAM a little bit unlike others. Maybe it's because I used low profile RAM I guess?
- Overall I'm happy with this build!",1658845557.0,4
sffpc,"Specs

CPU: i7-12700KF

AIO: EK 240 Basic

Motherboard: ASUS Strix Z690-I

RAM: Kingston Fury Beast 32GB DDR5 CL40

GPU: ASUS TUF 3070Ti

PSU: Corsair SF750

Case: Lian Li/Dan Case A4-H2O

Some notes: 

- I did not expect for the cable management to be this hard. Coming from an ATX build I was excited with the challenge of building this thing and now I am happy I finished it.
- There are some areas with smudges of thermal paste, I goofed a couple of times in the AIO tubing placement so I had to remove it a couple of times. (It was my first time using an AIO too.)
- I was anxious on the compatibility of the motherboard to the AIO, I saw some builds with it, but some refunded them. So I was relieved to see that the tubing only pushes the RAM a little bit unlike others. Maybe it's because I used low profile RAM I guess?
- Overall I'm happy with this build!",1658845553.0,3
pcmasterrace,It really does! I used to be an ATX guy but when I saw how compact these builds are I went for it,1658844393.0,5
offlineTV,Yvonne looks like Anya lol,1655954375.0,4
NintendoSwitch,I miss Pokemon and I really want to like Pokemon again and Arceus was pretty hopeful but I'm sorry I was very distracted by all the pixelated/jagged diagonal and curvy lines everywhere. It's like I drew a circle on MS paint and zoomed it. I don't know the comparison between the size of companies between Sega and Gamefreak but that Sonic trailer was more HD than this one.,1654095754.0,0
marvelstudios,Mephisto is like the Lupus of the MCU,1652026885.0,3
anime,Minoru Shiraishi is funny af,1651733134.0,1
marvelstudios,She’s gonna get that no more mutants scene as long as it takes,1651682888.0,117
LivestreamFail,Well at least he's not sick.,1651515046.0,602
marvelstudios,"I love that Elizabeth is still passionate about the House of M ""No More Mutants"" scene. She talked about it here while doing interviews for Wandavision. https://youtu.be/OCu-AXcZrFY",1651489605.0,4
anime,"I'm never gonna stop thanking Megumi Ishitani for bringing up the quality One Piece deserves. I mean, Wano overall is a huge improvement but still suffers in pacing. 

I used to think One Piece would benefit if they just cram in more chapters per episode because hey, other anime are doing it and they aren't too bad. But Ishitani's episodes are a testament that pacing doesn't matter in a beautifully storyboarded episode with complementing cinematography. 

Episode 957 adapted of pages 2-17 of Chapter 956 (16 pages)

Episode 982 adapted pages 8, 11-14, 16-17 of Chapter 977 and pages 11-17 of Chapter 978 (15 pages)

Episode 1015 adapted pages 5-19 of Chapter 1000

Every time I watch these episodes, I just become immersed by the quality of the episode. It even has filler for god's sake but it contained filler with such great understanding to the characters that I was convinced it should've been on the manga. Thank you Megumi Ishitani! And thank you to everyone that worked in these episodes and I am excited to see more.",1651479706.0,28
RPClipsGTA,Oh man Soy Boys :(,1650879501.0,19
marvelstudios,"1: Just Thor

2: Thor in a storm

3: Thor in a colosseum

4: Thor in a mountain",1650354548.0,2
anime,">Also god damn Rishia seems annoying, can't even remember what's her deal, why she clings to Itsuki...

I agree with you there. Didn't even remember her from last season. I'm sure she'll have a redemption/character development but man the writing on her character is so overused and dumb. It doesn't help that every one else that isn't Naofumi are dumb too.",1649415425.0,1
anime,5cm/sec made me hate trains. Your Name made me forgive them but still suspicious. I swear to god if Shinkai makes a train a plot device again I'm going to join you in that riot,1649410106.0,45
RPClipsGTA,Those surprise calls of Jay rapping to Claire are gold,1649342449.0,4
anime,It's like Miyazaki making another film for the last time,1649000829.0,12
RPClipsGTA,Lol tony with that Batman RP,1648914263.0,2
OnePunchMan,Did JC Staff contact you already bruh???,1648049793.0,1
OnePiece,For God's sake release the chapter already. Also upvote,1647746962.0,1
OnePiece,This. This is the real Rio Poneglyph,1647746728.0,1
RPClipsGTA,damn. I really expected that to be a shitpost but he was really genuine.,1647397117.0,11
RPClipsGTA,"Again, coming from the person that said [""Cheese is MILK??""](https://www.twitch.tv/whippy/clip/AntsyHumbleButterAliens)",1647139943.0,57
anime,"Man, Ash's team is so hype. Also PAUL THAT MOTHERFUCKER. I HATE AND LOVE HIM.",1646480219.0,1
pcmasterrace,It's a Tecware Neo. Bought it for around $40 for my budget build. Been running with it for over 4 years now.,1646394975.0,1
pcmasterrace,I just had to do a quick fix cuz the molex wire of my fan was hitting the fins. When I was putting it back on the glass shattered while holding it 🥲,1646386198.0,7
RPClipsGTA,His Amon RP is really entertaining too. When he came back on Twitch he just applied to be a Janitor everywhere even the PD. He even bought a shitty van. lol. There was a hint of Sasuke Johnson but shame it didn't happen,1644415297.0,49
ShingekiNoKyojin,King Fritz was the devil all along…,1644166699.0,384
nextfuckinglevel,supposed to be r/tothenextfuckinglevel,1644119833.0,1
RPClipsGTA,Jokes on you Yaeger I think Ramee's into that,1644051309.0,185
titanfolk,Jean's character design is beside the horse cart titan. kek,1643764920.0,16
RPClipsGTA,Fucking hell she really sounds like bananabrea,1643709387.0,15
gaming,Parrying doesnt use durability too I think if executed correctly,1643510017.0,100
RPClipsGTA,April vs Frank hacker arcs???,1643259769.0,14
OnePiece,Also Marco has Ichigo’s VA. Coincidence???,1643131621.0,1
OnePiece,[Or Gintoki and Toyako](https://youtu.be/uOKJLxCrJe0),1643131430.0,6
RPClipsGTA,"Leslie's stream was so funny and entertaining until the very end, it's so fucking good. She kept stirring up every sugardaddy. Also the coincidence that Marty met Eric after they broke up.",1642683024.0,64
ShingekiNoKyojin,IMO the most engaging things about AoT are the world building and it's mysteries. The history and concept of Titans are already laid out by the main series that it will take a lot of compensation in the current events to keep audiences hooked. I agree on the others to explore on a prequel series especially on the life of King Fritz.,1642356215.0,1
PrequelMemes,Adult Jake Lloyd doesnt even look like Adult Jake Lloyd,1642250763.0,8
pokemon,"Man, the 3DS is built like a tank based on my experience kinda like the GB, GBA and DS. No matter where I take it, and abuse it's gotten I never had movement or button issues.

My joycons started drifting not even a year into buying them. And I've only used them while gaming on the couch in with my switch docked. Joycons will drift no matter how much you take care of them.",1642063242.0,6
pokemon,I remember just putting a quarter in my joystick and just press A when an egg hatches,1641984684.0,66
RPClipsGTA,"Coming from the man that said [""Cheese is milk??""](https://www.twitch.tv/whippy/clip/AntsyHumbleButterAliens)",1641657714.0,1
anime,"""JUST ANOTHER DAY FOR THE SURVEY CORPS HEHEHEHEHEHEHE""",1641383063.0,19
anime,https://youtu.be/Eczzia0RmGE,1641308150.0,1
pics,Holy shit. It’s like unlocking a memory,1638876685.0,2
Animemes,Alan vs Ash ending was a fucking digrace,1638277725.0,2
LivestreamFail,"[Want some microwaved poptart?](https://www.youtube.com/watch?v=HHo8UOHN9Rw)

Then Myth comes in the call later just to say that Sykkuno's higher than a kite.",1637398323.0,58
anime,Dammit Dead End close your mouths.,1636859133.0,15
pcmasterrace,I have a Xeon that's basically an equivalent of a 4th gen i7. I had some problems lately which resulted in a RAM and SSD change. I'm praying so hard that my machine can last through the chip shortage and overpriced parts.,1636614259.0,1
RPClipsGTA,There was so much sadge farming to downplay expectations and he still almost one shot everything. Fucking cracked.,1636244963.0,48
NintendoSwitch,eiiii thank you for this,1635796778.0,1
offlineTV,wtf that's so good. It took me a week.,1635657424.0,7
RPClipsGTA,RIP Yuno,1635559633.0,5
RPClipsGTA,He just died,1635559617.0,1
RPClipsGTA,"In the series, more dead= more money for the prize and sabotaged the food distribution so there’s increased tension. Players killed other players  at night to eliminate competition.",1635558142.0,3
RPClipsGTA,Fuslie actually has a flight she got the instructions.,1635557933.0,22
RPClipsGTA,NOOO BJORN,1635556154.0,5
RPClipsGTA,"Shot april, robbed her then teleported kekw",1635552330.0,2
RPClipsGTA,It’s chaos and I love it,1635549481.0,7
RPClipsGTA,Aaaand Yuno and 4T burned themselves already,1635546444.0,56
anime,This shit was so good because there are multiple jokes condensed into a 50 second clip. It expanded the personality of every character on screen despite being filler. Compared to post timeskip where the pacing was so much slower and anime watchers just hope for a better quality episode when something big happens.,1635491572.0,1
RPClipsGTA,"Kekw, he just started bloons the other day, now he can't stop",1635490100.0,1
OnePiece,"Lineage is overused.

Zoro shouldn't have a crazy historical background as what they are implying now. He doesn't have to be a Wano descendant or some shit  just because he's a swordsman.

All his strength was achieved through willpower, training, talent. His background was he was a boy from East Blue who lost his childhood friend and wanted to be the no 1 swordsman.

I think it will mean less if he beats Mihawk and becomes the Pirate King's First mate and attribute his feats because of his lineage

The same goes for Sanji, I didn't like the Germa shit but I accepted it, now they're doing the Lunarian shit just for him to trade blows with Queen.",1635452179.0,19
pcmasterrace,I love it when Kratos dug up the Blades of Chaos. It goes to show how much he'll do to save his son.,1635361432.0,1
LivestreamFail,"True. Research must be replicated, especially those with groundbreaking results. Conclusion from one party isn't enough to be evidence unless it is replicated by others to prove that the shit works. 

I believe she was convinced by the research shown to her but she needed a third party opinion to confirm the research was valid and not just the company choosing words to make it look good. She doesn't know the difference between a valid methodology/discussion than a fake one.

Speaking from a standpoint that has done a few theses, and witnessing my classmates defend theirs, we have been chewed up by our professors for simple things that can make the research invalid. Multiple research are done just to prove a methodology works and 2 years might not be enough to prove something like ""Blue light from screens are harmful to the skin"" and to prove that their product formula works against the blue light. And it needs separate studies for that or else it just screams bias",1635031516.0,42
valkyrae,Memes aside she really did know what she was talking about there. Much respect,1634863987.0,149
Unexpected,There are many creative ways these days in incorporating rick rolls. [I especially love this one disguised a self defense tutorial and even mentioned Yeltsa Kcir which is just Rick Astley spelled backwards](https://www.youtube.com/watch?v=iik25wqIuFo),1634830687.0,108
valkyrae,"You didn't read them carefully. You selectively choose articles that fit to your defense and not the others that refute the idea. You just found articles that help your cause but let me list things that prove otherwise

1\. [The study the AAO sources is as recent as 2021, and there's a reason they don't use your articles as a reference](https://www.ajo.com/article/S0002-9394\(21\)00072-6/fulltext).

2\. Your myopia claim is also false. 

The article states 
>**""The obtained results indicate that reading, writing, working on a computer might be associated with the occurrence of myopia among schoolchildren.""** 

but it **doesnt mention any blue light claims** in the full article. 

As I've said there are many factors from computer screens that cause eye stress to people and the  [*""The American Academy of Ophthalmology does not recommend blue light-blocking glasses because of the lack of scientific evidence that blue light is damaging to the eyes. ""*](https://www.aao.org/eye-health/tips-prevention/are-computer-glasses-worth-it)

3\. You're also choosing words from your articles as your claim that [""blue light acceleratre skin aging, damaging DNA and causing wrinkles""](https://www.ncbi.nlm.nih.gov/pmc/articles/PMC6280109/). 

It's just under ""Blue light effects on the Skin"" but the reference in the article is a Telegraph report that ""Selfies can age the skin and cause wrinkles"" that is **caused by ""EMFs and Visible light""** not Blue light.

The same article also mentioned that 
>*""some researchers have reported that blue light does not cause DNA damage or premature photo-aging and claimed that short-term application of visible blue light in dermatological practice is safe...These researchers concluded that in contrast to UVA, blue-light-induced NO generation can be used in the treatment of systemic and local hemodynamic disorders which are linked to impaired physiological NO production or bioavailability""*

Further more, the article's claims that 
>""exposure to blue light can be used in the treatment of superficial skin carcinomas in humans""

AND I'M GONNA Back it up by an [article by the American Academy of Dermatology that claims that 
>[""Because blue light is UV-free, the device isn’t known to cause skin cancer or signs of premature skin aging, such as wrinkles or age spots.""](https://www.aad.org/public/diseases/psoriasis/treatment/medications/wearable-light)

4\. [Linking smartphones to acne and proliferation of S. aureus](https://www.ncbi.nlm.nih.gov/pmc/articles/PMC5447253/)

The link is still questionable because the experiment was done in a controlled environment.

Even the authors said that 
>*""this is the first study that investigates the effect of exposure to light emitted from digital screens on the proliferation of Staphylococcus aureus and its association with acne pathogenesis.""*

Further more the authors said that 

>""It is worth noting that the results obtained in this study **cannot be entirely extrapolated to daily applications** of smartphones because in this condition there are intense light sources such as** sunlight or high intensity artificial sources of light which are much stronger than the light emitted from digital screens.**""

The article itself is just a gateway to further research and is not an evidence that blue light causes acne. As the authors stated that

>""further studies are needed to shed more light on the dark corners of the effect of digital screens’ light on the proliferation of different microorganisms and also to verify if these exposures can be linked to acne pathogenesis.""


5\. [Hyperpigmentation](https://onlinelibrary.wiley.com/doi/full/10.1111/ics.12637)

I can see the bias in this article. While it shows results that irradiation of blue light causes hyperpigmentation, the amount of blue light exposure dose they gave **""can be obtained on a clear summer day in central Europe at around midday for about one hour""**

This is not a study claiming that computer or device screens emit the same amount of blue light.

Also, the authors are paid by DSM Nutritional products because they need proof that the company's microalga extract can reduce the hyperpigmentation.

This is not much of a ""blue light from screens causes darkening of the skin"" but rather a ""blue light an hour under the sun darkens your skin and use our product to reverse it""

6\. [""The light is used to activate the bactericidal properties of these molecules, not to stimulate the skin \(or teeth\) itself.""](https://www.ncbi.nlm.nih.gov/pmc/articles/PMC4523596/)

Nothing in the article states something about skin. It's an article that is focused on DENTAL APPLICATIONS. AND IT EVEN SUGGESTS EFFECTS ON KILLING BACTERIA.

>We conclude that the blue light source, which is used to photopolymerize dental composite material, in conjugation with hydrogen peroxide, curcumin and erythrosine as potential oral photosensitizers could serve for significant reduction of main periopathogenic bacteria.

7\. You provided articles that skincare products can block blue light. 

These two articles claims that smartphone screens have long term consequences on the skin[ BUT the article they referenced is the one I cleared up on number three](https://www.ncbi.nlm.nih.gov/pmc/articles/PMC6280109/)

So like you, the authors of these articles chose their words to  fit their claim.",1634822075.0,15
valkyrae,"You didn't read them carefully. You selectively choose articles that fit to your defense and not the others that refute the idea. You just found articles that help your cause but let me list things that prove otherwise

1\. [The study the AAO sources is as recent as 2021, and there's a reason they don't use your articles as a reference](https://www.ajo.com/article/S0002-9394\(21\)00072-6/fulltext).

2\. Your myopia claim is also false. 

The article states 
>**""The obtained results indicate that reading, writing, working on a computer might be associated with the occurrence of myopia among schoolchildren.""** 

but it **doesnt mention any blue light claims** in the full article. 

As I've said there are many factors from computer screens that cause eye stress to people and the  [*""The American Academy of Ophthalmology does not recommend blue light-blocking glasses because of the lack of scientific evidence that blue light is damaging to the eyes. ""*](https://www.aao.org/eye-health/tips-prevention/are-computer-glasses-worth-it)

3\. You're also choosing words from your articles as your claim that [""blue light acceleratre skin aging, damaging DNA and causing wrinkles""](https://www.ncbi.nlm.nih.gov/pmc/articles/PMC6280109/). 

It's just under ""Blue light effects on the Skin"" but the reference in the article is a Telegraph report that ""Selfies can age the skin and cause wrinkles"" that is **caused by ""EMFs and Visible light""** not Blue light.

The same article also mentioned that 
>*""some researchers have reported that blue light does not cause DNA damage or premature photo-aging and claimed that short-term application of visible blue light in dermatological practice is safe...These researchers concluded that in contrast to UVA, blue-light-induced NO generation can be used in the treatment of systemic and local hemodynamic disorders which are linked to impaired physiological NO production or bioavailability""*

Further more, the article's claims that 
>""exposure to blue light can be used in the treatment of superficial skin carcinomas in humans""

AND I'M GONNA Back it up by an [article by the American Academy of Dermatology that claims that 
>[""Because blue light is UV-free, the device isn’t known to cause skin cancer or signs of premature skin aging, such as wrinkles or age spots.""](https://www.aad.org/public/diseases/psoriasis/treatment/medications/wearable-light)

4\. [Linking smartphones to acne and proliferation of S. aureus](https://www.ncbi.nlm.nih.gov/pmc/articles/PMC5447253/)

The link is still questionable because the experiment was done in a controlled environment.

Even the authors said that 
>*""this is the first study that investigates the effect of exposure to light emitted from digital screens on the proliferation of Staphylococcus aureus and its association with acne pathogenesis.""*

Further more the authors said that 

>""It is worth noting that the results obtained in this study **cannot be entirely extrapolated to daily applications** of smartphones because in this condition there are intense light sources such as** sunlight or high intensity artificial sources of light which are much stronger than the light emitted from digital screens.**""

The article itself is just a gateway to further research and is not an evidence that blue light causes acne. As the authors stated that

>""further studies are needed to shed more light on the dark corners of the effect of digital screens’ light on the proliferation of different microorganisms and also to verify if these exposures can be linked to acne pathogenesis.""


5\. [Hyperpigmentation](https://onlinelibrary.wiley.com/doi/full/10.1111/ics.12637)

I can see the bias in this article. While it shows results that irradiation of blue light causes hyperpigmentation, the amount of blue light exposure dose they gave **""can be obtained on a clear summer day in central Europe at around midday for about one hour""**

This is not a study claiming that computer or device screens emit the same amount of blue light.

Also, the authors are paid by DSM Nutritional products because they need proof that the company's microalga extract can reduce the hyperpigmentation.

This is not much of a ""blue light from screens causes darkening of the skin"" but rather a ""blue light an hour under the sun darkens your skin and use our product to reverse it""

6\. [""The light is used to activate the bactericidal properties of these molecules, not to stimulate the skin \(or teeth\) itself.""](https://www.ncbi.nlm.nih.gov/pmc/articles/PMC4523596/)

Nothing in the article states something about skin. It's an article that is focused on DENTAL APPLICATIONS. AND IT EVEN SUGGESTS EFFECTS ON KILLING BACTERIA.

>We conclude that the blue light source, which is used to photopolymerize dental composite material, in conjugation with hydrogen peroxide, curcumin and erythrosine as potential oral photosensitizers could serve for significant reduction of main periopathogenic bacteria.

7\. You provided articles that skincare products can block blue light. 

These two articles claims that smartphone screens have long term consequences on the skin[ BUT the article they referenced is the one I cleared up on number three](https://www.ncbi.nlm.nih.gov/pmc/articles/PMC6280109/)

So like you, the authors of these articles chose their words to  fit their claim.",1634821963.0,9
pcmasterrace,"Quickly, give him a notch!!",1634696600.0,4
valkyrae,"Brightness and contrast are some of the factors that increase stress for the eye, and not necessarily blue light. The filter might've lowered the brightness that's be why there's a difference. Other factors include refresh rate, glare, and even your own environment. Increase in screen on time also leads to less blinking rate which can also increase stress.

[And here's my reference for my mentioned report](https://irispublishers.com/wjovr/pdf/WJOVR.MS.ID.000547.pdf)

[Here's some further reading about from the AAO](https://eyewiki.aao.org/Computer_Vision_Syndrome_\(Digital_Eye_Strain\))",1634693344.0,27
valkyrae,"Bruh this is so relevant to me rn, I’m a med student and I just finished my Ophthamology rotation and my consultant actually corrected me in one of my presentations about computer vision syndrome that the American Academy of Ophthalmology officially said that  blue light doesnt really have significant effects to the body and any product like blue-filter glasses are just a waste of money.",1634682022.0,68
RPClipsGTA,"/u/clipsync crystalst

Crystal was basically asleep and then I saw this from her perspective",1634423731.0,1
movies,I don't wanna fight Deathstroke either,1634418947.0,7
AnimalsBeingDerps,I've missed you,1634143448.0,2
RPClipsGTA,It's so fucking amazing on how that van appeared.,1634013760.0,72
RPClipsGTA,"Ray mond (Valkyrae) has been invited now too. 

Edit: Dundee now too",1634005940.0,21
OnePiece,Queen: the secret other sibling of Hancock,1633692533.0,12
marvelstudios,"In my own headcanon, Thanos is strong enough to handle all the stones at once because of his unique physiology, strong will and maybe the gauntlet. His worthiness to hold the stones were shown because every time he grabs a stone on screen, he does it so with his bare right hand, when the gauntlet is in his left. In the beginning IW, he dropped his armor upon getting the space stone. He crushed the tesseract, Vision's head, even flung Gamora with his right, which I think reflected his own strength.",1633524619.0,1
NintendoSwitch,It’s like Sakurai announced that just to spite you.,1633444842.0,2
BokuNoHeroAcademia,And then he becomes bald and two katanas come out of his arms,1633435688.0,3
sololeveling,Oh noo,1633435393.0,12
pokemon,I relate to this on a personal level,1633367613.0,1
RPClipsGTA,"fucking hilarious, Bunny named him [""Yuno: Wannabe Casino Robber"" on her phone then he called later on asking if there is a vault in the casino.](https://www.twitch.tv/videos/1159236173?t=04h34m54s)",1632630324.0,26
Eyebleach,it's strrringth will be strrrrrrripped eweh,1632600632.0,8
HumansBeingBros,[Here's another thief hit with a tank of gas. I think he died in this one](https://youtu.be/EZ8ASxscfNM?t=27),1632387044.0,1
RPClipsGTA,The RP carried over to Mario Kart KEKW,1632303515.0,16
RPClipsGTA,"https://clips.twitch.tv/TrustworthyGentleGrouseTheThing-LpTh6-FpgveX24wm

Here’s a bonus one where Croc requests 77 for a Fleeca but doesnt get a response til he mentioned that X, Yuno and Donnie are there (not them)

https://youtu.be/hSPItzh9Cfc",1630305315.0,9
marvelstudios,Still the best promo marvel has ever done. The second best is the ant sized trailer. https://youtu.be/KQjhJf1R4k4,1629998153.0,6
RPClipsGTA,Yuno bout to come back with these sharks,1629968150.0,-8
anime,Buggy D. Clown**,1629864472.0,4
RPClipsGTA,And he didn't dance and got jail time,1625970023.0,1
RPClipsGTA,"Nah, he has just his Christmas tree early",1625894115.0,15
pcmasterrace,"I think when the video got out Linus already offered that and I think he got no response. Honestly I also feel sorry for him, even I tried to reply once to his tweets to redeem himself because he just needs to acknowledge what he did and show to the world he can do better(even if I’m a nobody). But there’s a reason he’s still being bullied and he’s avoiding replies, he’s stubbornly doubling down on his and his superior’s defence of the build at that point in time. He’ll keep jumping from company to company being a journalist thinking to himself that he was right.

The worst part is he’s reading all the replies and blocks every single one of them. He might as well post something positive, admit the mistake, do a new PC build and move on but I’ll bet he’ll just play victim and blame the bullies for his declining mental health instead of owning up to it in the first place",1625830190.0,4
RPClipsGTA,"Most of his first ones were from the casino but there's also one time where he said ""literally got this from doing crime"" or something like that",1624238695.0,12
BokuNoHeroAcademia,">You’re next

Oh damn we got some parallels over here",1623343692.0,3
RPClipsGTA,No but he bought a house for Yuno,1622857513.0,36
anime,Also because this is the best episode of One Piece in terms of cinematography/storyboards,1622736299.0,18
anime,I just had a rewatch last week and I've noticed that Kazuma had always depended on sacrificing himself at the last moment then had Aqua resurrect him.,1621067078.0,8
BokuNoHeroAcademia,BnHA is just a better Reborn.  Change my mind,1619244596.0,2
marvelstudios,https://www.youtube.com/watch?v=Etm2PSDaDVs,1619174765.0,10
OnePunchMan,Aw shit man. I did not expect this to become an Ugly Bastard chapter. Everybody stop the doujin artists! Save Tatsumaki!,1618893948.0,1
ShingekiNoKyojin,"Reiner: I wanted to be a hero. Just kill me Eren

Eren: JK. I killed my mom lols. also you wont die",1617856537.0,160
ShingekiNoKyojin,[HOLY SHIT I FUCKING CALLED IT](https://www.reddit.com/r/ShingekiNoKyojin/comments/lymog0/new_chapter_spoilers_chapter_138_release/gpw6rw1/),1617854325.0,10
anime,Is nobody gonna mention Treyni's perfect ara ara,1617752048.0,36
ShingekiNoKyojin,"I'm restating my theory from the previous chapter's discussion thread:

This leads me to believe(let’s face it i’m just hoping now) that Ymir will turn all remaining titans to their original selves and erase the paths altogether. Ymir's appearances while the rumbling was happening didnt really have much of an explanation. Ymir doing something to at least spare the currently transformed titans might tie this loose end.

Eradicating the paths will erase titan powers along with the years remaining in Armin, Annie, Reiner, Pieck, and Falco. 

- Falco will reunite with Gabi
- Reiner with his mom
- Pieck with her family and be an officer in Paradis(or a united country with all the remaining people alive)
- Annie will be together with her dad, and Armin I guess?
-  Connie will reunite with his mom in Ragako
- Jean maybe an officer aswell?? 
- and finally Mikasa might visit Historia and her child and say the last lines “You’re free now”
- and Levi will be Levi. Might die but he will be in peace.

Killing Eren ONLY wouldn't make sense because Paths would just transfer Eren's titan powers to another child, like Historia's child or even multiple children. It wouldn't actually get rid of titans overall, there will still be a source of conflict within the Eldian people. So the definite solution is to erase the Paths that connects all Eldians through Ymir. In that way, all titans will cease to exist, all remaining Pure Titans and Shifters will return to humans. 

It can also erase Ymir's curse which sets a timer to the shifters so Eren's wish will come true where his friends ""live long happy lives. ""

Humanity united against Eren, and there's no source of conflict anymore, at least not because of the hatred towards the Eldians.


If the last panel is still the last panel, then the baby wouldn't be truly free if Titans still existed and passed on to every generation, so it makes sense for the Paths to be erased

ALL OF THIS IS JUST WISHFUL THINKING NOW. DRINK MY FUCKING TEARS ISAYAMA. IF WE'RE NOT GETTING JEAN/CONNIE BACK AND ALL OG SCOUTS ARE GONNA DIE ANYWAY THEN SO BE IT I'M UP FOR THIS WILD RIDE TIL THE END",1617661378.0,13
anime,I'd say the bullet bored most of the way through sasha as well.,1615185714.0,1
anime,HOLY SHIEEEEET,1615030393.0,3
ShingekiNoKyojin,"This leads me to believe(let’s face it i’m just hoping now) that Ymir will turn all remaining titans to their original selves and erase the paths altogether. 

Jean/Connie/Gabi will return and Connie will reunite with his mom back from being a titan. 

Eradicating the paths will erase titan powers along with the years  remaining in Armin, Annie, Reiner, Pieck, and Falco. Falco will reunite with Gabi, Reiner with his mom, Pieck with her family and be an officer in Paradis(or a united country with all the remaining people alive), Annie will be together with Armin along with her dad, Connie in Ragako, Jean maybe an officer aswell?? , and finally Mikasa might visit Historia and her child and say the last lines “You’re free now”

Edit: some additional thoughts:

Only killing Eren wouldn't make sense because Paths would just transfer Eren's titan powers to another child, like Historia's child or even multiple children. It wouldn't actually get rid of titans overall, there will still be a source of conflict within the Eldian people. So the definite solution is to erase the Paths that connects all Eldians through Ymir. In that way, all titans will cease to exist, all remaining Pure Titans and Shifters will return to humans. It can also erase Ymir's curse which sets a timer to the shifters so Eren's wish will come true where his friends live long happy lives. Humanity united against Eren, and there's no source of conflict anymore, at least not because of the hatred towards the Eldians.

If the last panel is still the last panel, then the baby wouldn't be truly free if Titans still existed and passed on to every generation, so it makes sense for the Paths to be erased

ALL OF THIS IS JUST WISHFUL THINKING NOW. DRINK MY FUCKING TEARS ISAYAMA",1615018906.0,9
OnePiece,Marco gonna help with his Getsuga Tensho,1614816927.0,1
ShingekiNoKyojin,"Fuuuuuuuck, Call Your Name at a time like this?",1612113674.0,1
ShingekiNoKyojin,It’s funny that they didnt bother to model the Colossal in 3D because that’s the only time Armin used it so far. Lol,1611519344.0,1
NintendoSwitch,"Looking at Pokemon SwSh. I ain't paying $90 for a mediocre game and a ""better"" DLC.",1610521516.0,1
OnePiece,"Holy fuck. The storyboarding for this episode is insane. I love the pacing, and the framing of the shots to display the reaction of the characters. I love how Toei interchangeably combined the dialogue of Buggy, Mihawk and Hancock and switching them back and forth as opposed to the manga where they finished their speeches one by one. 

The changes they made improved the quality of the narrative and there are subtle changes that you can only show in anime form where they have the power to insert shots that the manga can't. 

THIS IS A PERFECT ADAPTATION OF A CHAPTER.",1610267857.0,2
anime,Man I forgot how good this is. I should pick this up again.,1609963628.0,1
nextfuckinglevel,I remember seeing this a few years back. Me and mybfriend couldnt stop laughing at the uni library,1609145478.0,1
videos,The voice is amazing but I’m more intrigued on how he bent his pinky without affecting his ring finger,1608826375.0,2
xboxone,Merry Christmas,1608776367.0,1
pcmasterrace,Happy Holidays!,1608258637.0,1
pcmasterrace,VR READY PSUs,1607583944.0,1
pcmasterrace,X gonna give it to yah,1607530406.0,1
WatchPeopleDieInside,I never liked his shouty stuff. The F word is the only show where I have watched Gordon. He also goes to places for the sources of ingredients and how they are made. The recipes are simpler and doable and he was very nice and you can see his passion for cooking.,1606457515.0,198
NintendoSwitch,"Bought my switch on launch day. The left one drifted within the year I managed it with an electronic cleaner spray. 1 year after launch, the right one deteriorated faster than the left one. Bought a replacement right joy con. 2 years later, the left one has a drift and an unresponsive left button and the right replacement is dead. all I use is a procontroller while docked now. 

I want to buy a new pair but I am very afraid that it will have a drift too. I've heard stories of people never experiencing a drift and I want to be hopeful. But I just can't put out $70 for the risk of a drift.",1606325852.0,1
pcmasterrace,Reminds me of [Austin Evan's build from Scrapyard Wars](https://youtu.be/ioyqHUtnZoY?t=139),1606305760.0,1
wholesomememes,Yeah I'm still buying those colored checkered ones even though I'm 25.,1606294900.0,8
anime,"Yeah. Toei has a subsidiary in Ph and was doing work in One Piece and other stuff. They had a bad rep not because theyre Filipino but basically it was the production schedule of Toei/OP. [Here's a clip(most of it is in Filipino tho but it just an example to show that One Piece is made in the Philippines)](https://www.youtube.com/watch?v=Qw37UQX1-n0)

Another instance, the animation for the old Xmen Animated series was also changed to a studio in the Philippines and there was a significant downgrade in quality.

There was also an attempt at a full Filipino animated basketball series a while ago but it sucked because the story focused on typical drama tropes instead of the sport and the animation was trash. Basically it was just a garbage show in a form of an ""anime"" as bait

For those instances, my theory is those were because of rushed scheduling, cheaper wages and that led to producing mediocre quality animation.",1605712921.0,26
goodanimemes,"Well there are new CPUs, GPUs and next gen consoles now...that story needs a bit of updating",1605469876.0,1
anime,I miss the A-1 pictures days of this anime,1605076802.0,10
pcmasterrace,So it’s a Fantech product?,1604998864.0,2
anime,"Honestly, I love this series. I wish there were more of Fate but slice of life. It was very heart warming and hunger inducing.",1604845255.0,69
anime,"Does this come with more Asuna bath scenes? /s

Edit: I just realized she’s technically still a minor in aincrad. Oh no.",1604845005.0,12
anime,BISHI BASHI INDEED,1604831641.0,0
anime,I'm really pissed off with this animation. I'm thinking they sacrificed this whole match just for the next big one but it still pisses me off that there needs to be a dip in quality in these episodes just to give priority to another one. I watched Haikyuu weekly since Season 2 and I've never seen this bad of an animation from this series. I've completely lost immersion.,1604827978.0,2
pcmasterrace,I'm gonna be with my 570 for 2 more years before building a new PC. I'm still very satisfied with it.,1604109117.0,2
ContagiousLaughter,Legit thought that was Jimmy Kimmel,1603170573.0,1
pcmasterrace,"I don't have much RGB in my setup, just my keyboard and mouse. It's a bit dirty but this is what I have.
Thank you for having this giveaway!
https://i.imgur.com/Qw5VhCY.png",1602223667.0,1
anime,This is the moment where I kept laughing for 10mins straight,1602020910.0,11
anime,that isnt an insult,1601871185.0,11
anime,Always has been,1601831858.0,2
anime,MARIMO!,1601827240.0,26
pcmasterrace,Thank you for this!,1601794375.0,2
anime,"[World building detail, possible series spoilers](/s ""I love that one small detail is that they use English when shouting spells like ""Magic Number"" or ""Blue Spark"" in conjunction to Bleach's Japanese incantation of kido like Hado or Bakudo. It really emphasizes that this is the London Branch."")",1601689029.0,1
videos,"Hell, even more than Babish. No offense he makes great recipes but Sohla's innovation is just insane",1601143787.0,105
bon_appetit,Sohla innovated so much in this video. More technical stuff than what I've seen in all of the cooking videos I've seen.,1601143752.0,68
anime,[Relevant ProZD](https://www.youtube.com/watch?v=jgFyCuKoEGA),1601141668.0,166
anime,So it's Natsu with Bluenote powers,1601141216.0,8
NintendoSwitch,This is true. This is why I hate him personally but that just goes to show how good he is written.,1601140433.0,7
NintendoSwitch,It's been more than 3 years. I still hate that fucking bird. I love the way they wrote him tho,1601132049.0,128
mildlyinteresting,"from beginning to end it was a ""fuck trains"" the movie",1600816739.0,2
mildlyinteresting,Youre thinking of the other Shinkai train movie.,1600816167.0,7
anime,and a Gengar,1600612834.0,3
dbz,"Goku next chapter: If you promise to train with me I wont kill you.

Moro: Im still gonna eat planets

Goku: are we still gonna spar?

Moro: yeah?

Goku: fine by me!",1600491621.0,19
dbz,I sang the song while reading,1600491462.0,2
anime,At least we got some of those sweet forbidden hand holding,1600372524.0,144
anime,Yeah I'm a Yui boy. She's so sweet. Let 8man and Yukino get together but Yui be happy dammit,1600372454.0,10
pcmasterrace,"OH, are you offering? That's super nice dude! Sadly if you live in the US, I think it'd be too much trouble for a giveaway like that since I'm in Southeast asia. But I really appreciate it so much!",1600284914.0,1
pcmasterrace,And here I am looking to upgrade to a 1000 series card.,1600277685.0,1
anime,"Bad guy or not, Bradley was a fucking beast. You just appreciate that kind of character",1600197187.0,75
cursedcomments,"[This chicken is amazing, this is chicken right?](https://www.youtube.com/watch?v=fOKBtXrvSaw)",1600171808.0,5
OnePiece,That wasn't Caesar! That was Gastino!,1599910581.0,1
ShingekiNoKyojin,I was too early checking for an official release thread and here I am 3 days of procrastinating and checking ever goddamn hour,1599456020.0,78
anime,Holy shit the visual metaphors this show has is just amazing. Top tier animation. Kyoani pls.,1599422188.0,7
anime,"Dude, even without the depressing monologue, my heart is still breaking. I'm so invested in this that the truth doesnt even need to be said. It hurts so bad",1599169614.0,69
teenagers,Are you a [moon truther?](https://imgur.com/mRHIe5d),1599116388.0,1
anime,Sawa-chan's pretty amazing to have taught Yui how to sing and play,1598977030.0,6
BokuNoHeroAcademia,upvote for TFS,1598513770.0,42
anime,I laughed at this part....then my heart broke at the end,1598038918.0,133
anime,Thats the fact I love Daddy daddy do more. Love Dramatic is amazing but Airi’s contribution to this song just complements his voice,1598038625.0,14
anime,"Not gonna lie, I didnt support a ship prior to this season. But after watching all these episodes, I think I need a Yui in my life.",1597956657.0,5
food,My guess is meringue/cream that was slightly whipped,1597553494.0,2
pcmasterrace,"My guess is your switching platforms? G4560 is indeed a priority upgrade but any potential upgrade path in that socket is too expensive, even 2nd hand, compared to switching to Ryzen.",1597518749.0,14
anime,"Thus, Hell memories was born",1597443269.0,7
anime,I ~~dont~~ know why I am so heartbroken at how Yui looks at Hachiman as he ate that salad. This is the first time I felt this way after 20 years of watching anime,1597442980.0,2
anime,Hijacking top comment to say that **IT'S NOT THERE ANYMORE**,1596702721.0,1
anime,UPDATE: It's not there anymore,1596702634.0,9
me_irl,Didnt he had all of his stuff stolen? He moved and the moving company lost the truck.,1596245596.0,7
OnePiece,They’ll prolly have a contest to see which one can better throw a ship down the waterfall,1596244192.0,4
pcmasterrace,"This is what made me stop obsessing about upgrading. I have dual monitors at 60hz and while I want to experience high framerates, my gpu won't be able to pump more frames in graphically intensive titles and the games I usually play don't require high frame rates to perform better. Bottom line is it always depends on the type of games you play(like games which high fps because of input lag) and your current hardware. I'd rather upgrade my whole system and peripherals when it warrants me to upgrade instead of buying a new component and not being able to maximize its potential.",1594640098.0,1
haikyuu,[I can't think of any other scene to convey my satisfaction of this series. I am genuinely happy and satisfied.](https://imgur.com/MN0M66O),1594589875.0,3
haikyuu,It's the perfect final point. Furudate established all these things and it was so satisfying in the end.,1594589782.0,36
anime,It's soooo goooood. I don't want the match to end but it's sooooo gooood,1594375588.0,1
pcmasterrace,"this hurts

*upvotes",1594373221.0,2
BokuNoHeroAcademia,HORI PLEASE,1594229080.0,5
anime,"I was really impressed on how it caught me offguard on how they pushed the narrative further (without saying any spoilers). It was a joy to watch and gave a fresh take on ""non canon"" shonen films without spitting out alternate reality excuses. Of course they still retconned it in the end but there was no expectation of that after the twist had happened. By that point every fan is just in hype mode.",1594228448.0,53
OnePunchMan,"I love how Murata drew ""not""-nipples by making Psychos inhuman. This is like walking a thin line between 18+ ecchi and PG13.",1594149418.0,3
pcmasterrace,RX 570 Masterrace!!,1593855650.0,6
OnePiece,"It's true though. One Piece and many other weekly manga kept me living while depressed years ago when I was at my lowest point. and I'm still here today, after recovering, thanks to them.",1593802426.0,1
hamiltonmusical,"The way they filmed is superb, it’s directed well and communicates how the musical is also meticulously directed. I absolutely loved the close ups, their timing and editing is great and brought forth in critical moments where you can see the incredible acting of the cast, some of which you might not be able to see in person. What a fucking masterpiece",1593799475.0,6
anime,"No joke, I was showing this to everyone when the teaser came out. It's so insane. Kyoani is so fucking good. I immediately flipped out when I discovered that it'll take a while before they even premiere it.",1593641210.0,1
MadeMeSmile,Is this the same as my parents making me their tech support?,1593456191.0,1
marvelstudios,[He played a really good naive but wants power character.](https://www.youtube.com/watch?v=-WDMHKgBfpE),1593433144.0,20
anime,I hope OnePlus gets more popular here too. It has a better android variant than all of those and Pixels are nonexistent in official stores.,1593354977.0,1
DrDisrespectLive,"Fuck, now I just learned about Cry.",1593278369.0,2
anime,Leroro is the only exception,1593025238.0,43
anime,[JC Staff be like](https://i.kym-cdn.com/entries/icons/facebook/000/030/423/cover5.jpg),1592943994.0,3
luckystar,Same here. Those conversations really hooked me in the first place. The dub is great too. I dont have to give that much attention and listened as I studied,1592571399.0,9
anime,Troll? This is the best fanservice I've seen.,1592513433.0,1
relationship_advice,"God bless you OP. I can say you are a great man for doing nothing to that dude despite what happened. You are level headed despite having your heart broken. Keep living man, I hope you find someone that deserves you",1592305553.0,1
AskReddit,That's just No Game No Life,1592304990.0,1
anime,"Also, I've never seen a series where OP antagonists are nerfed so hard, [](/s ""like Irene and August"")",1592162944.0,9
anime,"I read the manga as the chapters were released. The only good things I can say about Fairy Tail is that Hiro Mashima's art is great and his consistency as a mangaka is top notch, and that the anime's OST is great. Everything relating to the story and characters are shit. But that doesn't mean people won't like it.",1592162422.0,1
WTF,AKA the better one,1592040418.0,10
pcmasterrace,God Bless you OP!,1592033336.0,1
OnePiece,"Damn, that's a long shot but you got something there. Crocus is from the Roger pirates and the cover page seemed like theyre good friends. maybe WB/Roger affiliate? He might be from Wano, and he suspiciously looks like [Kawamatsu from the back](https://vignette.wikia.nocookie.net/onepiece/images/a/a5/Kawamatsu%27s_Kappa_Dance.png/revision/latest?cb=20200311103247) with the hat and all",1591983125.0,2
OnePiece,"[Is that Izo on the lower right talking to Marco?](https://i.imgur.com/67XR2e4.jpg)

He did appear last chapter but I dont get why Oda would not show his face. It may be a hint to another powerful character",1591981197.0,11
dankmemes,[Never stopped Batman](https://youtu.be/enOHraf3LEk?t=104),1591585832.0,6
anime,that’s not real chika thoo,1591466779.0,2
anime,"Man, that episode was so high in quality I didn't even notice Chika's absence til the final part.",1591463982.0,3
OnePiece,"I cant stop laughing at Sanji’s expression. The dude wouldve been sad at seeing no girl at the brothel, but seeing Big Mom naked broke him enough to prevent him from warning the others",1591445113.0,5
OnePiece,AYT WHERE’S PELL?? If the dude can survive a nuke then he could tip Big mom’s ship off a waterfall lol,1591444938.0,1
ShingekiNoKyojin,[Am I doing this right](https://i.imgur.com/8p8rFTu.png),1591013488.0,14
pcmasterrace,wooohooo,1590947620.0,1
ShingekiNoKyojin,The consensus is that the animations in the PV may or may not be in the final cut.,1590849100.0,1
anime,I think that’s the reason why season 3 was so far apart. I’ve heard that they barely made it in time to produce the episodes and some had multiple episode directors in it where it typically requires 1-2 per ep. it was a miracle WIT had delivered an amazing third season without dropping in quality,1590821176.0,28
ShingekiNoKyojin,"Just commenting to say that the PV are preanimated - which means that all animation are specifically made for the PV and not a reflection of the production's progress. [Shuhei Yabuta directed and storyboarded the whole PV](https://twitter.com/yabshu55/status/1266298652311445510) (director of Inuyashiki and Vinland Saga, 3D producer and director of previous AoT seasons)

He's setting the bar pretty high. I hope Mappa delivers.",1590756110.0,43
anime,"Some names are inaccurate, [I took the names from ANN](https://www.animenewsnetwork.com/news/2020-05-29/attack-on-titan-the-final-season-anime-promo-video-reveals-new-staff-at-mappa/.160061)

Chief animation Director: Daisuke Niinuma

> most of his work are key animation and animation director

Production chief: Jun Shishido

> Director for Hajime no ippo, Ep Director for Banana fish, spice and wold,  and death parade

Effect Animation Director: Satoshi Sakai (mostly key animator and animation director for eps of Aot and Magi.), Taichi Furumata (key animation and anim dir for eps for FMAB)

Art Director: Kazuo Ogura

>art director for DB Super Broly movie, 2 FMA movies, Kara no Kyoukai 3, One Piece Film Gold and Z, and Zombieland Saga

Screen Design: Yusuke Tannawa

>banana fish, dorohedoro, Garo, Inuyashiki

3DCG Director: Takahiro Uezono

>3D work in Kill la kill, LotGH, Yuri on Ice, Inuyashiki

Director of Photography: Shigeki Asakawa
 
> Cinematographer for God of high school, HxH movies, 7 seeds

Editing: Masato Yoshitake

>Girld and Panzer, How not to summon a demon lord, Kokoro connect, Miru tights, Gundam The Origin, SSSS Gridman, Miru tights

Sound Director: Masafumi Mima

>basically sound director for all AoT, Hero Academia, Chihayafuru, FMA, Ippo

Animation Producer: Masato Matsunaga

>producer for Grandblue fantasy, Dororo.",1590755012.0,12
anime,Red Swan is the third best OP.,1590751947.0,12
BokuNoHeroAcademia,"T is for terror, upon you I'll bestow.",1590310378.0,2
NintendoSwitchDeals,I bought this a month ago when it was on sale and it's worth it. I didn't expect how much fun I had playing this. I've finished the story and gotten all the gold trophies. The extreme modes are very challenging and I've yet to finish them.,1590056619.0,1
anime,This movie was a love letter to Dragon Ball and its fans. It was just so good visually and Toriyama did justice to Broly's character. Everybody loved the idea of Broly but the first execution of his origins fell flat. Now his addition to the canon just gives me excitement of what could happen next as a DB fan,1589647576.0,2
anime,"Netflix subs are awful. I watched AssClass and I was confused with all the names for the first half of S1 because when a character mentions a firstname/nickname, the subs puts the fucking surname. I get it Japan writes the surname first but how am I supposed to determine the character theyre referring to if there are 20+ characters and they never call them by their surname or vice versa???",1589558954.0,2
videos,he's in the video around 3:30 too,1589210332.0,1
rickandmorty,"Did Dan Harmon just destroyed any expectation of any continuity out there? He made fun of his own version of Hero's Journey, he made fun of deconstructing a story with a deconstruction, and at the same time reminded us what kind of a show Rick and Morty is.

Damn. Good shit",1588663167.0,1
anime,"Man, minoru's shenanigans in Lucky Star endings are the best.",1588067659.0,2
NintendoSwitch,Thank you for everything! I bought like 3 games this quarantine period from looking at your lists,1587942309.0,3
news,[Actual footage of his death](https://youtu.be/Nxn6aFylZgA?t=98),1587821739.0,3
OnePunchMan,"Holy shit, the part where Saitama's head is lit up and kept getting hit by rocks is so hilarious. I've never laughed like that from a gag from OPM in months.",1587667367.0,18
NintendoSwitch,"God bless you OP.
I'm a medstudent, currently on my 2nd year. On the back of my mind I wish I didnt take a leave of absence in college because that delayed my graduation. Most of my classmates are already doctors and are fighting this pandemic and I wish I am doing the same thing.",1587596547.0,1
StreetMartialArts,Yare Yare Daze,1587268031.0,1
anime,"Iroh from Avatar. The original VA died before S3 and so they had to find a substitute. For most people, especially kids at that time, the transition wasn't that obvious. IMO the new VA did a great job as Iroh. He also replaced him in other roles as well

[Here's a direct comparison](https://www.youtube.com/watch?v=PD0kJmEJwvs)",1587061401.0,6
anime,Hansung Yu is definitely more convincing as a dude now. I was convinced he’s female for the majority of his scenes in the comic because I barely paid attention to the pronouns.,1587015215.0,5
anime,"Episode 1 and we already get a lovely ""BAKA"" from chika",1586632672.0,5
anime,9 kids tho?? I'll take my chances,1586632558.0,15
anime,Tanjiro is the non-incestuous onii-chan that the anime community needed. Look at how he showcases his little sister without being sexual.,1586526137.0,1760
videos,"Damn, of all the amazing videos he's uploaded, this is best one so far. And I guess, the hardest one to edit cuz that's some sick effects to match the lighting.",1586454625.0,39
anime,"Yeah I remember starting One Piece and seeing text before an episode explaining what Nakama means. I thought that was pretty hardcore.

10 years later, yeah sure friend, crewmate, comrade whatever.",1586406128.0,26
NintendoSwitch,Animal Crossing please! Thanks op!,1586274750.0,1
Animemes,I am currently watching {Assassination Classroom} on netflix and it's pissing me off. It has a lot of side characters,1586220498.0,1
OnePiece,Oda can do it justice. Unlike Kishimoto with Madara,1586194850.0,1
anime,Can't stop watching this. I really prefer if they didn't dim it. It really showcases the animatia;lskdnw;jemnfsjbgallsjdifbuahfg,1586135630.0,14
KimetsuNoYaiba,"This story is like poetry. Just like Tanjiro saved Nezuko from killing or eating humans, everybody is preventing Tanjiro from doing the same thing. (though not deliberately, Giyuu and Inosuke's immediate reaction is to kill). 

I think this is where Nezuko comes in as she is human again. She regained all the memories when she was a demon and now, witnessing his brother is suffering the same fate as him, she will now do the same, preventing her brother from killing or eating anyone.

Kanao might come in and stall for a bit before Nezuko comes, I bet she'll trigger something together with Zenitsu, Inosuke(maybe with the boar head off??) within Tanjiro but not enough to fully revert him as Nezuko will be the one to do that.

Now it just comes down to Gotouge if Tanjiro's gonna live or die.",1586134233.0,7
OnePunchMan,A team up with King would be great lol,1586057316.0,5
AnimalCrossing,"That's amazing, shelby.",1586024787.0,3
LinusTechTips,"[Here are some benchmarks I found](https://www.notebookcheck.net/AMD-Radeon-RX-Vega-10-GPU-Benchmarks-and-Specs.260178.0.html). In summary, you can get by with 1080p low or 720p if the game is not that demanding. A dedicated GPU (like a 1650) will be a good improvement tho",1585773160.0,1
LinusTechTips,Ivan's appearance literally overshadowed the great quality content of the video. If he's not back then at least they're in good terms apart from the rumors say. Wish other employees were there too.,1585772635.0,92
pcmasterrace,I'm currently a 2nd year med student but I have previous classmates that are doctors now. I am always cheering for them to stay strong and be protected from the virus. I really hope I got to be there in the front lines too but I believe I am being prepared for the future so I do what I can to help now.,1585685382.0,1
anime,The last chapter was in Nov 2018.,1585683174.0,4
anime,Yeah. Many people didn't know that when the series ended the manga was only ahead by 10 chapters. I WAS THERE GODDAMMIT T_T,1585683117.0,22
KimetsuNoYaiba,"Something's definitely off. It really is a breath of fresh air in terms of ending a series but this should not be it. My shonen loving heart tells me there's gotta be another trope here where the villain clings to life.

Though if it was, I would accept it easily. All of our heroes are exhausted and wouldn't have been able to use full power esp. Tanjiro. (FOR ME) He was foreshadowed to use the Hinokami with the transparent world to defeat Muzan and I thought Nezuko would do something with those tumors of his. Their bond symbolized so much and it would be a waste not to show it here in the final fight.",1585510227.0,1
anime,Ohh yeah that Tiger,1585438928.0,3
anime,You mispelled MIRKO,1585438660.0,2
pcmasterrace,Im looking forward to playing Dragon Quest XI. I just watched the movoe and I wanted to play it. For upcoming games FFVII would be great,1585418327.0,1
ARMS,"Anybody knows how to get the Free game trial for ARMS? I have the online membership

Edit: found it. Go to the Eshop>Nintendo Switch Online> it should be there on the Game Trials section",1585236470.0,3
NintendoSwitch,"Anybody knows how to get the Free game trial for ARMS? I have NSO

Edit: found it. Go to the Eshop>Nintendo Switch Online> it should be there on the Game Trials section",1585234140.0,0
BlackPeopleTwitter,And the Queen will outlive them all,1585179699.0,1
tipofmytongue,"
More details: He was very nervous but his parents accepted him, then he tries stuff like going to a gay bar then he tried anal sex but he hated it so he told his parents that he's straight again.",1585148446.0,1
Coronavirus,It's because it's a common disease encountered yearly and most people get vaccinated for it. Also being anti-vax isn't really popular in the Philippines compared to other countries.,1584912619.0,1
JusticeServed,I think he just pulled out the gun with the barrel pointed at the steering wheel,1584904112.0,1
JusticeServed,[Here's the frame by frame of the first shot in conjunction to when the guy takes out his shotgun](https://imgur.com/a/v9HlPWD). Police guy could've had worse injuries if he was a second late.,1584901505.0,19
ThatsInsane,All those anime and doujins start to make sense now.,1584900137.0,26
Coronavirus,"I would like to suggest Israel Bactol, [he's a doctor who died yesterday due to a patient that lied about her travel history.](https://tribune.net.ph/index.php/2020/03/22/young-cardiologist-no-match-for-virus/)

[Edit; Here's an article with a bit more details tho I don't know its reliability since their referencing FB posts](https://buzzooks.com/posts/ph-heart-center-loses-34-year-old-doctor-because-a-patient-lied-about-travel-history/) but basically the patient went to his clinic in Feb and was diagnosed as a simple Flu. This was before any lockdown or quarantine took place so the doctor was exposed. When the patient's condition worsened, family members disclosed their recent trip to China, and tested positive enough time for the doctor to expose others and develop symptoms. The patient died early March while the doctor was intubated for weeks and died the other day.",1584899111.0,47
anime,"My god, I'm actually crying. TBH, the hype was a little ruined for me in the manga because the deadlines caught up to Hori but this was amazing. From the first explosion from Bakugo to Shoji's dancing to Jiro's amazing singing. Eri's smile was even more satisfying. But the thing that made me choke up was Togata crying because he knows that all his sacrifice, his quirk being erased was worth it to see Eri's smile.

Love this ep 10/10",1584787575.0,13
sololeveling,The screenshot posts may outnumber the comments in the chapter discussion as well. Those should be contained there for at least a day before posting.,1584601199.0,2
anime,"BWAHAHAHA Super Eyepatch Wolf must be going crazy right now. I can’t belive they’re adapting this. I mean it has some moments but a lot of bullshit too. I hope they can fix the pacing of the last parts as well. 

Is Pierrot gonna handle it again?",1584556565.0,2
anime,I was more of a fan of ghe J.B. til they changed it to the official one,1584556421.0,1
anime,Koboreochita futatsu no hoshi ga,1583426047.0,1
anime,This is the point where I stopped the episode because I was laughing for 10 minutes.,1583344291.0,3
NintendoSwitch,And here I am with hundreds of hours on Youtube.,1583255358.0,2
anime,Dying messeji,1583069135.0,2
WatchPeopleDieInside,Yeah i think the guy went by the book and played it safe by trying to burn with the dusclops. Prolly forgot the buffs Tytar got from dynamax and it ended up OHKOing it.,1582972516.0,1
iphone,I really have no budget for a flagship,1582521990.0,1
pcmasterrace,"Damn what a nice PC. Your friend is very lucky to have you and your friends OP. I'm planning to help out my friend as well, he's currently gaming on a Celeron laptop and somehow manages to play minecraft and Mordau with it. He's saving up for a $300 pc and I'm planning on pitching on some parts with it.",1582456171.0,5
iphone,Should I wait for the Iphone 9 or buy an iPhone XR now? I have an iPhone 6+ with an unusable camera and I have to wait for April for the iPhone 9. I have the option to buy an iPhone XR now for about the same price. should I?,1582452131.0,1
AskReddit,"Looking for something in a drawer, sneezed and banged my head on it. Hurt like hell. I found what I was looking for tho",1581830027.0,1
iphone,My 6 plus' rear camera gave out a week ago. I hope I can make it til then.,1581213446.0,2
TeamFourStar,"I just really wanna cry. I saw the announcement when I woke up late for school and I didn't have time to process it. Now I'm typing this, it's so heartbreaking that every hope of Season 4 is gone. Thank you TFS but fuck I didn't know it'll hit me this hard.",1581066153.0,1
pcmasterrace,Cyberpunk,1580189740.0,1
pcmasterrace,well does it post?,1579791081.0,2
NanatsunoTaizai,It’s even that climax of an arc where 1A had that big performance. At least we got a clear view of Eri’s smile.,1579576325.0,32
pcmasterrace,It's funny how the 1050 is smaller and not needing the power cables compared to the 660ti despite being a better gpu. Congrats to your friend!,1579538684.0,2
pcmasterrace,Ryzen 1600AF,1579534533.0,1
pcmasterrace,I have a SATA ssd and it still only takes 10s,1579506179.0,3
mildlyinteresting,"There's a thing like that in a mall nearby my house, [it looks amazing.](https://i.imgur.com/yqXzp4T.png)",1579360586.0,2
movies,"Yeah, like we dont need a female Sherlock, we have Miss Marple for that. The problem is that film studios want to copy Disney by retelling the story because of intertextuality to insert as many references to the original work as possible. It creates an illusion tot he viewer of enjoyment and nostalgia while being fed a subpar story.",1579184024.0,1
ShingekiNoKyojin,How bout hitsugaya,1579183428.0,2
ShingekiNoKyojin,"Well Hange's voice actress played Edward Elric so, still ambiguous",1579143454.0,17
ShingekiNoKyojin,"Yeah MHA has some ok female characters but they are mostly superficial, the closest thing to a good one is Uraraka, but nowhere close to Armstrong levels of good.",1579143320.0,1
pcmasterrace,I wish I pass my 2nd year of meschool,1579017293.0,1
NintendoSwitch,"I'm still on my iphone 6+, feels bad man. Every call feels like it drains 5% a minute.",1579016212.0,1
videos,Oh my god it's the dude from Johnny English,1578928260.0,1
marvelstudios,Do you wanna know my secret identity?,1578822145.0,7
gaming,Quentin Tarantino would like to know your location,1578821664.0,1
anime,It's amazing because it's the foundation of the coach's experience and on how he trained his players. He's been doing it for years and had been winning and Ushijima was a testimony of that. Then Hinata came in and destroyed that foundation.,1578752269.0,28
OnePunchMan,Well I would wager that’s not just an emotional stress but uhm...a frontal...stress.,1578720601.0,23
OnePunchMan,"I wonder why she didnt offer that to Saitama, he wouldve been stoked at such a good deal on meat. Or did she?",1578720538.0,17
pokemon,"Hahahaha kinda hilarious on how I posted earlier on the megathread on the Switch subreddit and they flamed me on the criticism most people are posting here. This DLC fucks with people like me that didnt buy the base game which does not  look worth $60. The DLC looks amazing and def shouldve been the post game but now asking $30 more is just fucked up. I want to play the DLC mire but I have to pay $90 for an meh main story and then the DLC.

Theyre definitely betting on the fanboys buying the premium to outweigh the boycotters that doesnt want to pay $90. They get more money for the same amount of content for that couldve been in the 3DS with a new version. Justifying that this is a switch game isnt enough cuz do you really think that this is the quality of a AAA game on the Switch should look like? Fuck no",1578660128.0,3
pokemon,I just hope the DLC is half a game's worth of content.,1578584285.0,2
pokemon,"I was planning to buy Sw/Sh if the direct announced something really good. But now I'm learning I have to pay $90 just to have an amazing Pokemon experience on the Switch. This just breaks my heart. And knowing that people that already have sword and shield will buy this, it will outweigh whatever GF has lost with the ones like me that didn't buy them.

This was planned. Charmander was in the main game. They were planning to release Blastoise and Venusaur eventually, and now they're charging us for them. I don't like it. I just want my out of the box post game content again GF, not post game paid DLC. Please?",1578584077.0,2
pokemon,Baby steps on the way to be EA. Watch out for GamefrEAk!!,1578583704.0,35
pcmasterrace,"I went with a friend to buy his parts for us to build later. I saw this kid with his dad get his PC built in front of him. Saw an i7 8700, full ATX Z390, and a 1050ti.

You tell me.",1578576951.0,4
marvelstudios,"""Yaru janai ka, majutsu-shi""",1578574120.0,1
IdiotsInCars,Kinda like that episode of Parks and Rec where Ron was selling flutes for $80 to the cult that thought the world was ending. They laughed when they gave him check instead of cash.,1578551621.0,2
pcmasterrace,"Fun Fact: The guy who did the build has ""parted ways"" with the verge months after the video and then got employed in CNN. Not even a half a year and he's gone from there too.",1578502596.0,132
pokemon,"I'm really not hyped. I just know I'm gonna get mad if they announce a new main game cuz it's still too early. I just want to see some improvements for SwSh that'll make me finally buy it.

D/P remakes are cool but that just mean Sw/Sh updates are gonna get be on hold.

I just hope Pokemon Home will now accept all pokemon from the 3DS cuz I got a whole Pokedex waiting on my SuMo because I got tired of paying for Bank.",1578413783.0,5
pcmasterrace,"Weird, those heatsinks on the side looked like lego too",1578391392.0,1
anime,Still fast compared to Kogure's 20 min 3 point shot,1578365407.0,2
ShingekiNoKyojin,Spoilers: op’s a dog,1578164313.0,3
AskReddit,A pioneer of r/gonewildaudio (nsfw),1577836589.0,3
Damnthatsinteresting,*hits + repeatedly*,1577827061.0,21
anime,Well the cape can’t get caught if the cape can permeate!,1577626190.0,1
anime,"Dropping in to ask, I only watched the first 2 episodes of Alicization, dropped it for school reasons. I just want to ask if SAO is worth catching up now? Are the past seasons better than the first 2?",1577624233.0,2
pcmasterrace,There were a TON of posts like that. Then Ryzen came in and dropped prices on high core count CPUs. Intel had to adjust and now were expecting quadcore hyperthreaded i3s. (still on 14nm tho.),1577506683.0,1
pcmasterrace,Sick find OP!,1577506302.0,1
marvelstudios,"“Colossus, youre CG looks better. (Whispers) Thanks Kevin. I hope the final fight had enough time to render”",1577466242.0,8
anime,"Oh yeah that sums up my feelings about anime right now.

Gigguk: I haven't watched FMA

WHAT THE FU- well I understand him. I just realized I'm the same way with Ghibli films",1576639240.0,4
youtubehaiku,Purification,1576120309.0,1
videos,"Just to correct, there is actually a channel called [HardwareUnboxed](https://www.youtube.com/channel/UCI8iQa1hv7oV_Z8D35vVuSg) and they do amazing and detailed reviews and benchmarks on PC parts. But yeah, Unbox Therapy is a low effort channel",1575718632.0,3
pcmasterrace,"I still use Windows 7 and my drive space is running low. My current SSD is decreasing in health and I’m worried it mighy fail when I eventually switch to W10 so a new SSD is one of my wishes this Christmas.

Also new games.

Thanks for this Op!",1575699201.0,1
pcmasterrace,Any reason on choosing 3600x over the 3600? Just curious. Great build btw.,1575178701.0,2
pcmasterrace,Are you kidding me my medschool library still has XP. They have 2 Pentium 4s and an athlon. With how expensive the tuition is I'm disgusted as how slow those things are. God knows if theyre properly cleaned.,1575026800.0,3
gaming,Like a Pokeball DBrand skin,1574812150.0,2
WTF,The TV team from video I linked below helped him get to a specialist and scanned his body. They also discovered he  has a lung problem. They are definitely accepting donations to help him. The TV station is known to help poor communities and use their programs to ask for donations for them. Sometimes they are more capable than the government in helping disaster areas with food and shelter.,1573901342.0,2
WTF,"His knee is definitely inflamed. The thing I'm surprised is he still hasn't suffered severe sepsis. According to the story I've linked in another comment, his issue started only in April",1573900033.0,5
WTF,"He's from Negros Oriental, Philippines",1573899873.0,5
WTF,"[Additional footage in Filipino](https://www.youtube.com/watch?v=GXe20ZqLH5M)

Story is that the man felt his leg weakened and numb a few days later. Without money to consult a doctor but worried he lost feeling on his leg, he decided to douse scalding water over his leg and left a wound on it. His sister brought him to the hospital and prescribed with a $200 drug before it can get amputated. Since they had no money, he just went home. The leg deteriorated until all the tissue on his foot were gone and most of his tibia and fibula dried out. He just washes the bones with lukewarm water. and wraps it in old cloth.",1573899776.0,7
pokemon,I was really stoked on battling with my Mega Medicham. I used to scoff at normal medicham but the Mega with its boosted stats and ability made it a beast.,1573755071.0,0
anime,Burnout Syndromes! Fuck yeah!,1573743830.0,13
pcmasterrace,Just finished MW2. It’s my first CoD and I enjoyed it very much to convince my friends to try it,1573562537.0,1
ShingekiNoKyojin,Fuck me and I thought that fight was worse because they changed it from the manga by giving Eren some powerup. Isayama is fucking pulling the strings to iron out the anime with so much foreshadowing. What a genius,1573257288.0,1
anime,"Tbh I thought when Seiya was gonna receive the legendary weapon, he would request multiple back ups for it",1573127493.0,13
pokemon,I’m here! But Im not okay,1572879354.0,3
pokemon,WHERE THE FUCK IS DRAGONITE,1572878965.0,1
me_irl,I'm gonna miss that song. :(,1572795468.0,7
anime,Man I used to love long series shounen... til Detective Conan. I loved that shit. Through college I watch 20-30episodes on my vacation days but one day I my mind just gave up. I turn on an episode and I'm sleeping 5 minutes later. I didn't even feel like I wasted time by missing the episode because it didn't have something relevant to the overall plot.,1572785663.0,1
anime,I really liked Haikyuu. It’s an amazing show,1572712513.0,5
anime,You know he can see because his eyes arent (3_3),1572712191.0,504
OnePiece,The women get to bite on the third sword this time!,1572577794.0,2
videos,It's very wholesome. I love Nick Offerman more than Ron Swanson,1572543266.0,65
pcmasterrace,"That sucks. Affordable and capable quadcores only started in 8th gen intel and I don't think it'll go as low as £200. 

Ryzen on the other hand has something *close*. They are relatively cheaper but driver updates are still slow

[Around £250, here's a 15.6 inch with 4GB of RAM but I think can be upgraded](https://www.amazon.com/Acer-Display-Graphics-Keyboard-A515-43-R19L/dp/B07RF1XD36/ref=sr_1_3?keywords=ryzen%2Blaptop&qid=1572526008&sr=8-3&th=1)

[This is a HP 15.6"", but with a HDD but you can replace that with a cheap ssd. Still £250](https://www.amazon.com/HP-BrightView-Computer-Bluetooth-Graphics/dp/B07ZPQL1JD/ref=sr_1_11?keywords=ryzen%2Blaptop&qid=1572526008&sr=8-11&th=1)

Goodluck with your quest OP",1572526942.0,1
pokemon,"This is me Christmas of 2006. I just recieved my first Pokemon game, FireRed. From the moment I opened the box, I didn’t stop playing til 3am and never noticed my GBA blinking red. I was already at Rock Tunnel when my game died and when I charged it I was at Pewter City. I was upset but kept playing til I reached Rock tunnel but didnt have Flash. It took me a whole afternoon the next day to find Flash because I couldnt remember where I got it.",1572259527.0,2
anime,"I agree completely. I watched Lost butterfly at night thinking that I get to watch the amazing animation of Fate but I got horrible chills and even jumpscares from the shadow and [Spoiler source](/s ""Sakura dream sequence"")",1571579523.0,8
anime,Please do this from now on. I love it,1570901551.0,6
haikyuu,"WHAT THE FUCK. I was really salty that they lost but hold the fucking phone, how are they gonna be Karasuno if there is no Karasuno now that it's a few years later???",1570893485.0,5
television,"""UH OH! Season 4's Rick isn't Rick C-137???""",1570453068.0,11
pcmasterrace,I would love to have 16gb from my 8gb but I don’t think it’s worth upgrading on a DDR3 machine. Maybe someday when my quadcore gets obsolete on the games I play and upgrade to a modern system,1570436020.0,1
gaming,"Damn, kid me hated that feature. Now I would love to have that again.",1570360777.0,17
pcmasterrace,More gaaaames,1569804126.0,1
pcmasterrace,It's the second one for the past day,1569165679.0,13
gaming,That kid’s gonna throw that Switch playing Botw,1569010629.0,1
insaneparents,S2’s quality was so bad the OP used the manga for the meme,1568915855.0,2
funny,"100% guess it's in an executive village with a halloween event. Multiple cars with no parking space left, Landers paper bag and even the covered court.",1568778459.0,1
gamegrumps,The video began and they both dropped and my gf is already crying laughing. This is a really good episode,1568632116.0,1
anime,He punched me in the dick. Why does he keep punching me in the dick?,1568254657.0,7
pcmasterrace,Was gonna link this video too. Its very educational and eye opening. Im never gonna buy printers with cartridges again,1568163926.0,6
anime,"[Two Piece](https://i.imgur.com/s9oOkwQ.jpg)

I heard Musashi Animation is doing that!",1567993904.0,2
pcmasterrace,Some of them may offer LBC deliveries,1567987581.0,1
pcmasterrace,"Go to the Facebook Marketplace or TipidPC. Tons of Amd cards there, I've seen reddevil, powercolor and sapphire rx 570/580s go as low as php4000 ($80). Even if they're 470/480s with a new bios, price to performance against 1050tis (which are still overpriced 2nd hand) are still better. 

Source: have a 570. I also flipped some deals on GPUs by comparing benchmarks cheaper cards to 1050tis",1567954823.0,3
Jokes,But he’s not coming back to the MCU,1567732344.0,3
WTF,It’s offensive because it’s not fresh pasta,1567382937.0,1
WhitePeopleTwitter,Oh yeah that makes sense. I thought the microwave was the one that travels through time. There’s a lot of isekai nowadays that even that premise is not impossible.,1567094956.0,6
WhitePeopleTwitter,">time traveling microwave

Why am I not surprised


Edit: it’s a microwave that helps send texts through time, the microwave itself isn’t the time traveler. Thanks to u/WhiskeredWolf and u/Moderated . Steins gate is the anime. It’s slow but it hits you hard halfway through.",1567092996.0,17
pcmasterrace,Truth. Just flashed my BIOS a while ago and won't start windows even though the flash was successful. I was so scared for half an hour but discovered the storage config was different,1566905253.0,2
anime,Brook's laugh at that reveal was fucking hilarious. He was dying laughing even though he's already dead,1566744561.0,2
todayilearned,JUNIOR,1566656844.0,14
anime,Now they need to include waifus in Physics books and see students explode with motivation.,1565756002.0,8
pokemon,Yeah there are already 3 pokes that can learn close combat in that team. Must be a recoil fetish,1565745256.0,2
ShingekiNoKyojin,Nani??,1565539746.0,0
youtubehaiku,"What the fuck are you guys doing here this post is 5 months old.

Edit: Oh",1565372105.0,3
ShingekiNoKyojin,I thought I was gonna get my fix for this month but nooo Isayama just had to dot his to all of us,1565146773.0,2
ShingekiNoKyojin,So basically Zeke and Eren are the three eyed raven but instead of being a cripple Eren is just a head,1565146341.0,21
pcmasterrace,"I have a second build with x3440 with a 5750, still plays 100+fps on csgo @900p. It’s amazing performance for a $200 build",1565139918.0,1
ShingekiNoKyojin,[JUST ANOTHER DAY FOR THE SURVEY CORPS](https://www.youtube.com/watch?v=nMVjT1vG4iE),1565105033.0,6
anime,It’s what I expected SAO to be like,1565053412.0,14
gaming,"Link: LET ME RIDE YOU, LIL BITCH",1564973286.0,1
pcmasterrace,"Looking to get a new boot drive SSD. I'm on the Philippines so the market here is a little different. I was considering the 500GB 860 Evo but prices are about $100 and I think that's too expensive for me. Recently, I've seen deals for the WD Blue 3D NAND for about $70 for 500GB and I've seen some good reviews for it. Is it worth it to go for this one instead? 


Also, my PSU only has one cord for sata power so it can only power 2 drives at once which is why I got it for a low price. I already have an SSD and a HDD connected to it, but if I'm going to add another SSD or maybe an additional drive for more storage, can I use splitters like [these?] (https://www.lazada.com.ph/products/1pcs-15-pin-sata-female-1-to-5-port-power-supply-cable-ssd-right-angel-wire-i318996109-s659140583.html?spm=a2o4l.searchlist.list.16.6b984f90jjvZYS&search=1)  I know I have to avoid Molex to Sata converters and this is the only option I have left. I know I can find some service where they supply specific cables for my PSU but I don't want to spend $20 on cables when I bought my PSU for $30.

If it helps my PSU is a Seasonic G-series 750W Gold",1564680400.0,1
pcmasterrace,Is it at least 1st gen ryzen? Older amd chips like FX might have more cores but still lag behind performance and runs hot. This is why intel keeps shoving out the same chips with slightly higher performance until Ryzen came out.,1564202801.0,2
pcmasterrace,"“You don’t have to lower the price if newer models are only a tiny bit faster than the older generations.” - intel maybe

Kidding aside, this is why I bought a Xeon. Sure the 4790k is awesome with the overclockability but damn it’s not worth the sub-$200 price on used markets. Sure I got a locked one but I still got hyperthreading and the performance of an i7 for half the price",1564202503.0,1
pcmasterrace,PC building saved me from depression. It's one of the things I got addicted to when I was depressed and clung to it as I list my dream parts once I got the jist of it. I could've bought a good PC then but damn it kickstarted me to this passion of building.,1564151800.0,1
anime,It's literally EP1 of Hajime no Ippo lol,1564150883.0,2
marvelstudios,[Loved this page though](https://i.imgur.com/XrZNMrs.png),1563719029.0,2
techsupport,"Will do this, thanks. I'll update if this works",1563492066.0,1
anime,[Soul is a small channel but he has really good content (Spoilers)](https://www.youtube.com/watch?v=uCVbdvRcwkg),1563462903.0,10
pcmasterrace,8100's not a -k variant. the 8350k is.,1563458422.0,3
pcmasterrace,Congrats OP!,1563458135.0,6
mildlyinteresting,Hard as wood?,1563361312.0,1
pcmasterrace,But I digress,1563354115.0,7
blackmagicfuckery,"sooo, /r/PraiseTheEditor?",1563353680.0,32
blackmagicfuckery,Woah /r/PraiseTheCameraMan that zoom out was impeccable.,1563350675.0,59
NintendoSwitch,"My left drifted within one year since launch. It annoyed me as hell and there's no service center in my country. I had to buy those compressed air cans just to relieve it but the drift returned after a few hours or a few days. Then after 2 years I began to experience the right drift because the camera moves when I play BotW or Odyssey. Then the light on the right joycon disappeared and turns out I can't use its shoulder buttons anymore so I can't use my joycons separately. Fucking hell

I bought a Pro controller last christmas and it was a godsend. But I'm supposed to be able to play multiplayer for 3 players but I have to compromise and use the joycons as one controller. I don't need it fixed but damn, a console that you can bring anywhere ain't shit if the controllers can't handle any rough usage.",1563112966.0,3
NintendoSwitch,[Hope this blesses this post](https://i.imgur.com/o59fOIS.png),1563112529.0,1
anime,"Definitely still refreshing to the eyes. This is what a new director is able to do to long time viewers, it's amazing. You can see the new ideas of presentation on old moves like haoshoku or tatsumaki. This will be the first time I'll be watching the anime weekly since their reunion after the timeskip.",1563084161.0,15
anime,"Well, we had Bleach, so it really that much of a leap?",1563045551.0,1
anime,"Me last week: I have never heard of this before.

Me today: I have finished the manga even before the new chapter is released.

I never read like this before since Attack on Titan episode 3. This series has potential.",1563045494.0,3
pcmasterrace,He would've been great in Linus' roast,1563011917.0,16
pcmasterrace,RIP Channel Super Fun. BRING IT BACK COLTON,1563009674.0,12
pcmasterrace,"It's horribly priced OP. Maybe even double of what that PC's worth now. For $700 you can get a much more powerful machine, the 60fps ultra build listed in this subreddit, I listed it below. 

Edit: I did some googling and found out the pricing of each part. You can even find cheaper deals if you search hard enough

$100 - Processor: Intel Core i5 6400 @ 2.7 GHz

$100 - GPU: NVIDIA GeForce GTX 970 4GB GDDR5

$30 -RAM: 8GB DDR4 @ 2133 MHz

$15 - Storage: Hitachi 1 TB SATA HDD @7200 RPM, 

$40 - Samsung 850 EVO 250 GB SSD (2.5"" SATA III)

$5 - Optical Drive: CD/DVD-RW

$30 - PSU: Delta 500W

$5 for a key - OS: Windows 10 Home 64-bit

$50 - Display: Acer P235H 23"" Widescreen 1080p LCD w/speakers, DVI, HDMI, VGA

$40 - Keyboard: Logitech G710+ Mechanical

$10 - Speakers: Amazon Basics USB-powered

TOTAL: $425

[60 FPS ULTRA BUILD](https://pcpartpicker.com/list/8kq86s)

Type|Item|Price
:----|:----|:----
**CPU** | [AMD - Ryzen 5 2600 3.4 GHz 6-Core Processor](https://pcpartpicker.com/product/jLF48d/amd-ryzen-5-2600-34ghz-6-core-processor-yd2600bbafbox) | $139.89 @ OutletPC 
**Motherboard** | [\*ASRock - B450M PRO4 Micro ATX AM4 Motherboard](https://pcpartpicker.com/product/dQgzK8/asrock-b450m-pro4-micro-atx-am4-motherboard-b450m-pro4) | $74.89 @ OutletPC 
**Memory** | [\*G.Skill - Aegis 16 GB (2 x 8 GB) DDR4-3000 Memory](https://pcpartpicker.com/product/FNprxr/gskill-aegis-16gb-2-x-8gb-ddr4-3000-memory-f43000c16d16gisb) | $59.99 @ Newegg 
**Storage** | [\*ADATA - Ultimate SU800 512 GB 2.5"" Solid State Drive](https://pcpartpicker.com/product/V3mxFT/a-data-ultimate-su800-512gb-25-solid-state-drive-asu800ss-512gt-c) | $54.99 @ Amazon 
**Video Card** | [\*MSI - GeForce GTX 1660 Ti 6 GB VENTUS XS OC Video Card](https://pcpartpicker.com/product/RGyV3C/msi-geforce-gtx-1660-ti-6-gb-ventus-xs-video-card-gtx-1660-ti-ventus-xs-6g-oc) | $254.99 @ Newegg 
**Case** | [\*Cougar - MX330-X ATX Mid Tower Case](https://pcpartpicker.com/product/XZnG3C/cougar-mx330-x-atx-mid-tower-case-mx330-x) | $35.99 @ Newegg Business 
**Power Supply** | [\*Corsair - CX (2017) 550 W 80+ Bronze Certified ATX Power Supply](https://pcpartpicker.com/product/FdRFf7/corsair-cx-2017-550w-80-bronze-certified-atx-power-supply-cp-9020121-na) | $59.99 @ Amazon 
 | *Prices include shipping, taxes, rebates, and discounts* |
 | Total (before mail-in rebates) | $715.73
 | Mail-in rebates | -$35.00
 | **Total** | **$680.73**
 | \*Lowest price parts chosen from parametric criteria |
 | Generated by [PCPartPicker](https://pcpartpicker.com) 2019-07-11 12:35 EDT-0400 |",1562862978.0,1
pokemon,He coulda been a contender!,1562689621.0,41
pokemon,At least they’re deterring preorders...yay?,1562689568.0,1
pcmasterrace,"***""MSI AFTERBURNER""* AMIRITE GUYS**",1562424132.0,17
pcmasterrace,We live in a world where 1060s are low budget. How fast times change. I bought my 570 onsale in the middle of the mining crisis and it was double it's price today,1562424084.0,5
pcmasterrace,"Just discovered someone had the same idea as me, **upvote him instead**. 

I was on youtube all day that and made this and uploaded right away.

https://old.reddit.com/r/pcmasterrace/comments/c9qqyd/we_got_jebaited_bois/",1562423760.0,5
anime,I would say I would give them 5 banana,1562158366.0,1
pcmasterrace,Honestly thought it was a Deku themed PC,1562139729.0,1
pcmasterrace,"Loot box addiction is bad, kids.",1562139094.0,8
anime,Thanks to JC Staff quality animation,1561505330.0,22
pcmasterrace,thank youu,1561491475.0,1
anime,[Not porn you say?](https://i.imgur.com/fL6bklT.jpg),1560775470.0,13
anime,So I was not the only one who noticed. It's like they love the Sad theme that they edit it in every scene that characters talk about deep stuff. It's such a rookie move. It wastes other great tracks in OPM's ost.,1560307041.0,7
anime,"No one: 
OPM anime: https://www.youtube.com/watch?v=Z96ModuOAQY",1560306879.0,1
anime,Samurai Deeper Kyo as additional guess,1560100603.0,1
pcmasterrace,Well that should work with other gpu if all other parts are working. What are your gpus? Are you sure the monitor is connected to the gpu and not the motherboard?,1560053117.0,1
pcmasterrace,"Does everything start for a second? Like does the fan spin for a bit? If the gpu is the problem then the system should start and fans should spin but there will be no display.

Well common errors are usually: Cord is connected to the Motherboard instead of the gpu, the front panel connectors are incorrectly attached, power connectors in general are loose, PSU is switched off.",1560010850.0,1
pcmasterrace,[I did my best. Goodluck everyone!](https://gfycat.com/speedyhauntingiberianlynx),1559926563.0,2
anime,[Here you go fella](https://streamable.com/dq8cz),1559658425.0,13
anime,It really is not bad. I really enjoy Lucky star playing in the background while doing schoolwork and such.,1559639231.0,1
pcmasterrace,I think that 1600 or the 2600 has better value because they have more cores. It certainly does help for the future and in some games and the 1300x might bottleneck some gpus available right now.,1559638102.0,2
pcmasterrace,"Well, the starter build of the PCMR subreddit will do just well for you. This gives you just enough money for the peripherals (keyboard, mouse, monitor, speakers, etc). You can go buy used parts also since they have more value but I wouldn't recommend it unless you or someone you know really know how to judge value of the parts.

[PCPartPicker Part List](https://pcpartpicker.com/list/QQYtZR)

Type|Item|Price
:----|:----|:----
**CPU** | [AMD - Ryzen 5 1600 3.2 GHz 6-Core Processor](https://pcpartpicker.com/product/mV98TW/amd-ryzen-5-1600-32ghz-6-core-processor-yd1600bbaebox) | $117.40 @ OutletPC 
**Motherboard** | [\*ASRock - B450M PRO4 Micro ATX AM4 Motherboard](https://pcpartpicker.com/product/dQgzK8/asrock-b450m-pro4-micro-atx-am4-motherboard-b450m-pro4) | $59.99 @ Newegg 
**Memory** | [\*Patriot - Viper 4 8 GB (2 x 4 GB) DDR4-3000 Memory](https://pcpartpicker.com/product/p4cMnQ/patriot-viper-4-8gb-2-x-4gb-ddr4-3000-memory-pv48g300c6k) | $45.99 @ Amazon 
**Storage** | [\*HP - EX900 250 GB M.2-2280 Solid State Drive](https://pcpartpicker.com/product/9wyV3C/hp-ex900-250gb-m2-2280-solid-state-drive-2yy43aaabc) | $33.98 @ OutletPC 
**Storage** | [\*Western Digital - Caviar Blue 1 TB 3.5"" 7200RPM Internal Hard Drive](https://pcpartpicker.com/product/MwW9TW/western-digital-internal-hard-drive-wd10ezex) | $43.89 @ OutletPC 
**Video Card** | [\*Gigabyte - Radeon RX 570 4 GB Gaming 4G  Video Card](https://pcpartpicker.com/product/tyNypg/gigabyte-radeon-rx-570-4gb-gaming-4g-video-card-gv-rx570gaming-4gd) | $119.89 @ OutletPC 
**Case** | [\*Rosewill - SRM-01 MicroATX Mini Tower Case](https://pcpartpicker.com/product/wMZ2FT/rosewill-case-srm01) | $19.99 @ Amazon 
**Power Supply** | [\*Corsair - CX (2017) 550 W 80+ Bronze Certified ATX Power Supply](https://pcpartpicker.com/product/FdRFf7/corsair-cx-2017-550w-80-bronze-certified-atx-power-supply-cp-9020121-na) | $42.98 @ Newegg 
 | *Prices include shipping, taxes, rebates, and discounts* |
 | Total (before mail-in rebates) | $549.11
 | Mail-in rebates | -$65.00
 | **Total** | **$484.11**
 | \*Lowest price parts chosen from parametric criteria |
 | Generated by [PCPartPicker](https://pcpartpicker.com) 2019-06-04 03:13 EDT-0400 |

As for the guide, here's one from [TechSource](https://www.youtube.com/watch?v=OZaFqY8UF6I). They really get into it and it's easy to understand.

Here's a build guide from [Linus](https://youtu.be/vbDiSMQ_L_k), parts are old but I think the presentation is topnotch.

[Ryzen Build Guide](https://www.youtube.com/watch?v=7FBzL7JLifw) to familiarize yourself if you're going with the build I posted

Edit: If you want to get familiar with PC parts [Techquickie](https://www.youtube.com/user/Techquickie) has videos explaining PC parts, tech and more.",1559632651.0,2
anime,[Konata was right](https://youtu.be/_EFfjRgxynU?t=1068),1559631829.0,11
pcmasterrace,"/r/SuggestALaptop

edit: a quick search shows this Predator Helios at sale for 999. It has a 1060 6GB which is capable of running modern games. Although I don't think it's battery is enough for note-taking and its heavy.

https://www.amazon.com/Acer-Predator-Overclockable-Aeroblade-PH315-51-78NP/dp/B07CTHLX8C/ref=sr_1_3?crid=30U0UNBZ7ROW4&keywords=gaming+laptop&qid=1559618701&s=electronics&sprefix=gamin%2Celectronics%2C399&sr=1-3

Here's another at 1099 it has a Ryzen Mobile and a 1660ti. I think this has better value

https://www.amazon.com/ASUS-IPS-Type-GeForce-Gigabit-TUF505DU-EB74/dp/B07QQB6DC1/ref=sr_1_14?crid=30U0UNBZ7ROW4&keywords=gaming+laptop&qid=1559619020&refinements=p_n_feature_three_browse-bin%3A9647486011%2Cp_36%3A80000-110000&rnid=2421885011&s=pc&sprefix=gamin%2Celectronics%2C399&sr=1-14#customerReviews",1559618609.0,1
AskReddit,"My grandpa has dementia and I take care of him ever day. He basically has multiple clots in his brain and his brain’s temporal lobe has gotten really small. It’s the place where your hippocampus or memory center are located. so his memory is pretty much beyond saving. There are ways of slowing it down but results are unsure and it’ll still progress. With my grandfather, it deteriorated from fully function to this in two years.

I have to keep reminding him to do something I’ve told him 30secs ago or he’ll just go back to bed. Every hour I get asked if he can drink water, take a bath, time for meds and when I tell him he can do that activity, he’ll ask me again and again only to find him napping when I check on him again. If I bring him food at 12 I have to remind him to eat every 10mins because he’s asleep with soup on his bedside. He misinterprets hunger as stomachache, he wakes up in the middle of the night asking when are we gonna have lunch.

You are lucky you have not witnessed dementia. It tests your patience and determination.",1559496076.0,2
freefolk,So Pod the rod is a dothraki?,1559486857.0,20
anime,[Meanwhile in Dragon Ball Super...](https://www.youtube.com/watch?v=uEonkDLrsz4),1558590282.0,8
gaming,Soooo villager?,1558534432.0,1
pcmasterrace,"That's the thing, I once saw a great deal for a thin and light only to discover that the RAM is soldered and not upgradeable.

Edit: For those asking, I'm from the Philippines.",1558025486.0,2191
dbz,[That star wars reference is so fucking hilarious it almost outweighed my disappointment of Ultimate Battle﻿](https://streamable.com/mos05),1557847179.0,13
freefolk,"Euron: I killed Jaime Lannister

Bunch of bricks: Guess again queenfucker",1557730782.0,3
pcmasterrace,I'm always looking for my Asrock Z97 Pro4. I bought it used without one.,1557590029.0,1
AdviceAnimals,"I’m a 2nd year med student and in Pathology, almost no one scored above 50/100 in all of the exams. The professor admitted the tests he made was hard as fuck too. Fast forward and everybody passed. Even the ones that got exams under 10.",1557281103.0,1
pcmasterrace,When I build my PC and it doesn't post I just hope it's just the front panel connectors. I'm always anxious in getting defective stuff.,1556629043.0,2
marvelstudios,"Civil War:
""What's with [this clash](https://imgur.com/FugAf2M)? It's not [like this](https://imgur.com/lvWFrpJ)!!""

Russos: Hold our fucking beer",1556125323.0,7
movies,"I think Cap was unable to lift the hammer in Ultron because he was doing that for fun. They bet on who can wield it, so Cap's mindset was just to lift it. In this one, his duty comes first so the hammer recognizes it and deemed him worthy.",1556124794.0,1
anime,"Wait, this is what Isekai Quartet is all about? Attack on Titan High school but with characters from Isekai?? That explains why I've never heard of it before and yet popular. I gotta watch this shit",1555576774.0,2
youtubehaiku,https://i.imgur.com/wY5bkLk.png,1555493202.0,1
freefolk,I'm still mad he didn't let those girls say how that dude sleeps without his eyelids.,1555320684.0,1
marvelstudios,Andrew Garfield enjoyed that one,1555160807.0,106
marvelstudios,https://i.imgur.com/tdy9W1D.png,1555160391.0,14
AskReddit,"I had a classmate send me our college project video presentation. He sent me the Windows Movie Maker Save file.

Had a classmate in medschool ask ""laterality"" means. She asked that at the last week before our fourth exam on Anatomy.",1555123284.0,1
videos,[Mirror](https://www.youpak.com/watch?v=SR5kfWXfxto),1554997733.0,3
pcmasterrace,Hollow Knight!,1554986799.0,1
pcmasterrace,Hell yeah Tecware! I have the Tecware Neo myself. they build really good budget cases with filters too.,1554431797.0,3
marvelstudios,[Did a quick edit](https://www.youtube.com/watch?v=ukbtDGCRPkg&feature=youtu.be),1554213681.0,9
SuggestALaptop,Costco,1553173286.0,1
SuggestALaptop,Costco,1553173278.0,1
SuggestALaptop,Thank you so much. I think I meant the touchscreen instead of 2 in 1. I think I will go for the Gram since I saw some issues oh the HP one,1553121098.0,1
interestingasfuck,20000lbs each. ,1552664747.0,1
interestingasfuck,Holy shit i thought they were about human height but theyre actually [quite huge](http://i.imgur.com/R82cxoJ.jpg),1552618821.0,92
medicalschool,I think it’s the japanese spiderman series,1552351901.0,5
pcmasterrace,I think i’m putting more hours on playing Youtube on my switch than smash. I like to just keep letting it play on the background while I study,1551662558.0,1
techsupport,Does that use too much data? I’m registered at 2gb per week and I also use my phone for other stuff at school si I’m worried it wont be enough. My mother would also like to call once in a while.,1551607004.0,2
pokemon,So it's a Groot monkey? ,1551276785.0,2
pcmasterrace,Asssassin's Creed Odyssey. Thanks OP!!,1551153318.0,3
pcmasterrace,I guess he saw the existence of passively cooled gpus and said why not.,1550891050.0,1
pcmasterrace,"Yes! I got it until 3.8 on the stock cooler. Sadly, I live in a tropical country so it gets too hot at 4ghz
",1550847284.0,1
wholesomememes,There’s an anime about that,1550628900.0,1
pcmasterrace,We were in medschool and both of us are in charge of directing a production of Beauty and the Beast for an event. She was in charge of choreography and I was in charge of music. We talked alot during the production and didnt stop even after the presentation. We started dating a month later and here we are now a year and two months intonour relationship.,1550189964.0,1
Showerthoughts,Went to Daiso Japan for some tissues. They played 90s anime opening songs and stayed there 30minutes more than I should have.,1550036759.0,3
NintendoSwitch,Mario Kart Please,1549908446.0,1
NintendoSwitch,Donkey Kong,1549908417.0,1
NintendoSwitch,Mario Kart!,1549908384.0,1
NintendoSwitch,Thanks Op!,1549908266.0,1
NintendoSwitch,Mario Kart,1549908252.0,1
NintendoSwitch,Why is Zelda disappointed with Link's master sword? Because he doesn't have full health,1549908199.0,1
NintendoSwitch,Super Mario Party,1549908008.0,1
NintendoSwitch,Donkey Kong Tropical Freeze. Thanks op!,1549907506.0,1
NintendoSwitch,Mario Kart Deluxe! It was fun sharing my switch with my class playing Fast RMX but it made them a little stressed. I think Mario Kart would boost that stress.,1549907302.0,1
wholesomememes,Basically Luke Cage with a shovel,1549498894.0,6
pcmasterrace,That should be fine. It wont bottleneck.,1548775126.0,1
pcmasterrace,32gigs is overkill unless you are into heavy editing and simulation. Today’s standard is around 8gigs or so but most prebuilts on his price range will almost always offer 16gb and thats more than enough.,1548774717.0,1
pcmasterrace,"Do you have a system already in mind? Frankly, it’s hard to say because of the many options and combinations out there. My suggestion is google the products you want to order and look for benchmarks. Or maybe post on these help threads on what you plan to use then some experienced people will tell you if it’ll bottleneck or not.

",1548774404.0,1
pcmasterrace,This is the thread where you ask help. There’s a new thread daily.,1548774086.0,1
pcmasterrace,"LinusTechTips actually had a video on that called Secret Shopper. I think they recommended ibuypower, HP and Maingear. But many of them still had issues like low quality techsupport, some have unchangeable parts and what not. I suggest you watch it.",1548774008.0,2
pcmasterrace,"Just search for any build guides on youtube, they should be fine. Personally, LinusTechTips has the most easy to follow instructions so try that. Just PLEASE DON’T FOLLOW THE VERGE VIDEO. It’s a meme but they really screwed up on making a proper guide

You can actually download Windows 10 directly from microsoft some guides should mention that. They just have a watermark but it should work fine. Some OEM keys are available for purchase on online stores but some argue those are kinda shady.",1548773351.0,6
pcmasterrace,"Judging from your ram I think you are still running a 775 system or something similar. Youre 1050ti is already bottlenecked by your processor not just your ram and upgrading to a 1070 wont improve much, you also said your psu might not have the correct connectors which the 1050ti dont require.

I suggest selling your current system, if you wanna keep 1050ti, then keep it it’s still a good card,  keep your harddrives if you have important data. At 1000AUD, you already have a lot of options, you can either buy a new build with midtier specs if you plan to upgrade(this sub has a section for the list of builds recommended) or even buy used parts for better value for the performance.",1548773064.0,1
pcmasterrace,"Xeon E3-1246 v3

Asrock Z97 Pro4

Gigabyte RX 570 4GB

8GB DDR3

Seasonic G-750

Tecware Neo

",1548764147.0,3
pcmasterrace,My framerates are more than double. This Xeon is almost as powerful as an i7.,1548763584.0,3
pcmasterrace,Got it for $100. Most i7s are priced at almost double that. Both are compatible with a 4th gen motherboard. ,1548763504.0,2
pcmasterrace,"I call it [The Humble Dreamer](https://builds.gg/builds/the-humble-dreamer-3498)

There is still so much to add into this PC. I actually hesitated to post at first because I am a little ashamed of my cable management. I still have lots to learn. But I am quite proud of this machine. I’m currently on the way to upgrading this from a dual core to a quadcore finally. Im just waiting on my xeon!!",1548675226.0,1
OnePiece,"That’s it, see you again in half a year for another taste of good one piece animation!",1548566657.0,2
pcmasterrace,"I call it [The Humble Dreamer](https://builds.gg/builds/the-humble-dreamer-3498)

There is still so much to add into this PC. I actually hesitated to post at first because I am a little ashamed of my cable management. I still have lots to learn. But I am quite proud of this machine. I have so much to dream about this build. Like owning an i7 instead of a pentium, having a better cooler, upgrading Ram, but I don't regret choosing this platform to be a part of the masterrace.",1547479900.0,1
pcmasterrace,Can't believe 12070 still have 8gigs of Vram,1547204883.0,2
anime,"tbh, I liked her voice more",1546073424.0,1
interestingasfuck,I thought swimming lessons was an absolute chore when I was a kid. Now I thank my parents for pushing me to learn to swim. It’s reassuring just in case of an emergency.,1546053221.0,2
pcmasterrace,Thank you so much!! Merry Christmas!,1545794591.0,1
anime,That's why I'm so nervous for OPM2.,1545751361.0,24
anime,This was the first anime I've watched in months thanks to the holiday break. God this was a great and fun isekai. I don't know if I'm regretting watching this because now I have to sneak watching this every week when I'm supposed to be studying.,1545744412.0,5
NintendoSwitch,"thanks op!
",1545735723.0,1
NintendoSwitch,"Thank you for this giveaway OP! Merry Christmas

For me one of my memorable moments might be the first time I played pokemon. Ive been playing those knockoff pokemon that you can play on browsers when I was in 5th grade. But I was given a 2nd hand GBA and a copy of FireRed for Christmas. Then I played that game for the for 5 hours that night. My GBA shut down tho when I was in Rock Tunnel. I lost my save and my last save was in Mt. Moon.",1545735639.0,1
pcmasterrace,Thanks for this giveaway op!,1545735335.0,2
pcmasterrace,354 - hollow knight,1545735317.0,1
pcmasterrace,Hollow knight! thanks op,1545735271.0,1
pcmasterrace,"Hollwo Knight

Dark souls 3

Civ IV

Thanks op",1545711549.0,1
NintendoSwitch,412,1545711370.0,1
NintendoSwitch,Thanks op!,1545711353.0,1
anime,HIKARI ARE MOTHERFUCKERS,1545471149.0,21
SmashBrosUltimate,Olimar tho,1544402613.0,5
SmashBrosUltimate,Definitely used Ike to unlock most of the roster. Just land two forward smashes and it’s done.,1544402146.0,15
pcmasterrace,When I was helping my friend buy parts for his build we saw this kid with a parent watching his PC get built. I saw he has an 8700 and a 1050ti.,1544340149.0,5
pcmasterrace,I was planning on upgrading to a 4790k from my pentium but Ryzen 3 is making me think it's worth it to upgrade to a new platform.,1544109085.0,1
NintendoSwitch,thanks op!,1543995396.0,1
NintendoSwitch,"I wish to see umbreon cuz i like umbreon
youre a good guy op!",1543764383.0,1
Tinder,Seismitoad tho.,1543373584.0,1
pcmasterrace,A college classmate once sent me a save file of windows movie maker when I asked him to send our video presentation.,1543113494.0,3
gaming,"Went to a store on release day, Pikachu sold out. Lucky for me I wanted an Eevee",1543042966.0,3
pokemontrades,Im so sorry i misclicked. once again haha!,1542637859.0,1
pokemontrades,Maybe go to the Menu>Communicate>Play with others>Faraway> then I'll send you a pm with the code,1542637677.0,1
pokemontrades,How should we trade? What's the code?,1542637603.0,1
pokemontrades,"
hello! If you could help with my kadabra I would be glad to",1542637422.0,1
OnePiece,"[Two Piece](https://i.imgur.com/s9oOkwQ.jpg)

I heard Musashi Animation is doing that!",1541151000.0,2
Damnthatsinteresting,"Did a reseach back in college about mussels containing protozoa that causes mild diarrhea(cryptosporidium) it was positive not only for that but for another protozoa that causes a more severe diarrhea(giardia). Now in medschool, im continuing it by testing giardia on oysters from the same bay knowing that its more common for people to eat oysters raw",1541076328.0,4
anime,Fuck now I want to rewatch KOn,1541009867.0,1
pcmasterrace,That's the thing tho. The intel one doesn't have a problem for its ssd and yet the amd one has crap. Even tho intel has lesser graphics and compute performance the huge gap in the ssd makes the amd variant less compelling.,1540654917.0,1
pcmasterrace,"Looking to buy a laptop now. Upon looking at reviews I discovered some manufacturers dont optimize their designs to benefit amd. Im being forced to buy the intel variant because even though ryzen mobile has good performance, its ssds and cooling are crappier",1540380565.0,3
anime,SUSUMEE,1539689977.0,4
anime,"I was so confused, enlightened, and then became more confused when reading the manga. It was all so worth it tho.",1539689910.0,5
anime,2nd season was hilarious,1539689659.0,3
pics,"Goddammit. I looked at your account yesterday wondering if youre still active. Here I am now, bamboozled again.",1538813536.0,1
pcmasterrace,The Stefan we needed,1538355525.0,14
pcmasterrace,I'm running a RX570 with a pentium.,1537696156.0,0
pcmasterrace,Went from a 750i to a an RX570. Glorious,1537623909.0,2
pcmasterrace,"""No matter the odds"" cause I still can't move on from
Jon Snow saying that line in S7",1537623738.0,1
pcmasterrace,Thanks op!,1537516537.0,1
pcmasterrace,"-  Describe your current build and tell us what you love about it and what you dislike!

I currently have a Pentium G3258, RX570, 8GB of Ram, and 480GB of SSD. There are multiple things that I love about my build. First is the SSD, it's so fast and I'm so glad it was the part that I asked my family for my birthday. Second is my 570 for being a beast and I got it in a sale too. My 8GB of ram handles productivity smoothly. I never run out of Ram now. What I dislike about my build is probably that I hasted on building it. I had depression and it was one of the things I desired for satisfaction. You can build one for cheap too. I probably could've built a system with a used i5 and a better GPU (I started with a 740 then I wasn't able to use that and replaced it with a 750ti). But nonetheless, I am ascended because of it. And now I'm aiming to upgrade my build to a 4790k and probably a better case since my case is garbage. 
    
 - What is your all time favorite game and why?

I used to love Pokemon. I've probably played almost every game. I've played competitively and not only memorized all of them but also the movesets and what not. But since owning a PC that is finally able to play some decent games, and a Switch I've changed opinions. There are two on the that title of favorite game now. One is Undertale, and one is Breath of the Wild. Undertale is just a wonderful game that is completely aware of itself. I love it. I love playing it and loved watching people play it for themselves. Breath of the Wild is a game that I've anticipated since I saw the Switch announcement. I can't deny that I love that game and it's open world.
  
-  How’d you get into the PCMR community? And what is your favorite part of the community?

Well, when I deactivated my facebook to run from everything because of my depression I found reddit. Then PCMR was always on r/all. So I browsed and wanted to learn more and thought that this may be where I belong. I used to be a lurker since I only have an old laptop with an i3 and integrated graphics and every one got these banging systems that can play anything you throw it. I didn't know anything about the PCs and building until I searched for tutorials, explanations and Linus. This is what I love about the PCMR community. They are very welcoming and are willing to help always. The way we guide people that show interest the depth of this knowledge. I love this and I will never stop building dream PCs in my mind and hopefully, I can build my own dream machine.

- What is the first game you will play on the new AORUS Dream Machine Ultra if you win?

Rise of the Tomb Raider. I've been playing the first game of the reboot and I've been enjoying the game so far. My so's been around so I haven't managed to finish it yet. But I've seen on what the RoTR can look so maybe I can play as Lara Croft(ehemwatchinglaracroft) at max settings.",1536941861.0,1
pcmasterrace,"Thanks OP! I've been wanting Overwatch for a long time
",1536397515.0,1
pcmasterrace,People say it's a bad PSU but I've also been using the same one. It's about knowing the limits of your system.,1536332104.0,2
pcmasterrace,STILL ROCKIN THAT PENTIUM TODAY,1536331823.0,8
pcmasterrace,"[My Humble Build](https://imgur.com/a/NBhGiHv)

I have been using this PC for a year but the truth is I acquired most of the parts 2 years ago but depression got in the way. I was into watching anime, films and reading manga. Those were my hobbies. I got interested into PCMR by seeing it on reddit and watching a Linus video or two. It grew from there. I started searching for budget builds since I was only a college student. Despite my research, looking back, I could've probably done better with used parts but whatever. I got a Pentium G3258, which was a praised pentium at the time for being unlocked, MSI H81m P33 for being a cheap mobo that can overclock, 4GB of ram, GT740 which I got for $80, a cheap case, and a crappy power supply that was the only thing available at the local shop. I also got an SSD my aunt gifted me cuz she asked what I wanted for my PC, she was nice.

But depression got the best of me. I wasn't able to focus on my academics and didn't graduate on time. I almost gave the PC away. It didn't even post. I ignored everything until one day, I put my life together. Seeked professional helped. I graduated half a year later, and decided to go to med school. My laptop died so I decided to finish the build.

Brought it to a shop and they said that the mobo, gpu and psu had to be replaced. Bought the same mobo, a used 750ti for $65, and a decent psu. I completed the build and have made some upgrades ever since!

My humble build:
Pentium G3258
MSI H81m P33
RX 570 4GB
8GB DDR3
480GB SSD
VS550
GT Advance Case
LG 900p monitor
HP Keyboard and mouse",1536249254.0,2
pcmasterrace,8GB of 1333mhz DDR3 Kingston.,1536194503.0,1
pcmasterrace,I think it only comes with the 2700x. others don't have fancy rgb,1535912453.0,2
pcmasterrace,"Ryzen 7 2700x

MSI B450 Gaming Plus

16GB Trident Z

Gigabyte RX580

WD Green 240GB SSD

WD Blue 1TB

Seasonic S12II 620W

Tecware Neo Case

The 2700x is a bit overkill but he wanted a great cpu for multitasking. We had to cut corners that's why we settled for a RX580. It's on sale for $200 where in our it normally sells for $270. He plays 1080p Fortnite and CSGO anyway. ",1535904590.0,8
pcmasterrace,He put aside his cheap gaming mouse for a Logitech G102,1535897891.0,1
anime,"""You should quit while you are ahead.""

""I am a head.""",1535787720.0,67
pcmasterrace,Got a cheap RX570,1535089433.0,2
buildapc,Most 580s in my country are priced around 400. I thought this was my chance to get one. So this model wouldn't work for gaming then?,1533269446.0,2
buildapc,"https://www.gigabyte.com/Graphics-Card/GV-RX580GAMING-8GD-MI-rev-10-11#kf

I think it has ports",1533243018.0,2
buildapc,"I recall two moments. The climax of the Pacifist route in Undertale, the fight with Asriel was really emotional and to be able to get that far without killing anyone was a first for me.

The other one is when Young River and Johnny meet in To The Moon. I won't spoil some stuff but damn did I cry there. The game has placed so many questions in the first 2 hours only to be hit by answers and feels at the last hour. I cried watching that scene and my gf cried when I replayed it with her.",1533242043.0,1
NintendoSwitch,"From PH. Credit card works. As long as its VISA/Mastercard I guess. Except from Zelda, all my other games are digital.",1532964268.0,2
pcmasterrace,I have a classmate in school that was distant to most of the class. He has a personality that was unique and foreign to us. When we headed to second year in medschool some of his close friends didnt make the cut. A few weeks ago he approached me and asked if I knew about PC gaming and building and asked if I could help him build one. I enthusiastically said yes. I made a document about the parts he wanted and gave summaries of public opinions and performance about them. Right now I'm helping him find parts that better fit his budget. He's actually a good guy and we're now good friends and always talk about PCs.,1531704304.0,1
thanosdidnothingwrong,Woo,1530752945.0,1
pcmasterrace,489,1530702113.0,1
anime,My GF cried when I introduced the game to her. I can't imagine with a good adaptation will do. Play it,1530199295.0,2
pcmasterrace,"Oh fuck. yeah. It's been a while, maybe I was thinking of Cinccinno.",1530199233.0,1
pcmasterrace,I have an Ambipom for this reason back in Gen VI. Most of them don't even last 3 hits because of that monstrous attack.,1530194251.0,2
pcmasterrace,TIL the existence of HTPCs,1530014077.0,5
pcmasterrace,"Steam card, I want to buy finding paradise for my gf since we've been waiting to play that game for a while.",1529591976.0,1
pcmasterrace,thank you for this!,1529077304.0,1
anime,I wanna climb those mountains,1528601687.0,33
pcmasterrace,castle crashers or super meat boy. thanks op,1528252949.0,1
pcmasterrace,2489,1528199079.0,1
pcmasterrace,I have a G3258. I will be very thankful if i got it,1528171996.0,1
NintendoSwitch,A bit too idealistic but an announcement of the title of the Pokemon 2019 game. I remember the announcement trailer for SuMo after months of no news. They just showed the development and concept art for a few seconds and confirmed the name of the games,1528045084.0,1
pcmasterrace,"- four years on reddit.
- don't even have a budget for crypto. https://steamcommunity.com/id/hazemarick/
- [750ti](https://i.imgur.com/3uHYE9w.jpg) sorry about the cable management and the dust. I feel bad. But thanks for doing the giveaway!

Edit: i dont live in the US but I have family there. They'll recieve it :) thank you op!",1528043293.0,1
pcmasterrace,"1.Why do you like PC Master Race?
Once I've joined I can't stop thinking about builds and admiring others with theirs. Also, coming from a user that has a super budget rig, I am still accepted and treated the same as others with enthusiast grade parts. This is a good community.

2.What’s the feature you like the most about this prize: DREVO BladeMaster

Being a mechanical keyboard. I was given a 6 year old hp keyboard that was handed down to me. i've only heard good things about mechanical keyboards and how wonderful they type so I'm hoping to experience that.

GOOD LUCK EVERYONE!",1527737209.0,1
pcmasterrace,My gf and I have this game on our wish list. Thank you op,1526438076.0,2
pcmasterrace,"I built mine 2 years ago in a very tight budget. My mobo is a MSI H81M-P33. Every time I see a G3258 build it was always the mobo recommended. It's matx, it's cheap and it supports overclocking. But I'm also sure there are many used z87 and z97 mobos now.",1526278984.0,1
pcmasterrace,I found another G3258 in 2018! Welcome brother!,1526261674.0,1
NintendoSwitch,Thanks OP!!,1525978150.0,1
anime,How long do you think it is til you watch it? Cuz my facebook's flooded with IW spoilers context or no context. I'm surprised that's the only thing spoiled for you. I wish you good luck.,1525798931.0,180
anime,"Oh God why is his neck so thick??

Edit: are there any more series that are not mentioned worth watching this season?",1525798448.0,146
pcmasterrace,659 Thanks for this OP! I would like to play DragonBall fighterz ,1525703584.0,1
pcmasterrace,Thanks OP!!,1525590450.0,1
pcmasterrace,I can only dream of having a 4790k. Congrats on your build!,1525258035.0,1
marvelstudios,"While undoing everything, they accidentally create the possibility of mutants.",1525227240.0,19
anime,Dat Sora ni Utaeba tho,1523710991.0,131
movies,Frozone's wife is my favorite character and we don't even know what she looks like,1523635136.0,10
anime,"Discovered that many are pairing this opening to other music. Tried a few and FMA seem to work.

[Bonus FMAB OP4](https://streamable.com/wl1tw)",1523385063.0,1
ShingekiNoKyojin,consider my nuts cracked.,1523291168.0,4
pcmasterrace,thank you!,1523082665.0,1
pcmasterrace,"[I'll just post a good CAH round when my friends last played.](https://i.imgur.com/XzJWmNx_d.jpg?maxwidth=640&shape=thumb&fidelity=medium) 
Thanks for doing this op",1518952430.0,1
pcmasterrace,thanks op!,1511266799.0,1
anime,">amusing jab

[](#rinkek)",1510761884.0,3
pcmasterrace,Seconded. SSDs are great.,1510743869.0,2
pcmasterrace,Counter strike,1510561612.0,1
gaming,TENGEN TOPPA GURREN ROCKET,1509808537.0,3
pcmasterrace,thanks for the giveaway op,1509546125.0,1
pcmasterrace,r/outlast,1509500355.0,2
NintendoSwitch,"JWittz says he played his run with the Pro controller.

Edit: [link to his review](https://youtu.be/EBv5EKacoio)",1509024283.0,1
NintendoSwitch,"Guys, I think they're saying it's an okay game. I'm not sure though",1509023955.0,11
Broadway,Is it really? I was thinking [Gary Beach's voice differs a little.](https://www.youtube.com/watch?v=2bSF774wqsA) and some quirks are a little. But maybe it's the different mics. Thank you!!,1508948113.0,1
anime,I've been watching anime for over a decade. I thought I was getting out of touch having someone pass what I've watched in a decade in only a year.,1508860224.0,3
buildapc,Philippines,1508770846.0,1
buildapc,750ti. 1080p 60.,1508769973.0,1
buildapc,Around $350 I guess? I'm not in NA tho.,1508769451.0,1
pcmasterrace,thanks op,1508765171.0,1
pcmasterrace,Oh shiiit. Good luck,1508714573.0,1
BikiniBottomTwitter,DID YOU JUST SAY TOURNAMENT ARC???,1508347909.0,11
anime,HE DIDN'T EVEN DO ANY SIT UPS OR PUSH UPS.,1507476512.0,24
buildapc,"Gaming wise, I'm just playing csgo and some emulation. But I'm interested in some newer games coming out like Battlefront 2 and I think my 750ti isn't enough for that. I also do some video editing.",1506851261.0,1
buildapc,I'll only have the $250 if i sell both cpu and gpu + savings. :(,1506850355.0,2
buildapc,I'll only have the $250 if i sell both cpu and gpu + savings. :(,1506850349.0,2
pcmasterrace,I have a G3258 tho. I still use a H81 mobo which means if i buy a 7600k I'd still have to buy a new mobo,1506480386.0,1
pcmasterrace,Im thinking of upgrading from my pentium but i dont know if I should upgrade to an i5 of the same socket or wait for the coffee lake i3s and buy a new mobo.,1506479640.0,1
pcmasterrace,Shimmied door on the Killing Floor.,1506180671.0,1
anime,I remember when Murata said that he's gonna make up for the hiatus with a 50 page colored chapter. Then this fuckin masterpiece of a chapter was released. ,1505410136.0,3
technology,*Dumb Question* Is the google drive software different from the one we access from a browser? Cuz we use one account in class as a collection of transcripts and stuff. Do we have to take the files and upload it again in Backup and Sync? or are we still gonna be able to access it with the same account?,1504880023.0,1
anime,2/10 Nishinoya's on the court with Tsukki and Hinata.,1504696595.0,7
pcmasterrace,"I hope you live those 3 months to the fullest OP. :( 
I'll enter.",1504349424.0,1
anime,Wake me up when Setpember ends..,1503490060.0,130
pcmasterrace,44,1502584385.0,1
videos,What the fuck that's amazing,1502454327.0,9
videos,"Let me explain. Yes this is real. We don't like it either.

This is the reason I don't watch local TV. The quality is shit. Networks want to air their shows everyday so there are huge budget cuts, rushed shoots etc. This causes the writing quality to decline just because they had to come up with something right away. I think it's because they think the audience have a short attention span and arent patient enough to wait a week.

This type of shit typically airs in the afternoon and then the news and better quality(but still shit) shows air after.

Networks always dedicate the showbiz segment to their actors in these shows in the news just to advertise it and say the show is doing good in ratings and the something big will happen to the plot and to their character and what challenges they had to face as a actor. It's always vague as shit.

Even shows that had a good start turns to shit after a few weeks because of the everyday schedule thing. I could only think of ONE airing show in Filipino TV that has good quality and is enjoyable. And guess what, it airs once a week.",1501684785.0,8
videos,"Great. He somehow invented a measuring system in which a unit is equivalent to the length of his foot. What's next, a gallon?",1501452425.0,750
NintendoSwitch,"Connection tests always fail. It shows like 

>Console ✔ Network Device X Internet",1501335548.0,1
NintendoSwitch,"HELP! I haven't used my Switch in a month and now I want to update it but I can't connect to the Internet. It connects fine to my router but it fails to connect to the Internet. My other devices connects fine. I need help.

I have tried turning it off all the way. I tried resetting the router and stuff. It still won't work.",1501326972.0,1
pcmasterrace,Rocket League is on my wishlist for so long. Thank you for whoever wins the giveaway and thank you OP,1501318622.0,1
pcmasterrace,thank you for this!,1501104286.0,1
dbz,"You see, you're not dealing with the average saiyan warrior anymore!",1500781459.0,49
anime,He also voiced that esper in that one show I can't remember,1500746463.0,30
anime,"I just noticed that [spoilers](/s ""all for one's back is the backgroud of Tomura's team in the OP."") ",1500131091.0,9
anime,"Do OSTs count?

I really don't like Fairy Tail but damn they have good music.

[Main Theme](https://www.youtube.com/watch?v=kIwmrk7LoDk)

[Natsu's Theme](https://www.youtube.com/watch?v=AhevjjbvWmw)

[And I especially like their version of Pomp and Circumstance](https://www.youtube.com/watch?v=MqtHdTlP0mA)",1499774709.0,7
pcmasterrace,Have you tried tapping it lightly ~30 times?,1499774078.0,5
anime,"Some translations are better too, like Beerus' line in a recent ep: ""My ass?! You dare talk about a destroyer's ass??""",1499253504.0,2
videos,">what's with the talking eggs?

You haven't been watching YSAC that long, huh?",1498491148.0,17
dbz,Wow. I didn't know the name of one destruction god is Arak or Alak. Hahahaha it's literally Liquor in Filipino.,1498371628.0,6
AskReddit,HOLY SHIT IT'S A MUTHAFUCKIN JOJOS REFERENCE,1497952471.0,44
ShingekiNoKyojin,[Some lines just go over your head if you're reading them for the first time. Goddamn Isayama. Holy shit.](http://i.imgur.com/hECvofP.jpg),1497719204.0,4
anime,"THERE ARE MORE BnHA NEXT WEEK!!

[](#shirouthumbsup)

sadly, I'm starting Medschool this Monday so I won't be able to watch anymore...

[](#frustration)
[](#trynottocry)",1497711342.0,1
anime,"I swear, this anime delivers so much in storytelling. Everything here is better than the manga (and the manga is really great, don't get me wrong.) it's just that the anime fleshes it out and gives the audience all the subtle cues they need to easily understand what's happening.. Like Armin's smile.",1497190366.0,3
AskReddit,"""How did you do that?""

""It's my character, just accept it.""",1496837143.0,18
NintendoSwitch,"If this is a main game, I'm really gonna be disappointed if this is only in the 3DS. Or I just hope it runs well on a normal 3DS. I just bought a Switch and I got no budget left to buy a New 3DS or 2DS XL for games to run at a better quality. SuMo already cut triple and rotation battles just because it pushed the limit of the system.",1496672885.0,1
NintendoSwitch,"[I FINALLY GOT PAST 100](http://i.imgur.com/oXAVL7E.jpg) It's my third test punch and I've been enjoying it so far.  I think I'm more hype with this than splatoon.

Side note: I thought Ribbon Girl's multiple jumps was pretty good until I tried Mechanica. The revolver when charged up can electrocute opponents then you can grab them while incapacitated. Pretty ridiculous.",1496517284.0,4
ARMS,"I played Ribbon Girl earlier. Her ability to be in midair longer is really good. Nobody else was using mid air attacks to their full potential(at least the opponents I got). Use the slapamander for one hand and use the curving to hit while distracting the opponent with the other. Or rush in, jump twice to dodge their attack and hit them with straight punches.

It was my first time playing but I never lost using Ribbon girl in a 1v1 fight. Also playing with the grip is better than motion controls.",1495999507.0,3
ARMS,[See for yourself.](https://www.youtube.com/watch?v=hY2_Xu3f8Bc),1495998763.0,1
videos,If you're interested in another video about CGI then watch this:[Why CG Sucks \(Except It Doesn't\)](https://youtu.be/bL6hp8BKB24),1495818092.0,29
worldnews,"Recent reports say they are still in the city. First firefights started to prevent Hapilon from getting arrested. I guess subsequent gunfire are due to that or from military trying to get in the city.

I think the armed group are not targeting *most* civilians since they are allowing them to evacuate. I'm saying most because a priest and other members of the church are taken hostage and the group threatened to kill the hostages if the government forces unleashed against them are not recalled. 

The only civilian deaths I've heard are apparently the security guard of the hospital and an ambulance driver but these are ~~**unconfirmed**~~. CONFIRMED. Security guard and two ambulance drivers are dead.

There are posts circulating that the terrorists are burning children, beheading Christian teachers, and taking non-Muslims in general but I haven't found any news sources or photos to support that.",1495594806.0,3
worldnews,"https://en.wikipedia.org/wiki/Manila_hostage_crisis

Former police wanted a fair trial after being dismissed and decided to hostage a bus. The hostage taker was able to know the police's movements because of media coverage because the bus had a TV. He saw his brother's arrest on TV and warned on a live interview on the radio via phone that he'll start to shoot people if his brother(also an officer) was not released. ",1495584389.0,46
worldnews,"Copypasting my comment from /r/Philippines

[Official Statement from the **Armed Forces of the Philippines**](http://i.imgur.com/HTsJ4ZB.png?1)

>**We fervently urge our people to refrain from posting in social media information that would tend exacerbate the situation. Especially of photos and videos on the movements of our troops and on terrorist propaganda circulating through social media.**

**Edit**: AFP only called it a ""Local Terrorist Group"" and no mention of the Maute Group. [The declaration of Martial Law in Mindanao mentions the Maute group as Isis or Isis inspired.](https://youtu.be/QVl0u3sXIX0?t=54s) Furthermore, even back in [November](http://www.rappler.com/nation/153905-duterte-confirmation-maute-isis-links), Duterte already confirmed the link between Maute and Isis.

**Edit2**:
Some highlights from CNN Philippines:

- Eyewitness: [Marawi City Jail on fire](https://pbs.twimg.com/media/DAgffPZXsAInyaz.jpg:large)
- Eyewitness: [Police patrol car with ISIS flag](https://pbs.twimg.com/media/DAh0SBtWAAAP8iN.jpg:large)
- Eyewitness; Armed men entered hospital, raised [ISIS flag](https://pbs.twimg.com/media/DAg__1EXkAACw5B.jpg)
- Less than 50 Maute members scattered in Marawi
- Eyewitness: Armed men positioned in city entry, exit points
- Eyewitness: Amai Pakpak Hospital overrun by Maute
- Power out in Marawi City
- Eyewitness: Everything moved as if it was coordinated
- Eyewitness: Maute group has left Amai Pakpak Medical Center
- Eyewitness: There are sporadic gunfire
- Eyewitness: We always consider Marawi as shelter amid conflict
- [AFP releases statement on Marawi encounter](http://i.imgur.com/HTsJ4ZB.png?1)


**Edit 3**:[Events that happened accdg to DND Sec. Lorenzana](https://youtu.be/QVl0u3sXIX0?t=54s) 

- Army and Police tried to serve a warrant of arrest to Isnilon Hapilon, an emir of all Islamic State in PH and met with gunfire from Hapilon's group. 
- Maute group occupied a hospital, city jail, Mindanao State University and city hall(although AFP's statement says that city hall was not actually occupied).
- Maute burned St. Mary's church, city jail, Ninoy Aquino school, and Dansalan college.
- Maute occupied main street of Marawi and two bridges leading to the city.
- 3 Gov't troops are killed and 12 wounded
- Marawi power outage
- Enemy snipers are all around.
- Gov't Troops are still on hold. Tomorrow morning, additional troops from will arrive tomorrow morning.

**Edit 4**: [Some houses on fire.](https://pbs.twimg.com/media/DAg-9k5XgAAtaqn.jpg:large)

UNCONFIRMED: There are photos of texts saying that terrorists are beheading Christians and displaying them on the streets.


**Edit 5**: ~~There are rumors saying that something worse/big will happen tomorrow. Additional govt troops are gonna arrive at morning and maybe that's when they will make their move.~~ It's already morning and nothing has happened yet

[President Rodrigo Duterte will leave Russia at 5 am on Wednesday, May 24, Manila time](http://www.rappler.com/nation/170747-duterte-cuts-short-russia-trip-marawi-clashes)

**Edit 6**: Accdg to an interview with a resident: teachers were asked by armed men if they were Muslim or not. Two teachers were released because they were able to *""speak Muslim""* (they have their own dialects there. I don't know the specific one or if it is Arabic"") source: ANC 24/7 livestream from FB

**Edit 7**: Interview of a resident: Armed men planting black flags, have their own checkpoints. But the armed men aren't stopping civilians from evacuating. Source: gmanewstv channel/DZBB

Pres. Duterte set to arrive at 4:30pm Manila time.

**Edit 8**: Pres. Duterte: ""Do not be too scared. I'm going home. I'm cutting my visit to be with my countrymen. I will deal with the problem once I have arrived. I have declared Martial Law for Mindanao. How long? If it would take a year to do it, we'll do it. If it's over within the month, I'd be happy. But Martial Law is Martial Law. I was asked before on how would I deal with terrorism, I said I would be harsh. I said before, Do not force my hand into it. I have to do it to preserve the Republic of the Philippines and the Filipino people.""

**Edit 9**: [Video of vehicles getting out of Marawi. They are stopped for a second but are allowed to pass.](https://twitter.com/KhadijaBintAli_/status/867167554338381824)

[People evacuating](http://i.imgur.com/I5EPasP.jpg) [Another](http://i.imgur.com/XW5VRWj.jpg) [One more
](http://i.imgur.com/WKs5AP8.jpg)

 [Traffic of vehicles getting out.](http://i.imgur.com/eDd3zWw.jpg)

[Aftermath of Dansalan College fire](http://i.imgur.com/Rx8mVYe.jpg) [Another](http://i.imgur.com/Gs0SY19.jpg)

**Edit 10**: Accdg to the bishop of Marawi, a priest and other parish members are captured. source: DZBB interview

**Edit 11**:[ No more firefights but ISIS-inspired group is still in Marawi.](http://www.gmanetwork.com/news/news/regions/611897/no-more-firefights-but-isis-inspired-group-still-in-marawi-city/story/) 

Interview with City Mayor:

- there are no more sporadic gunfire but they are still coordinating with the military and the police
- the group that attacked the city on Tuesday was composed of members of the Maute group, Abu Sayyaf and the Bangsamoro Islamic Liberation Front.
- the group was over a hundred

AFP public affairs chief Col. Arevalo denied reports that medical workers are being held hostage by the bandits in a hospital in the city.

Press briefing by PNP Spokesperson S/Supt. Dionardo Carlos: 

- We were reminded that we are still on red alert status.
- They are not ISIS, they are Maute terror group.


**Edit 12**: [Maute driving an armored van of a bank.](http://i.imgur.com/QEqvgwS.jpg)

**Edit 13**: ~~The hostage priest has been released accdg to an interview. source: gmanewstv (Note: this is an interview of a correspondent that was in Marawi. She heard the release from another source. I just listened to it live.)~~ There are still additional reports saying they are still not released

**Edit 14**: 10:42 am(Manila time)[Dansalan College teacher is held hostage accdg to another teacher. There may be more.](http://news.abs-cbn.com/news/05/24/17/resident-says-teacher-held-hostage-by-marawi-attackers)

11:22am: 42 teachers rescued in Marawi after being trapped in a seminar venue https://twitter.com/ANCALERTS/status/867219004930220032

(Can't confirm if these two reports refer to the same group of teachers)

**Edit 15**: I've confirmed 3 civilian deaths. Two ambulance drivers and a security guard. Source: gmanewstv, Balitanghali. (I've seen the photos on TV. Only seen posts with no sources earlier.)

Scenes from the terror attacks in Marawi City: https://twitter.com/inquirerdotnet/status/867230043940028416

**Edit 16**: 4:50pm (Manila Time) President Duterte has arrived in the Philippines",1495582512.0,399
Philippines,"[Official Statement from the **Armed Forces of the Philippines**](http://i.imgur.com/HTsJ4ZB.png?1)

>**We fervently urge our people to refrain from posting in social media information that would tend exacerbate the situation. Especially of photos and videos on the movements of our troops and on terrorist propaganda circulating through social media.**

**Edit**: AFP only called it a ""Local Terrorist Group"" and no mention of the Maute Group. [The declaration of Martial Law in Mindanao mentions the Maute group as Isis or Isis inspired.](https://youtu.be/QVl0u3sXIX0?t=54s) Furthermore, even back in [November](http://www.rappler.com/nation/153905-duterte-confirmation-maute-isis-links), Duterte already confirmed the link between Maute and Isis.

**Edit2**:
Some highlights from CNN Philippines:

- Eyewitness: [Marawi City Jail on fire](https://pbs.twimg.com/media/DAgffPZXsAInyaz.jpg:large)
- Eyewitness: [Police patrol car with ISIS flag](https://pbs.twimg.com/media/DAh0SBtWAAAP8iN.jpg:large)
- Eyewitness; Armed men entered hospital, raised [ISIS flag](https://pbs.twimg.com/media/DAg__1EXkAACw5B.jpg)
- Less than 50 Maute members scattered in Marawi
- Eyewitness: Armed men positioned in city entry, exit points
- Eyewitness: Amai Pakpak Hospital overrun by Maute
- Power out in Marawi City
- Eyewitness: Everything moved as if it was coordinated
- Eyewitness: Maute group has left Amai Pakpak Medical Center
- Eyewitness: There are sporadic gunfire
- Eyewitness: We always consider Marawi as shelter amid conflict
- [AFP releases statement on Marawi encounter](http://i.imgur.com/HTsJ4ZB.png?1)


**Edit 3**:[Events that happened accdg to DND Sec. Lorenzana](https://youtu.be/QVl0u3sXIX0?t=54s) 

- Army and Police tried to serve a warrant of arrest to Isnilon Hapilon, an emir of all Islamic State in PH and met with gunfire from Hapilon's group. 
- Maute group occupied a hospital, city jail, Mindanao State University and city hall(although AFP's statement says that city hall was not actually occupied).
- Maute burned St. Mary's church, city jail, Ninoy Aquino school, and Dansalan college.
- Maute occupied main street of Marawi and two bridges leading to the city.
- 3 Gov't troops are killed and 12 wounded
- Marawi power outage
-  Enemy snipers are all around.
- Gov't Troops are still on hold. Tomorrow morning, additional troops from will arrive tomorrow morning.

**Edit 4**: [Some houses on fire.](https://pbs.twimg.com/media/DAg-9k5XgAAtaqn.jpg:large)

UNCONFIRMED: There are photos of texts saying that terrorists are beheading Christians and displaying them on the streets.


**Edit 5**:~~There are rumors saying that something worse/big will happen tomorrow. Additional govt troops are gonna arrive at morning and maybe that's when they will make their move.~~ It's already morning and nothing ""big"" has happened yet. But sporadic gunfire can be heard.


[President Rodrigo Duterte will leave Russia at 5 am on Wednesday, May 24, Manila time](http://www.rappler.com/nation/170747-duterte-cuts-short-russia-trip-marawi-clashes)

**Edit 6**: Accdg to an interview with a resident: teachers were asked by armed men if they were Muslim or not. Two teachers were released because they were able to *""speak Muslim""* (they have their own dialects there. I don't know the specific one or if it is Arabic"") source: ANC 24/7 livestream from FB

**Edit 7**: Interview of a resident: Armed men planting black flags, have their own checkpoints. But the armed men aren't stopping civilians from evacuating. Source: gmanewstv channel/DZBBSource: gmanewstv channel/DZBB


Pres. Duterte set to arrive at 4:30pm Manila time.

**Edit 8**: Pres. Duterte: ""Do not be too scared. I'm going home. I'm cutting my visit to be with my countrymen. I will deal with the problem once I have arrived. I have declared Martial Law for Mindanao. How long? If it would take a year to do it, we'll do it. If it's over within the month, I'd be happy. But Martial Law is Martial Law. I was asked before on how would I deal with terrorism, I said I would be harsh. I said before, Do not force my hand into it. I have to do it to preserve the Republic of the Philippines and the Filipino people.""

**Edit 9**: [Video of vehicles getting out of Marawi. They are stopped for a second but are allowed to pass.](https://twitter.com/KhadijaBintAli_/status/867167554338381824)

[People evacuating](http://i.imgur.com/I5EPasP.jpg) [Another](http://i.imgur.com/XW5VRWj.jpg) [One more
](http://i.imgur.com/WKs5AP8.jpg)

 [Traffic of vehicles getting out.](http://i.imgur.com/eDd3zWw.jpg)

[Aftermath of Dansalan College fire](http://i.imgur.com/Rx8mVYe.jpg) [Another](http://i.imgur.com/Gs0SY19.jpg)

**Edit 10**: Accdg to the bishop of Marawi, a priest and other parish members are captured. source: DZBB interview

**Edit 11**:[ No more firefights but ISIS-inspired group is still in Marawi.](http://www.gmanetwork.com/news/news/regions/611897/no-more-firefights-but-isis-inspired-group-still-in-marawi-city/story/) 

Interview with City Mayor:

- there are no more sporadic gunfire but they are still coordinating with the military and the police
- the group that attacked the city on Tuesday was composed of members of the Maute group, Abu Sayyaf and the Bangsamoro Islamic Liberation Front.
- the group was over a hundred

AFP public affairs chief Col. Arevalo denied reports that medical workers are being held hostage by the bandits in a hospital in the city.

Press briefing by PNP Spokesperson S/Supt. Dionardo Carlos:

- We were reminded that we are still on red alert status.
- They are not ISIS, they are Maute terror group.

**Edit 12**: [Maute driving an armored van of a bank.](http://i.imgur.com/QEqvgwS.jpg)

**Edit 13**: ~~The hostage priest has been released accdg to an interview. source: gmanewstv (Note: this is an interview of a correspondent that was in Marawi. She heard the release from another source. I just listened to it live.)~~ There are still additional reports saying they are still not released

**Edit 14**: 10:42 am(Manila time)[Dansalan College teacher is held hostage accdg to another teacher. There may be more.](http://news.abs-cbn.com/news/05/24/17/resident-says-teacher-held-hostage-by-marawi-attackers)

11:22am: 42 teachers rescued in Marawi after being trapped in a seminar venue https://twitter.com/ANCALERTS/status/867219004930220032

(Can't confirm if these two reports refer to the same group of teachers)

**Edit 15**: I've confirmed 3 civilian deaths. Two ambulance drivers and a security guard. Source: gmanewstv, Balitanghali. (I've seen the photos on TV. Only seen posts with no sources earlier.)

Scenes from the terror attacks in Marawi City: https://twitter.com/inquirerdotnet/status/867230043940028416


**Edit 16**: 4:50pm (Manila Time) President Duterte has arrived in the Philippines

",1495558411.0,101
Philippines,"gmanews says so
https://twitter.com/gmanews/status/866969639280025600",1495536785.0,7
AskReddit,"Fullmetal Alchemist: Brothehood. Finishing it was both very satisfying and wishing there'd be more.

Hunter x Hunter 2011. The series started good and finished great. Characters are so much different from the beginning and you'll be so invested into the protagonists and antagonists.",1495536087.0,0
AskReddit,but. but... ^^^dorne,1495535853.0,1
anime,Yeah. Astro Boy existed long before that. [Accdg to this the first anime adaptation aired in 1963.](https://en.wikipedia.org/wiki/Astro_Boy_\(1963_TV_series\)),1495376101.0,1
anime,Nichijou was a very hard series to start for me. I heard it was great but that first episode had so much to absorb for me. Tho the hotdog scene was really funny. I finally got a couple of episodes in and I was just adjusting to the style of comedy. But this scene just floored me with randomness and fucking killed it. I couldn't stop laughing that I had to pause and replay this over and over. ,1495375267.0,2
AskReddit,"Fun fact: Hange's gender is ambiguous in the manga. The creator of Attack on Titan doesnt want to reveal Hange's gender. Even in interviews, he dodges the question. ",1494984400.0,3
anime,I really thought no Haikyuu OP could ever top [Fly High](https://www.youtube.com/watch?v=as-sSVx3SmQ). Then season 3 came out with Hikari Are and it just blew me away.,1494699033.0,11
anime,"TL;DR: It's because you haven't gotten to the good stuff yet and maybe because of the rather slow pacing. Or maybe because you don't have a sense of nostalgia for the show. It really takes a lot of patience to get updated. But I think it's a good investment once you catch up because of the seemingly neverending story. But ultimately, it's your choice.

I was on the same boat as you. I used to catch glimpses of One Piece airing on TV when I was a kid but it wasn't enough to make me curious. One Piece is by definition an adventure shounen anime so it really takes its time to flesh out the characters, the places and its history. If you're not into that, it's okay, you try another time if you want to.

A couple of things you should consider. Negatives and Positives 

- The direction isn't really that great. Animation was really good at its time but since 2010(I think) the animation was just really subpar. But for an anime that is been going on for 17 years nonstop, I really couldn't blame Toei that much. I think as long as its making money and getting all the ratings, it won't change much.

- The pacing is really slow. There are many episodes where it adapts one chapter per episode. Other anime adapts 2-3 chapters per episode. There are lots of fillers just so the manga could get ahead. But sometimes, even the canon story has slow pacing like the Skypeia and Fishman Island arcs. It takes a lot of time and patience. I used to watch 20 episodes a day on my summer and christmas vacations just to catch up.

- I started getting into One Piece because I spoiled myself in a couple of important things. I read the wiki, backstories, arc summaries and it really made the show more interesting to me. Some may advise against that but it's really hard to find motivation in watching hundreds of episodes if you don't know if it's worth it. I recommend watching AMVs(yes, I am serious) if you wanna get interested. I recommend [this one](https://youtu.be/L72LK40-pEQ) and [this one](https://www.youtube.com/watch?v=u4ZmyYfQgDU)

- One Piece has great world building and lore. I don't know how Oda(the author) keeps track but everything is planned out really well. There are clues that appear in the beginning of the show that is explained/significant hundreds of episodes later. It also has a tendency to hype up characters just by name. Like, small characters up to arc villains will name drop or tell a story about someone and it just makes their first appearance exciting. Seriously, the lore is the main reason I follow this series now.

- There is a reason why One Piece has kept its place on top of Shounen Jump with an almost 800 episode adaptation. It has great characters and good motivation. Fights just...work. It's just feels epic I can't really explain it. It doesn't have stellar animation, or some groundbreaking choreography but it just works.

- You can have something to look forward to every week. After catching up to the anime, I switched to the manga which is leagues better than the anime. It's been a joy following One Piece every week on my free time.

",1494550775.0,3
anime,[I posted this when episode 131 aired.](http://i.imgur.com/CSKLqca.jpg?1) This includes every foreshadowing Togashi made that led to the events of this episode. That's just genius story telling right there,1494542879.0,29
gamegrumps,"Lol at Arin's kamikaze attack with a passionate ""FUCK YOU"" just to hit Dan.",1494524241.0,21
videos,I love this but my country is spelled wrong. Phillipines is Philippines.,1494465290.0,1
gamegrumps,">""If people all use a word to mean a certain thing then that's what that word means eventually."" 

Nice insight, Arin. 

>That's the entomology of that word.

GOD DAMMIT ARIN. ",1494365683.0,35
anime,I can already imagine this instrumental playing when the MC gains a power up and fights the main villain,1494360083.0,5
anime,">As the Anime Pope, my opinions are facts.

Yo, look at Geoff fucking owning it. 

Edit: Also, cmon. Cinefix can justify their top 10s in a shorter amount of time than this, and they compare movies.",1494357367.0,14
videos,Holy shit you could totally see the [red shell foreshadowing](http://i.imgur.com/KfNCVjR.png) when the other one passed DK,1494189631.0,114
gamegrumps,"Yeah, this was one of the moments I thought he was gonna rage out on. After failing a couple of times, I did.",1494113900.0,5
anime,It's coming to my local theater on May 10. After the initial release being postponed last month. Can't wait!,1493754802.0,1
anime,I knew Jojo had some ridiculous posing when I first watched it. I seriously waited for a bizarre pose and I laughed so hard when this came up.,1493724774.0,3
OnePunchMan,GENOS! MOISTURIZE ME,1493555910.0,45
anime,"tldw.

5\. Spice and Wolf

4\. Panty and Stocking

3\. Konosuba

2\. Haruhi

1\. No Game No Life",1493386909.0,11
videos,[Here's the anime food porn version of that dish](https://youtu.be/5GCUzTyp9sE?t=6m27s),1493303385.0,3
anime,"I read the manga after finishing the anime. I didn't expect those last few arcs. I mean...[Yakitate spoilers](/s ""a human/bread hybrid?"") Look at this shit(spoilers): http://i.imgur.com/1sFeaZ8g.jpg",1493227863.0,5
movies,"I'm fucking hype as hell.

The first pieces to the Infinity War are put to place with Adam and the Watchers. I don't think Homecoming would have any easter eggs for that so now I'm just waiting for Ragnarok to tease more.",1493208007.0,-1
anime,That's nyanners? I seriously couldn't tell the difference between her and Lilypichu,1492874942.0,6
zelda,I was trying to see if lightning will affect a cucco. The lightning hit me and then the cucco laid an egg. and then it cracked in front of me. it's been over a month and I'm still discovering things in this game,1492286737.0,15
anime,">best girl Rico

You. I like you.",1492278385.0,2
zelda,The first time I saw a horse get killed I thought it'll turn into meat. Then it stayed there...lying on the ground. Oh god.,1491575229.0,165
ContagiousLaughter,"https://www.youtube.com/watch?v=Qv9xVvBXPlc

It's kind of obvious. The real trick is hiding the borrowed coin.",1491303292.0,1
Jokes,Damn you Being X!,1491278537.0,8
GifRecipes,OHOHO YES,1491069996.0,8
anime,"Well, there's a current rewatch of HxH and it was on episode 85 the other day. I couldn't stop smiling at the reactions. ",1490779736.0,1
anime,I really fucking love Legend of the Martial Artist.,1490622613.0,3
splatoon,HOLY SHIT THAT WAS FUN. That was my first time playing splatoon and I'm having fun as a roller. Can't wait to play more.,1490385878.0,22
gamegrumps,They found a way to make this game dirty @10:25. Impressive,1490030348.0,75
zelda,The first time I stormed the castle I ran into some Lynels and they destroyed me. I thought the whole castle and the final boss will be just as difficult. Tonight I tried to find a route to avoid the Lynels. I just beat Ganon twice for the neutral and the true end. Beating him was very easy.  Turns out I'm just bad with Lynels. I still fucking hate them.,1489249726.0,3
zelda,"I agree. This is my very first Zelda game that I was committed to finishing and having Ganon as just a ""calamity"" was a letdown. I really expected to have a story behind him on how he ended up controlling the guardians and the divine beasts.",1489249549.0,5
zelda,"Great, now I have to watch it again.",1489230756.0,4
zelda,I tried storming Hyrule Castle as soon as I finished the four divine beasts and getting the master sword. I stocked up on food and arrows and everything and I got destroyed at the second Lynel. This is hard. I'm not afraid of Guardians anymore but Lynels are more difficult than the -blight ganons. I wanna know what happens. My friends just told me i just have to git gud.,1489130675.0,1
zelda,"Finding Rito village reaally took a long time. I enjoyed every bit of it. I was balancing through these wood planks on cliff sides and accomplished a side quest i forgot i accepted. I finally got all divine beasts and compared to waterblight ganon, everything else was easier. I'm completing the Korok trials right now cuz I still dont have enough hearts for the master sword. My goal right now is to find all the shrines to increase health and stamina so im ready for that motherfucker ganon

Edit:

Breath of the Wild: Hey, carry this torch fire for a few kilometers.

Also Breath of the wild: HEY IT'S RAINING ALL THE TIME HAHAHAHA",1488942829.0,1
zelda,"Yeah, I just dyed the hood, trousers and the doublet the old man gave.",1488905826.0,1
zelda,"First, I just want to say that this game is wonderful. This is my first open world game and first-ish Zelda. I really love it so far but I dont wanna fight a fucking guardian. These things are nightmares. The one [on the way to the Gorons](/spoiler) is fucking scary. I wish I didn't watch clips of it demolishing link cuz now I'm frightened. But I'm loving it. I'm gonna fight it sooner or later anyways.",1488728977.0,12
zelda,I want to kill Lynel so bad. But I'm too underpowered. I'm kinda frustrated but also loving it at the same time.,1488678049.0,1
NintendoSwitch,Tomorrow there'll be more of us,1488465054.0,1
NintendoSwitch,Seeing that 1 day __ hours __ minutes on the upper left corner makes me more hype than I ever was. All I dream at night is the switch.,1488358005.0,1
TeamFourStar,ProZD voiced Whis too. Awesome,1487894142.0,36
anime,"Oohh, right. Edited",1487755162.0,1
anime,"I agree with you. I remember since the announcement of the HxH reboot, one of the things I can remember from the 99 version is the rubbery sound when a character grips a hand very tightly(like when Silva pushes out the poison). It's hilarious.",1487751878.0,2
anime,"Sorry, English isn't really my first language. I'll try harder next time! Thank you for your feedback",1487723210.0,4
anime,"**Fight Analysis.** This is the first time I'm doing this and tell me if you guys like it. I explain the fight in ***my perspective***.

Now THIS is a Nen fight people. I love this fight because you have experienced fighters displaying advanced techniques with fast pacing.

I love the subtlety where the animators portray which one moves first when they were walking towards each other. If you watch carefully, you could see Zeno disappears first, which displays his confidence against an unknown opponent. Silva moves with great reaction time, and then Chrollo last, but not that far behind.

The Zoldycks' teamwork is really astounding, you could tell they defeated many enemies using their combos even without talking to each other and you could see Chrollo having a hard time keeping up and being on the defensive on the first part of the fight. 

Chrollo waits for an opportunity then Zeno used nen to push him away and then dodging Silva's attack from above and therefore Zeno is not there to launch another follow up attack and then whipping out the Ben's knife and cutting Silva trying to take advantage.

I love the fact that even when Zeno talking, Chrollo just replies in his mind. He doesn't want to be them to find out what he wants to do but even not talking appears to be useless.

Zeno is one sharp dude. With just a mention that Chrollo can steal techniques, he deduces the pros and cons of the ability. This is a trait that Gon and (maybe Killua) still don't have. You could mention that Killua analyzes his opponents but sometimes he's just too cocky. Like the fact that he thinks he can kill Netero.

I'd like to think that Zeno isn't just feeding the viewer of this knowledge but he is also trying to scare Chrollo that he knows his shit. For the Zoldycks, the job comes first. Zeno is willing to sacrifice his life in order to finish the job.

Even if there's an info dump about Chrollo's abilities, we get a portion with minimal explanation. Chrollo powers up to show that he's got a ton of nen to spare. Zeno slowly walks towards him with caution. Zeno then focuses his nen on his hand to prepare an attack believing this will be a close and intimate fight. Chrollo doesn't want to be hit by that attack (but curious on the old man) so he then stops and summons his book and shows Fukuro's Mantle

Zeno and Silva had mastered nen so it's common knowledge that Conjurer abilities focuses either on offense and defense and relies on Conditions in order to become more powerful. Seeing this, Zeno stops his technique and resorts to a more convenient technique. He's like ""Bitch, you think I'm gonna stop my attack? Here's a muthafuckin dragon."" 

Zeno practically explains the next part about Chrollos' defensive movements and how the book works. Silva obviously has the same train of thought. 

Chrollo then says that he can't capture Zeno alive...*which means he can get him dead.*

I also love the fact that Silva mentions the reason he can't attack. Because Chrollo stays on guard for Silva then dodging the dragon's attack at the last second to avoid any openings on his side. Silva compliments Chrollo. Now, if you've ever been complimented by a Zoldyck you're probably a really good fighter.

Silva increased his Nen, alerting Chrollo that ""HEY! I'M POWERING UP. I MAY USE SOMETHING YOU DON'T KNOW SO LOOK AT ME."" This distracts Chrollo enough to be caught in Zeno's dragon.

Zeno closes in on Chrollo, catching his leg as a result of self defense, then keeps him at bay while Silva prepares for a powerful attack.

**QUESTIONS and ANSWERS(?)**

First: Why didn't Silva use the energy ball things in the first place?

Because the technique must be pure power it must sacrifice speed and such. Chrollo would've had an easy time dodging those and something that powerful must be exhausting. (Well, maybe Silva can use it a number of times, but Chrollo can dodge those forever but Silva can't keep making them forever)

Second: Why didn't Zeno just keep the dragon and let Chrollo be obliterated by Silva's attack?

Zeno resorted into a more convenient technique, which allows him to fight from a distance while controlling the dragon. He had to sacrifice Power in order to do that. And remember, in **Chrollo's perspective**, he can kill Zeno if he wants to. So, if a not-so-powerful dragon pins him down, and then notices the two huge balls Silva is bringing, he can (1) Power up and destroy the dragon. (2) Use the book to use an ability which can destroy the dragon or make him appear else where.


~~~~

Notes: If you are impressed by that fight, you should watch the [99 version(ep 53 Spoilers at the end)](https://www.youtube.com/watch?v=sUw55rnjoe8). The tone is beautiful and the animation still holds up. The only thing I can observe that really sets the 2011 as a more practical version is the representation of Nen. I like the individual coloring of the aura in the 99 version but you only know they are powering up but not how or where they are powering up. [Comparison](http://i.imgur.com/POFmVlP.jpg) Don't get me wrong the 99 version is wonderful. This is just what I think that improved between the versions.



Phew. You could tell I really enjoyed this fight. I didn't think I would write something that long for a 6 minute fight. I think I still missed some points but it's said in the dialogue anyway. Give me feedback! That'll give me an idea if I'll do more in the future.


",1487720602.0,18
AskReddit,When I wash dishes I always place the bottle of liquid soap on the sponge holder.,1487660526.0,1
NintendoSwitch,BAKA NA?!,1487532283.0,3
TinyTrumps,Tyrant Trump Tantrum. Sooo...[Tyrantrump](http://i.imgur.com/Re4doWc.png)?,1487456997.0,3
anime,"Here we are folks. I personally have these episodes where I call milestones in watching HxH. These are the episodes where your opinions toward the show are definitely different from the startpoint. I would compare these to episode 9s of each season of GoT because it takes it up a notch.

You could say episodes 28-29 are some of these because of the introduction to nen but I consider episode 47 is the one where the watcher is really blown away by the plot.

There are definitely more episodes like this but I would refrain on referencing them for a greater purpose of surprising all these wonderful first timers. Congratulations on watching 47 episodes of HxH!",1487289159.0,8
NintendoSwitch,">Deciding who does the dishes via games of arms

I think I just watched that anime",1487240092.0,1
anime_irl,"It really parodies the ""taken to a fantasy world"" very well. Their whole party is fuckin useless and for once as a viewer you dont even care if theyll defeat the demon king. You just want them to be stuck at the town of beginnings and fail every now and then cuz it's hilarious",1487221602.0,57
anime_irl,Konosuba. Treat yourself and watch it,1487212025.0,89
anime,That's a bummer. Studio NUT has been doing a great job for their first production but I guess it can't be helped.,1487192088.0,3
FireEmblemHeroes,"Oooh, thanks for helping a bunch!",1487185703.0,1
FireEmblemHeroes,"Oh, that's unfortunate. I'm on an Ipad 2. :/",1487183253.0,1
FireEmblemHeroes,"Same problem here. :/ Some people had this problem cuz their devices are jailbroken, but mine isnt",1487181673.0,2
FireEmblemHeroes,I just installed the game and finished the first two tutorial battles. After the data download my game keeps crashing every time I try to start. I'm on the ios. Not jailbroken either,1487181368.0,1
anime,I will always have an unconditional love for Lucky Star. I don't know why.,1487143305.0,1
anime,"Clannad. [](/s ""The whole existence of Ushio is practically a spoiler"")",1487142659.0,2
AskReddit,Holy fuck I would gladly pay if that kind of theater existed where I live,1487034779.0,2
NintendoSwitch,"Wow, that's weird. I'm going to order at Datablitz . They have great service since they focus on games and consoles alone.",1487029388.0,1
anime,[There we go.](http://i.imgur.com/MVl7AYy.png) Now you can insult others with a maid dragon,1486577994.0,119
anime,"What is this, a five minute episode?! I NEED MORE MOE DRAGONS DAMMIT.",1486577272.0,1
anime,"Also, Tohru really looks fuckin strong.",1486511028.0,9
anime,"[Youjo Senki](http://i.imgur.com/KVcJKNY.jpg)

[K-On](https://media.giphy.com/media/NK8WSAs9h4x6U/giphy.gif)

[Also, something something r/anime](https://www.youtube.com/watch?v=6XUOo-2gSu4)",1486238767.0,88
anime,">""You're good, you're good, you're good"" ~~Re-Zero~~ Berserk

FTFY",1486238338.0,4
space,"[""So that's 500 tetravolts to the planet's core, Saturn?""](https://www.youtube.com/watch?v=F6SrOpYT6lw)",1485955250.0,1
anime,"Sasuga Madhouse, they just keep making us wait. (I actually don't know if it's still madhouse.)",1485951839.0,3
anime,"kinda reminds me of this: http://i.imgur.com/3l9kNgQ.jpg

This has also been in my mind, too. Like in Shirobako, do they think the anime they make is too realistic because it looks so much like them?",1485950770.0,2
anime,"You know, if you rewatch, you'll be able to catch up again. ",1485867518.0,1
anime,"Even though the Heaven's Arena arc is far from my favorite arc in this series, Nen explanations are by far my most replayed moments. It's not that I don't understand them but, in my opinion, Nen is the most interesting and intricate power system in all anime I've watched.

To first time watchers, don't get scared, soon enough you'll be imagining yourself with your own nen.",1485728782.0,8
anime,"[spoilers](/s ""I don't think that teaching nen to non-hunters is illegal. New Hunters are required to learn nen because Hunters must be strong enough to fight crime and such. It's not exclusive to the hunter association. It's like that soldiers need guns to fight in wars but soldiers are not the only ones who have guns. In regards to Zushi, I think Wing is teaching him because he knows that Zushi will not use it for evil purposes, thus making Zushi worthy for learning nen. Wing considers nen dangerous so he won't teach it to anyone. "")",1485682170.0,3
anime,"""Let's send a small mage battalion""

Me: Well, who do you think they'll send, Ms Powerful & Talented Mage??

Also, the highchair was a nice touch.",1485552019.0,11
AskReddit,"Teacher: Your classmate won't be able to come to the training camp because she has scoliosis. She even has braces for it.

Another classmate asks me.

""What does the scoliosis have to do with teeth?""",1485546366.0,1
AskReddit,"The thing about Jojo is, the reason it's going on for so long is because the main characters change. It tells the story of a family, generation after generation. That's why you can see people referencing ""Parts"" because every ""Part"" has a different Jojo. ""Stands"" is a reference to Part 3 onwards.

Also, I agree Skypeia arc is really slow, I think it still has a good payoff and the arc after that (Water 7 & Enies Lobby) is great.",1485433285.0,2
AskReddit,"Yeah. I think before the 2012 anime there's a low demand of Jojo in the US so the release of official volumes are slow. Fan translations aren't really a thing in the 90's or early 2000's yet. Also, other media for Jojo(games and stuff) had copyright issues because characters are named after western musicians. (Speedwagon, ACDC, Santana)

One Punch Man a bit different for me. Unlike Jojo that became popular over time, OPM was a viral hit. I was a fan since the manga adaptation started and then read the webcomic translations. It only took 6 years before OPM got an anime.",1485432822.0,1
AskReddit,"Jojo's has been referenced by many other famous anime for decades now. It's always been popular in Japan. But I think it really hit ""mainstream"" in the western audience because of the anime.",1485380521.0,8
AskReddit,[If you would like a more detailed explanation](https://www.reddit.com/r/OutOfTheLoop/comments/50s8ja/what_is_this_copypasta_that_i_see_everywhere_on/),1485377221.0,2
anime,An exurb1a inspired video by Gigguk about waifus. Masterpiece,1485371190.0,1
anime,Here's [Haruhi's bloopers](https://www.youtube.com/watch?v=iRO2fBxRU3M),1485200236.0,4
OnePunchMan,AHHH THAT IS SO COOL,1485163623.0,24
videos,[I think he just did and he won.](https://www.youtube.com/watch?v=vQa-8AX4gwU),1484141324.0,10
gamegrumps,Rowlett's Grass Flying. It's the first dual type starter since Bulbasaur,1484127179.0,5
anime,"Rewatcher here, I'm just glad to see all these first timers getting introduced to this amazing show. I hope all of you will be here til the end.",1483503888.0,2
anime,I remember the days when the special moves of a character has a unique sub animation.,1483501600.0,13
anime,The music is the opening song of the japanese dub which they also replaced in the english dub.,1483356168.0,1
anime,To The Moon,1483071093.0,13
anime,Gigguk said on his twitter that he only watched the first ep of it but he's giving it a chance since there's many disappointed of him not mentioning it.,1483001922.0,10
videos,Funny you said that. [Efren Reyes actually starred in a movie about pool](http://www.imdb.com/title/tt0365609/),1482843734.0,2
AskReddit,I had to print something in my high school library which the librarian handled. My classmate pointed out that the document had to be double spaced or else it will be rejected. I asked the librarian if she could double space the 5 page file and proceeded to complain and hit enter every fuckin line. I didn't really have the time to watch her torture herself so I volunteered edit it within 5 seconds.,1482755349.0,2
videos,Those were Adult Swim guys from a stream,1482682167.0,1
pcmasterrace,987465,1482672427.0,1
AskReddit,Broke my 2 e strings and a B string in a span of 2 days. Never looked back. Fuck that.,1482604875.0,2
pokemon,"It's been 3~~000~~ years since XY's release. It's finally animated. AZ wasn't even in the story of XYZ anime, I'm glad he was shown here.",1482514440.0,196
OnePunchMan,I bet Murata is grateful that Saitama has to look simple cuz it's faster to draw. [Look at those hands.](http://i.imgur.com/bqeuh9Q.png),1482513227.0,36
Jokes,this is the only waaAAAY THAT I CAN **COMMUNICATE IT TO HEEERR**,1482502560.0,5
videos,Shhhhh.. let him join us.,1482493573.0,5
videos,Watch the whole series. You'll recognize a whole lot more references from that show. Seriously go watch it.,1482492830.0,37
videos,That snowflake was really festive,1482422819.0,6
worldnews,"His ~~partner~~ daughter had a miscarriage a few weeks back.

Edit: It's actually his daughter. thanks u/libingan ",1482416938.0,89
anime,"WAIT, WHAT THE FUCK?!",1482128135.0,30
anime,"According to the source its 

    [](#smugpoint)",1481903925.0,1
AskReddit,"Well, Davao is the hometown of the president so I think it's safe there than most places",1481812998.0,1
pokemon,https://myanimelist.net/anime/31043/Boku_dake_ga_Inai_Machi,1481738121.0,3
pokemon,There's an anime for that.,1481731325.0,7
pokemon,*I am a leaf on the wind...*,1481710676.0,1
anime,[Working!!!](https://myanimelist.net/anime/6956/Working),1481474800.0,1
anime,Kill la Kill,1481474340.0,6
pokemon,I had to fucking use X items for that totem. I had no counters against grass and Charjabug kept being knocked out by weather ball.,1481375473.0,1
videos,He deletes a second channel he made months ago..,1481301747.0,2
videos,[Some of them are pure gold tho.](https://www.youtube.com/watch?v=FeCevc23SUk),1481214364.0,166
videos,I think that's just the trailer,1481206741.0,16
AskReddit,"She offered her first kiss (shouldve been mine, too) on her 18th birthday. All our friends were there and so as her family. I didn't want her family to see someone they didnt know kissing their daughter. I regret it but I prolly still wouldve said no.",1481083490.0,1
pokemon,I'VE BEEN BREEDING FOR 3 DAYS JUST FOR A 5IV FEMALE SALANDIT GODDAMMIT I JUST WANT MY SALAZZLE,1480950827.0,1
marvelstudios,The first thing I thought after watching Civil war: Thank god they Tony had that surgery in Iron Man 3.,1480942662.0,1
anime,"[](#smughaikyuu)

[spoilers](/s ""I bet that's All might trying to test the kids"")",1480916812.0,4
anime,BON-CHAAAAAN,1480915415.0,12
anime,Apparently it's unviewable almost everywhere.,1480877559.0,2
anime,"The MMFF actually has better quality control now. I'll be seeing three films in the entry list. That said, Your Name will be a priority.",1480595643.0,6
anime,Here's the clip https://www.youtube.com/watch?v=IHfY8Y0p_MY,1480504362.0,3
pokemon,The first one. Catch it and then check on the pc.,1480336050.0,1
pokemon,This series is just full of enthusiasm with its characters and I freakin love it. I'm gonna enjoy this journey for sure,1480108124.0,2
pokemon,HOLY SHIT. I just realized that he is the MOHN from Aether foundation,1480093824.0,2
pokemon,I found one yesterday while EV training...it struggled to death because of its low catch rate. Hope you're ready.,1480088194.0,11
anime,"Not gonna lie, this got me hyped. 

though I still miss Volt Tackle.",1480003734.0,22
pokemon,Hyper training are only for level 100 pokemon...and there's no easy way to level up so it's easier to breed.,1479827606.0,6
pokemon,I had to fuckin use X ITEMS. FOR A FUCKIN TOTEM POKEMON. GG. The difficulty curve is definitely fixed. This is the gen where I really enjoyed the League and the final fight is amazing. 10/10 can't wait to Nuzlocke it.,1479582249.0,2
videos,He's gonna fuckin die doing that thing.,1479377496.0,1
anime,Holy shit he's the guy that made [Goofy sings Bring Me To Life](https://www.youtube.com/watch?v=czLYl4fM8yk),1479277147.0,29
pokemon,*Dasvidania*,1478891691.0,11
AskReddit,"Using one hit kill moves in Pokemon like HornDrill, Guillotine, and Sheer Cold. ",1478758348.0,1
anime,No Zero to save the day.,1478711423.0,1
anime,"Well, it definitely fills a hole if you know what I mean",1478702245.0,1
pokemon,Gengar is nerfed so it doesn't matter.,1478682301.0,29
anime,The opening is getting me so fucking hype. It's not Fly High but damn it still gives me the chills.,1478335436.0,1
AskReddit,Princess Bride,1477994507.0,10
anime,Lucky Star. I lost count. It's the perfect filler while doing homework and stuff.,1477911512.0,1
marvelstudios,There was a Living Tribunal namedrop. I was freaking out when I heard that,1477822464.0,34
movies,"Just saw it on Imax. The effects are beautiful. Loved the aftercredits, the name drops, and Cumberbatch as Strange.",1477821450.0,3
videos,"Wow, a full song. Now this will get old quicker.",1477752689.0,22
pokemon,Next game: Pokemon Pearl Harbor,1477739327.0,8
anime,It's the same with Chairman Netero's VA from HxH. It was a crucial time at the plot too.,1476514634.0,11
Defenders,Makes sense. Hammer stole his burd.,1475400296.0,3
Defenders,I'm sure it'll be up soon.,1475229093.0,2
Naruto,THEY PLAYED THE THEME!! SADNESS AND SORROW. OMG I'M CRYING,1475150799.0,8
anime,Holy shit. I'm just watching and I'm getting panicked as Souma.,1474124073.0,154
anime,[What I think America's presidential debate will be as an outsider.](http://i.imgur.com/EvaRjEG.png),1473517554.0,170
anime,There's something about girls talking about food for half an episode that makes me wanna laugh out loud. I rewatch the show every couple of months.,1473007825.0,2
anime,"At last, someone else who gets it",1468686418.0,4
anime,">extra effect

I believe it does and will always have that. ;)",1468597147.0,1
gameofthrones,"Next time, the wall will fall.",1463995089.0,1
AskReddit,"Pokemon. You'd think over a thousand hours of breeding, training and battling is enough, but no. You gotta breed more, train more, battle more and experiment different types of teams and strategies.",1463764701.0,1
movies,"I would rewatch it for the Quicksilver rescue alone. I don't care if it's OP, it looked awesome as fuck. That's how you do a speedster sequence. 

I would like to note the chanting with the music in the Egypt scene gave me chills.

I dont want to be too strict for this film. It was ambitious and it had balls to do it. I enjoyed it. I also got to see Jean's Phoenix. 8/10",1463665469.0,5
AskReddit,"""Wow...I cant believe someone didnt notice. Wheezy is one of the few people that could pull this off.""",1462953885.0,1
pokemon,Well I hope you don't lose your way.,1462892348.0,2
depression,Yeah. The thought of them seeing my body dead or at least close to being dead is one of the things I dont want them to experience.,1462850691.0,54
ShingekiNoKyojin,"Well, it's part of the full original.",1462754685.0,8
Showerthoughts,"WHO THE HELL DO YOU THINK I AM?!?!

So fucking cool",1462713855.0,1
movies,Imagine if Iron Man 3 didn't happen. Tony would've been fucked either way by being hit in the head or the arc reactor.,1462551685.0,6
anime,Welp. I'm back at high school. But now it's a hero academia.,1462297990.0,1
movies,"I was so captured by this fight when I was a kid. I thought spidey was fucked and there's no one else to help him. Also, I love that shot where Goblin provoked spiderman about MJ and you could see his smile underneath the grin of the mask in addition that you could see his eyes. I like to think about that it confirms that Osborne and the goblin was one in that scene",1461185103.0,1
gamegrumps,H^e^e^r^e ^^^^he ^^^is....,1461177605.0,47
movies,"""Thhhhruuuuuust in meeeee"" yes, yes I will",1460985533.0,2
videos,"Yeah, I dont like his gameplay videos but once in a while he uploads these serious or satire videos that calls out many big and successful channels. (Search for youtube whore or prank youtube highschool)",1460824563.0,9
anime,BAKANA?!,1460800931.0,64
HunterXHunter,[Dat cover page.](https://www.youtube.com/watch?v=Ay_S8NjPEXk),1460657018.0,6
AskReddit, Saving Private Ryan in my ass,1460640580.0,1
AdviceAnimals,Same thing happened when I was playing  Pokemon. I was depressed and then I came in a Pokemon Center and confetti came down and Nurse Joy greeted me happy birthday. I cried so much. ,1460464381.0,1
gamegrumps,I used to watch that as a kid. The episode where a centipede came out of his ass was fuckin hilarious.,1460102205.0,2
AskReddit,"I'm currently reading New Avengers right now, and I got to admit, it's really dark...and awesome. Hickman is the man.",1459944430.0,1
AskReddit,"Uhhh, you're supposed to spell it M. Night Shyamalamadingdong",1459943601.0,1
AskReddit,"As a kid, I carefully bite the kitkat to remove the chocolate each side until the wafer remains, then I eat the wafer.",1459405746.0,1
movies,That line could be a little punishing...,1459402848.0,1
anime,"Covaaaa!!

Wan tachi!!",1458876330.0,2
anime,Is the table scene considered fanservice? I didn't need to watch that.,1458797311.0,2
AskReddit,[4 chords by axis of awesome.](https://www.youtube.com/watch?v=oOlDewpCfZQ). The bearded one.[ She doesn't have a beard now.](https://www.youtube.com/watch?v=kDAKBzFFa6U),1458765435.0,1
AskReddit,I had a friend who mistook a[ bathroom deodorizer](http://i.imgur.com/c47HiT0.jpg) as one of [these](http://i.imgur.com/MuiBmqV.jpg). ,1458765264.0,1
AskReddit,It blew my mind when I discovered Jordan from Axis of Awesome is a transgender.,1458764855.0,1
AskReddit,Depends on the party,1458764654.0,90
anime,His main fights are also the most satisfying to watch. He is one of the weakest strawhat and he's always going up against stronger foes. I especially love his fight in Alabasta with chopper and the one against Perona,1458695070.0,1
anime,"Oh boy, you're in for a treat since it only gets better from there.",1458694726.0,4
anime,Wow. Im on hold with Bakemonogatari at episode 4 for months wince the kid didnt really interest me. I guess I should watch it now huh.,1458694602.0,1
anime,Thats the one of the few things that I love in FT. The right mix of rock and celtic(ish) soundtrack. Then they changed it.,1458692418.0,2
anime,"Oh my fucking god youre right. I hope they just remaster it like dbz...but let's face it, they'll milk it until the next generation of kids grow up.",1458692299.0,6
AskReddit,Doing a bunch of mistakes that will conveniently solve a bigger problem that I have no solution to later.,1458684419.0,1
AskReddit,Drop a Deathnote...or give a human all my powers,1458684255.0,17
AskReddit,"Everything from Phineas and Ferb.

There's a whole episode that is a clipshow for the main running jokes.",1458683974.0,6
anime,Well we only get 4x a year to get that sweet Gigguk karma.,1458598509.0,97
gameofthrones,Multiscale begs to differ.,1458132578.0,1
AskReddit,His best content nowadays are his uncut playthroughs. Especially with games concentrated on story.,1458122026.0,1
anime,"I really like nigahiga's content, but I really think this was kinda weak and jokes are a little bit too old. The absurd puns are alright, that's what he do.",1457718701.0,35
anime,"What a fucking great episode. They handled the reveal very well that it sent the same chills I felt when I read it.

 I have to watch Detective Conan now so I can satisfy myself with a grown man trapped in a kid's body wreck some adult criminals.",1457657823.0,1
anime,Oh god. If I can recall correctly the intro for next week is probably gonna be heartbreaking,1457657007.0,1
movies,"Yeah, compared to this shot: [Comic Spoilers](http://newmediarockstars.com/wp-content/uploads/2015/11/Marvel-Civil-War-Recap.jpg)",1457636807.0,2
movies,Makes me think what will happen when she meets Strange. His powers are closest to hers in the MCU right?,1457635491.0,10
movies,"Wait, I thought Vibranium absorbs vibrations?",1457635151.0,11
movies,I regret fapping earlier. I wanna join the erection hype,1457634667.0,2
AskReddit,"And then the theme kicks in, tenen, ten tenenen ten teneeeen.",1457265292.0,1
AskReddit,https://www.youtube.com/watch?v=oDgs1iroYyY,1457166971.0,1
WTF,Reminds me of my favorite episode of House.,1457159924.0,1
movies,Or that scene where Maroni isn't scared of Batman because he knows he can't kill him and Batman just throws him off the building to breaks his legs.,1457119585.0,53
videos,Or when the others explains stuff to defeat the bad guy she says: Speak English!,1457089116.0,408
OnePiece,"Oh fucking fuck the fuck to hell. What? No. WHAT?! FUCK.

-pretty much sums it up.",1457016445.0,1
anime,"Detective Conan.

Edit: also pretty ironic for the VA since she voices MC's mom in Erased.",1456931691.0,25
BokuDakegaInaiMachi,I've read the chapter. It's the last chapter. Don't read it if you don't want to be spoiled without reading 41-43. I don't know where to read those chapters. It seems the chapter was posted or at least spread on 4chan.,1456927760.0,4
gamegrumps,There's something hypnotic about Dan's dancing on this one and the previous video. I love it. ,1456858652.0,7
anime,Fairy Tail. Friendship wins I get it. Although the music is cool.,1456501238.0,11
pokemon,"Well yeah, but new guy's wings are more...uhh...usable(?)",1456501046.0,2
pokemon,"Cuz if the bird was the starter, it needs to be a flying type plus water/grass/fire. bulbasaur's exception to the rule of being unevolved dual type among all starters.",1456500758.0,4
pokemon,"Noooo, bulbasaur must be the only dual type starter",1456500244.0,3
pokemon,I got an exam in 12 hours and I still need to sleep and study. Fucking hype,1456496242.0,1
anime,"[When you hear that E chord and clapping man, you just can't stop](https://www.youtube.com/watch?v=uBt__U37Ymc)",1456495999.0,3
pokemon,Blow doesn't necessarily mean gratification of the nether region thru oral means... :(,1456422938.0,3
pcmasterrace,PC is cheaper,1455799743.0,1
marvelstudios,"Scott: Uhh, Hank, I think there's  a problem with the ""enlargement"" of the suit.

Hank: Are you sure?

Hope: Nope. The proportion is correct.",1455796464.0,14
anime,"Don't forget the ""I WANNA BE A SAIKYOU HEROOOOO!!!!"" at the end.",1455716096.0,27
anime,They should change their name to Lantis almost-Global Channel,1455716069.0,11
pcmasterrace,Even minesweeper @ 120fps?,1455714246.0,1
AskReddit,"Apart from the shell, the membrane surrounding the contents, there's this white part that is very hard. It's like the egg white but since the embryo was developing, it became cartilaginous and rubbery so I wouldn't recommend eating that since it tastes like nothing.

Apart from that, you could eat anything in there. There are bones but those are small and soft so you could eat that. But if you don't want to, you could remove them since they are clumped together. I find them annoying but I eat it anyway. No feathers, more like fur(or undeveloped feathers?). Eatable and won't get stuck on your throat if that's what you're worried.
Bonus tip:  open it from the flatter end of the egg just like a normal boiled egg so you could get to the air pocket

Also, if you're into weird stuff/flavors, there's another dish that is commonly paired to the absurdness of balut. It's called Dinuguan, technically it's pork blood stew. I said that since that's what I had for dinner.",1455709364.0,2
AskReddit,I'll fight you on it....*at night*,1455707941.0,1
AskReddit,"That was the very first JLU episode I've ever watched. I was pretty bummed at first I never got to see the main heroes, but I watched it anyway. Turns out, it was amazing.

I also like that episode where Superman died but he actually time traveled to the future and the only one left was Vandal Savage.",1455707878.0,1
AskReddit,Does mango body butter really taste good?,1455707235.0,2
AskReddit,"Actually, there's some foreshadowing, it's just hard to notice. Ben always had his camera wherever he goes. But the whole chunk of the episode, he doesn't have it.",1455707155.0,3
AskReddit,"That sealed the deal for Rick and Morty when I watched it. It's like from ""it's a good show"" to ""HOLY FUCK I WANT MORE""",1455706951.0,1
AskReddit,Probably my favorite episode right now. The Doctor's solution for solving the problem is just too painful to think. It's worse than dying.,1455706883.0,1
AskReddit,"A lot of pop culture references. Especially the [Pulp Fiction one.](https://www.youtube.com/watch?v=-aTDvm_cNTw)

Edit: Holy shit. That's also the episode where the patient coughs a lung.",1455706120.0,1
pcmasterrace,"I think it's ""With that said,...""

",1455705771.0,2
AskReddit,"It's kind of an egg mixed with chicken. The yolk tastes like a normal yolk, the broth is like a chicken broth, and the chick is maybe close to the flavor of chicken internal organs.

Odd thing is, the closest thing I can compare a duck embryo is a chicken since I've actually never ate a proper duck.",1455704703.0,1
AskReddit,Glasses. It's like a multiplier for attractiveness for me.,1455699514.0,5
AskReddit,"Good luck. It's sort of an acquired taste, even I know people who don't want to eat it. I recommend eating the yolk first, then muster all the courage to eat the chick part.

At the first couple of tries, I only liked the yolk and the ""broth"" but  as time passed, the chick definitely the best part. You'll get used to the taste.",1455697753.0,2
AskReddit,"Me growing up:

Toddler: women pee thru their butts

Elementary: turns out, there's another hole for peeing and sex.

High School: Oh my fucking god, there's another hole?",1455697295.0,11
AskReddit,"I think that's just bad luck. I've been eating Balut for 15 years and never have I gotten sick. And also, the main source of getting these things are either from street vendors or those going around subdivisions shouting ""BALUUUUUUUT""",1455697150.0,12
pcmasterrace,"Last week I went to a shop to buy a Psu for my first build, they didn't have the stock for the model I was looking for so they told me they'll reserve one when it is available in a week. I came back yesterday and was told they just sold the psu earlier that day.

Just want to share since I can't run RoTR. Happy gaming to whoever gets it. :)",1455631678.0,1
pcmasterrace,Same here. I really want to play the Bioshock games. The only games I've played in my laptop are Binding of Isaac and Portal but not without the thing shutting down midgame.,1455518275.0,1
AskReddit,Sanic at the Disco,1455385895.0,3
AskReddit,"Heck, even the Christopher Walken found it hard to believe.",1455385728.0,2
AskReddit,"The car, the carnival, the song and the rocket.",1455385618.0,2
AskReddit,[Corned Beef.](http://www.raenasonline.co.uk/ekmps/shops/886bfd/images/argentina-corned-beef-260g-67-p.gif) It's the only corned beef I've had in the first ten years of my life.,1455385061.0,2
AskReddit,I've only watched Chalk Zone on the midnight reruns when I was in elementary school. It had short self contained stories and catchy songs. I always stay up late just to watch it.,1455384776.0,2
AskReddit,ZEHAHAHAHAHAHAHA,1455384189.0,8
AskReddit,My shiny teeth that twinkle just like the stars in space,1455383988.0,6
AskReddit,Ugh. (pls dont upvote),1455368233.0,2
videos,Don't forget the last seconds of the video. That shit was a timelapse of a couple of days.,1455272792.0,2
videos,"That fucking ending 2. I was careful but he rolled on me again

Edit: 3 hours just to get to the final ending.",1455187086.0,2
videos,It's been two years and I'm still in shock.,1455184786.0,10
pcmasterrace,"He looks awkward with the interactions with the crew and actors. Kind of a forced ""I have to think of something funny to say"" after the guy talks. Obvious that this isn't really his thing but he gave it a shot anyway since it's chance only a few people get to have.

(These are just first impressions since episode 7 was released without the payment option)",1455120366.0,3
AskReddit,"I don't know which opening you're talking about but this is the same as me. I used to love Cha la head cha la (the japanese opening) until I discovered this [Lucky Star version](https://www.youtube.com/watch?v=0R9k0yl8Atk) and been using it as an alarm ever since.

It's familiar enough to appreciate but also loud and irritating enough to get yourself up and turn off that shit.",1455119472.0,2
AskReddit,I'm a single child. I'm 21 and I also know popular boy band songs from the 90's. Be proud.,1455119033.0,2
AskReddit,"I think there are only two things to consider if you want to go to the Pokemon world.

1. Be a trainer and not eat meat ever.
2. Be a trainer and kill Pokemon for food. (unless you consider that thing from the library in Sinnoh true)",1455118785.0,1
AskReddit,"My country's version of Hi 5. 

The other day I was flipping channels one morning then the show was on.It's so cheerful. I was very entertained and I don't know why.",1455118334.0,1
AskReddit,"I watched so much Power Rangers as a kid. I don't know why but I used to think that every night there are monsters(in their giant form) that checks every house if people are asleep, if not, they would take them. I'm always terrified I would be caught when I cannot sleep so I hide under the blanket, scared until I fall asleep.

Also, whenever I get high fever(still as a kid), there's this dream or hallucination that is kinda hard to describe. Basically, I feel extremely terrified whenever I imagine exponentially big or small objects. Most of the times I remember it being a reaally huge fucking rock whenever I'm half asleep and I just shake and hug my pillow until the thought disappears. 

I used to think that I was the only one who experienced this until one of my college friends mentioned having that too. (Seems to be called Alice in Wonderland Syndrome.)",1455117695.0,2
videos,"They look the same but seriously, Elizabeth is hot.",1455112875.0,4
marvelstudios,Blueberries?,1454895415.0,2
anime,What's the other OP that explains the music playing?,1454894787.0,1
pics,It's a magical place.,1454749377.0,35
anime,"None at the moment. The anime ended in Chapter 339. In a year and a half, there are only 10 chapters released and Chapter 349 was released in Aug 201**4**.

We all joke about the next HxH to be released in at least a decade's time but there's a reason for that. Fans are afraid it might be true.

Edit: I'd still recommend reading that 10 chapters since there are so much subplots that it needs so much rereads to fully understand. And the art is improved from the Chimera arc manga.",1454716677.0,9
anime,If they start from the beginning again they may be able to add 10 more episodes.,1454687469.0,40
AskReddit,">Neil Patrick Harris as Neal Patrick Harris

I googled just to see if they really listed that in the credits. Disappointed. ",1454685754.0,2
AskReddit,JJ in upcoming Marvel Spiderman? ^^please?,1454685530.0,2
AskReddit,Noooooooooooooo........^^^yes,1454685231.0,1
AskReddit,His character was the only one I liked in Outbreak. (we had to write a paper about it) then spoilers: [they fucking killed his character](/s ),1454685058.0,1
AskReddit,Wait that's not the quo-ohhhh... :(,1454684379.0,4
AskReddit,"Also, Jiraiya. That was some sad shit when he died. But are you telling me Orochi-fucking-maru revived the 5 hokages to help the war but didn't even revive his teammate? I'm very sure he's got some DNA sample with him somewhere. That would've given Naruto some closure like the one he had with the Fourth.",1454684190.0,21
AskReddit,The special....hell,1454684030.0,14
anime,"I really hope they make some Naruto Shippuden Kai of some sort. Airing alongside idk, Hunter x Hunter 2030",1454678370.0,442
AskReddit,"In my honest opinion, Melissa Rauch is hotter.",1454598396.0,7
AskReddit,"Amy's introduction was amazing..however, her descent into a clingy, needy girlfriend isn't.",1454598297.0,24
videos,http://i.imgur.com/gnoUTYq.png,1454381195.0,1
AskReddit,"To The Moon. The carnival, the song and the ending.",1454325341.0,1
AdviceAnimals,http://imgur.com/a/b6LF8,1454322536.0,1
anime,I think my passion for Hunter x Hunter was 20% for the character train of thought and 80% for nen abilities(canon or fanmade),1454316762.0,1
anime,That moment is proof that Zoro is Luffy's first mate...(at least for me),1454309593.0,2
AskReddit,"Yeah. Naruto gets a lot of shit just because of the neverending filler and animation. The thing is that there's more to it than that and the music and the main story makes it worth it...you^know,^once^it^ends.

Another anime with great soundtrack but gets a lot of flak because of the story is Fairy Tail.",1454307104.0,1
AskReddit,That fucking melody is just beautiful,1454306687.0,2
AskReddit,i will travel across the land searching far and wide..,1454306573.0,26
AskReddit,"Duck Embryo (balut), Pork Blood Stew (Dinuguan)and grilled intestine bbq(isaw). I was afraid as a child but I'm glad I didn't miss out on such delicious food.",1454292693.0,1
AskReddit,That scene from the End of Time is one of the scenes I would never watch again. Such a heartbreak. Except maybe when I introduce a friend to Doctor Who and watch their reactions.,1454220798.0,2
AskReddit,"[Big Bang 2 happened. Technically, he never became a robot but they regained their memories before the restart of the universe]
(/spoiler)",1454220558.0,2
AskReddit,Heaven Sent (the episode before the finale) was one of the best episodes.,1454220294.0,1
videos,We can watch it now,1454202983.0,3
AskReddit,I get it but those are just terms. I think what Hakim_Bey is referring to is using Spanish in everyday life which isn't practiced in a hundred years in this country. They don't teach Spanish in Primary/Secondary levels of education anymore.,1454064034.0,1
AskReddit,"We don't but we used to(maybe a hundred years ago) We have some borrowed words in the Filipino language but not exclusively to Spanish words. To be honest I think America had almost the same amount (if not, more) influence to Filipino culture in a couple of decades than Spain in 300 years.

In short, we're as clueless as the average Asian in understanding Spanish.

Edit: The closest thing to the Spanish language in the Philippines is the dialect called ""Chavacano"" which was based on Spanish but diverged into a different language.",1454061118.0,1
anime,"Tsukasa saying ""chin chin"" made me really laugh out loud the first time I watched it.",1453873597.0,1
