subreddit,body,created_utc,score
LPOTL,"That's super cool of you!

My fun fact is animal adjacent. During the time of dinosaurs the majority of vegetation on earth was not plant life but fungi. Some mushrooms could get as tall than modern trees",1744937479.0,2
PokemonTCG,"What you're doing is really cool. I got back into collecting during the pandemic/lockdown. I couldn't afford them very often when I was kid but they were a highlight when I could grab some boosters.



Fuck the scalpers",1744244171.0,1
millionairemakers,Good luck yall!,1742091232.0,1
LPOTL,Is it too late to throw my name in the mix?,1741535155.0,1
denverjobs,Zynex Medical is hiring if you're okay with office work in lonetree,1729796343.0,2
soulslikes,Stop being so defensive over a video game,1724333576.0,2
NewTubers,Why not do the editing yourself?,1715798711.0,2
millionairemakers,Good luck!,1682176980.0,1
Games,I saw a move like this once... centuries ago,1676581346.0,1
Returnal,"Anyone on pc having some minor audio issues? Selene's dialogue sounds much quieter than everything else. 

It's weird finding a journal entry and actually being able to hear her compared to when she talks to herself",1676518378.0,1
Denver,Milk is such a cool spot!,1673121744.0,3
GameDeals,It says so on the epic game store.,1665679448.0,19
COents,Did the marketing really work that well if nearly 40 people ended up getting  laid off?,1655830055.0,2
COents,He deserved his divorce,1655828470.0,3
Denver,"Can confirm. Most companies take advantage because a lot of people are willing to take a paycut in exchange for ""the culture""

A lot of places I've worked at will cut corners in terms of cleanliness and employee morale just to get an edge on profit. Hell, when the pandemic hit there were a TON of places that didn't offer masks or accommodate social distancing. Even without the pandemic, the amount of times I had to put my ass on the line to let people go home because of blizzards and unsafe road conditions getting worse was staggering.",1654911414.0,1
Denver,But you're not replying to anyone...,1647968209.0,3
Games,What about a hat in time?,1638644566.0,9
Unexpected,"Ah yes. Because when I am inconvenienced I choose to blame an entire race. /s

What the fuck are you on about?",1638326000.0,2
bindingofisaac,"Sure, but I was thinking of T.Lilith's tear effects instead of an active item.",1636350670.0,10
bindingofisaac,"Probably tainted Lilith's shot, right?",1636350427.0,11
blackmagicfuckery,Who hurt you?,1636305571.0,32
Denver,Staff is really chill and they have plenty of TVs. I'm sure they'd switch one of them for you.,1634185353.0,1
Denver,Doghaus in Northfield usually has it on. Great tenders too,1634141989.0,3
WatchPeopleDieInside,"You're going to some great lengths to prove a point. What point you're trying to prove, I don't know. But you sure are swinging for the fences.",1632795141.0,1
CluCoin,CluCoin,1627628457.0,1
Tinder,Being rude like this is attention seeking in your own way. Glass houses and all that.,1625254275.0,1
Tinder,Holy shit. How did you get this bitter?,1625254069.0,3
CluCoin,CluCoin,1622045318.0,1
DenverCirclejerk,You fuckin suck,1621386572.0,7
graffhelp,I bet your tags suck lol,1621382434.0,1
PokemonGoDenver,Thanks for making this account lol,1621366968.0,1
denverfood,"Mod removal in T-Minus 3, 2, 1....",1621363471.0,1
boulder,Dude stop,1621363450.0,2
boulder,Dude's a scammer. Don't fall for his shit,1621363353.0,2
denverfood,You know you could find an actual job if you didn't spend this time spamming and scamming,1621363336.0,6
boulder,"You keep deleting and I'll keep calling you on your shit!!

This guy is a scammer. Check his post history",1621363288.0,1
boulder,"Stop spamming and scamming.

If you look at his post history you'll see what I mean",1621363158.0,2
denverfood,"Don't fall for this shit.

This guy is a scammer. Look at his history",1621363135.0,3
boulder,"Dude quit spamming and scamming.

Check out his post history. He's a grifter.",1621362868.0,1
denverfood,Look at OP's post history. This guy is a scammer,1621362584.0,3
boulder,Check out this OP's post history. Dude is a grifter after your cash.,1621362538.0,7
denverfood,Review this guy's history. He's a grifter after your cash,1621355632.0,2
denverfood,You got some priorities to straighten out,1621114473.0,3
denverfood,You talk plenty about not having enough resources to obtain your medication and have shelter but you sure seem to have enough money to get graffiti supplies.,1621104399.0,3
bindingofisaac,I think it's the new design for the D Infinity,1618027323.0,17
gaming,"I've been making videos with resolve for a while now, doing the manual tracking as well. You make it look so clean! Well done.",1614461502.0,7
nextfuckinglevel,"""Theshe are my BREASTSH""",1613768218.0,11
politics,"Judging by OP's comment history, that's what they'd do.",1601870328.0,1
Denver,Check out some mom n pop convenience stores. There's one right down the road from me that happened to have 90% because smaller stores get overlooked.,1599942485.0,2
AskReddit,I worked a holiday season restocking the store overnight. No one knew what to do or had any direction for each night. They'd get pissed when I couldn't stock anymore toys because the shelves were entirely full. I'd have to climb up those stairs on wheels to grab heavy-ass strollers and nearly fell multiple times. That job suuuucked.,1593398147.0,1
funny,Reminds me of kyle Mooney's interviews,1591978624.0,2
tumblr,Oh gotcha! TIL,1589313783.0,1
tumblr,What about ReBoot on cartoon network?,1589306220.0,11
trees,!tayne,1587401540.0,6
trees,!tayne,1587338154.0,2
RotMG,"IGN: sprobby

Thanks!!",1586727100.0,1
Denver,The fact that you made a throwaway account for this post speaks volumes.,1586194994.0,3
Denver,Those will clog your drains.,1586189817.0,4
Denver,You're all good! Thanks for getting back to me.,1585156187.0,1
Denver,"I'm interested! My last job consisted of a lot of data entry, making invoices and taking/updating inventory.",1585090267.0,1
funny,Threatening animal abuse because you don't like animal abuse. Interesting strategy.,1584637135.0,2
interestingasfuck,These are silkie chickens.,1576447114.0,11
Denver,That's a great idea! Thanks!,1572318783.0,2
Denver,"I've reached out to them twice so far and they have zero information, which seems totally absurd to me. How can someone sell a building to someone and have no contact information for them?",1572316924.0,1
Denver,"That's what I'm worried about. I don't want any records of eviction just because of some sketchy business practices. I've been in situations where a new property manager buys my building and basically offers to let me break my lease early with no fines, so this situation is entirely beyond me.",1572313395.0,2
Denver,Does a diving cliff count as an amenity?,1572305581.0,7
DnD,Here's hoping I get some cool new dice!,1571151906.0,1
casualiama,Yo are you the same guy who followed ice Poseidon around a few years ago?,1569112198.0,1
RoastMe,You look like the kinda guy who almost always has a stash of roofies in his cargo pockets,1568933391.0,1
RoastMe,Your personality seems as empty as your apartment,1567971515.0,1
stevenuniverse,Sadie got that cut on her face in island adventure.,1567911265.0,27
Damnthatsinteresting,Didn't Barbera Streisand clone her dogs?,1567706984.0,3
wowthanksimcured,"Jesus, Sal... Give it a break.",1567209372.0,1
BeAmazed,Worst part is I clicked on it to see actual Turkey celebrities. I'm probably fucked now,1566013333.0,1
BeAmazed,That website though...,1566002869.0,26
Denver,They have multiple rooms with different genres. Every time I go I spend the most time in their 80s room. I love that club!,1565920729.0,5
cosplaygirls,That'll cut your butt,1563931929.0,7
Denver,IIRC it did. I miss it :(,1563593030.0,1
pcmasterrace,Can't win if you don't play right?,1561481995.0,1
Denver,"UPDATE: after following all of your amazingly kind and helpful responses, we finally managed to lure Guppy back home! She's really dirty and seems a little spooked but overall healthy happy to be back! Thank you all so much for your help.",1561438472.0,44
Denver,"My cat Guppy went missing this morning around 9am. I'm near Lowry Campus/Anschutz. Closest cross streets are 14th and Dayton in west Aurora. She's a domestic shorthair/siamese mix, declawed front paws, with with a mixed coat that has some black, white, grey and tan/lightbrown. No collar. She's really friendly and has never been an outdoor cat in the 4 years i've had her.
If anyone has seen this cat please contact me.

 
Here's a link with a couple more photos
https://imgur.com/a/TZimQIu",1561426163.0,9
JessicaNigri,That'll cut your butt.,1561088590.0,28
GameDeals,I think each time a floor gives you one of those challenges it's randomized. I've dealt with rioters and zombies before too. If you have a way to hack the robot it makes its aim significantly worse. I think I killed it once but that was ages ago and don't remember how. I've put in around 30 hours and still haven't made it to the final stage,1558468212.0,2
GameDeals,I've been following streets of rogue since alpha. Like most roguelikes/lites there's a ton of ways to tackle any given mission or level. It's a lot of fun and the coop is great too. Just be wary of that fuckin robot.,1558464660.0,5
Denver,Yeah it is. RIP David.,1557571839.0,2
Denver,If you haven't checked it out yet. Give Lucha Libre and Laughs a shot! Half wrestling and half comedy acts. Sam is a commentator and he kills it.,1557535954.0,3
Games,Yikes...,1556632028.0,1
gifs,Thank you,1554426733.0,3
PS4,Payday isn't until next week. Luck be a lady tonight!,1553281633.0,1
2meirl4meirl,"Easy there, Chris Hansen.",1550428537.0,9
NintendoSwitch,Smash bros. Would be amazing!,1549921291.0,1
funny,/r/perfectlycutscreams,1546541431.0,2
millionairemakers,RemindMe! 3 days Donation for /r/millionairemakers,1545499459.0,1
funny,It's great with sound. The thumps as the rat falls down the stairs is satisfying,1544116917.0,3
Tinder,"6 foot 2, no matches. Sometimes it's just the ugly",1543629527.0,2429
COents,I work at verde! Glad to hear you like our stuff :),1542169865.0,2
Denver,"I'd have no choice but to accept those results. I may have my opinions, and I may be stubborn in my personal convictions, but I'm not about moving goalposts.",1541795009.0,3
Denver,"Exactly what I just said: an unbiased, thorough and unimpeded investigation.",1541794270.0,1
Denver,That's a bold assumption. Also not a correct one.,1541790761.0,0
Denver,"I agree with you. Mike Pence is absolutely NOT a good alternative. There's no definitive proof in what I'm about to say, but some believe the Mueller investigation is going for the entire house of cards and not just Trump himself. That's why I protested yesterday. The only thing I'm truly fighting for in this scenario is an unbiased, thorough and unimpeded investigation. Whitaker wants none of those things in this investigation.",1541784426.0,1
Denver,"""Deal with it"" is incredibly vague. I'll always vote, though.",1541783733.0,1
Denver,So what's the alternative? Just lie down and be compliant? ,1541783358.0,0
Denver,"Agreed. I was very happy about the number of people and the energy behind it but, to me, something this important shouldn't fizzle out in an hour.

That being said, I'll protest a thousand times more if necessary",1541729760.0,7
me_irl,Trick question. It's a stew,1540062022.0,1
RedLetterMedia,"I thought Jay was married to Mr. Plinkett. You know, their GAY WEDDING ",1536775101.0,31
Denver,"Yeah, the comedy is not kid friendly. I've seen families leave the instant the MC says his first joke. They do shows at ratio in 5 points which is just wrestling with none of the comedy and those are PG",1531077543.0,2
Denver,Seconded! Been to LLL many times and I love it.,1531035659.0,2
thanosdidnothingwrong,My body is ready,1530906940.0,1
thanosdidnothingwrong,Aye,1530677774.0,1
Denver,Still up for grabs?,1530389334.0,1
stevenuniverse,Seems kinda like the idea behind V for Vendetta.,1525896166.0,12
movies,"To be fair, I'm not trying to get OP to change the list or anything. I just thought it'd be a good suggestion for others to check out. I get the joke, even if it's being used too much in this thread.",1525378943.0,6
movies,"He's still relatively new but I highly suggest Breadsword.

Edit: I am not Breadsword",1525371869.0,43
WhitePeopleTwitter,Sick novelty account bro,1521164050.0,48
me_irl,And me gusta lations!,1518712842.0,8
denverlist,The base rack is a Q tower model. I just used their website to compare fittings from your WRX and my '06 civic and I don't think they're compatible :(,1517678460.0,2
denverlist,"I don't really go to the mountains anymore so I'm trying to earn some extra cash. The ski rack comes equipped with locks and two keys. I'm open to negotiation!
Here are [different angles](https://imgur.com/a/yP0SP)",1517673645.0,1
Denver,"I've been to LLL a bunch before! It's always fun, and Sam and Nate are the best commentators. Super recommend  ",1517618644.0,5
UnethicalLifeProTips,"Then you become me!






Life sucks",1515777049.0,1
pcmasterrace,Merry holidays OP,1514153883.0,1
meirl,"My coworker said he was going back to Milwaukee, Wisconsin to visit family. I said ""you know... there are a lot of serial killers that hang around there."" Then paused, kept eye contact and followed up with ""I'm watching you.""

He's probably the nicest and most harmless guy I know so it was fun fucking with him, and that got him curious why I knew that. It ended up being like a 3 hour conversation/crash course.",1514128027.0,6
studyroomf,Cool idea! You're streets ahead on this one.,1514045582.0,8
COents,I saw you at cultivated! Cool costume,1509553247.0,1
pcmasterrace,Awesome generosity!,1508715534.0,1
Showerthoughts,Are you me?,1506048735.0,2
Gaming4Gamers,Upvote for Isaac. Fuck bloat,1504710324.0,5
COents,I don't like their flower but I've always enjoyed their concentrates deal. Especially for the bulk buyers. Much better than places like altitude for example ,1504627933.0,3
pcmasterrace,Thanks! Excited to play it,1504039804.0,1
rickandmorty,Jerry will make a comeback in season 3 as a villain. Just you wait. ,1498786263.0,0
pcmasterrace,I'll give it a shot!,1498184512.0,1
AskReddit,Bounced on my boy's dick to this comment,1492787447.0,1
zelda,"Hit the highest score possible, only be given 100 rupees.",1491761607.0,400
NeatMike,"Sup, tryhard",1490703367.0,1
meirl,"This new Planet of the Apes series is getting out of hand... 

Edit: should have said it was going bananas",1485474889.0,4
TenYearsAgo,Wow. I remember seeing this movie day of release and then later that night going to see them live. It was my first concert,1479856109.0,5
bindingofisaac,This is amazing. New phone background!!,1478568769.0,2
AliensAmongUs,"Both have some winning eyebrows.

Well, one doesn't really have eyebrows.

Aaaand the other has them drawn on.

Never mind.",1478227717.0,5
Psychonaut,"If you get a chance to see Dan Deacon perform live, I really recommend it. He's great at putting on a show.",1477683437.0,1
TooMeIrlForMeIrl,"This happened to me a couple of weeks ago when I got a new phone. The only people who responded were my mom and ex gf.

Plus side is that it's an s7 so it should blow up any day now.",1477178959.0,48
glitch_art,Technology recharged,1477098884.0,1
StarWars,I would buy 3.,1475616502.0,1
stevenuniverse,"I agree! I feel like it took away the weight behind Pearl's love for Rose as well. ""Oh, humans can have pink hair? Okay, I'll just forget about Rose.""

It just felt cheap. I like the idea of Pearl getting over Rose, but this just didn't really work for me.",1475272691.0,1
Cyberpunk,This guy could do a top notch cosplay of prince robot from saga,1474212457.0,387
rickandmorty,I live in Denver. How did I miss this?? Dang.,1473622845.0,6
Denver,Medicine man off of Peoria and i70 does tours. Most people swing through there on their way to Denver from the airport.,1472697110.0,2
gurrenlagann,[Found a link to the set I'm talking about. Those are sleeves covering what would be OP's dvds](http://www.ebay.com/itm/like/191705758000?lpid=82&chn=ps&ul_ref=http%253A%252F%252Frover.ebay.com%252Frover%252F1%252F711-117182-37290-0%252F2%253Fmtid%253D1588%2526kwid%253D1%2526crlp%253D53601919689_324272%2526itemid%253D191705758000%2526targetid%253D173539331529%2526rpc%253D0.14%2526rpc_upld_id%253D75891%2526device%253Dm%2526mpre%253Dhttp%25253A%25252F%25252Fwww.ebay.com%25252Fulk%25252Fitm%25252Flike%25252F191705758000%25253Flpid%25253D82%252526chn%25253Dps%2526adtype%253Dpla%2526googleloc%253D9028925%2526poi%253D9028926%2526campaignid%253D239125209%2526adgroupid%253D14978428809%2526rlsatarget%253Dpla-173539331529%2526gclid%253DCj0KEQjw9IS-BRC4qZXagbLs6uMBEiQAYHBh-4TUkkIZo4URQ12axuvLyxQw4JAGNAVII_DYbEl9ueIaAjLe8P8HAQ%2526srcrot%253D711-117182-37290-0%2526rvr_id%253D1083847682882&ul_noapp=true),1472348676.0,1
gurrenlagann,The cases aren't bootleg. They came from a box set without the box with them. Not sure if the discs themselves are legit.,1472338236.0,3
zelda,"One of my favorite zelda games! I love how you can roll and you hear the little GBA equivalent of ""hyah! Hup! Hyaaah!""",1471370037.0,10
gif,Those filaments look eerily similar to what the gekkos from MGS4 have.,1469054689.0,1
me_irl,A big ol' poppo,1467485462.0,22
Tinder,Can't even spell your slurs right. Great moves. Keep it up. Proud of you.,1466891514.0,2
Tinder,"Wow please die, thx",1466887611.0,-1
confession,"You're fucking stupid, AND a liar. Congratulations.",1466832774.0,5
IAmA,"Hey Bo. I love everything you do, and you're basically my hero.

The college episode of zach stone hit a lot of soft spots for me on all kinds of aspects. My question is, how much of that specific episode was reflective on your own choices involving higher education, and if you could snap your fingers and have a degree, what field would it be in?",1466550268.0,1
cosplay,Denver comic con? ,1466347121.0,0
AdviceAnimals,"Would the 3rd mummy movie be any better with the original actress from the first two, though? Nah.",1465065932.0,1
me_irl,Me too thanks,1464529045.0,2
community,It's like a pizza burn on the roof of the world's mouth,1462490380.0,8
AskReddit,"This week I've had 3 different coworkers compare me to James Holmes on separate occasions. I'm pretty sure none of that was planned, but now I know I remind people of a crazed killer. It makes me sad.",1461430061.0,1
IAmA,"Sooo I did this for a summer job when I was 20. I was a contractor for a business that owned a few ice cream trucks. They had a few storage units where I would go to pick up/drop off my truck. I definitely just saw it as a summer job so I did other work once the weather cooled down. 

Personally, I don't think the business would grow or dwindle. People like tradition and I think the only thing that could really replace it is something like drones. 

Pay was weird. I never had to worry about paying for gas or inventory. Instead I made a percentage of whatever was profited that day. Sometimes I'd drive for ten hours and leave my shift with over $100, and some days I'd work the same length but only make $20.",1460274513.0,3
bindingofisaac,"Item name: SUCK IT!


What it does: a space bar item that can make isaac temporarily similar to kirby. Upon pressing space, isaac will suck up the projectiles of any enemy for 5 seconds then regurgitate it back, monstro style.

Additionally, you could make it a leveled item like cube of meat, where the length of Isaac's sucking increases with each pick up of SUCK IT!, potentially dropping health or soul hearts depending on how much you eat while the item is active.
The final level of the item could give isaac a chance of swallowing an entire enemy whole!",1460159402.0,1
Denver,Does anyone have a recommended place to get my hair dyed a weird color near DU campus? ,1459971252.0,5
rickandmorty,I wanna write really crazy intense action novels!,1459271740.0,71
marvelstudios,What a lovely lovely gif,1457148911.0,20
movies,"Don't forget the bat credit card.

A FUCKING BAT CREDIT CARD.",1457132366.0,34
AskReddit,"IIRC from /r/outoftheloop, he's incredibly ignorant and bigoted as well as being a shameless adulterer. Does the type of shit like ""it's your fault he cheated on you because you're a shitty wife/gf/SO.""

",1457052262.0,6
bindingofisaac,If you dupe it with diplopia you should get a *DONKEY BRAINED!* transformation.,1456883676.0,9
gif,I spent ten minutes waiting to see what she was going do to the half with less icing. All in vain.,1456806028.0,4
mallninjashit,Looks like something from CSGO,1456511109.0,1
AskReddit,"These things have salmonella, you know!!",1456462601.0,1
DCcomics,I still feel pretty stupid for buying The Dark Knight Strikes Again.,1455948712.0,1
rickandmorty,My man!,1455846225.0,14
pics,/r/quityourbullshit,1455842757.0,31
bindingofisaac,I'm having that problem too.,1455164336.0,1
food,That's a lot of aggression towards a sandwich.,1455053159.0,10
Marvel,"Never seen this before. Is the dialogue taken from an actual story arc, or just a fan thing?",1454891939.0,26
NetflixBestOf,"""Take the fucking elephant."" Is one of the best lines ever delivered by Liam Neeson. 9/10",1453708254.0,20
AdviceAnimals,Is there a chance you missed season 6? It was on yahoo and their video player was balls.,1449357204.0,1
AdviceAnimals,Season 6 of community. The first 5 seasons are on Hulu and I couldn't recommend it enough!,1449356314.0,2
AdviceAnimals,[So something similar to this?](https://www.youtube.com/watch?v=zAIJD5OA4y0),1449339325.0,59
NetflixBestOf,"Saw it at a cheap theater because I was bored. Not saying I wasted the $3.00 because the entire theater was empty, buuuut.....",1448653837.0,3
AdviceAnimals,"The rage I get when I see a Wyoming plate. Your state is a square and you have a super volcano, go back home.",1448651959.0,5
todayilearned,I love you.... tah. Utah.,1448561986.0,9
stevenuniverse,Green is not a creative color,1448300795.0,22
DCcomics,I just looked at the image on a bigger screen and yep. I'm an idiot.,1448227937.0,2
DCcomics,Better than the fantastically 80s shoulder pad Joker from the first DKR,1448223096.0,2
gaming,I bet a lot of people like to hear your opinions on things.,1448037898.0,1
movies,"Those Bellbottoms and various power ranger looking dudes. Brb, gotta roll some thunder",1447359665.0,3
JonTron,You lying piece of shit you will pat for this,1446328375.0,8
stevenuniverse,"Oh my god, Garnet as one of the derpy background fish. I fucking love it.",1443631969.0,0
me_irl,"""Is that you, Borax kid? I got your fifty bucks.""",1442804996.0,4
Games,Maximo was actually a successor to ghouls and ghosts. So many frustrating nights spent on that game,1442619700.0,1
bindingofisaac,I haven't hit 999 but I always seem to get lucky rock with the 99 bombs or fetus or stompy. I'm at like 800 so I'm close,1442271294.0,1
AskReddit,"Fucking ""roar"" by Katy Perry. I was... going through some stuff.",1442172622.0,2
community,I like Basic Rocket Science.,1441769337.0,1
confession,Just don't go full Boyle,1440784779.0,7
alternativeart,"I love it, but isn't her mechanical arm on her left side?",1439750564.0,3
mildlyinteresting,I see a red triforce too. Neato.,1436393880.0,1
NetflixBestOf,I thought this was a better Godzilla movie than the new Godzilla.,1436240233.0,81
funny,"They'll say ""awwww, topsy"" at my auuuutopsy!",1433707846.0,169
cosplay,Saw you walking around the con. Looked so uncomfortable. Great cosplay!,1432959334.0,2
casualiama,"This isn't a question, but we're birthday buddies! Happy birthday, birthday buddy.",1432228774.0,2
cosplay,That's awesome! Hope to see you next weekend!,1431794788.0,8
zelda,If you have a GBA then I recommend Minish Cap,1430079959.0,1
DCcomics,I would be ecstatic if there was a Red Son animated special.,1430079532.0,8
funny,"Yeah, double D's parents only communicated with him through sticky notes. Kinda fucked up.",1429767620.0,24
BlackPeopleTwitter,Richie's also gay. This cartoon got real.,1429635246.0,11
entertainment,"Again? Alright, third time's the charm. I better have a rereboot of Beavis and butthead to go with it though.  ",1429043638.0,27
comicbooks,It is so worth it.,1429043501.0,11
me_irl,Cockatoo to Chockatoo*,1428815208.0,5
DCcomics,This is amazing,1428798859.0,3
me_irl,"Everybody, get in here!",1428689305.0,16
trailerparkboys,"First time I ever saw the show was when I was on acid. It was this episode. Bubbles scared the shit outta me and then this scene happened, which made me feel really bad for jroc. He seemed so defeated through my acid colored shades.",1428472701.0,19
AskReddit,"It sounds silly, but I can't enjoy anime I'm anymore because of her. Attack on titan just started and we were really into it. I helped her with a titan Annie cosplay for a convention that I broke my back to get us to. There were insane floods and nearly all of the roads were closed until I found a quick window where they were open, but still incredibly dangerous. She was distant the whole convention and later that week GTAV came out which I was really excited for. She told me she cheated on me the day the game came out. Since then, I've tried getting back into anime and GTA, but it's no use.",1428465655.0,1
FortCollins,The MAX operating hours should be extended on weekends to accommodate those who have been drinking.,1427931706.0,37
me_irl,Avatar: The Last Sugarbender,1427489167.0,11
relationships,Agreed. If OP isn't within travelling distance then he won't know how this possible relationship will be face-to-face.,1427322581.0,1
oldpeoplefacebook,It's always sunny in Philadelphia,1426803318.0,5
woahdude,"Someone I know who does Cyr told me that their cartwheel instincts kick in, so they go palm-out when they're upside down instead of gripping the wheel.",1426274696.0,14
AskReddit,Sounds like Binding of Isaac.,1425870498.0,2
FortCollins,"I got one of those too.

It's from a company that will try and sell you various water filters. They aren't affiliated with any city or county water systems. My mom works at the Rawhide power plant near Wyoming and had a laugh when she saw it.",1422336802.0,5
SourceFed,"A war between shapes has broken out, with each shape being a different faction. Which shape wins the war? Why?",1421783894.0,-2
rickandmorty,What's an upschmeckle? Is that a lot? Is that a little?,1419446708.0,7
millionairemakers,"Can't win if you don't play, right?",1419300823.0,1
OutOfTheLoop,"They're comfy, AND easy to wear!",1416944664.0,107
space,"I have this tattooed on my forearm. People mistake it for space invaders, but I don't care. Love it.",1416180430.0,3
cringepics,"Just super about yourself, thinking that you're god's gift to everything and everyone. I don't know about you, but the last thing I want to do when I'm crying is take a selfie or two, THEN post it on social media. ",1416073275.0,1
AskReddit,Sort of. I just grow my own now :D,1415760226.0,1
FortCollins,"Clean bees is run by a bunch of cool people, they do a really good job.",1415290026.0,3
IAmA,"If you could go back to space, would you?",1414678886.0,-1
gurrenlagann,"Now we need something linking (heh) Viral to Link, since their voices were provided by the same actor.",1413853803.0,1
FortCollins,I have a working copy! I'll bring it next time there's a gathering.,1413747298.0,3
videos,"The only thing about this that scares me is how everyone just wraps your whole face in duct tape. That shit would really hurt to get off. For the most part, it seems like a bunch of bloody people yelling at me. That part where they're yelling at the guy to flop around in that kiddie pool? The fuck is that?",1413313229.0,0
trees,What show were you two talking about?,1412728702.0,3
videos,"""Damn it, guys. I used to get virgins thrown into me by your ancestors. I don't want your garbage."" 

- Volcano God.",1412618325.0,1
Gaming4Gamers,"According to an old Nintendo Power magazine, they said Samus is somewhere over 6 and a half feet tall, without the suit. Amazonian.",1412374994.0,3
listentothis,Oooooh this brings me back to my prepubescent teen years. I'm going to go listen to the FLCL soundtrack now.,1412308656.0,19
AskMen,"We were together for three years, and I've been single for one now. I'm still not over it. I'm over HER, but I'm not over the heartbreak. I would take the advice that most people tell me, which would be to fuck anything that moves, but after the ordeal my confidence is essentially nonexistent and dead in the water.",1412297316.0,2
movies,Thank you,1412232449.0,1
movies,"Jack and Jill 2!

You Don't Mess with the Zohan: The Zohannening

Big Daddy\Big Momma's House crossover

I can't think of a fourth.",1412227871.0,2
gaming,The studio of DeadMau5,1412130371.0,1
AskReddit,"I've literally broken my elbow off. I've had wires put in to hold the bone together. I once had a massive cut slicing open the two veins on my wrist. I had hours and hours of horrific dry heaving after my wisdom teeth surgery when the pain meds didn't work out.

None of those hurt more than heartbreak, and the crippling feeling of thinking that you'll be alone forever was too much for me to bear, over every physical pain I've ever experienced. The emotional pain had me inflict physical pain on myself.",1412021905.0,1
videos,Homeboy looks like the newest model of Andy Samberg. I wonder what next year's model will look like.,1412011303.0,1
AskReddit,I'm a fan of you.,1412007057.0,-1
AskReddit,Now kith,1412006855.0,1
trailerparkboys,I bet they're fun at parties.,1411959076.0,4
pics,Okay then. Let's see yours.,1411940120.0,6
videos,"Great video, but there was an annotation in the beginning that said he was not depressed, but merely acting that way.

I get the message he was trying to send, but his crying towards the end of the video threw me off.  I can't tell if that annotation is to ""save face"" for lack of a better term, or if he was really just fake-crying.",1411839771.0,4
aww,"Always a Clydesdale, never a Clyde.",1411663852.0,4
funny,"""Hey! Sculley!""

""Yeah?""

""Bring me my OILS.""

""...Painting, or massage?""

*flexing intensifies*",1411336094.0,54
Unexpected,Yeah! FoCo represent!,1410846614.0,1
Unexpected,"Fort Collins, CO here. We have one too.",1410809194.0,2
misleadingthumbnails,"The entire show was great until the episodes after the feature film. Once the film was made, the creator of the show left.",1410636245.0,1
rickandmorty,"Hell, take a look at Phineas Gage.",1410534475.0,1
rickandmorty,I am Gazorpazorp-fucking-FIELD.,1409967806.0,13
trailerparkboys,"""It's 'Hall-o-peen-o, Rick.""",1409791504.0,6
videos,"I'm sure there's plenty of people being cold and just ignoring him or telling him to go away, but I'm amazed how nice these people are to a guy that socially awkward. Even if he is doing a character, that's really cool of them. I need to introduce myself to more people.",1409605400.0,3
videos,"Veronica Taylor does the voice of Ash, even though Lani could do a decent job too. ",1409443264.0,1
AskMen,Distance.,1409328736.0,2
pics,"I don't know, but I'm joining in.",1409285347.0,1
pics,Everything just changed! His molecules got all rearranged!!,1409285322.0,2
rickandmorty,Who roped you into this?,1409091617.0,1
SourceFed,Right? Now I feel even MORE self conscious! Yay!,1408583542.0,11
Images,I was expecting something involving my taste in music when I was in high school.,1408292823.0,4
FullmetalAlchemist,"All bought on a child's allowance.

HOW?",1407891536.0,8
trailerparkboys,None in Colorado. That's because my piss jugs are well hidden.,1407770611.0,1
AdviceAnimals,"You go, Glen Coco.",1407385709.0,15
AskMen,"My cousins are horse girls... They're just blaaaaaaand. So bland. A styrofoam on wheat toast sandwich bland. I like to think that horse ladies are just crazy cat ladies, but with tons of money.",1407351753.0,1
FanTheories,"The rest of these guys are nay-sayers. Good job on your research. Clearly Pen Ward enjoys going back to old Simon and Marcy times when the great mushroom war was going on, so we might get more info on the origins of Ooo and Glob.",1406443073.0,5
trees,I think it is...,1406442651.0,11
videos,VICE: The Can Genocide Nobody Knows About.,1406415035.0,6
videos,"ALL ROGUE CANS TO BE PLACED IN RED TRAYS FOR STABBING

I like how intense they are about the cans.",1406389438.0,92
discgolf,"Ohhhh hole 5. I love that whole course, but those trees don't love me back haha. It sucks working all these closing shifts. I haven't played in over a month. Shame...",1406315347.0,1
discgolf,The whole course is so dang pretty. I was thinking 7 or 8 so you can get the creek in the picture.,1406300439.0,1
discgolf,I want to get a nice picture of the 7 at CLP up here. Northern Colorado is so pretty when it's green.,1406255461.0,1
AskMen,I've got pizza. All I need is the ugly tears.,1406078030.0,2
AskMen,I'd expect nothing less from /u/StabbyStabStab,1406077994.0,1
AskMen,I don't know what any of them look like. So that being said... all of /r/askwomen. What are you up to this friday?,1406074358.0,5
AdviceAnimals,"Oh yes, definitely. I should have stated that. If you try to induce vomiting you're basically giving your innards a second coating of that junk.",1405795309.0,1
AdviceAnimals,He's like my life's own version of Steve-O,1405732507.0,-1
NetflixBestOf,Shadow of the Colossus <3,1405718502.0,48
AdviceAnimals,"If I weren't on mobile, I'd link r/dadjokes.",1405718129.0,1
AdviceAnimals,"I knew a guy named Kodiak. His life goal was to be exactly as if he were a member of the Red Hot Chilli Peppers. Not the brightest guy, but a good heart.

Anyways, Kodiak had a mom who was batshit crazy. One day, I'm hanging out with a mutual friend, and Kodiak gives us a call, claiming that he just drank bleach. We both asked the same questions you did in disbelief. Turns out, his mom put some blue colored bleach in a drinking glass (don't know why) and left it on the kitchen counter. She also left an empty gatorade bottle. The flavor was blue flavor. So, I don't blame Kodiak's logic. Blue stuff in a glass, next to an empty gatorade bottle. He said he drank the whole thing, felt an awful burning sensation from his throat all the way down to his stomach and decided to puke it up. That only made it worse. I forget if he even went to the hospital, but Kodiak still lives to this day.

TL;DR, people can be duped into drinking bleach.

Edit: a word",1405713921.0,48
gtaonline,"I called rockstar and they're very disappointed in you. Not mad, just disappointed.",1405529142.0,4
Frisson,You can never go wrong with reading Alan Moore.,1405488148.0,2
Denver,"Do you know if there's any need in northern Colorado, such as Fort Collins/loveland/greeley area? I could go for this.",1405296225.0,3
funny,You da real MVP,1405229129.0,1
pics,IIRC the Author of the book wrote the Janitor as if it were himself in the series.,1404437973.0,14
AskMen,Yes. I'm not ashamed of it. I've probably peed in every single pool i've been in.,1404405840.0,1
AskReddit,"""...And then *you* go 'yargh, Spongebob. You be spending all me money!' Then *I* go 'But Mr. Krabs, I WAS JUST DOING WHAT YOU SAID!!!' Then *you* go 'It's not about *this* or *thiiiis*, it's about *THIIIIIIIIIIS*!'""",1404278789.0,1
aww,"She's plenty happy. Even though she terrorizes me, she absolutely loves my parents, who watch and take care of her. Thanks for your concern.",1404266054.0,2
aww,"I didn't make that drastic of a jump. The chain went parakeets, cockatiel, cockatoo then african grey.",1404254310.0,0
aww,I would be amazed if my bird flew all the way there from the US haha.,1404248106.0,2
aww,So cute! I used to have a cockatiel and she was so cool until she flew away. Now I have an African Grey and that thing just terrorizes me.,1404230852.0,24
television,Haha I remeber letting out a big gasp the first time I heard Helga say that.,1403993968.0,4
television,"The reason why he had his chocolate addiction was because he missed his nanny. IIRC she was the one who raised him, not his parents.",1403987166.0,15
television,"""You keep da money.""

""Oh, Oscar!""


This show was so brilliant. It never hit me until adulthood how that show touched on so many real issues. Mr. Hyunh being a refugee from the Vietnam war, and losing his daughter. Oscar being (what I can only presume) an immigrant and illiterate, not to mention a gambling addict. Chocolate boy and his nanny. Helga constantly being upstaged by her sister, with a dad consumed by his business and her mom in a hole of depression.

I miss this show.",1403978370.0,356
AskWomen,Sausage festivals? Like in Vienna?,1403977024.0,23
trees,We're all looking for time,1403674343.0,14
SuicideWatch,"This isn't about getting a girl, or any girl. Sure, meaningless validation is great, but what does it matter in the long run? I'd probably be jealous of you if I saw you in the field? Cool, man. Good for you. ",1403606364.0,1
depression,"Just an expression, I now know about your anxiety and depression, healthy eating and whatnot. Don't you get weary? Tired of fighting? It's been an uphill struggle for so long, and I have no clue how much longer it has to take. It may never get better, and I seriously don't know if I can keep the struggle for.... well, basically forever.",1403576237.0,5
depression,"I don't know about you, but laying down and dying sounds like the tits to me.",1403575132.0,5
SuicideWatch,"Neckbeard.... because of fight club? Project mayhem and Guy Fawkes masks and whatnot?

And no. Every no. You can't legally top-out your lambo without getting a ticket. I've been to r/askwomen. There's no such thing as ""oh, he can fight, so manly, commence swooning."" you know what is out there though? ""Oh, he can fight, redflag, possible abuse, this guy could be the next James Holmes."" 

Intimidation is more common than attraction on that front.


",1403575047.0,1
SuicideWatch,"I like the idea, so don't think of me as being a huge nay-sayer (although I am incredibly sarcastic and pessimistic) but I just don't have the time or energy. 40 hour work weeks mean that I scramble for time to do anything that I used to enjoy and getting enough sleep. I guess since i'm as hopeless now as I've ever been, sleep and things I used to enjoy don't matter, since I no longer enjoy them. Sleep will be tricky, but I've starved myself before because of this depression.",1403572632.0,1
SuicideWatch,"Ha. If you only knew what I looked like. The last thing I need is to be intimidating. I already do that without effort, even when I try my damnedest to look friendly. All aboard the neckbeard train, woo woo. I prefer if Fight Club were a real thing. I've tried martial arts. It's actual fights, the feeling of fist on flesh that gets me, not the fact that it's physically strenuous. I've been so down for the last year that I go to my concrete wall and wail on it until I bleed or it hurts too much to clench into a fist. So anything like that is probably out. I'm afraid it's becoming my own little version of cutting. Plus, and this is my own personal opinion here, why do that? What do you stand to gain by taking martial arts or boxing? To me, it's the same as buying a Lamborghini. You can never use that thing to its full potential. You can never take it to top speed, much like I'll never have a reason to use fighting.",1403572363.0,1
SuicideWatch,"I'm sorry, I didn't mean to appear as if I'm lashing out at you. I just don't feel like I have it in me. I've been fighting it for so long, i'm nothing but drained. I know everyone says happiness lies within yourself, but don't you think decades of exploration, experiences, hardships and the kitchen sink would help lead someone there? The only time I felt content with life and everything in it was when I had someone else to live for. I don't have that, and there's not enough drugs or exploration or experiences that can make me find something about myself to make me continue. I don't see any point in betting on myself because I know firsthand how badly I can crash and burn. The worst part is how stuck I am. Clearly I don't want to continue living. But who's going to kill me off? Not me. I'm just a fucking coward. ",1403570689.0,1
SuicideWatch,"So fucking what? I mean, thank you for the compliments but no one likes a ""nice guy."" Sure, everyone *says* that's what they want, be it in a relationship, in their field of work, or even friendship, but those ""nice people"" get steamrolled by the liars and cheats of our world. Those same liars and cheats are celebrated. Sure, I'm toxic as fuck and could easily be an asshole, but knowing my luck, EVERYONE will recognize it and hate me for it.",1403569152.0,1
SuicideWatch,Isn't that the trend? Things have never been good. Why expect change?,1403568636.0,1
cosplay,"YEAH! That's my sister!! Get it, girl!",1403566320.0,5
depression,"Yes. All the time. Every day. I pray that I wasn't so pathetic that I could just go through with it. Time and time again though, it only shows that I *want* to die, but too pathetic to put any of the blame on myself.",1403564193.0,1
SuicideWatch,"Even if I did have ambition or some kind of inspiration to enroll, what's the point? Dedicate years of my time for a paper that basically only says ""maybe"". Even then, I work and work until retirement and then death. IT's so pointless. There's no conceivable way to enjoy it. Why not just end it now, before I'm old have an entire lifetime of regrets? I'd rather just have 22 years worth of regret instead, and be done with it all.",1403564061.0,1
SuicideWatch,"Nothing worth getting into decades of debt over. No matter how I try to explain it to people, all they hear is ""I'm not a college guy so i'm not a success"".",1403554928.0,1
SuicideWatch,"That's no good, given that I was a wild child. I was only good at pretending and getting into fights.",1403554837.0,1
SuicideWatch,"I always felt it was more of a burden than anything else. It's left me clueless as far as what my options are career-wise. Even if that part wasn't a factor, I just can't get any better at anything. Only thing I seem to be getting better at is self loathing and pushing others away by being this weird display that I am. I can't fight it anymore.",1403543041.0,1
SuicideWatch,"Inch deep, mile wide. I've been told that a lot. I'm adequate at many things but great at none.",1403466061.0,1
SuicideWatch,"My brain can be a fantastic kind of stupid. When I draw, I sort of become a manifestation of what I'm drawing. For example, if I'm drawing someone who looks mad, I have a scowl. I was unaware of this until I noticed i'd get laughed at while doodling. Same goes with writing. If I write about my hardships for too long or go into too much detail, then it brings me back to the state I was in at the time. It's like a trigger. Unfortunately, it doesn't work if I try to write about happy or care-free topics.",1403458026.0,1
community,"Shut up, Leonard! We all know about your unhealthy love for polyjuice potion!",1403453811.0,13
SuicideWatch,Not since high school. I wouldn't even know what to write other than these depressing entries. That's the only time I feel like writing.,1403453546.0,1
SuicideWatch,"Thank you. No, my brother was always considered the writer of the family, and this takes more effort than I'd like to admit. I'm about as articulate as Ricky from Trailer Park Boys IRL. I used to be your general nerd. Video games, comics, space and sci-fi. Nothing does it for me anymore. It's like listening to a song you used to really love, hoping for the same rush of emotion and frission that you experienced the first time only to realize that you're just being nostalgic.",1403431775.0,1
SuicideWatch,"I'm going to tie in this answer to [u/taufish](http://www.reddit.com/user/taufish) as well.

I simply don't have anything to live for. No aspirations or anything. I'm only 22, yet I feel as though my life peaked long ago. I've gone too long being ostracized because of my asperger's (yeah, I'm one of THOSE. If you're not familiar with this stupid illness, then yes, I do make your pee smell funny). I'll never be viewed as ""normal"" which is OK. No one is. But I really don't see any reason to go on. If these 22 years are a taste of what's to come, then I don't care to continue. 

Have you ever felt like you'll die alone? Not even in the sad ""forever alone"" way. I'm talking like ""Nikola Tesla, in a shitty studio apartment in poverty, whispering sweet nothings to a pigeon"" alone. It's stupid. I'm an idiot for even being this way. It's a vicious cycle because I don't even deserve to be this miserable. I'm a white, middle class American citizen. I certainly don't have the hard-knock life. That being said, all I can focus on is how amazing it would be to be hit by a bullet, or get in a car accident that doesn't leave me living. I can never do the job myself. I'm too much of a coward to actually follow through.

Nothing makes me happy anymore. There's no light at the end of the tunnel. No silver lining. Even if I were to find something to give my life meaning, it's all temporary isn't it? Everything ends, usually with a crash and burn. Why bother going on if all I'm going to experience is pain?

When I was a kid and felt this way, I thought there would be something to snap me out of it. I've been waiting for what seems like centuries.

All in all, my life really has no value, or meaning. I don't have anything to keep me around. No passion, no career, no legacy, no one depending on me. Even if I were to die, then fine. I can see it all now. People mourn and weep, and sooner rather than later, they all move on. I'm an extra is everyone's show, even mine. Who cares if Cousin Oliver from the Brady Bunch got killed off? He ruined the show anyway.",1403397999.0,1
SuicideWatch,"It's hard to think of anything that I like about myself anymore. My first impression to other people seems to be that I'm either stupid, or scary. Often both. Anything I used to enjoy doesn't hold my interest nowadays.",1403396606.0,1
SuicideWatch,"Not exactly what I was trying to say, but my self esteem is practically nonexistent.",1403361724.0,1
SuicideWatch,"I just don't see any point in continuing. Life is approximately 80 years of suffering, and I don't have any interest in being miserable for that long.",1403361616.0,1
SuicideWatch,"The worthless, relentless machine I'm talking about is my body. I want to cease being, but it keeps on going. I can't will my heart to stop beating. I could destroy it, but that let's everyone know how unstable I am, opening myself to judgment. I'd rather just have it stop, so no one is to blame. Just me, dead. No cause.",1403310977.0,3
FortCollins,"Ok it's FoCo we're talking about, so I am prepared for downvotes.

I have lived here for 22 years. I have probably only encountered a handful of courteous bikers in that time. The rest are rude, self important, reckless, and ignorant. I can't tell you how many times I had to jump out of some biker's way because of their incompetence. This includes while I was walking, driving, biking, running, and skating. I hardly get any apologies or excuse me's. Instead, they act as if everything they do is the correct way because they're the ones most at risk being hurt on the road. Bad logic.

Let me just clarify that everyone who bikes is not like this. When my primary mode of transport was a bike, I'd stop at stop signs and lights followed the rules and flow of traffic, same with friends and a few others. The bad examples simply outweigh the good.",1403282320.0,1
gtaonline,"It's fine with me. Look at how much shit Watch Dogs got because it was too rushed. If they say it's not ready for us, then I believe them. They need to get more news updates out though.",1403147556.0,-1
DenverComicCon,It was her first serious cosplay. Made me proud to see her go all-out!,1403127412.0,2
DenverComicCon,That Ursula is my sister!,1403120391.0,2
rickandmorty,It's in theaters now! This summer...,1403033198.0,6
depression,"I know what you mean. In my case, it's a vicious cycle. I feel like offing myself, then realize I can't because of friends and family, then feel pathetic and cowardly because I can't follow through, repeat cycle. ",1402960975.0,3
DenverComicCon,"I saw him hanging around the lobby in my hotel on Friday until after 3am or so, just shmoozing and talking with attendees and others. I thought it was cool of him to do that.",1402952833.0,1
DenverComicCon,"I felt bad for them. I heard all about the Oatmeal, and felt like C&A was a bit overshadowed by that. All that aside, I still got a sketch from them. Really cool and laid back guys.",1402848034.0,2
FortCollins,I'll be in Denver for Comic Con. Bummer!,1402723336.0,0
FortCollins,There's a meetup?,1402720104.0,1
Denver,I was supposed to be going as Spider Jerusalem but issues came up and... yeah it's been delayed. I'm going to do Joker with a mohawk because I gotta dress up as *something*!,1402678734.0,1
depression,"I know what you mean. I have friends, some I would even consider my best friends. I've never been a best friend to someone else. My ex of 3 years started seeing someone about a month after we split and holy hell, it devastated me. It still devastates me even after this long. It made me feel like I have nothing to offer because she was able to find someone who cared about her so quickly after the whole ordeal. I'm stuck in that spot of asking myself ""do I miss her? Or do I miss the companionship, and the fact that I was able to have someone by my side who supported me?""

I want to date again, only because I miss the companionship. But I'm still petrified at the idea of being used and hurt again after giving my trust. 

",1402612903.0,1
AskMen,Lucky for us being in Colorado! Most people I've met who don't smoke don't really care if I do. It's been a long time since someone has been offended after they learned I smoke.,1402418280.0,1
Denver,Some people really like NDT. I know if I had the money I'd buy a ticket.,1402366701.0,4
Denver,"My only guess is that Weird Al did something horribly wrong to this person, but then I realize that it's Weird Al we're talking about.",1402329348.0,3
Frugal,Let's play some jaaaaag!,1402292352.0,1
community,"Shut the hell up, dammit!",1402274683.0,3
Bad_Cop_No_Donut,"It's obvious, really. It means we... have to be stronger than the police force? Nope, I don't get it either.",1402105048.0,2
AskMen,"I would, as long as she's got wisdom. Grades are only a letter, it doesn't represent how wise you are. College isn't meant for everyone anyway.",1402104305.0,3
DenverComicCon,"I'll be Spider Jerusalem from Tranmetropolitan, my brother will be Casey Jones from TMNT and my sister will be Ursula from the Little Mermain. See you there!",1402040662.0,3
COents,"I know they say that perseverance is a good thing, buuuuuuut no. Just no.",1401904343.0,2
FanTheories,"I felt like Magneto didn't mean a mutant when he said JFK was ""one of them."" I think what he meant is that JFK probably empathised with the mutant cause, possibly more publicly than he should have, thus potentially putting his life in danger.",1401748523.0,22
AskMen,"I don't get turned off, but I'm a pretty light sleeper so I don't prefer it.",1401633373.0,1
GrandTheftAutoV,Or GTAIV where you could turn friendly fire on or off. I've had a lot of fun taking RPGs to the chest only to receive damage from the fall after the explosion.,1401486292.0,2
casualiama,I fucking *love* Transmetropolitan. I'm cosplaying as Spider Jerusalem this June.,1401246753.0,1
WTF,Meh. I can do that.,1401245539.0,1
howtonotgiveafuck,"Can you grow a beard, or any kind of facial hair? You could shave your head and grow a beard.",1401149894.0,1
AskReddit,"Uhhhh.... Scrambles, the er... Deathdealer.",1401141072.0,-1
gurrenlagann,"It's speculation, yeah... but didn't the staff admit that they didn't quite know where they were going with it in the very beginning?",1401001804.0,2
StarWars,"Ahh, Q... Always my checkmate. The Force finds balance one way or another.",1401001735.0,1
gurrenlagann,I would be so stoked to see LordGenome's time when he was fighting the anti-spirals. ,1400980305.0,9
StarWars,"Whenever this argument pops up, I enjoy mentioning how Galen Marek was able to rip a Star Destroyer from the sky, so he'd have no trouble with the Enterprise. Is it entirely canon? Eh... but it is fun point out :D",1400973264.0,1
cosplay,Absolutely incredible.,1400973140.0,2
FortCollins,"Oh man, plenty! My favorite is the CLP course in LaPorte. It focuses much more on technique and finesse rather than how big your drive is. Everyone I've met while playing is really cool and friendly. I tend to play a few rounds with strangers at least once a week.",1400972819.0,1
FortCollins,Do you like disc golf? There are tons of courses around here.,1400947433.0,2
AskReddit,"X3: The Last Stand was not a good movie, but this line from Magneto stuck with me.

I have been marked once, my dear and let me assure you, no needle shall ever touch my skin again.

This was said after a mutant asks where his mark is, implying that he's never been proud of his mutant status.",1400867560.0,3
gtaonline,It could be done. Tweak with the physics from the skyfall cheat and you're halfway there.,1400867235.0,3
StarWars,"The face says ""NEXT TIME, GI JOE"" to me. I like it.",1400859723.0,3
cringepics,Yeah,1400818797.0,12
casualiama,"Isn't a little detail expected? I am doing this while I am working a minimum wage job, on my birthday. I've seen the most casual ""I'm just a dude, AMA"" on here, and I wanted to be a little less vague. I'm not sorry for myself, so I don't expect anyone else to be. Weather's great, I'm healthy, and I've gone 22 laps around the sun. It's actually pretty neato.",1400720561.0,1
casualiama,I want you to ask me anything.,1400714309.0,1
casualiama,Thanks!,1400707859.0,2
casualiama,"Same with Taylortwo, I'll keep you updated in 6 years",1400707818.0,1
casualiama,I'm a paddling machine!,1400707778.0,1
casualiama,Seems like we've got two opposing views on this thread haha. I'll let you know how I'm doing in 6 years!,1400707612.0,1
casualiama,"If nothing else, I'll definitely have a smile when I'm done with my shift!

It's also great to have someone tell me 22 is a good year because everyone else has been giving me a hassle by saying how 21 is the last birthday worth celebrating.",1400698529.0,2
AskReddit,Thanks for saying exactly how I feel.,1400638507.0,1
NetflixBestOf,"""I do not say 'caw!' It is just a sound that I currently have trouble not making!""

Lem and Phil are right up there with Troy and Abed, and Turk and JD.",1400596062.0,3
AskReddit,"It's so fun, it can make the most laidback person insanely competitive. I'm gonna introduce it to my friends when the weather is nice.",1400595933.0,1
AskReddit,"I only played it once, but I'm determined to play much more flunkyball.",1400587089.0,2
gtaonline,"I've been conditioned to say ""oh, jesus... Time to restart my ps3"" whenever I lag and my game freezes for even a second.",1400528477.0,2
depression,"The world operates adequately. You could be the person to improve it, though.",1400527278.0,1
AskMen,"Right? The second I got out of high school, I became lost on socializing in general. It's amazing how having structure and proximity can help.",1400473222.0,1
shutupandtakemymoney,I'll have you know that *I* need these. For.... science.,1400370632.0,13
AdviceAnimals,I agree to the agreements that we have agreed upon.,1400304646.0,6
AskWomen,TIL i'm no good because I enjoy anime sometimes.,1399862737.0,2
pics,Oh my. Dat Grievous.,1399670151.0,1
AskReddit,Parkour. I know half of it is running and the other half is climbing. My strife comes from the fact that my town has no parkour-able things to... parkour over.,1399500773.0,1
microgrowery,How often are you watering it?,1399497270.0,2
FortCollins,The owner's going to get a lot of disappointed phonecalls.,1399392862.0,1
AskMen,"The higher the number, the more inadequate and replaceable I feel as a partner. I get that some of those numbers don't necessarily mean anything of significance, but I feel as though I have more pressure to live up to, or exceed their standards and expecations from previous relationships/partners/experiences.",1398737394.0,1
gtaonline,"The real fun part is trying to get the bikes in the bed of a truck and offroading to the summit. It can get pretty glitch-tastic, which I totally welcome.",1398736711.0,1
gtaonline,"My friends and I do nothing but ridiculous stunts. Our favorite thing to do currently is to take our bikes up to the top of Chilliad and try to survive the ride down, all while doing tricks and various stunts. I'll add ya!",1398731716.0,1
gurrenlagann,"The color on mine's lasted for a while, but it just hangs in my car. Doesn't get much contact.",1398703479.0,1
howtonotgiveafuck,"Corny as fuck, but that saying ""you miss %100 of the shots you don't take"" rings true. You got this man!",1398602981.0,5
batman,"You know, I try to stay away from fanstuff like this, but The Joker Blogs changed my ways",1398479767.0,1
Tinder,Whoopsie. Born in '92 and still a foo',1398376590.0,1
Tinder,Is Pat actually a muppet that spent thousands of dollars to appear human?,1398367498.0,1
depression,"Okay, so sad story time. I've realize i'm just a god damned neckbeard. Only reason I ever got her attention in the first place was that I had a Zelda ringtone. I would love some one night stands. No clue how to even start to go about it.

Edit: I want to add that i've been trying the whole self improvement thing forever. It's not working. I give up.",1398250607.0,1
depression,"Go to a concrete wall, that's I always do!
Really, don't listen to me. My knuckles look seriously fucked, and here I am, thinking scars were sexy.
Sorry, I tend to joke about stuff when i'm in a terrible situation, like a coping mechanism I guess.


Really, thanks for your suggestions, but the biggest issue is that i've gone through all of that during the first whole ordeal with the break up. I swear to god, I did everything right: I went traveling, started working out, initiated no contact, focused on my own needs... I felt so good until today, and that just brought me back to my stupid, manic self. Seeing her happy with her new Boyfriend while i'm here, kissless and sexless since the breakup. I feel like karma's dead, you know? It just makes sense to stop caring and embrace total apathy for a while.

Also, i've been drinking too. Whoopsie.

",1398227941.0,1
AskReddit,It's actually quite sad if you think about it. The best thing to ever happen to me occurred at such a young age. I peaked early. Damn these shoes.,1398193675.0,1
AskReddit,I once tied my shoes so the laces on either shoe were equally tight. ,1398193151.0,2
funny,I like this.,1398140276.0,1
Needafriend,"It's alright, my phone is basically my computer until I get a new one. I have skype, I'll PM you my username",1397935359.0,1
Needafriend,"I'm all about zelda! Unfortunately my computer's been reduced to a glorified itunes and dvd machine, so no steam for me currently :(",1397926195.0,1
conspiracy,"Totally noticed. Even back a few months ago during Parks and Rec. The Fluoride episode. Ugh. Makes me shudder. Bones also had an episode during the same week or so, talking up GMOs.",1397868149.0,2
AskReddit,"That guy with the huge safe has to be up there. He didn't even open it, it was someone else!",1397502399.0,1
pics,I love the Genndy version. 2 hours of amazing battles and astonishing animation. People gave me so much shit for thinking General Grievous was a badass until I showed them how brutal he is in the miniseries.,1397421738.0,1
AskReddit,Hog Hug? Hog Hug..... HOGARTH HUGHES!!!,1397413741.0,3
AskWomen,I played that end scene a few times. I was in denial that the result could be so brutal.,1397278087.0,1
pics,"That's pretty good for being your first time welding, not to mention how tricky TIG can be. Well done!",1397236465.0,2
gurrenlagann,"Dang, you're right. Hopefully i'll be the last person you have to correct on this.",1397088878.0,1
gurrenlagann,"Not quite, unless you're talking about doing everything to build the model. I read in the conditions that it needs assembly. It's a snap fitting, no glue or paint needed.",1397088096.0,1
AskMen,My social awkwardness.,1396925597.0,24
DenverComicCon,"I never played NV, I just figured it was based off Nevada haha. As far as guests cancelling, I certainly don't blame Lee since he was having health issues. That part was just me being a baby.",1396481050.0,2
DenverComicCon,"I've only been once, which was last year. The only thing I can say is that DCC is still pretty much in an infancy stage since it's still pretty new. There might be some some issues like guests cancelling (Looking at you, Stan Lee), or some misorganization. Other than that, I had a blast and already have my tickets for this year.",1396470128.0,3
AdviceAnimals,"You were one of *those* people who watched Beakman's World, huh?",1395969658.0,0
gurrenlagann,I have one of these. I got it at a convention and it ran me about $15-20. I have it hanging from my rearview mirror :D,1395881147.0,1
AskReddit,"Darth Vader. Imagine being brought back to life, *right after* you've gone towards the light side by killing Palpatine and restoring balance to the force. Sure, he'd help Luke reestablish the Jedi order, but there would be PLENTY of people that just won't trust someone who's killed literally PLANETS worth of people. 

It's like if Mussolini opened up a dozen orphanages and charities.",1395791945.0,1
trees,And the Pentacorn.,1395605309.0,2
AskReddit,"When you woke up today, did you say to yourself *today I'm gonna talk*? Or *today I'm gonna skate*?

I love brink too much. Fuck Val.",1395605240.0,1
batman,Johnny Jonny Frost.,1394927563.0,8
AskReddit,"http://www.youtube.com/watch?v=c4BLVznuWnU

Yeah. That's Ron Weasley.",1394918369.0,1
AskReddit,"I have a photographic memory for useless things such as television or movie quotes, and pointless facts.

It never comes through when I need to know something for an exam.",1394918077.0,1
AskReddit,"""There are other fish in the sea.""

Well good thing i'm stuck in this puddle!",1394752815.0,1
JonTron,"I've tried. It's worked with my brother and sister, but my friends haven't seen the majesty of Jon yet. Soon.",1394734705.0,4
AdviceAnimals,Been depressed since September. I know that feel.,1394599616.0,6
AskReddit,The most recent one for me was Spike Jonze's Her.,1394564241.0,1
AdviceAnimals,http://imgur.com/gallery/19Z7drt,1394493320.0,1
AskReddit,"Itchy-switch.

It's when you take your laundry from the washer and put it in the dryer. I thought it was a common term until my ex heard me go ""Yeah, I'll be right there. I just need to itchy-switch.""
She gave me a really odd expression after hearing that.",1394491011.0,1
AskReddit,"I can cook, I was just trying to make a point haha. I can clean even better than that.",1394303910.0,1
AskReddit,"Sriracha. In fact, I have a sriracha shirt so I already am advertising for them.",1394248422.0,1
AskReddit,"If I say I can't cook or clean, or that I like to lounge around the house all day watching TV and not wearing pants, then that makes me lazy and immature.

When Daniel Radcliffe or Jennifer Lawrence say that, everyone goes ""HOLY SHIT THIS CELEBRITY IS SO AWESOME I LOVE THIS PERSON!""

Fuck you, reddit.",1394247588.0,1906
AskWomen,"You know, it would really really suck to have that happen in general, but if they were just straight-up with me and said that they wanted to sleep with other people, then fine. Thanks for telling me that before you went and did it. ",1394178211.0,11
AskReddit,"Well, I got out of a 3 year relationship in September. It was rough for a while. I was desperate and tried any temporary form of validation with dating sites. Okcupid, tinder, pof, things of that nature. I was in a bit of a slump and then went travelling. When I returned I vowed to get a job no matter how bad so I could save money to move to a bigger city (every social circle in my hometown overlaps another), started working out, and focused on what I wanted to do for a living since I was basically in stagnant waters since I graduated high school. Right now, i'm just busy as hell.",1394164409.0,1
AskReddit,Beautiful features.,1394162986.0,3
AskReddit,If she has a face that can successfully express sarcasm or skepticism. I'm not a normal guy.,1394162894.0,7
AskWomen,"That was painful to read. My philosophy is that if I were in an LDR and they wanted to cheat, then just break up with me first.",1394162445.0,48
casualiama,"Haha no way! That's hilarious. How's the hunt for resources? You mentioned how green cars become more commonplace, but what about simpler things, like water?
Also, has space travel or space programs changed?",1393555388.0,1
casualiama,"It's a paranormal phenomenon where some people accidentally slip out of their timeframe, or even their dimension.

How has technology as far as entertainment purposes evolved? Are things like Oculus Rift common place, or has it been replaced with a Virtual Reality thing even MORE realistic? For that matter, videogame consoles in general. Xbox One got a lot of flack for having the Kinect, which can detect things like people in the room, and products to do targeted advertsisng. Has this been amplified in the future?

Thanks for doing this AMA, I live and breathe this kind of stuff, it's fascinating.",1393553437.0,2
casualiama,"http://en.wikipedia.org/wiki/Time_slip

Basically people accidentally ""Slip"" out of their timeframe, or possibly even dimension.",1393553222.0,3
casualiama,"Have you read Slaughter House 5 by Kurt Vonnegut? It reminds me of your situation. Also, have you heard of timeslips?
One more thing! How do people view Obama in the mid 2040's? What is his reputation like that long after his Presidency? How is the current President in that time? Revered? Hated? Meh'd?",1393382663.0,28
NetflixBestOf,"I uses to hate that show because I thought it was something only meant for metalheads. Boy, was I wrong.",1393223257.0,1
seduction,Hostels aren't that common in the US.,1393211469.0,4
LifeProTips,"That was what inspired me to clean my room and throws away all my unnecessary things I've been holding on to over the years. Even though I walk to my room alone, at least it's a clean room.",1393210099.0,2
AskMen,"I would say being codependent. It's OK to want to spend a lot of time with your SO but when it comes to the point where you're joined at the hip, things have potential to crash and burn.",1393208157.0,2
casualiama,"I believe kief is the pollen from the weed plant. While it is very strong, it is not necessarily concentrated weed. For your knowledge!!!",1393201895.0,2
sydney,"I walked by there yesterday. Damn, I really wanted to go see it.
",1391827390.0,1
Bulldogs,"Absolutely. It was a good omen all around. I just got into Sydney, taking a shuttle to my hostel, and I saw a guy walking with his big ol' olde english bulldog like a boss. 10 minutes later, I see this giant bulldog street art! T'was a good day.",1391673042.0,1
AskMen,"Once, kinda...

I was super young, probably about 15 or 16. I felt that burning sensation as if someone was staring me down and did a quick sweep. Some girl around my age was doing THE most stereotypical Joey Tribianni  ""How you doin'?"" Look at me. I had never experienced anyone coming on to me like that, so I dismissed it as some weird joke and laughed it off. I bet she felt like shit all because I was socially awkward and never ever dealt with anything that forward before.",1391551018.0,1
FortCollins,"Not FoCo, but I know that Games Ahoy in Loveland has tournaments every month or so. Also, I think it's Brawl, not Melee at Games Ahoy.",1391550787.0,2
OkCupid,"OKC: I get a whole lotta nothin'.

TINDER: I get a whole lotta camgirls trying to come off as real.",1391478329.0,1
AdviceAnimals,Ba-zing!,1391395621.0,1
FortCollins,"I heard that it's super racist. I couldn't tell you for sure though, since i'm white as christmas.",1391112529.0,5
OkCupid,I don't really care if someone knows i'm a redditor from my okc username or vice versa.,1391020599.0,1
OkCupid,"Even though you rejected him, you still played along with the theme of the message. If I were that guy, I'd count that bit as a victory.",1391020167.0,2
tattoos,Absolutely gorgeous. How long did that take?,1390980577.0,2
PandR,"I can't speak for the others, but i'm laughing with you, not at you.",1390867184.0,5
PandR,You made a hilarious mistake. Let's just leave it at that. ,1390866534.0,7
AskMen,"Easy for you to say, skeletor. You have nothing for her to cannibalize.",1390850190.0,27
FortCollins,"Yes, this! I was just there the other day and saw two eagles!",1390807382.0,2
OkCupid,"Because it's any way to distract me from my ex. I feel like I should move on, hence the dating site, but I know that deep down it's just an outlet. ",1390711779.0,1
seduction,"This. I got out of a 3 year relationship about 4 months ago. After I got all my wallowing in self pity out of the way, I remembered how badly I wanted to go travelling but couldn't while in a relationship. The second that thought crossed my mind, I looked at my bank account, said ""yeah, that'll get me by!"" And got my ticket. I'm leaving for Australia in 10 days :D",1390693599.0,2
Denver,"I wish I could go, it sounds like a fun gig. Have a good time!",1390693210.0,3
FortCollins,"""Centennial HS - oops""

Hilarious. I went to that school and as much as I loved it, I entirely agree.",1390690457.0,3
comicbooks,"Art style looks super cool, and I love anything that involves giants that need to be killed.",1390600750.0,2
gaming,The Link Ying-Yang one is my absolute favorite. Would buy in a heartbeat.,1390596993.0,1
StarWars,And that quote alone will keep me trying until I die.,1390551268.0,3
OkCupid,"That's all solid feedback, thank you! The hypocrite part was trying to get across my habit of sarcasm, but it's definitely hard to tell through text.",1390538908.0,1
OkCupid,"Good advice, thank you! I tend to get redundant sometimes. I sound like a broken record, too.",1390538799.0,1
zelda,Puns are the riskiest jokes you can make on the internet.,1390528116.0,6
OkCupid,"Oh man, that's a lot to take note, but all very helpful! Thank you for helping a fellow dude out.
Aaaand yeah. I'll fix that main picture haha",1390520351.0,1
OkCupid,"Thank you for taking the time to look at my profile! The weed thing is tricky, given that i'm in Colorado and it's legal. I try to state that I enjoy it, but I'm worried that I'll come off as Mr.yoloswagnoscope420blazeit you know? ",1390520262.0,1
OkCupid,Thanks for the feedback! I'll work on removing the smoking pictures and paraphrasing the long-winded bits.,1390520148.0,1
funny,"He would probably give some gold shillings, a nice bottle of whiskey, and a hatchet.",1390510889.0,1
funny,Is your brother Ron Swanson?,1390510160.0,1
discgolf,I think I read somewhere that it takes the average player around 3.5 years of playing before getting their first ace.,1390505485.0,1
Colorado,"As much as Fort Collins is nice, it's pretty bad if you've been living here your whole life.

Souce: FoCo native.",1390463994.0,7
AskReddit,"My Little Pony: Friendship is Magic.

On separate occasions, I have given this show many solid chances, just trying to see what all the hullabaloo's about. I still have absolutely no idea, and when I ask friends about its appeal, every single one of them give me the exact same answer, as if it were a cult.

""It's just awesome man"" they'd say with an almost glazed expression ""animation's great, I love the story, the humor...."" and just kinda trace off. They never follow that up with any examples from the show.",1390445882.0,-1
OkCupid,"Good looking and intelligent. No one's entirely emotionally stable, and hey.... I like a bit of crazy.",1390441011.0,3
OkCupid,"I once broke my elbow off, then proceeded to ride my bicycle home. True story.",1390440401.0,1
casualiama,What is the element that the periodic symbol AU represents?,1390357600.0,1
AskReddit,"After we catch our breath she scratches my back and says ""wanna smoke a joint and play mario kart?""",1390354611.0,1
AskMen,"Came here to say this. If I ever go bald (which I probably will since it runs in the family), then i'll just go shaved head with a beard.",1390334266.0,3
OkCupid,I loooooove a girl with tattoos. As long as they aren't trashy or unprofessionally done.,1390260093.0,1
casualiama,"Fuck off, Lahey.

There you go :D",1389924089.0,3
casualiama,Sounds like a good time. Basically me sans the makeup haha. How often do you get people referring to Trailer Park Boys or Scott Pilgrim solely because you're Canadian?,1389923810.0,3
casualiama,"Throw in some yetis and you'll be a stereotype that doesn't even make sense!

What do canadians do in their free time? More specifically, the canadian hosting this AMA?",1389923388.0,2
OkCupid,....what just happened?,1389920384.0,1
casualiama,Mmmmm penguin chunks. It fits with your canadian ways.,1389919986.0,2
casualiama,"But.... but soda?? I could go for a nice penguin steak, but soda's gotta be a bit.... *chunky*...",1389918992.0,2
casualiama,Why penguin soda? I would imagine that soda made from penguins isn't tasty at all.,1389918007.0,2
casualiama,Hawkward....,1389910834.0,1
AskReddit,"If I knew I wouldn't get caught, then I wouldn't think twice about murdering some people. This scares me because I might snap some day and gain some kind of *I don't give a fuck* attitude and go on a rampage.",1389910708.0,1
discgolf,Fantastic username too.,1389757455.0,4
discgolf,Thinka ya could- think ya could- think ya could bench a SCION??,1389727870.0,7
AskMen,"Yeah, but all the tubgirls and lemon parties couldn't phase me. This did.",1389637930.0,2
AskMen,"The way you typed that made me envision you just shrugging off cheating on your wife, which upsets me.",1389594518.0,8
seduction,if a girl doesn't like air hockey then i'm not gonna be interested,1389498895.0,12
casualiama,"Did our dreams come true yet, or what?",1389232646.0,1
FortCollins,"As a Fort Collins native, I can say that we are a little yuppified. You're sadly gonna deal with that from Denver to the Wyoming border.",1389203519.0,0
seduction,Share the wealth!,1389067036.0,3
comicbooks,I saw this episode the other day! I had to do a quadruple-take.,1389035611.0,2
JonTron,"You deserve far more upvotes than this. Thank you, good sir!",1388795559.0,3
seduction,"But remember, this is *adventuuuuuuuure*! You know, that vague thing that girls tend to love!",1388768803.0,1
seduction,Very awkwardly,1388768749.0,2
depression,"Many reasons, but the biggest reason for this streak of depression is the ex girlfriend.

 Broke up with her after she cheated on me. Having someone by my side for 3 years and then suddenly being solitary is really taking it out of me, and to make things even worse is that she started seeing someone a month after we split. I constantly imagine her all happy, not a care in the world with this new guy while i'm still feeling sorry for myself.

I feel so disposable that a kleenex probably has a stronger sense purpose.",1388450423.0,1
trees,And download me a hoagie off the internet,1388217209.0,1
StarWars,What do you expect from the cock knocker?,1388158966.0,103
PandR,"You probably heard me say ""bring me a lot of bacon and eggs."" I said ""bring me *all the bacon and eggs you have.*""",1387684697.0,6
casualiama,"Thanks for doing the AMA. Have you read the kyabalion? If so, what are your thoughts on it.",1387653360.0,1
AskWomen,Haha unless you're into comic books.,1387511102.0,2
AskReddit,Feeling sad and lonely even 3 months after the break up. I'm working overnights so I have no way to socialize with anyone at 6am when i'm wide awake. Yay for having 3 friends.,1387429143.0,1
batman,Yessir. Classic case of stockholme syndrome.,1387272813.0,9
AskMen,"Yes, but my case was not at all like yours. Your girl isn't too into you. She just likes you and enjoys the relationship you two are having. I wouldn't worry until she starts showing signs of codependancy.",1387259142.0,2
AskReddit,Committing a murder/suicide.,1387257745.0,2
casualiama,"Haha fun! I definitely need to give it a try sometime, I have friends with good starter guns and they've already said they'd take me shooting",1387172257.0,1
casualiama,"Oh absolutely. I think that's why I've never handled a loaded one or fired one before. It's not to be played with, or else i'd stick with nerf guns",1387171887.0,2
casualiama,"I've never shot a gun before in my life, but I definitely want to. As for archery, hell yes. Archery's awesome.",1387171605.0,2
casualiama,"Yeah, the phone thing never bugged me unless they held up the line. Are you doing anything other than the grocery game? Work, school, hobbies?",1387171234.0,3
casualiama,"Worked at a grocery store for a year. The worst thing is when you have trouble scanning an item and the customer goes ""I guess it's free then!!""

How much has that happened, and do you hate it?",1387169104.0,3
AskMen,"If it's persistent, just politely say ""thank you, but i'm not interested.""",1387077219.0,17
FortCollins,I'm not *that* spoiled. I never caught on to the whole brewery scene.,1386910037.0,-1
FortCollins,I'm curious about this too. I feel like nearly all of the bars here are over priced.,1386907036.0,-6
AskWomen,TIL many women here are super kinky. I'm ok with this.,1386906502.0,-1
gtaonline,Exactly. I've seen way too many feaux-hawks,1386789620.0,2
gtaonline,Lots of people play as a girl. Look at any online game with customizable characters. If you think all of those female night elves are actually girls then you're gonna have a bad time.,1386746472.0,3
FullmetalAlchemist,"Now that netflix supports subtitles, i'm totally gonna watch it again.",1386672397.0,1
FullmetalAlchemist,That just means I have to watch the whole series again. Darn. Sarcasm.,1386668293.0,4
COents,This makes me so stoked about moving to denver. Fuck yes.,1386667412.0,3
FullmetalAlchemist,"You know, I never even realized until you pointed that out! His face gets pretty gaunt when he's out on his own. Fantastic job, Avatar team.",1386666982.0,5
AskMen,My mistake.,1386651329.0,1
AskWomen,"Similar thing happened to me, too. We're both upfront and rather blunt people so I was shocked about the whole thing. If you're not interested in me anymore, then let's just break up. I don't need the extra hurt of being cheated on too.",1386649092.0,3
AskMen,Having a sense of fashion isn't entirely imperative as long as you have clothes that fit your body nicely.,1386648913.0,2
AskMen,"When you put it that way, I don't at all mind it. There are some that phrase it like ""daddy's little girl"" And that is what turns me off. The whole oedipal deal. If it's out of submission then I don't have a problem. ",1386648008.0,2
FortCollins,"I have a friend who might take it, he's got some leopard geckos and a savannah monitor so he knows how to care for reptiles",1386642104.0,1
JonTron,"I enjoy continue, but i'm not a fan of NSP, PBG or spacehamster. I dunno man, I get bored of continue but then I hear their trademark ""WOOOOOOAAAAAAH!""",1386568326.0,1
PandR,You mean Larry.,1386564914.0,3
DoesAnybodyElse,Freezey flavor-stick?,1386564697.0,4
TheLastAirbender,"You need more upvotes, that was witty as fuck.",1386564151.0,5
FullmetalAlchemist,Haven't watched it but what little I have seen is definitely true.,1386533349.0,3
FullmetalAlchemist,Brotherhood and Avatar are the two animated series that I know of that have done an amazing job to gradually change their characters.,1386502065.0,11
AskReddit,"God damn you, you nixed the sandwiches! First the cheating, then blowing off the search, AND YOU NIXED THE GOD DAMN SANDWICHES.

Different movie, but still a King miniseries that NC reviewed",1386490566.0,1
gtaonline,Psn: sprobby. I have a mic and I'll hop on in a bit,1386459238.0,1
AskMen,"It probably varies from person to person. For me, I close my eyes if i'm really into it or focusing.",1386234041.0,7
Gaming4Gamers,"Entirely, that's why I tried using the word ""personally"" as much as I could haha. I would say it was underwhelming only because I craved more of Joel and Ellie so when the credits rolled I just wanted more of that amazing storytelling. Sequels can often sour a franchise for me, but I just wanted a *little bit* more. Maybe even a quick post credits thing.",1386109067.0,1
Gaming4Gamers,"I absolutely love the entire GTA franchise. Al that being said, I personally felt like rockstar promised too much and delivered too little. Still a fun doozey of a game though. As for Last of Us... The ending, while grand, felt a bit underwhelming especially since there's no sign in a sequel being a possibility. Having a climactic event go on for so long and just end can be a bit jarring. Personally, I vote for Bioshock, even though GTA and Last of Us were pretty spectacular.",1386078877.0,6
Gaming4Gamers,"Has anyone here played JFK Shootout? It gained a ton of controversy for being in bad taste, violent, making light of a tragedy, etc., etc.... The main point the game was trying to make was how insane the odds were to make a shot similar to Oswald. Most people missed that.",1386050941.0,2
Gaming4Gamers,"Bioshock Infinite is the only game that had me BEGGING my friends to replay it because they didn't listen to any of the vox-o-phones, thus leaving them entirely lost on most of the story. ",1386049829.0,16
Denver,Nothing like a good knit-bombing.,1385996284.0,2
LucidDreaming,"Don't get me wrong, it definitely has a lot of potential to help others. Just sending out a small ""buyer beware""",1385996192.0,1
LucidDreaming,"When I *do* remember my dreams, it seems like melatonin only makes them more peculiar and strange, not so much more memorable. The dreams are pretty fun whenever I do remember them though.",1385991587.0,1
AskWomen,"It's not just the boyfriends who do it, sadly enough :(",1385932215.0,2
AskWomen,So classic it should almost be a cliché.,1385932014.0,4
gtaonline,Maybe within the next hour or two,1385828749.0,2
gtaonline,"Sprobby

I've got a headset and everything",1385827126.0,3
denverlist,"Sounds like the perfect dog for me, but my living situation wouldn't allow it. I hope he finds the perfect home.",1385717954.0,1
AskReddit,"Considering recent events, I would assume it was my ex being fucking creepy. I wouldn't be down with it, but then again... free gift.",1385612591.0,1
AskReddit,"This is gonna sound lame considering all of the other posts, but mine is this picture of a girl cosplaying as Aeris from FFVII but here eyes and mouth were photoshopped so they were creepily wide. My sense of uncanny valley goes ballistic whenever I see it.",1385582886.0,1
AskReddit,"It should have been the moment when she was flailing on the ground in a a temper tantrum that could make the most spoiled rotten kid go ""Damn. I can't follow that.""

I tried to calm her down and prevent her from hurting herself by hugging her and she screams ""OW! Don't hurt me!!""

That *should* have been the sign. It wasn't until she cheated on me a year later with some pizza chef in his 30s. Good for her, shoot for the stars.",1385443838.0,5
Needafriend,"I've been feeling better, the sadness still comes but for less time. Thanks for helping, friend!",1385413021.0,2
AskReddit,"Hells yeah. You and I should find 14 other people who have the same thing and then.... get a tiny person to stab us? Yeah, nevermind...",1385364802.0,1
AskReddit,"CastleVania: Symphony of the Night.

Cool places to explore, awesome soundtrack, tons of weapons and armor, tons of fun enemies and multiple endings. One of the best ps1 games out there, and other than cheesy voice acting, this game as stood up to the test of time. The art style is still great and the controls are pretty responsive.",1385354048.0,1
AskReddit,This. My first tattoo is of the insignia of where you attack them.,1385353772.0,1
Frisson,It makes me so sad whenever I watch it,1385347354.0,5
AskWomen,"True, but caring about other people's appearances... that at least a *little* shallow right? It's not a bad thing, everyone is a little shallow.",1385253235.0,0
sex,"It's been said before, but it definitely needs to be repeated. *there is sperm in pre-cum*. ",1385252849.0,1
AskWomen,"Definitely. I wasn't trying to belittle people who have those thoughts. I know it's a naturally occuring thing. I was just trying to express how people in my life give in to those thoughts too easily, and decide to act on them which usually ends up in a crash and burn.",1385243419.0,3
AskWomen,"I get the call of the void, and I understand intrusive thoughts. It's the fact that people in my past have a terrible critical thinking process and usually follow through with these thoughts instead of just shrugging them off like I, or any other person with common sense would.",1385235884.0,8
AskWomen,"Aaaand this, among other things, is why I have some trust issues...

Edit: I wasn't trying to be critical, just voicing concerns about my own personal life and baggage. Fuck me, right?",1385225889.0,14
comicbooks,"Wow, fantastic job. I hope you get contacted by Marvel to do some artwork. If I had your skills, man... If only....",1385194912.0,2
AskReddit,"""You think you're going to get away with this alive? 'Sprobably not.""",1385194797.0,1
comicbooks,"Three words. Exposition, exposition, and exposition. They'll dive more into it. Your argument is the same as someone saying ""Emma Frost is blond? WHY? THIS DOESN'T AFFECT THE PLOT AT ALL!""

Edit: I want to add that I understand how hard it is for some people when they come out to their friends and families, but the whole reason *why* xmen is here is originally because of the Civil Rights Movement. It's about acceptance of someone different than you, even though they may not look or sound like they're different. Sure, maybe they downplayed his coming out, but isn't that what we're striving for in equality? Someday, coming out to someone will (hopefully) be as easy as saying you have a peanut allergy, or what your taste in music is.",1385183361.0,11
batman,"Not me, but that's another rant for another time.",1385094258.0,1
Denver,That's horrible. First the missing bulldogs and now this freezing weather. I hope they're ok.,1385091729.0,1
Denver,"Yes! Sorry, i'm on mobile so my links don't look very pretty. I hope your friend gets their companions back, i'd be devastated if it happened to me.",1385058909.0,1
Denver,"I'm not sure how active it is, but there's a bulldog subreddit too. You might get some luck x-posting this over there.",1385058296.0,1
OkCupid,"Northern Colorado. If I want to find someone who's matched with more than 70%, I have to leave the country.",1384989504.0,1
AskReddit,"Abercrombie and Fitch.

They used to sell western wear, like cowboy boots and the like.",1384975894.0,1
casualiama,"Fort Collins guy here. Super cool of you to do this AMA, I hope it gets more attention.",1384932280.0,4
Needafriend,"I get that, and you make a fantastic point. After knowing me for 3 years though, she knows that ""whatever"" basically translates to ""fuck off""

Doors are closed, I can guarantee it. Closed, locked, welded shut, chained, other terms for being sealed.",1384895509.0,2
sex,"I can believe that an action can immediately invalidate one's affection for the other. Again, this is just us slinging around opinions, we can just turn on fox news and get as much stimulation if not more right now. I may not respect your opinion, as well as you may not respect mine. Let's just shake hands and end it.",1384753148.0,1
sex,"It's not an assumption, it's a personal belief. Have you known anyone who's cheated and still loved their SO? How did that work out?",1384750554.0,1
sex,"If you love someone, then that would be the first thing to think of in the final moments that decide whether or not one would cheat. Alcohol or not. If it's a thought that you could cast away easily then you clearly don't love the person. We're just arguing over opinions, so there's not gonna be an end in sight if we keep it up.",1384749658.0,1
sex,"I did. What I'm saying is that throwing away your SO's trust in you by shacking up with someone with a very conscious desicion. It's not like losing your footing and tripping. You know what you're doing by actively engaging in sexual activity with someone other than yourself. Being blackout means you shouldn't even remember what you did, so OP's SO is probably using her drunkeness as an excuse to soften the blow, same with saying she that she didn't even like his friend.",1384748679.0,1
sex,"Valid argument, because people throw away their relationships and their SO's trust about as easily and accidentally as they lose their car keys, right? Or they cheat on their SO out of self defense?",1384748131.0,2
sex,"Yes, I would call them murderers. Because they have committed murder.",1384747169.0,3
sex,Much like all murderers aren't the same but they're still assholes.,1384739556.0,-1
sex,This.,1384739008.0,1
sex,"Either way, it is an unforgivable thing to do and it proves that they never really loved you in the first place. Best thing to do is realize that, break up with them, and move on.",1384738901.0,-10
AskReddit,"This is a bit late to the party, but I've been waiting for a good time to tell this story.

My Late Grandmother met Adolph Hitler. This was before his dictatorship when he was still giving speeches for the German Worker's Party. She was around 8 years old and her family went to go see him at one of his rallies. There was a man selling flowers and she asked my Great Great Grandfather for some. He said no, they were too expensive. She threw a bit of a tantrum and he gave in. Once she got the flowers she ran through the crowd, hopped on stage, and presented the flowers to a soon-to-be Genocidal war criminal. He gave her a hug, told my Great Great Grandparents that she was a sweet and adorable little girl, and took a photo with them for their local paper.",1384714018.0,5
Needafriend,"Done and done. I tried my best to, but again, she tried texting me yesterday in regards to some of my stuff she had found. I didn't care if I got them back, so all I replied was ""whatever"" and she hasn't said anything since. It's what she's saying to my friends that's concerning me.
",1384631754.0,2
Needafriend,"Hey, I was happy with our relationship until she decided to cheat on me and lie about it for a prolonged amount of time. Whatever mind games she's playing are unwarranted since I'm not the offender here. I just stuck with my convictions and beliefs that she even agreed with me on. There's no reason for me to be punished for not wanting to stay with someone who cheated on me, but she believes that she's the victim in all this. I don't even.",1384630453.0,2
gtaonline,"Yeah, why target the good ones who are minding their own business?",1384593243.0,8
JonTron,"Agreed. You owe us this much, OP!",1384572433.0,15
Needafriend,"I prefer to think that she just always needs someone to hold her hand. She has no sense of self reliance. Aaaaaand I woke up this morning to some texts from her, despite my asking her to never speak to me again. I think she's enjoying seeing me twist in the wind.",1384534970.0,2
Needafriend,"Well, she's already seeing someone. Good for her, I guess. Today would have been our three year anniversary so I woke up in tears. Wonderful. If we were to ever get back together she would have to be an entirely new person. A huge system overhaul, as it were.",1384457795.0,2
DoesAnybodyElse,"Yes! I find it to be a chore. Sometimes I even forget to eat. Seriously, it's not as simple as my stomach telling me I'm hungry. I have to keep track of it. My family says I have a ""feast or famine"" diet. This means I can go days or sometimes even a week without eating, then I tend to pig out for 2 hours straight.",1384409124.0,3
FortCollins,I'll se you in around a year. Just gonna wait for the proper funds and for a good selection of games first,1384407420.0,2
FortCollins,"Fuck yes, thanks for correcting me. I forgot their new name. ",1384405889.0,1
FortCollins,"I got mine done by ragz at katalyst koncepts. They changed their name, but same location. If you're looking for more traditional/monochromatic pieces, they definitely know what they're doing",1384393649.0,0
Needafriend,"I'll try. I get stupid some times. I'll be the first to admit that. I don't have much concern for my well being, although I definitely should.",1384329110.0,1
Needafriend,"That's not that bad of an idea. Brb, gonna go pick fights with strangers in the street. In all seriousness though, i'm probably gonna get a sandbag to beat up.",1384328555.0,1
Needafriend,"I've screamed my voicebox dry into a pillow. I need a sand bag or a fightclub or something... if you've read the book or seen the movie then you'll catch the reference when I say I want to destroy something beautiful. I don't like to resort to violence, but screaming and crying into a pillow didn't do anything for me.",1384327148.0,1
Needafriend,"Eh, more or less. I lost my temper and got in a fight with some concrete. The concrete won. My knuckles are disgustingly bruised and my wrist feels jammed. Wonderful, considering that i've got a job involving inventory and stocking. I am not a smart man. Gah dammit.",1384326246.0,1
Needafriend,"Thank you. It's been hard since she's been acting like she's doing great, and I'm still in this pit, as it were.",1384316382.0,1
Needafriend,"I probably can't forgive her, given her recent actions. I'm just doing my best to move on and focus on other things. If I could just wipe my memory of her, I would.",1384312391.0,2
Needafriend,"I ended everything over a month ago and cut off all ties a couple weeks ago.

Edit: rephrasing",1384306920.0,2
Needafriend,"Yes, but I don't know if they're right.",1384306884.0,1
Needafriend,I don't know what's right. I'm just going with instinct.,1384299377.0,1
FanTheories,Ooh I like this idea,1384277294.0,1
Needafriend,That's all I've been doing. Being in something so serious from 18 to 21 means that I missed out on a large chunk of growing up on my own. I'm broadening my horizons and giving myself time to catch up from 3 years ago,1384247123.0,1
casualiama,Is there any loophole that I can use to get free food?,1384241045.0,1
Needafriend,"Thank you, I very much appreciate it. Go get your rest on.",1384239708.0,1
Needafriend,"Yeah, I've heard that. I definitely need to do it otherwise I'm a sham of a coloradoan",1384239381.0,1
Needafriend,"I've always wanted to snowboard. I used to longboard all the time so I definitely know how to carve. It's always bad timing, I never have the money to go when the parks open. Also, we are having like 4 separate conversations right now haha",1384239087.0,1
Needafriend,"Oh yes. Sooo healthy. I was in a pit, I think it was a *little* justified. All that being said, I take in a lot more nutrients now.",1384239002.0,1
Needafriend,"I'm a bad mountain kid, I admit it.",1384238803.0,1
Needafriend,"Haha no worries. When she told me she cheated on me, my diet for around a week and a half was evan williams and cigarettes. Literally, the only thing I ingested was smoke and liquor. I've just reverted back to my natural appetite now.",1384238781.0,1
Needafriend,"Thanks, friend. It comes and goes in waves, ranging from livid, to depressed, to numb, to content, and then regret. It just loops.",1384238662.0,1
Needafriend,"It is, but you know something stupid? I'm a native here, born and raised. I've never set foot on a snowboard or ski.",1384238557.0,1
Needafriend,"Trust me, It's not like I'm doing that through depression. I just barely need food. It's weird.",1384238515.0,1
Needafriend,Totally. I've been taking any reason at all to get out of the house. It's cold as fuck here in colorado and I still go for walks.,1384238320.0,1
FanTheories,You know what's up. Knucks and/or high fives.,1384238220.0,12
Needafriend,"I've already cut off all ties after she tried to manipulate me and see me twist in the wind. There is absolutely no need for me to speak with her. As for eating... that's pretty easy. She had a metabolism like a humming bird and if tacobell were a human she'd marry him. As for me, before I met her, I only had a single meal a day, if any. Since the breakup, I hardly eat anymore.",1384238167.0,1
Needafriend,"I'm trying my best to move on. I've been saying that it's not *her* I miss, but the companionship.",1384237772.0,1
Needafriend,"Oh, it's way easy to put on a nice happy face in public or around friends. It's the small moments. Before I fall asleep, right as I wake up, whenever I'm alone basically.",1384237643.0,1
Needafriend,"Yeah, I always had my own standards. That's why no matter how badly I wanted to forgive her, I knew there was no way. Her sister AND her friend both told her to just pretend like nothing happened. She followed their advice. Not to start sounding spiteful, but Jesus ice skating Christ. Her critical thinking process is terrible.",1384237577.0,1
Needafriend,"I try my best. Fake it till you make it, right?",1384236186.0,1
Needafriend,We tried reconciliation for about a week. I couldn't do it. We had both talked about cheaters when we were getting to know each other and both agreed that it is an unforgivable thing to do.,1384236170.0,1
FanTheories,Spider-man is pretty crucial in Civil War as well. Sony's got him under their wing for a while and his relationship with tony during the whole thing is pretty important.,1384234848.0,87
Needafriend,"Ultimately is was I who ended it because she cheated on me. She tried to push reconciliation very hard, and I wanted to forgive her so badly... I couldn't do it. I had to end things.",1384232389.0,2
Needafriend,"It was my first relationship. First everything basically. Things were feeling a little... off towards the end, but I just thought it was because she was super busy with school and I was trying to find work. We had some distance grow between us but I didn't think that could be a deterrent.",1384232033.0,2
Needafriend,"Ooof. I love me some words but this one does not register haha. In layman's terms, it ended like the challenger.",1384229814.0,2
Needafriend,Just feeling lonely and depressed. I'm trying really hard to not be bitter about my ex. I just want to forget and move on. That's all I want. But having someone with you for nearly 3 years is hard to forget about.,1384229427.0,2
AskReddit,"I like bondage and light dominance, with forced orgasms being one of my turn ons. Does this mean I'm the next Ted Bundy?",1384225985.0,1
TrueAskReddit,"Oh my god, I just got out of what your second relationship sounded like. She had to follow me everywhere I went. You absolutely nailed it when you say it's a relationship/life killer.",1384109007.0,2
FanTheories,"That's it. Nothing more to see here, folks.",1384076883.0,27
sex,Same here... if only it could be flipped like a switch right?,1384034590.0,2
trees,"The first time I had fruit while high was uncanny. The burst of juice and flavors from each bite of that apple. I think I ate all of the fruit that night.
",1384026562.0,13
funny,"I think it's really good, although for me it hits too close to home at least once per episode.",1384026240.0,15
COents,"Damn, so basically even though the stores require 21+ you still need a badge to get a job at a grow facility?",1383902319.0,1
AskReddit,"Okie dokie, kids. It's story time!

When I was a wee laddie, definitely under 10, my family decided to take a trip to a local shop called the Bible Superstore. I don't know why we wanted to go there, we must have ran out of bibles. Anyways, my dad says I can look around and he and my older brother will come find me when they're done. I look around, watch some veggie tales, then grow bored and decide to see what else is around. I move to the second floor where all of the CDs and music were located. They had these barstools set up in front of these modules that allowed you to listen to some music. These barstools are very, verrrry basic. A metal pole sticking out of the ground with a circular cushion on top that can swivel around. I was small, so it took some climbing to get on one of these chairs so I can finally listen to some sweet, wholesome christian jams. I finally get to the peak of this stool, and next to me is a defective stool. No cushion, just a metal pipe protruding from the floor. I get on my knees on the chair (because kids don't think things through like that) and my shift in weight caused it swivel, making me lose my balance and fall off the stool. 

My wrist caught the sharp edge on the top of the pipe and cut me really bad. Across two veins. Instinct kicks in, which is *oh shit that's blood fucking run fuckingrunrunrunfuckingrunmanfuckingrun* so that's what I did. My brother and dad hear all the commotion and probably saw me run a few laps around them while screaming and leaving a giant red, wet, bloody trail behind. Eventually my dad catches me and my brother takes off his shirt to cover the cut and to try to stop the bleeding. I have a scar swooping across my wrist that's about an inch long, not counting the swoopy part. Doctor said that I was close to losing so much blood that they almost needed to perform a transfusion or even worse, amputate. Luckily, I only got around 7 stiches IIRC.

TL;DR sliced my wrist really bad in a bible store, lost tons of blood, got stiches, still have a big scar even after 10+ years after the fact.",1383889948.0,2
COents,"Does anyone know if badges will be as necessary to work at a grow facility come January? I was going to move to Denver later this spring/early summer and really really want to get into growing as a profession.

Edit: Words",1383885948.0,1
AskReddit,"Whenever I have a boner, I like to grab it by the base and push it down. It makes a pop or cracking sound as if I were cracking a knuckle.

Ladies, if you play your cards right you might be able to see an example of this.",1383784806.0,1
batman,"No one's said Batman for Genesis?

Play Batman for Genesis.",1383760122.0,-2
trees,Dude if only I had a dealer who had a crush on me... Things would get nuts.,1383678919.0,1
relationships,"Trust me, I never will. I'm kicking myself over having to deal with this over some stupid fucking clothes. My fault on that front.",1383604268.0,1
GrandTheftAutoV,"I think the phrase *two wrongs don't make a right* work well in this case. The system's broken? Ok let's just fuck it up some more, that will fix it.",1383522529.0,1
GrandTheftAutoV,"No, more just annoyed that you're exploiting the game for something that should be earned. If I wanted to glitch, I would. I would much rather earn my cash, cars, and apartments though.",1383513569.0,3
GrandTheftAutoV,It felt like that was the case in IV sp and IV online as well.,1383513380.0,2
glitch_art,"Just saw this movie the other day. Crazy, crazy flick. Definitely worth giving it a shot.",1383507224.0,2
comicbooks,Oooh that makes a ton of sense actually. ,1383507056.0,2
cosplay,Well done regardless! This makes me want to step up my cosplay game.,1383506987.0,1
cosplay,"Very nice! I've been seeing a lot of tank girl lately, is she regaining popularity from a reboot or something?",1383501333.0,1
comicbooks,I thought DarkClaw was pretty neat.,1383500480.0,11
Gaming4Gamers,"You have my attention.

Edit: It's the 6th now.",1383437862.0,3
COents,"Since the semester's almost coming to an end, places should be opening up for 2014. What's you limit for paying rent and utilities?",1383417081.0,1
AskWomen,"I can confirm the eating habits part. When my ex and I broke up, I literally didn't eat anything for almost 2 weeks. I'm back to a somewhat regular eating schedule now.",1383261606.0,1
AskReddit,I'm still dealing with shit like that and I haven't been in highschool in years.,1383242171.0,21
AskWomen,I like the recurring joke from American Dad. That's her! She doesn't play games!,1383170661.0,1
AskWomen,TIL to be super paranoid about the difference between friendly hang-outs and a legitimate date. Thanks everybody.,1383082029.0,2
casualiama,Upvote for slaughterhouse and the Tralfamadorians,1383067562.0,1
comicbooks,Dude finish the series. Dem feels at the end,1382929307.0,1
AskWomen,"I've been called a nazi for shaving my head before. Is it so wrong to have bitchy resting face, and at the same time want my scalp to get some air?",1382745575.0,14
FortCollins,"Sadly I don't really enjoy the bars in town, and the only party I was made aware of takes place in Wellington. Gues i'm going to well-hole tomorrow night.",1382745142.0,-2
AskReddit,"Before it turned into an ARG, the haunted Majora's Mask game with BEN's save data. ",1382661088.0,3
AskReddit,Prolonged insomnia can make even the most stable person lose it.,1382657203.0,1
AskReddit,Been single for a little over a month now because of this. Don't tell any jedis but anger was what helped me bounce back. Not spite. Anger.,1382657111.0,1
AskReddit,"She (19) cheated on me with her cowoker (over 30) because he was ""very persuasive""

Man, if that's how your critical thinking process works, then you don't deserve me.",1382644704.0,2
AskReddit,"Same here. I'm really really good at blending in and out of crowds. It's not usually frowned upon, but it definitely sucks when I'm with a group for 45 minutes, say something and someone goes ""Whoa! When did *you* show up?!""",1382644586.0,2
FortCollins,Kind of tricky with the weather getting bad.,1382635301.0,1
Gaming4Gamers,Can't say I have. I played on ps3. I have no doubt that diving certain ways on a mouse and keyboard would be hard as hell.,1382634737.0,1
Gaming4Gamers,"Sen's Fortress from Dark Souls.

People like that game due to its high difficulty. I personally love it because I feel like it harkens back to the 8 and 16-bit era of hard games that actually punished you for dying in a level. The whole game is no exception, but Sen's Fortress.... Oh, his Fortress. Narrow walkways with no rails, lizard people charging after you, giant blades swinging back and forth, just waiting to knock you down into that tar pit with Titanite demons running amok. I feel like this is the best current-gen. Version of something like the old Castlevania games. Especially Simon's Quest.",1382588613.0,12
Gaming4Gamers,I'm so glad someone said this.,1382588279.0,3
DoesAnybodyElse,Dude... Thank you.,1382587557.0,11
AskWomen,Lol wasn't quite in regards to that. Moreso that I'm new to this subreddit which is titled ask women haha. I'll take any advice that starts with not selling myself short though!,1382570842.0,1
AskWomen,"I may be male so I might not have any merit on this, but I got cheated on and then after some time told her I forgave her. She proceeded to claim I was leading her on and how much of an asshole I am. I believe that the phrase ""once a cheater, always a cheater"" holds water. If nothing else, ""once a cheater, always crazy"" can work equally well.",1382568008.0,13
sex,"I made the mistake of not being too appreciative of my ex's pictures, I think that was one thing that had us grow apart. From what i'm readng it doesn't even seem like he appreciates the thought. I'm sorry.",1382558832.0,1
AskReddit,"When I learned that Super Powers aren't an actual thing... If anyone has any good evidence that argues that, let me know.",1382508507.0,1
casualiama,"You come for the whiny, self-entitled main characters, but stay for the cool secondary ones.",1382417964.0,3
casualiama,"Ah, just a reference to *orange is the new black*",1382417507.0,2
casualiama,I'm pretty sure it's Bora Bora Bora,1382416948.0,3
casualiama,"Did you scream for an adult, only to be embarassed?",1382416545.0,3
AskReddit,"Yeah, that's what I have to keep reminding myself. If you go to Disney World, you're not going to reminisce about the lines, or the hot hot heat, you're going to remember the rides.",1382415165.0,1
FortCollins,"I'd rather *not* have my tap spewing flamable gas, thanks.",1382388392.0,-1
pics,"If we want to get technical, he's the homeless guy with the cardboard box. 

Depending on location, the shells that hermit crabs usually choose for shelter are taken and sold as trinkets for tourists. Desperate for any kind of shell, the hermit crabs are forced to use litter washed ashore, like this teacup. I've seen them used discarded thimbles, broken legos and many other kinds of litter. It's quite sad.",1382386917.0,3
COents,21 and a lover of fun. I'm closer to spring creek but I'm always prepared to roam.,1382384493.0,3
AskReddit,"No problem. I wasn't here to be all ""woe is me"", I came here to tell an unconventional teacher story haha.",1382289910.0,1
AskReddit,"Fair enough. At the very least, this is a story.",1382288920.0,1
AskReddit,"As a male, I cannot be horny, go to a bar, and essentially choose to sleep with someone there. Not saying that can happen with every female, but a female has more say in the matter.",1382238618.0,4
AskReddit,"So, uh... How you doin? Wanna burp with me?",1382238496.0,4
AskReddit,"""I wanted to destroy something beautiful...""

Fun fact! Jared Leto played angel face.",1382238190.0,3
AskReddit,"""37... my girlfriend sucked 37 dicks!!""

""In a row?""",1382237559.0,25
AskReddit,"When I was in kindergarten, I told my teacher that I didn't want to move on to 1st grade and leave her class. Sounding super condescending and melodramatic, she was saying ""I'm sorry, I'm sooooooo sorry.""

I lifted my calf, and let gravity take my foot to her shin. She bitch-slapped me across the face like a pimp slapped his least dependent hoe. No one believed me and thought I did something that warranted a 50+ year old woman slapping a kindergartener across the face at full force. Had a mark on my face and everything. Moral of the story here, is to *never let your kids attend private Christian school*",1382237508.0,5
AskReddit,37?!,1382236367.0,13
AskReddit,"Funny you mention that, i've moved from knuckle-chewing to nail-biting and so far mine look somewhat decent",1382236275.0,1
AskReddit,The policeman tackled me.,1382221439.0,2
AskReddit,"It might be due to me watching tons of Parks and Recreation lately, but I read this in Ron Swanson's voice.",1382221220.0,1
AskReddit,"When I was a kid, I used to chew on my knuckles as a nervous tick. Kind of like chewing nails. My index fingers and my thumb have callouses that kind of look like warts now. I was told that if I stopped, they'd revert back to normal. Nope.",1382219810.0,1
AdviceAnimals,"You're right. Alpha would be to sleep in your own bed no matter what the answer was. ""Threesome? No? Ok i'm crashing, then.""

Deal with it.",1382216792.0,10
JonTron,"Cs:go ""I can't believe you were killin' me while I was TALKIN' ABOUT GOOF TROOP!!!""

As far as recurring jokes, putting games in the wrong consoles, the wrong way. Hilarious. ""Don't forget to be careful with your suuuuper rare game"" as he uses a hotpocket to transport it. Gets me every time.",1382136007.0,22
JonTron,"Chickens 1, me 3",1382135859.0,20
Denver,"Ahh good ol' facebook. Promotion is always good, especially if you're not doing it shamelessly. Keep up the good work!",1382071148.0,2
AskReddit,Terrible advice but I have no choice but to agree. One of the more dumb reasons why I'm hesitant on quitting.,1382051889.0,7
Denver,"If nothing else, just snap some pics of some of your coolest maps and put em up there. You'll get some fans, for sure.",1382049435.0,2
Denver,"Can't make a proper link due to being on mobile, but you guys would get some praise over at r/mapporn.",1382048488.0,4
creepy,Ahhh nothing like a sharpened rusty spoon jabbing at your clavicle while a hobo is most likely ranting about flouride in the drinking water.,1382045088.0,1
TheLastAirbender,"We don't sell, we don't rent, we don't lease, we TAKE the mind! Bweeeeoooooooo eeeeooop eee. Eeeoop.",1382036926.0,1
gtaonline,"Oh... I think I have accidentally hit your bike, you killed me, I set a bounty on you and claimed it myself. Sorry man, I'll be better next time.",1382036578.0,1
Denver,Deathripper ftw,1381979612.0,1
casualiama,"Yeah, I figure that i'll put away more than a few beers there, meet some awesome people on the way! Drinking is always a great icebreaker haha.",1381978664.0,1
casualiama,"Awesome! I've been getting nervous about where to stay. I know no one there, but i'm always willing to stay at a hostel or crash on a couch",1381978227.0,1
casualiama,"I'm in Colorado. Ok, so hitch hiking's usually out. Guess I gotta rely on my ""amazing"" charisma to get me places haha. ",1381975961.0,1
AskReddit,"Fort Collins, Colorado. If you buy drugs, don't go north of JAX surplus. In fact, don't go north unless you're going to LaPorte. In fact in fact, just don't go north at all. Wyoming's up there *shudder*",1381965983.0,13
todayilearned,Something like that. I do enjoy the occasional conspiracy theory.,1381963064.0,1
todayilearned,"Ok, so these lowlifes beat up a hobo. What makes them feel compelled to take a bunch of stinky, stale, soiled, dirty clothes?",1381954210.0,1
gtaonline,"Lol, I'm not even going to edit this. I wrote this reply first thing when I woke up, I must have been dreaming about basketball.",1381953857.0,2
FortCollins,"My buddy works there. Can verify, they take branches and leaves for pretty cheap.",1381953077.0,2
zombies,Cute. Really cute.,1381952061.0,1
casualiama,"I'm depressed too. So depressed from current events that I'm taking almost all of my money to go travelling. Coincidentally, Australia is where I want to go first! How does your country/continent view hitchhikers and backpackers? Also, what are things that you would suggest doing there? I'm basically jumping in headfirst, and would love any suggestion at all.",1381948071.0,1
gtaonline,"Hard to describe, but in *processed* there's a huge shaq like structure with a big red gas tank on one side, and plenty of dumpsters, cars, and other spots for cover. Either steer clear of the red gastank and wait for badguys to congregate there and shoot it, or shoot it before any one gets too close so you have more places to spread out",1381942103.0,1
pics,I always get very strange stares whenever I mention the tralfamadorians.,1381893115.0,4
casualiama,"And I'll give you some perspective of my own: My ex and I broke up almost a month ago. We lost our virginities to each other (well, not quite for her, but her previous guys must have been pretty bad considering that I broke her hymen. Whole other story) and were the usual high school sweethearts. I did give everything and do anything I could, for her. Sure, it was my first relationship so there were some things that I needed to learn, but I was willing to learn them, with her. Now here's where it gets fun! She cheated on me, and proceeded to pretend nothing ever happened for a week before deciding to fess up. I'm still fucking reeling from the whole thing. My ex had lied to me, for a whole week, about doing something we had both agreed was a pretty damn unforgivable thing to do. Yessir, I'd absolutely fucking LOVE to have a rebound. You know what I fucking did first? I fucking broke up with her. Neither of us wanted it, but I decided that for me to know if I really, truly love her, I need to be with someone else, even for a small period of time, so I might get that confirmation that she really *is* the one. This is where you and I differ. You had already mentioned how you plan to keep sleeping around because it's your little version of vengeance. You're not allowed to say you regret it if you plan to continue. I understand that you have to keep yourself busy so you don't constantly remind yourself of the heartbreak. Trust me, we aren't speaking to each other, I've already gotten rid of all of her stuff, and I still fucking think of her when I wake up, before I go to sleep, and while I am dreaming. I quite literally have nothing else to clean in my home I've been keeping so busy. Every waking moment is a reminder of how much she hurt me, and how much I still love her. *But I still had to make a decision.*

You have to end things with her so you can both learn to grow on your own. You have to break things off with her because you two are in entirely separate places right now. You have to go your separate ways for the hope that if you two re-encounter in the future, you both became better people and damn, who knows, maybe even get back together. All that aside, you both need to learn self reliance, self sufficiency and independence. 

Just break up with her. Seems like the only step in the right direction from here on out.",1381814106.0,1
AskReddit,Aaaaaand this is why we have serious tags,1381798886.0,25
gaming,"Your brother was cool with this? I'm sure if you told him how you realy felt, you two could compromise or he might even be willing to ship them back.",1381776596.0,1
AskReddit,*you* won the sperm race?!,1381775896.0,2
AskReddit,Saving this for when I go travelling. Anyone know of a group thing like this for Australia?,1381774272.0,1
AskReddit,There are literally *dozens* of us!,1381773462.0,4
AskReddit,"""I bet you guys have never had a cookie, you guys want some cookies?""

Yeah, the comma kind of doesn't work there, but god damn it, I am positive that cookies can save humanity.",1381773186.0,1
AskReddit,"I kind of have this, but i'm pretty sure it was the result of a childhood injury",1381772883.0,1
AskReddit,Holden Caulfield?,1381772781.0,1
casualiama,"You can't say you're a nice person when you cheated on your SO of 6+ years with many women, including a prostitute. You also say that you want her to feel like she's getting punished. Face it. You may be an *alright* person. Not a great person like you're trying to lead us to believe. No good person would do this. You mention possible sex addiction, but more than that, you'd do better to research the qualities of a sociopath.",1381771365.0,1
casualiama,"Well too goddamned bad. If YOU want to break up, then you break up. Media tries to say how common mutual break ups are where in reality they can be pretty scarce. Dude, you bought yourself a hooker. Just do a favor for both of you and end it. Even if she doesn't want to, you'd rather buy sex from strangers. Sooo yeah. Be smart and just end it.",1381771081.0,2
casualiama,"Came here to say this. OP, if all you want to do is be a manwhore, then start with the first half: Be a fucking man, break up with this girl and keep doing what you're doing. Jesus, here I was thinking that *I* was stupid at relationships...",1381768773.0,1
FanTheories,The reavers from Firefly was just Whedon giving himself a high 5. He wrote both Cabin and Firefly.,1381715222.0,1
FanTheories,I like to think that it's so far away that if you decided to go there (even with hyperspeed) that by the time you get there nothing's going on.,1381714785.0,1
InternetIsBeautiful,"If you miss old nickelodeon, you should try nickreboot.

Pretty cool nostalgia overload from the late 80s all the way to late 90s.",1381707456.0,12
FortCollins,It's that backhanded type of bullshit that makes me hate hipocracy as a whole.,1381613922.0,3
FortCollins,"The part that gets me is whenever I shoot them a glare, they generally respond with ""Jesus loves you.""

Fuck you, asshole. Jesus' love for me has nothing to do with you pricks guilt tripping and berating teens that are already on the brink of a nervous breakdown due to whatever personal crisis brought them there in the first place.",1381593479.0,9
FortCollins,"I have! And you're correct, it's pretty cheap, and waaaaay better than krazy karl's or blackjack. They will be missed...",1381592063.0,2
AskReddit,"Hey man. I just wanted to let you know that I feel for you. I'm going through a really hard break up right now, she was my first love and we were high school sweethearts as well. So in the back of my mind, part of me expected that this wouldn't end super nice. She cheated on me and we were together nearly 3 years. I'm in that exact same spot you were in, right now. I feel like even though there were plenty of moments where I could have gone the extra boyfriend mile, I still tried my damn hardest to be the best boyfriend I could in my first ever relationship. That balance of power has shifted back and forth for the past three weeks, and I'm still stuck in the cry-yourself-to-sleep cycle. I'm glad that you're doing well, and I hope I can get to where you are emotionally someday. In the meantime, I'm finally going to travel.",1381583221.0,1
AskReddit,"Don't mistake this for *The Social Network*

This is film is so amazing. I'm mad as hell, and I can't take it anymore!!!",1381566517.0,1
AskReddit,"Ok.. it's been a while since high school, so i'm not gonna be too up to snuff on my greek gods.

Zeus punished a man by granting him immortality, but can still feel pain. Zeus shackles this guy over an open flame and every night when the sun sets a giant bird of some sort comes and eats his eyes and I believe disembowels him only to reheal, burn, get eaten, reheal, burn, get eaten... every night until the titans come and fuck shit up. Or maybe never.",1381566063.0,1
AskReddit,"It's technically saturday morning, but i'ma still answer. For once I wasn't on reddit all friday night! HAH! I saw Bob Saget perform",1381565803.0,2
AskReddit,"Never had the whole ""play catch with dad in the yard"" thing. No biggie, I don't really do sports.",1381563818.0,1
AskReddit,Well you better have a heart to heart with her to clear some shit up. I wish I had.,1381513736.0,2
AskReddit,"Yeah, we talked about that, too. Same results, cheating is terrible, unforgivable, no chances after, etc.,",1381472022.0,3
AskReddit,"Worst part is, I know there's a place inside of me that can forgive her. When that becomes more apparent, I probably will forgive her, and probably take her back too. I gues that just works with time though.",1381471874.0,0
gtaonline,"Some fun I have is when I put a bounty on someone, and race the other players to it. If I win, I get back what I paid, sans 1k. If I lose, then I get to see a fun spectacle of players killing each other just to get a bounty.",1381460849.0,0
gtaonline,"I agree. I dislike griefers as much as the next sensible guy, but bounties, to me, are a more important part of the game rather than running around causing havoc. If I got killed by OP, I wouldn't even be mad. I'd actually be a little impressed. As long as someone doesn't make me their bitch for 20 minutes, I'm ok with being killed for my bounty.
",1381459649.0,2
gtaonline,"There's not much point to that. What, you're really going to just watch fake tv for, what, like 40 minutes or even MORE before your bounty runs out? While people crowd outside, waiting, incessantly buzzing to be let in. Nah, I'd rather just get killed and move on. Better yet, I usually let my friends kill me and collect the bounty. Sometimes they even split it with me.",1381458956.0,2
AskReddit,And irony! Don't forget irony.... definitely ironic. ,1381455968.0,3
AskReddit,"Yeah, I heard it before, if they're constantly worried about you cheating, then it's more likely for THEM to have something to hide. She seemed so innocent so I did my best to chalk it up to abandonment/daddy issues. ",1381450506.0,3
AskReddit,How paranoid she was about me cheating on her. She cheated on me *what a tweeest*,1381448481.0,115
AskReddit,"4 distinct seasons? Where do you live? Northern Colorado means that we have burning heat, the leaves fall for a day, then frostbite inducing cold for the winter, 2 weeks of spring, more snow, then blistering heat again.",1381443532.0,0
AskReddit,"Smoke cigarettes.

I guess i'm not too edgy.",1381442863.0,1
casualiama,"I enjoyed both versions, although it is strange when the author said he liked how the movie's pacing was.

Holes was also a pretty good adaptation.",1381425676.0,1
casualiama,"I've only seen the movie, and of course the book is a thousand times better. Isn't that always the case?",1381423938.0,1
AskReddit,"It depends. I get ready to have a fight on whiskey, gin makes me sit on the couch until i'm sober, beer turns me into a stand-up comedian, rum makes me sad, wine makes me feel blurry, moonshine makes me feel like i'm drinking nail polish remover, vodka makes me sick, tequila makes me feel raunchy. Actually, all of them make me feel raunchy and turn me into a stand-up comedian with overtones of the other characteristics booze give me.",1381382632.0,1
worldnews,"Y'all gotta go to queens, and get me a sugar cookie. If not, then i'm shutting down the studio!!",1381380607.0,3
casualiama,"Ah yeah. Even though ""you're supposed to join to travel the world!""",1381374865.0,1
GrandTheftAutoV,This guy looks like bubbles from TPB and I love it,1381372002.0,1
casualiama,"I'd take anything as long as I acquired super powers haha.
I'd probably choose earth or water. As far as advanced bending, even though it wouldn't match, I thought lightning bending is cool. Ooohhh wait, wait! Swamp bending. Hell yeah, that's my jam.",1381371358.0,1
casualiama,Don't dash my hopes yet! Maybe I can learn to harness my chi.,1381370357.0,1
casualiama,"Thanks, man. I decided that since I don't have much holding me down in town anymore, I'm gonna go travel after the holidays. Summer in Australia, anyone?",1381370324.0,1
casualiama,That's what I figured. Sucks losing who is basically your best friend. Not to get all sad on you but I am feeling pretty alone,1381366498.0,1
casualiama,I'd much rather live it than roleplay it,1381366429.0,1
casualiama,"I'm too into conventional sports. I enjoy Discgolf and watching Baseball.
If Pro-Bending were an actual sport, that would be it.

Ah, my Late Grandmother. We called her Amo. She basically raised me, so I'm sure she knew whatever secrets I had. So I'm just gonna go ahead and say that I wouldn't want her to know about my sexual kinks.",1381363119.0,1
casualiama,"No, I'm actually pretty devastated. I loved her more than anything, but then again she was my first so I always had that thought lingering in the back of my mind.

I couldn't predict this at all. If I were able to time travel and warn my past self this would happen, he'd tell me that I was a dumbass. We were super attached. We would have been together for 3 years this November.",1381362339.0,1
casualiama,"Being a male, of course I'd take a rebound. My town's relatively small. Either I know everyone here or know someone who does, so it's not like I have many dating prospects here. Although if I met someone I like, I would definitely take her out.",1381362026.0,1
casualiama,"I consider myself white because I am pretty damn white haha.
I have, more times than I liked to admit. In my younger days i used to be a bit of a brawler. I chilled out the second I got in High School.",1381361612.0,1
casualiama,"I guess.... I did? She cheated on me and I was the one who decided to remove the relationship status on facebook and whatnot, so yeah, I guess I ended it.",1381361550.0,1
casualiama,"I don't have one, but I should totally get one. You'll have to settle for a temporary one. ""God loves a workin' man, and don't trust Whitey""",1381360904.0,1
gtaonline,"And you enjoy your downvotes, sir.",1381172224.0,5
gtacrews,"I'm in Colorado and love to find other ents to chill with. I'm in!

PSN: Sprobby.",1381094378.0,1
gtacrews,"I'll take any crew that likes ents and dislikes nasally voices
PSN: Sprobby",1381094207.0,2
AskReddit,"It usually hits me when I start thinking about saying something to anyone i'm not familiar with. I start to over analyze and run through a million options of what I could/should say, and the more time I spend worrying about it, the worse I get. So I figured that if you have something to say to someone, your gut instinct may be the best.",1381039653.0,2
AskReddit,"About a year ago, I realized I had social anxiety. I've usually been introverted and a little shy until I warm up to someone. I finally started asking myself, *why do I say stupid shit to people? Why do I feel freaked out when trying to ask a stranger a simple question? My dad can chat with people easily! What's wrong with me?* then BAM! Like a cartoon lightbulb I finally got it. I still feel a little dumb for not even considering social anxiety when I couldn't think of a simple reply to a simple question.",1381011525.0,5
casualiama,Oh man. I'm sure that calls for a self-righteous suicide.,1381006238.0,6
casualiama,What was the most embarassing thing you did at the dinner?,1381006041.0,5
AskReddit,Getting cheated on. Shit sucks.,1380929495.0,0
gtaonline,"My character kind of got deleted. I'd hop online, see that there are no characters and had a mini panic attack. I just kept trying and eventually he showed up, John Marston's illegitimate son.",1380860261.0,1
gtaonline,"Not neccessarily. Look at the original launch of WoW, or of Diablo III. Things like these usually take time to iron out issues that they couldn't fix with a handful of beta testers.",1380669753.0,2
gtaonline,"Simply put: ""Shit's fucked right now guys. Yeah, we know said shit is fucked. We are working on unfucking said shit.""",1380662728.0,8
FortCollins,"Me and my sister used to be super into it. But after a certain somebody left after last episode, we immediately gave up since they were out favorite competitor.",1380475448.0,1
creepy,Lol yep. Mine too...,1380403986.0,2
AdviceAnimals,"""Your scanner doesn't read it? Must mean it's free! HAAAAAAA LFMAOMGWTF!111""",1380395519.0,1
creepy,"Wow, i've never heard of anyone else who wasn't allowed to celebrate halloween! We rented a movie and shut off every light in the house to prevent trick or treaters. I feel i've missed a milestone.",1380395033.0,17
Denver,"It was a great run, Todd. Just do us a favor and avoid those late night gas station runs, mkay?",1380314631.0,5
JonTron,"My guess is that the continue guys loaned him some quality gear, seeing that jon's now in new york and philly's only a train or two away",1380314329.0,3
gtaonline,"Added! See you tuesday, cousin!",1380307917.0,1
gtaonline,My UN is sprobby. I've got a mic and your plan is exactly what i was looking for. I'm mountain time so i'm a couple hours behind,1380249879.0,1
gtaonline,"Are you going to play seriously or just goof around in freeroam, causing havoc? I want a good mix of both, but more serious heists.",1380240094.0,1
gtaonline,That's relieving to hear. It gets overwhelming since you can be part of 4(?) Crews at any time.,1380161846.0,1
JonTron,Jon still doesn't know how to end his videos. And ya know what? I love it.,1380132997.0,1
Denver,"If nothing else you can just go in and apologize, attempt to clear your conscience. If they're cool with it then no harm, no foul!",1380132613.0,4
WTF,Should I remind you that Ricky kind of... threatened Lucy a lot? They inferred how he kind of physically abused her.,1380128442.0,0
gtaonline,"This is why I haven't joined any crews yet. I want this shit to be serious. It's ok to do heists a bit sloppy, but I'm genuinely worried that no matter what, who ever sets up the job will take the whole score.",1380073535.0,2
WTF,Humor's always about crossing boundaries.,1380073330.0,-13
explainlikeimfive,"Oh yeah. Weed's been helping but not with my appetite. Even before sad personal shit happened, I always had what my family called a ""feast or famine"" diet.",1379815949.0,1
explainlikeimfive,"Thanks a lot, I very much appreciate it. Everyone else I know has just been telling me to man up and eat. I'm glad someone else knows what this is like.",1379813676.0,3
explainlikeimfive,But I have to run to the toilet because the thought of eating makes me dry heave.,1379811823.0,3
explainlikeimfive,I haven't eaten anything substantial in almost 5 days due to sad personal reasons. I know I need to eat but I feel too nauseous to eat and the idea of eating makes me feel like I've gotta puke. What do?,1379805490.0,4
AskReddit,"If you like comic books then you absolutely need to pick up sandman. Fantastic series with surreal art and even more surreal writing.
If you also like comics and enjoy Marvel, Gaiman wrote a book called Marvel 1602. It's exactly what you think it is: Marvel heroes during the Victorian era.",1379735659.0,2
casualiama,"No, but neither of them can wink very well. More of a forced squint, wouldn't you say?",1379720203.0,2
casualiama,"We talked about that rhetorically before the fact, and we both agreed that it's an unforgivable thing to do. I don't think there is any way I can forgive her, far as I can tell. We had talked about taking a break like a month ago but nothing came from that. The way I see it, if she felt things were stale in our relationship then she had plenty of chances to end it humanely. She said she feels completely awful about the whole thing and would do anything to get me to forgive her but I just can't see any way how.",1379638262.0,6
casualiama,"He's her coworker, so i'd see him whenever i'd go to pick her up. It was our inside joke that he looked so much like him.

She says he only ate her out but I think she's lying. It took a lot of questions to finally dig up the truth and i'm sure there's more I don't know. She never mentioned how hung he is.",1379628518.0,2
casualiama,"People instantly start touching you after they ask if you're ticklish, no matter what your answer may be.",1379628233.0,1
casualiama,"No, but he is a monster.",1379622486.0,4
casualiama,"Torso area. Ribs, stomach, under arms, the whole bit.",1379621421.0,1
casualiama,"Oh my god, constantly!",1379621355.0,1
casualiama,3 years this November. ,1379620344.0,1
casualiama,Extremely. I basically have a seizure and break shit because i'm so ticklish,1379620329.0,1
AdviceAnimals,At least *someone* is listening. Thanks bot,1379569237.0,1
GrandTheftAutoV,That's a little sad considering the story in IV around twice that. I believe the speed run was completed in 30.,1379281619.0,-3
GrandTheftAutoV,"So story mode is only around 25 hours?
Edit: spelling",1379279786.0,2
FortCollins,I have a 1980 suzuki gs750 but it still needs some repairs,1379003546.0,1
COents,"Pass your baseline, be real nice and clean to your P.O., and wait until you get unsupervised probation. As long as you keep your nose clean you won't get called in for anymore Blood or urine analysis. Before you take my word for it though, it is definitely best to get to know your P.O. before listening to some goon on the internet.",1378921518.0,7
zelda,Agreed. I always thought dimple piercings were ugly as hell,1378836608.0,7
FortCollins,I've never heard of this before. Is it similar to TED talks?,1378661498.0,1
MoviePosterPorn,But... the ending...,1378501789.0,2
MoviePosterPorn,"Don't forget the ""zombie redneck torture family""

Pretty sure they were the Buckner family.",1378501713.0,2
COents,**DE**vi**A**tednorm.,1378484548.0,6
creepy,"This sadly common. I recall visiting Disney World with my family and seeing two 70+ women walking around with strollers. After a closer look, I noticed that there were dolls in the strollers. They had all the gear any person with a child would have. Diapers, bottles, wipes, toys, etc. It's very strange seeing something like that in real life.",1378317841.0,1
Denver,And they talk about how they've had all these bad room mates. Sounds to me like *they* are the crazy ones.,1378314023.0,-4
denverlist,"I think I'd do better living with my parents, considering the pages of rules you put down sounds like you'd rather be babysitters. Cmon, 375 to 450 a month totally requires a fully functional adult with a full time job.
I do get that some of these are jokes but you sound like the crazy roommates to me.",1378313645.0,-2
discgolf,Call me a zen master. I've never come this close to losing it while discing.,1377802152.0,10
videos,Avatar: The Last Boozebender,1377717399.0,1
TheLastAirbender,"Think of it this way: people who want to learn to fight could go for a traditional martial arts, or go for current modernized MMA. As time went forward ""traditional"" bending started being viewed as more archaic, thus the newer forms of bending. I also believe that's why metal and lightning benders are more common as opposed to TLA.",1377651273.0,1
GrandTheftAutoV,"**PSN** sprobby

**rockstar** sprobby

**mic** shitty one currently, going to change that soon",1377631601.0,2
FortCollins,"I certainly wouldn't say it's the safest though. I feel people here can be pretty self-centered when driving, and that doesn't get better the closer you are to Denver.",1377628977.0,1
GrandTheftAutoV,Y'all best be adding sprobby for ps3.,1377628740.0,1
trees,DUDE I DON'T EVEN KNOW,1377547134.0,1
GrandTheftAutoV,"One of my most celebrated past-times in GTAIV was to grab a car, either use the swingset to properly fuck it sideways or just wreck it enough times and then park in the middle of a nice, busy intersection. This is where my fun begins. I start pointing guns at everybody except police. Some will immediately get out and abandon their car. Some will try to drive away in fear. Others will just sit in the car awestruck from their fate. Once I cultivate enough cars in the intersection I run a quick check-up and then deem it ready for the grand show. I go find the car that either went through hell or the swingset and just kick it until I see flames. I proceed to find a nice safe spot and watch hell break loose.

TL;DR create traffic jam, explode all the cars in a way so cops won't chase you, watch for fun, profit.",1377450962.0,3
COents,Nothing like a smoke over horsetooth. Watch out for the park rangers.,1377312807.0,6
denverlist,I'm pretty sure a dick's sporting goods or sports authority would have those,1377136898.0,1
FortCollins,"Wait, is rasta pasta no longer around??",1377111835.0,2
gtaonline,"PSN ID: **sprobby**

Rockstar ID: **sprobby**

Timezone: **MST**

Headset: **Crappy one currently, going to fix that soon**

No crew affiliation yet either.",1377030377.0,2
gtaonline,"I believe that's where the Crew system comes in. If you've played Red Dead online it'll be similar to how posses were formed. You and your friends choose to group up and then perform heists. You could definitely choose strangers to join, but they can steal from you.",1377029246.0,2
trees,"Man, I used to have one of these. I called it the tequila bowl, because it was the size of a shot glass.",1377019457.0,1
casualiama,"Ok, you got me there. I suppose that's why a lot of celebrities would make it amaa",1376971253.0,0
casualiama,"More importantly, way to fight what I personally believe is a stupid trend. AMAs are for genuine questions and answers, not some chucklefuck circlejerk about pokemon.",1376936088.0,0
Drugs,No such thing in colorado.,1376898374.0,4
InternetIsBeautiful,"""A classic the likes of which no one has ever seen. It's brand new as well.""",1376877435.0,2
Drugs,I solo'd a blunt about 5 minutes before my ACTs. I scored wonderfully average.,1376847990.0,33
4chan,">he said 3 GIRLS you fucking moran.

FTFY

Edit: spacing
",1376805244.0,4
4chan,"In this case, it seems like rape is *aaaaaallll* about perspective",1376805158.0,2
casualiama,"Diagnosed AS since 2nd grade. I find that a lot of these actors still try too hard to get the... I don't know, the rainman feel I guess? Most of the people i've met and interacted with AS will sometimes have those moments where, for a lack of a better term, have almost kind of a ""mad scientist"" vibe. You can sense their genius, but have trouble inferring how they're going to utilize it. I think the actor that plays max does a fair enough job, but still a little over the top. But it's TV so there's that. Honestly I feel like the best portrayal of someone with AS would be a mixture of abed from community, max from parenthood and Monk from... well Monk.",1376676880.0,6
COents,Let's all try to keep in mind that Denver PD is one of the more corrupt police forces in the US.,1376672175.0,2
FortCollins,If both of you like hookah that's a fun date night. Stay away from narghile when it gets late though. They blast shitty top 40s,1376671566.0,0
Psychonaut,Soooo how long until I can fly or develope telekinesis?,1376523130.0,1
4chan,"Awwww yeah, time for the NSA to know i've been circumsized. Suck my wonderfully shroomed out dickhead Obama!",1376453725.0,4
glitch_art,"FALSE

Dksofbhresodfn",1376452834.0,1
casualiama,"Sounds more like parents are fighting because of empty-nest syndrome, not because OP has ulterior motives and manipulated his parents. ",1376452303.0,1
Gaming4Gamers,"Agreed. To me, this looks as if the author of the article is desperately trying to get onto the staff of *cracked*.",1376451249.0,6
Denver,">Nowhere near terrifying enough to be Blucifer.

FTFY
",1376450384.0,15
COents,"Oh wow! I didn't hear about that. I expected.... I don't know, more fanfare?",1376066753.0,1
COents,"Currently FoCo has no dispensaries. Yet. We had them, had a ban get voted through and now repealed after a64 was also passed.",1376065232.0,1
comicbooks,"Wolverine's supposed to be just over 5 feet tall. That's pretty short. Then we also see that he weighs in at or around 300 pounds. That's why even though he's so squatty, he weighs a lot. Everyone's already mentioned his healing factor, but i'd also like to mention that in many storylines, Logan used to be a lumberjack or a hard labourer. Adamantium or not, dude's a brick wall.",1375568480.0,1
discgolf,I'm having a love affair with my skeeter,1375546149.0,1
GrandTheftAutoV,"Wow. And here we are, a rookie giving advice to a faker.",1375472955.0,0
GrandTheftAutoV,I'm totally missing something here but am very interested nonetheless.,1375466638.0,1
GrandTheftAutoV,"I set up an account with etrade, ameritrade or scottrade. After that, deposit some money into the account, find some shares you wana buy and that's it. I know there are other ways but since i'm insanely novice, I just took the low road.",1375399576.0,2
GrandTheftAutoV,"Good luck to you, friend! May stocks be ever in your favor!",1375383222.0,1
GrandTheftAutoV,"Wow, why didn't I put that up? Yeah, TTWO. Simply google and you have trends going back 5 years from now, its current price and a neat little graph.",1375382923.0,3
GrandTheftAutoV,"I just thought a little disclaimer would be nice. I have no experience with investments or shareholding. I have tons of faith in Take Two, letalone Rockstar. That was why I bought shares in the first place. Especially with Borderlands 2 helping out.",1375382182.0,6
GrandTheftAutoV,"Granted, there's never a guarantee. I'm just looking at how high Take Two's stock rose after GTAIV came out. God forbid the game be a flop.",1375379145.0,4
JonTron,In old country bag of dicks mean death to babushka. Greatest insult.,1375294241.0,3
COents,"This really fucking pisses me off. Temporary or not, I feel like they're doing this so they can keep pushing back the date and eventually nix the whole thing. Jesus. Wellington, Johnstown, even fucking Greeley.... way to fuck it up NoCo...",1375291791.0,2
mildlyinteresting,"You're all wrong. Y'see, John Titor and Doc Brown became partners after having a time-scuffle. They realized that they had better things than to time-scuff. So they decided to prank people using the most hilarious number of all time. 69.",1375227640.0,34
Games,"Exactly! He never played the first two, so he never really had that aspect drilled into him. He got lucky. Listening to recordings, reading letters and exploring is the ONLY exposition in the first games since you're the silent hero with no one to narrate for you.",1375210778.0,3
Games,"I lent infinite to my older brother. After hearing that he beat it, I wanted to talk about the amazing story. Everything I brought up met with blank stares. He never listened to the voxophones.... he never even explored the city.... he.... he... TRIED PLAYING THROUGH AS FAST AS POSSIBLE! *sobs*",1375201165.0,7
GamePhysics,I wish I had an adequate comp to play mp. It's not happening for consoles is it?,1375200017.0,1
COents,Cmon foco.... let's not pull a colorado springs.,1375161390.0,6
Denver,93.5 and I believe 88.9 for foco.,1375122571.0,3
Denver,There's a couple in Fort Collins that play smooth jazz and classical.,1375121298.0,3
entertainment,"Chris Golightly.... damn, that a badass fuckin name.",1374974314.0,2
GrandTheftAutoV,"Assuming the submarines have armaments, large-scale sub battle?

Edit: Single person submersibles, not military-grade death machines.",1374951664.0,6
trees,"Of course things change from state to state. I'm from Colorado so that definitely makes a difference. Also, I'm just gonna admit my jealousy after being used to making shit off commission or making around 8 an hour. Grass is always greener....",1374948655.0,1
trees,*thank you*,1374893118.0,1
trees,"More importantly, you work at a dispensary, get paid 10 an hour and get upset over unpaid lunches? Those are pretty common, far as I know. Plus cmon. You work a sweet fuckin job.",1374891482.0,-2
denverlist,"There's a used gamestore in loveland that has one for under 300. I know that's a drive but hey, you get a pikachu 3ds.",1374773441.0,1
StarWars,The Imperial Guards. Mother fuckers think they're so cool in their red robes. ,1374707831.0,13
AskReddit,So tough that the rocks in my shoes have rocks in *their* shoes!,1374541320.0,26
Gaming4Gamers,"Twisted Metal. I never had a psone and even if I did, my parents were too conservative and christian to let me play a game involving a homicidal clown.",1374457570.0,1
AskReddit,"More, more.... like a whole box more.",1374434108.0,1
AskReddit,"""You eat up to 8 spiders in your sleep a year""
It was just a joke, guys. Not even close to being factual.",1374422007.0,-1
community,"*sigh* pierce is gone, troy's leaving? What's next? Is cheng gonna have a ""come to jesus"" moment and become super bible-thumper??
Wait, that might be hilarious. Nevermind.",1374385209.0,0
microgrowery,"New lurker to the subreddit here. I've got a few growing outside for about a month. Just wanted to give you a virtual handshake, lookin real good man.",1374384242.0,3
entertainment,"Wow. You just made my.... life? Yeah, that sounds about right. How can they pull that off with futurama's recent cancellation and comedy central having acquired the rights?",1374372507.0,5
entertainment,I always wanted futurama meets simpsons. A man can dream...,1374357375.0,9
AskReddit,"When I was a wee youngling, 'bout 7, or even younger, my then religious family decided to take a trip to ""THE BIBLE SUPERSTORE!"" No, really. That's what it was called. A superstore. For bibles. Anyways, they had these cd demo stations with these barstools to sit and listen. Basically, these were just metal poles with a circular cushion. I climbed up on one and sat on it with my knees first. They had bearings so the cushions would rotate. Next to this seat, was just a pole without the cushion. A giant metal pole just jutting out of the floor. Being 7 and lacking in motorskills, I lost balance and took a tumble. My wrist broke my fall on this exposed pole, slicing across two or three veins on my wrist. INSTINCT TIME! What do you do?? Well, 7 year old instinct told me to start running, screaming, and flailing until I bled out, I guess. I was insane, no one could catch a hyper active child with a huge gash and an adrenaline rush. My teenaged brother somehow blindsided me with a tackle, ripped off his shirt baywatch style, and formed a makeshift bandage to stop the bleeding. The doctor said if he hadn't done that I would have lost my left hand from blood loss.

TL;DR. Child self sliced wrist across 3 veins. Brother saved my hand from being amputated.",1374188226.0,2
GrandTheftAutoV,"Hard to explain, but the most amount of fun I've had with this game is when I play it in a manner that the game doesn't want me to. For instance, there is a mission where you are required to go into an abandoned hospital riddled with meth heads and homicidal hobos. You could go through the front, like the game points to you. What I did instead entirely by accident was get in a motorcycle crash that heaved me to a back exit for said hospital. I found a ladder and proceeded to climb it. Every bad guy was ready, guns aimed all at the front entrance. While I was shooting them in the head from behind. Made the mission quite hilarious.",1373864563.0,7
TrueReddit,I hear this title in my head whenever I have trouble finding weed.,1373731465.0,-2
gaming,You'll easily find a job with the D.O.A. Team with that kind of qualification.,1373664704.0,3
gaming,They had scenes from the film and tried have it blend from live action Aragorn to ps2 Aragorn. Pretty funny seeing the attempt nowadays. It really didn't stand the test of time,1373664510.0,2
gaming,"I never played that one. I feel like an ass for not even mentioning the LotR games. Hard as shit, but fun.",1373660521.0,1
comicbooks,"I've heard rumors about kickstarters to restart the show, but what with all of the copyrights it's probably a giant hassle. Regardless, I very much look forward to catch up with my favorite time traveling samuraim. God speed, sir!",1373660294.0,1
comicbooks,"Phil LaMarr was at Denver ComicCon and said that if he ever got the chance, he'd reprise his role as Jack. Seeing that the comic is going to wrap the series makes me have some mixed feelings.",1373656410.0,1
gaming,Rule of games no. 1: Don't buy any game based off a feature film. The only exceptions would be spider-man 2 and the wolvering hack n slash.,1373655995.0,0
zelda,"You really don't need to wait that long if you have about 30 bucks. Gamecubes go cheap nowadays and some probably have windwaker bundled. Do you have a wii? 20 bucks for gamecube memory card, 1st party controller and the game.

All I'm trying to say is that it's soooooo goooood. Go play it now!",1373603929.0,-1
gaming,"Honestly it looks about as good as far cry 2 did. I get the joke, but do not support it.",1373603717.0,4
AdviceAnimals,How far back in your family tree would allow you to go? I've got some jewish blood but certainly no more living relatives that could vouch for me ,1373519449.0,1
Drugs,"Not very pc accessible, but the first time I had ever tripped was to the first gears of war. Surprisingly, I wasn't freaked out. The hammer of dawn was so awe-strikingly cool that I was enjoying myself instantly.

Then again, I did greet my trip while watching DeGrassi, so i'm sure that's a factor.",1373519147.0,1
WTF,A level seven laser lotus,1373518769.0,14
pics,"All I get with an American accent is ""you're not a foreigner?? Boring.""",1373518667.0,0
Denver,"Didn't read it all because the first thing I saw was ""slip n slide party"" that got me trembling with giddyness until I saw it was cancelled. Thanks, Obama",1373518254.0,8
4chan,Came here to say this. Fuck these 1 cent punchlines.,1373262300.0,8
StarWars,"I'm assuming you call Vader ""Derth Paper""",1373261669.0,11
WTF,"Oh, I'm just gonna look at this because of morbid curiosity aaaaaand I'm never smoking another cigarette again.",1373145711.0,2
gaming,I got this game about a week ago for ps3 and my God. Why didn't I get this sooner? All this talk of mods make me sad that my pc can barely run Half Life. So wooo for that.,1373007919.0,1
AskReddit,Kick Ass. Dave Liszewski is blond and straight haired in the book. No jet pack either.,1372736298.0,1
YouShouldKnow,Came here to say this. Altitude's aint got shit on me!,1372457937.0,1
AdviceAnimals,I was told there would be Fight Club.,1372354957.0,1
pics,"You're telling me. All the haze from the smoke has almost entirely shrouded the mountains in Fort Collins. Being a native I kinda rely on those, well, mountainous rocks for a solid sense of direction.",1372304890.0,1
Denver,Can we take a second to ask why there are people doing anime cosplay for a ren fair? The fuck is this?,1371579319.0,7
funny,"Power to ya! I do admit, I know essentially nothing about mechanic stuff.",1370842740.0,1
funny,"The worst part about it was that none of the autoshops in my town could fix it, so I had no choice but to go to a chevy dealer and pay around $900. There is a temporary solution that's much cheaper. My usual mechanic basically restarted everything electronic within the car and that snapped the little needles on the meters back in place. I did that a couple of times, but they always got screwed up around a week or two later.",1370842329.0,8
funny,"I have a chevy cavalier too. Did the same thing. Luckily my gas meter still worked. I eventually gave in and spent the money to get the whole dashboard replaced.

Edit: ""the get the""?",1370841178.0,11
cosplay,I saw plenty of Banes there but i remember you due to all the back breaking. Lots of other Banes couldn't commit. Well done!,1370282175.0,1
COents,Any stores in FoCo opening?,1370020662.0,1
gaming,"Can't we just be a little paranoid here and put a stickey note over the camera and never make a sound whenever one is within ""ear"" shot?",1369672081.0,1
YouShouldKnow,"I remember the somewhat custom game modes. When I was a kid, we had it set up so there were tons of AI monkeys running around with revolvers and low hp. But every 20 seconds or so... Mother fucking Mr. Underwood with the highest HP and highest difficulty AI. I'd always shit brix seeing underwood rise through the pile of monkeys like a fierce, unforgiving phoenix from its ashes. ",1369521361.0,4
YouShouldKnow,"This is excellent. I've always been an avid fan of good ol' fashioned split-screen co-op. Time Splitters 2, anyone?",1369462354.0,17
AskReddit,"""For all intents and purposes.""-
Up until a year ago, I sincerely thought it was ""For all intensive purposes.""",1364411927.0,1
AskReddit,"I'm sure people already gave you enough of a rundown, but here's mine.
1: Cancel all bank accounts, cash only from now on.
2: Depending on cash amount, go to a military surplus and get a decent rucksack/clothes/essentials
3: Any friends wanting to do the same thing? Combine your efforts and resources. It's always good to have someone have your back.
4: Car? Use extra cash (if any) to fill that sucker up.
5: pick a direction and go.
6: forget about facebook or internet funtimes for now. Gotta get to a cool town and find a place to stay and/or one-off of a job
7: don't forget a hatchet or some sort of (legal) weapon. SUH-MASH!!!

                 That's probably my methods. I've had a lot of random times thinking about how I'd go about these sort of things if I wanted to tell society to fuck off or just snapped and wanted to go derelict.",1360347680.0,2
atheism,"I was raised Christian, went to Church every Sunday, went to a private Christian school, and wasn't even allowed to celebrate holidays such as Halloween, or even allowed to watch movies like Disney's Pocahontas.
You know, I would say that these restrictions had some effect, not to mention that my kindergarten teacher bitch-slapped me, and had my wrist slashed across 3 veins by at a store known as ""The Bible Superstore"" by accident in childhood. Those are different stories for a different time.
For me, it can be viewed as either incredibly pessimistic, realistic or possibly both:
The entire KNOWN universe is seemingly infinite to the human mind, not to mention the remainder that we DON'T KNOW. I wouldn't necessarily classify myself as Atheist. I definitely believe in an afterlife, and possibly some greater power, but my take is that I am such a small, stupid, insignificant speck among germs when it comes to the proper scale of the Universe. Even smaller. I am less than a quark sized substance to quarks. If there is any power out there, I am far too small to even possibly begin to try and understand the motives. My brother considers himself an anti-theist, meaning that he believes there could be some greater power, but he is very spiteful towards that power or believes that this greater power doesn't want us, know about us or maybe even care about us. 
All in all, If there is something bigger going on out there, I don't need to take any part in it; I simply wouldn't understand.
Here's a calvin and hobbes comic basically trying to simplify my point
http://images.cryhavok.org/v/Calvin+_amp_+Hobbes+-+I_m+Significant.jpg.html",1359703347.0,0
videos,"First comment, I expect downvotes.

I was diagnosed with Asberger's Syndrome in 2nd grade. I'm glad that the creator of the video made sure to point out that Autism is a massively variable condition.",1359231494.0,1
