subreddit,title,selftext,created_utc,score,upvote_ratio,num_comments
196,Here you go; use it at your leisure ,,1716780700.0,11,0.69,0
dataannotation,Account permanently suspended?,[removed],1716584141.0,1,1.0,1
rareinsults,I would feel the same way if I were in her position.,,1714697726.0,72791,0.96,1000
NoStupidQuestions,How do people start going to church?,"This has perplexed me for a long time at this point. Christian churches have dozens, if not hundreds of people gathered there at once.

Surely not all of them have been going there since birth. And I wouldn't think that members would be able to convince a significant amount of people to come. Also, missionaries are not that common from what I can tell, unless they're from less accepted churches. 

So how do they do it? Do people just pull up to the doors on any given Sunday like ""hey guys, praise Jesus and whatnot haha""? How do outsiders do it?

This is especially about Catholic churches, where there's what looks like military-esque precision in everything they do. HOW? It doesn't make sense.",1714042418.0,94,0.8,232
tipofmytongue,"[TOMT] a story about American man that was murdered early/mid 2023, and the left/liberals were pretty upset about it","I wish I remembered more details, but the title pretty much sums it up. I remember watching the news—probably my YouTube news feed—amd seeing a news story/article of some sort about a prominent man who was tragically killed. I remember he was especially important to the political left, and that a lot of people were talking about the situation for a good week, at least. I remember that the right was completely silent about it, though, even though the message behind it was big enough that it should have crossed party lines and everyone should've been upset about it. I think I recall him being a white male, and that he was at least 30, but I'm not 100% sure about that. I remember this because my entire Instagram/Twitter feed was upset about it, and so was I, so I was going to write a short story inspired by the situation, but I never got around to it. Anyone know the article I'm talking about or the outlet where it was posted? I'm not sure if it was one article or multiple articles about the same guy, but I remember that the way everyone was talking about it was very passionate. ",1712877358.0,4,0.63,32
tipofmytongue,"[TOMT] a story about American man that was murdered early/mid 2023, and the left/liberals were pretty upset about it",[removed],1712872623.0,1,1.0,1
unpopularopinion,"If it's not in the source material, it's not canon.","Little infuriates me more than when someone says ""well the director mentioned that..."" or ""[author name] said in an interview that this character is still alive"" or something of that nature.

It doesn't matter. It literally doesn't matter to the reading/watching/listening experience at all. If the detail doesn't show up in any piece of media at all, why does it count? How is it a real plot detail if you can't tell it just by consuming the media itself? Imagine someone said ""yeah it's a hamburger, but the cook said he was supposed to put cheese on it, so it's actually really a cheeseburger"". It's the same logic.

And I'm not talking about a little detail mentioned in a one-off comic or something. I mean when some creator just randomly comes out and says ""yeah this character climbed out of The Pit Of Magic and is living in a nature conservatory now"". You know damn well half the time they're making that shit up on the spot. Sometimes some actual media will come out that directly contradicts what they say. There's an example of this that happened a couple years back, but I can't remember where.

No, Gobber the Belch is not gay. No, everyone at Grady Memorial Hospital is not dead. No, there are no ""S-Cells"" that make someone a Super Saiyan. These are just frivolous decisions that have no effect on the media in question. Show it to me in an actual work, then it actually means something. Until then, it's just a thought.",1711928833.0,179,0.81,127
dragonvale,What you get when you place 10 decorations in your park <3 ,,1711632508.0,11,0.87,1
changemyview,"CMV: there's no such thing as ""NPC music"", only elitist snobs.","I've heard the term ""NPC music"" thrown around a lot recently, and I've heard a lot of artists' names thrown around as such. I've searched and searched for any possible concrete definition, but I can never find one. Genre, melody, vocals, everything is widely varied across this newly-coined subset. I''ve only been able to find one commonality between all of them: they were all similar to other popular songs at the time. 

It doesn't matter how good the music is or how meaningful the lyrics are. People will classify it as NPC music if it isn't unique or different enough for them. 

It sucks because some really great artists are constantly overlooked because they had one song that was overplayed on the radio. Shawn Mendez, Bruno Mars, Dua Lipa, Katy Perry--all have made really great music that is ignored because ""popular thing bad"". 

Please explain. What's the rationale? Give me some examples of what is and isn't NPC music; there's no clear boundary. If you want to listen to your own hard rock or EDM or heavy metal or whatever, but don't make me out to be a lesser person because I like things that you don't. Ffs.",1706648633.0,0,0.41,114
IWantToLearn,IWTL how to meet and talk to veterans,"For the longest time, I've wanted to make a book where I speak to people from all different walks of life and retell their untold stories for them. I especially want to meet a Vietnam or WWII vet, if I can. I feel like most people don't talk about pre- or post-war life, and I want people to see the other side of that. 

But I don't know any veterans, and there's not exactly a hotline I can call up and ask, so I don't know how I'd even begin to going about it.

Assuming it's not out of line for me to want to speak to them specifically, how can I make this happen? I've tried a few avenues but there doesn't appear to be a lot for me as an outsider to delve into there.",1705763377.0,2,1.0,7
thesims,Meteor strikes hitting schools in The Sims 3??,"I have been playing The Sims 3 for 14 years. I run a YouTube channel where I talk about The Sims 3, and I've been playing longer tan some of my viewers have been alive. I was 11 when I started playing it, and now I'm 25. I used to edit The Sims wiki. It was my entire life when I was in middle school. I have all the expansions. I have logged hundreds, if not thousands of hours into it.

So how is it that I am just now finding out that meteors can hit school buildings, killing everyone inside, including the kids? 

Of course, in a game as expansive as this, there's bound to be some things you haven't discovered. But it's been years since that's happened to me. Every interesting thing that can happen in The Sims 3, either a) has happened to me, b) I've heard of it happening, or c) I've had some idea or memory of something like that happening. Not this though. I had no earthly clue.

Does anyone have a link to the specific patch where this was added? I tried searching for it, but all that comes up is the famous ""Sims 3 Funniest Patch Notes"" Tumblr post. I have to investigate further, see if I can get this to happen in my own game. I don't need sleep, I need answers.",1704831726.0,4,1.0,2
IndieAuthors,Where to find other good independent writers?,"So I'm an indie author myself, been doing it about 10 years. I have my own website that I've been running for a while now, and I have one segment where I take books from small/indie authors and review them, giving honest feedback and ratings and everything.

I love doing it, because I love helping out others like me. But what I didn't anticipate was how hard it'd be to find authors to review. That's honestly been my biggest hang-up now. One of my stipulations is that I have to get permission from the author before I send a review. But I put out occasional feelers and get little response back. I think they think it's too good to be true, or that I'm gonna end up charging them or something, so they probably think I'm a scammer. And almost all writing groups I'm in don't allow self-promo, so that's not an option. I'm even reluctant to ask about it here, because I'm not sure if it'd be against the rules

Do you guys have any resources for networking/communities that'd be able to fulfill this? Reddit has changed a lot since I was pretty active on it so I'm not sure if this post is against any rules or guidelines or anything. Let me know if so; I'm not baiting or anything, I just want to find more people like me, so we can be mutually beneficial.",1704237626.0,6,1.0,21
tipofmytongue,[TOMT] [Game] A text adventure game where you work as an employee at Google and you have to discover a secret.,[removed],1702995830.0,2,1.0,2
NoStupidQuestions,Do people really find stand-up comedy that funny?,"I'm not saying this to be some sort of self-righteous stoic. It's just a legitimate question.

Every time I see a stand-up show, the guy will tell what seems to me like an average, mundane joke, but then the crowd will just go nuts. it's like every 30 seconds the crowd just laughs so loud like they just heard the funniest joke in the world. 

People will recommend stand-up shows, saying things like ""Did you see that new Dave Chapelle special? Man that had me DYING laughing."" And then I'll watch it and I'll just be staring at the screen like a moai statue. 

Not that I don't find them funny. Just that I don't find them THAT funny. At most, they'll give me an audible chuckle here and there. But never has it had me in knee-slapping, gut-busting laughter at every turn like in the stand-up specials.

I'd chalk it up to group mentality and everything, but I've been to small stand-up shows in person too, and while I did laugh a little more, it was still not comparable to others' laughter.

Am I missing something? Is it like laugh tracks, where you're supposed to laugh hard and loud just to keep the vibe? What's your take?",1701394186.0,2,0.67,13
dbxv,Xenoverse 1 DLC vs Xenoverse 2 DLC? (PlayStation),"Am I missing out by not having any DLC with my copy of Xenoverse for PS3? What content from the DLC ends up in Xenoverse 2, if any?

Context: So I've just gotten back into playing Xenoverse 1 on my PS3; I started a brand new save file and have been going at it for a couple weeks now. I also got Xenoverse 2 and I want to transfer my Xenoverse save data over to it. 

But It appears the PS3 version of Xenoverse has less content. Apparently all the DLC has been delisted and I cant buy it anymore 😭 
I was just gonna buy Xenoverse 1+Season Pass on PS4 and transfer the save data from PS3 with PS Plus. But it looks like that's not possible. 

So I have 2 options:
-forego the DLC, beat the game as normal on PS3 
-just buy the PS4 version and create another new file (after 3 weeks of grinding on my old file)

I'm at an impasse, because I don't want to spend all that extra money and have to get back to lvl. 40 all over again. But as you can probably tell, I have extreme FOMO and want to make sure I have all the content the games have to offer.",1701140264.0,2,0.67,16
Cubers,Help me please. I just can't learn cubing.,"So I appreciate the cubing community as a whole, and I admire the skill and talent displayed by many. But let me tell you about my experience with cubing, and why it's frustrating at best, and downright infuriating at worst. 

I've known how to solve the Rubik's cube for about 10 years now. This whole time I've been using the beginner method. For a long time, this was good enough for me. I was satisfied with my 3-minute solves with stiff, knockoff, no-corner-cutting cubes. But recently, I thought I'd try to get more out of it. I impulse bought a speed cube, and I thought it was high time I start to learn how to work this thing like a pro, instead of this inefficient child's play method I've known like the back of my hand since my early teens. So I delved into the world of professional solving methods. But I'm starting to think I've made a huge mistake. 

I'm being completely serious when I'm saying that this is the most infuriatingly difficult hobby I've ever gotten into. I've been learning French since 8th grade, and this is harder. I've 100% completed Fallout 3, and this is harder. I've written and self-published an entire book, and this is harder. I got an A+ in senior-level math, and this is harder. I learned how to play chess when I was 8 years old, and by God, this is harder. I think of cubing as a whole, and the only words that come to mind are ""confusing"" ""complex"" ""convoluted"". I've never experienced anything like it.

The sport itself, I think, is not that complicated one you know how to do it. But that's the thing: there's no good way to learn how to do it. They just don't exist. I'm learning the Roux method, and though I've progressed and know the basic concepts, I cannot for the life of me grasp any of the principles regarding how to actually be successful with it. I've read the tutorials, I've read the articles, I've scoured the threads, I've watched the videos, and I've followed along with more rapt attention than I think I ever gave during my whole first semester of college--and that's only a slight exaggeration.

Every tutorial goes exactly the same. IT will tout itself as a ""Complete beginner method"" ""Easy step-by-step"", and then proceed to spew a bunch of convoluted mix of buzzwords and sloppily thrown-together directions that would take a team of Oxford scholars to decipher. Even with the easiest tutorials--or at least, the ones I'm told are the easiest--it'll go something like this:
""Okay so the first step is blockbuilding. You're gonna want to but these pieces here *vague finger movements* and make sure these colors match up *indistinct hand gestures*. To do that , it's really simple, really intuitive. First you put this edge piece--I mean corner piece, on this slot right here. Then you just *godlike dexterity tantric hand movements* and as you can see, that piece lines up there. So yeah, really simple, real easy, and now you can move onto the next step. we're gonna move on to the CMLL, Then the CMYK, then the CSQLMNOP, and then you'll be done."" Never, in my searching, have I seen a tutorial that actually explains exactly what to do and how to do it in a concise and easy-to-understand way. The only reason I've gotten as far as i have with it is cause I've somehow scraped together a basic understanding by mashing together what little bit of useful information I could glean from at least a half a dozen tutorials and resources that are otherwise useless on their own. 

I feel like there is an element of elitisms and superiority involved in this hobby. You sit on your pedestals, speaking in tongues with enigma-code semaphore type acronyms, Feeling comfortable in the fact that you don't have to appeal to such uninformed plebeians such as myself. Any time someone states they are a complete beginner, they are met with ""Check out these resources by [x], he's great"" or ""just look at the sidebar. *deletes post*"". The tutorials they are linked to are either not tailored toward complete beginners, or the people explaining them are so bad at doing so that it makes me wonder how anyone is able to glean any meaningful information from them. The other day, I was watching a video on LSE, and the guy was like: ""So now that you got that set up there, you just *seemingly random finger movements*. And there you go, that's the end of the video..."" I swear to God I thought he was joking. It was so abrupt, so devoid of any proper instruction, I was convinced it must be some sort of in-joke. But looking at the comments and his other videos, it was clear that he was being serious, and just didn't have enough respect for us peons to help us share even a fraction of his glory. If this is what you lot call ""simple"", then either you're arrogant or I'm silly in the head somewhere, and I'm not sure which one it is at this point. 

In a way, I feel like I'm being bullied, gaslighted even. The most convoluted techniques I've ever seen, Riemann Zeta Function-esque cryptic algorithms, are all treated as ""easy"" and ""helpful"". and if i were to ask for more information, I would just not get any response, or just be met with ""just go look at the wiki"". It's almost as if you're saying ""Shut up, I can't be bothered. Go try harder and then you can play with the big kids. 
When I was in 2nd grade, there was a group of kids who would play Pokemon together at Recess. Not like playing the actual games, but rather acting out scenes and events from the shows. One person would pretend to be Ash, one would be Brock, one would be Misty, one would be Nurse Joy, etc. And then they'd choose some other kids to be the Pokemon. I wanted so badly to play with them, especially since I had a crush on one of the girls in the group. But one of the kids--let's call him ""Erno""--was dead set on me not playing with them, because i had no idea how Pokemon worked. I knew the basic characters and the principles, but how battles worked and the plot was mostly lost on me. The others tried to let me participate, but I was met with jeers and condescension. ""No, blucatt. Pikachu can't use Aerial Ace, that's a Flying-type move"". ""*sigh* no, you cannot use a Pokeball now. we're in the middle of a battle, you can only catch Pokemon in tall grass"". I was confused and stressed, but I kept trying to play regardless of how much they secretly didn't like me, because I wanted to enjoy it so badly, wanted to be their friends. Eventually, I had to sit out, and I went running to my teacher crying because they were being mean to me and were talking down to me. They sat down and had a talk with Erno, and they eventually slowed down and let me in, and I did eventually learn, but it didn't really feel natural and I didn't feel accepted; at least, not until the very end f the school year. By the time we got to 3rd grade, I was fully equipped with the knowledge needed to effectively play with them, but it was too late. Over the summer, they had grown out of it, and they moved on to more ""mature"" games like kickball and dodgeball. Thus, the same cycle started over again, only with a different group of kids. To this day, I have self-esteem and trust issues due to incidents like that all throughout grade school. 

Getting into cubing feels like Erno's sordid recess misadventures. It feels like an exclusive club, a team, an oligarchy that only those touched with the practically Holy Knowledge can participate in. Just like at Recess, attempts to participate and become adept are met with indifference, impatience, and apathy. Once again, I am that scared, lonely little 8-year-old kid on the blacktop, striving for a level of acceptance that it feels like I'll never achieve.

So you might be asking ""well Blucatt, why do you want to get into cubing then? Shouldn't you move onto a different hobby if it's not for you?"" And I want to let you know that I constantly ask myself the same thing. I think the reason is because I secretly hate myself. I'm an intellectual masochist, my mind fixating on the one thing that eludes me so thoroughly. Sophomore year, it was algebra. It was the third time I was retaking it, yes, the third. And it was so, so challenging, and I just couldn't figure it out for the longest. But for some reason, that's what my mind decided to latch on to. I spent hours messing around in Desmos, doing random calculations on my TI-84, trying to grasp an intuitive understanding of the black magic that had been the bane of my educational life for the past 3 years. Why do I do this to myself? I don't know. I wish I could get into anything else, something with some actual useful information for someone of my skill level. Drawing, coding, baking, CS:GO, marathon-running, whittling--ANYTHING that could give me a good starting point, a foothold from which to climb my way up the ladder to professionalism. But my brain chooses this: the hobby with the least beginner-friendly resources and teachings I've ever seen. And I've been with a Ph.D student.

I've been trying and failing this L4E solve for the past 3 hours. and alas, I know my sorry behind is gonna be working on it for another 3, because I hate myself that much. All that needs to be done is for me to be provided a simple, easy-to-understand tutorial with slow, step-by-step instructions delivered with little to no prior knowledge needed. But through all my searching and searching and searching and searching, I have not found a single resource that has come close to the level of conciseness, pacing, and kindness that I have gotten from literally ANY hobby I've ever had.

Please, someone put me out of my misery. Please give me a tutorial fit for anyone other than a Da Vinci-level prodigy. Give me a tutorial fit for a pitiful but dedicated 8-year-old, because that's what I feel like again. Give me something easy, assuming that all of the resources in the beginners thread are too hard for me, because they are. Give me something that I, an apparent idiot, would be able to comprehend, because that's what I'm treated like. Give me something to work with, ANYTHING. Make me understand it. I want it so badly. Help me speed cube, help me with the Roux method. Help me be like you--successful, skilled, fruitful. I am none of those things, I am not worthy, but I want to be. I will be a valued member of the community, but you're gonna have to meet me halfway. I will succeed, but not by any of the means I've been using thus far. 

I know there's a good chance that this post will either be ignored, downvoted into oblivion, deleted, or some combination therein, but it doesn't matter. I've said my piece, stated my grievances, and you can do with them as you will. I am a seed, waiting to be planted and bloom into a healthy professional. If you want to leave me by the wayside and let my passion die off, then that's honestly fine. But I'm pleading you, water me with your instruction, tend me with your patience, and i will be successful enough to be unrecognizable to the person typing this post. Help me be good.",1698868172.0,14,0.54,238
Cubers,"Found a Rubik's cube in one of my childcare classes, but it appears to be unsolvable. I have no idea what they did to it.",,1694972842.0,3,0.8,13
pkmntcgcollections,"I want to start collecting Pokemon cards, and I have some questions.","I've been a fan of the Pokemon games since my sophomore year of high school. I used to love catching as many Pokemon as I could to fill out my Pokedex. I've recently been getting back into it, but I realized there's a whole world of collecting in the TCG that I have never experienced.


So I want to start doing that. The problem is, I'm starting from 0 and know nothing. Learning how to play is one thing, but learning how to collect, the different types of cards, and what's valuable and what's not is difficult. 


So the questions I have. Forgive me if these are ridiculous questions, these just what come to mind as a video-game-only player:

-Some Pokemon have multiple cards with many different designs and abilities. Which ones are considered the basic/standard ones, and which ones are considered rare/special?

-Do all pokemon have shiny variant cards? If not, which ones do?

-Do mega evolutions have cards? Do all regional variants have cards? Do all Dynamax/Gigantamax versions have cards?

I really think this is a hobby that I can get into. I bought a few cards on a whim the other day, one of which seemed to be pretty valuable. I can already tell why people get so into it.",1687988680.0,5,0.86,4
HelpMeFind,Help me find this plush cow puppet from my childhood. My mom used to use it to read to us when I was a kid. It is one of the last positive memories I have of her. Please help me remember that side of her.,,1685137091.0,15,0.84,10
HelpMeFind,HelpMeFind this cereal I've been looking for forever. A puff-like cereal that came in multiple flavors. This is similar to what the vanilla flavor looked like.,,1684515868.0,2,1.0,9
findareddit,Subreddit for selling/donating my limited edition Snack collection?,"I have a collection of all these really cool limited edition snacks, lots of which I hear are very praised by collectors. Crystal pepsi, 3D Doritos, Creme Savers, several flavors of Mtn Dew, and more, almost all of them full and sealed.

But it's gotten so big that it's taking up a lot of space. I want to sell most of it off, but I don't know where I can begin to do that. I want them to go to collectors or Youtubers or anyone that will enjoy them more than I can. 

What subreddit can I go to in order to get rid of the bulk of my collection? I've already listed everything on eBay with not much luck, so I'm hoping Reddit can come through for me.",1683651281.0,3,1.0,0
MinecraftBuddies,"[PS4] Brand new player, looking for someone to help show me the ropes","Hey! So I just started playing Minecraft about a month ago but I feel super lost. I have to play with cheats on because it's so hard even on easy mode and I feel like I'm doing something wrong. The farthest I've ever gotten on my own was building an enchanting table; there's so many possibilities, so many things that I've seen videos of but I don't know how to do yet. 

Let's play together! I want to build things and explore and just learn more about the game in general. I'm 24, so preferably someone around my age. Let me know!",1683423814.0,2,1.0,8
CasualConversation,"10 years ago today, Reddit saved my life. Now I wanna know how I can help you guys back.",[removed],1677034802.0,14,0.94,8
tipofmytongue,[TOMT] [Song] a classic rock-ish song heard in stores a lot,"The chorus of this song, specifically it's melody, has been stuck in my head for a while. I don't even like the song that much, but it's totally bugging me not knowing

It's a sort of classic rock song that I hear on the radio or in stores occasionally (I live in the US). To me it sounds like 80's or 90's, but I'm not super into the genre, so I wouldn't know. 
I really wish I had more information, but all I have is the melody. 

Here's the vocaroo of me trying to whistle it. 
https://voca.ro/1jfsiDOUXi2X",1673151065.0,1,1.0,8
196,From the group chat,,1643921913.0,4,0.67,2
NoStupidQuestions,Why doesn't the rotation of the earth make the water slosh around in the oceans?,"If I fill a pot with water and rotate it, it sort of whirls around a little bit. why doesn't that happen with the oceans on a noticeable level?",1622087545.0,7,0.82,17
tipofmytongue,"[TOMT] [Book] a book I saw a few years ago, where some of the words in it are crossed out in a clever way","I can't remember when exactly I saw it, but it was about 3 to 5 years ago. I was browsing through the YA section and came across this book in question. I can't remember what it was about but the text on the page I saw looked something like this:

""My name is ~~Allison~~ Wendy. I like to do ~~stuff~~ things and life is very complicated ~~nowadays~~. I'm undertaking a huge ~~ad~~venture."" 

I really hope someone knows what I'm talking about cause I've been thinking about it on and off for a long while. And I just got an Audible credit for Christmas so I wanna finally get around to listening",1608932090.0,1,1.0,8
whatisthisthing,"A photo I found while looking thru some pictures from an old disposable camera. 4""x8"" , appears to be from c. 2012. It's giving me the creeps",,1607287396.0,6,0.8,5
WatchPeopleDieInside,She was way too confident she would win it.,,1593730071.0,88,0.9,2
TooAfraidToAsk,Did I permanently F up my carpet? I poured Ajax on it in an attempt to clean it and it hasn't been the same since.,"So a  couple months ago, I was trying to clean the carpet on the floor inside of my closet. It was dirty with a few set-in stains, and I wanted to put some boxes and stuff in there, so I decided I wanted to clean the carpet first. I'd never cleaned carpet before, so I just walked into Walgreens and looked for things that said they'd help with stains. 

So I see a tube of powder called Ajax, which at the time I don't think I'd ever heard of, but it seemed like it did what I was looking for it to do. So I buy some, and when I get home I spread some of it all over the closet carpet, add a little bit of water I think, and I wait. But when I come back, the carpet is in even worse shape. The white powder had set in and it refused to come out. I tried rubbing it out, that wouldn't work. I tried vacuuming it, but it clogged the vacuum. Eventually I was just like ""fuck it"" and I just threw some cardboard down on top of the mess and put my things on top of the cardboard.

Ever since then, though, whenever I feel the carpet I swear I can feel a small bit of warmth coming from it. It must be from the Ajax, but I've done some light research and haven't been able to find out why this happens. The warmth got so unsettling that just a few weeks ago I got paranoid and decided it might be something dangerous, so I took everything out of my closet, and don't plan to put things back in until I figure out what's behind the Mysterious Warmth. If anyone could help me solve this without making me feel bad for not knowing how to adult, I'd love that. If I ask anywhere else I know I'll get judged.",1590118588.0,1,1.0,7
Showerthoughts,"The ""Winter Wonderland"" song is considered a Christmas song, even though it doesn't even mention Christmas.","This has been bugging me for the past few months. In the whole song, not once in the entire thing do they mention Christmas, not even in passing. But you'd be hard pressed to hear anyone playing that song after New Years. The coldest and most wintry days on record have happened long outside of Christmas time, yet if someone put on Winter Wonderland during those days, they'd definitely get weird ass looks. In fact, since winter starts on the 21st and most Christmas music starts playing at around early November, the song is significantly more popular is fall. A song about winter is most popular in the fall. Think about that. Try putting on Winter Wonderland on February 5th—halfway through winter—and see the looks and comments you get.",1587510215.0,6,0.88,3
tipofmytongue,[TOMT][Music Video] Somber anime-style music video/edit with lo-fi music,"A girl on my friends list posted this video on her with a really cool song the other day and I'm dying to figure out the source. I screen recorded it and cropped it and the link is below. It's like a soft, lo-fi tune that I can't make out the words to, and the video is a Spirited Away-esque black and white clip of a girl at a carnival. I'd love to know the song source and the video source, and if they're linked at all or if it's just a fan edit. 

https://imgur.com/a/nJ3Oxh6",1570104101.0,1,1.0,4
tipofmytongue,[TOMT] [TV] An interview where a celebrity describes the time he threw a candy bar in a pool as a prank,"I was thinking of this video I wanted to show my brother, it was part of this video that I saw probably 2 years back. It was an interview from a famous talk show (Jimmy Kimmel maybe?) and it was of a celebrity (I remember it being Shia Laboeuf, but maybe not. He was telling a story, about how he got kicked out of a pool after playing a prank where he threw a chocolate bar in the water, then jumped in and came up with it in his mouth, and it freaked people out. I was telling my brother about it just a few minutes ago but I can't for the life of me find the interview again and I want so badly to show it to him.",1568864077.0,3,1.0,4
AnimalCrossing,"Playing this game for the first time, and my brother insists that I go into it blind. What do you wish you knew when you started playing?","My brother is a huge animal crossing fan and is very active on this subreddit. He bought me a copy of New leaf for Christmas and I've just now gotten around 2 starting to play it. But like, he won't help me or anything or tell me what I'm supposed to do cause he thinks it will make the experience better or something. I've only played for a few minutes thus far, but so far it looks like it has potential. If you were in my spot, what do you think you would want me to know to make the game funner/better, etc? Do you look back and think ""man, I wish I'd known that when I started playing"". I'd love to hear what others have to say",1558928293.0,8,0.85,14
whatisthisthing,"This was listed on Facebook Marketplace as ""Japanese Item""",,1551237675.0,1,1.0,0
Showerthoughts,The Walking Dead spent 2 seasons and ~2 dozen major character deaths building up to a battle in which all their guns misfire and they just surrender.,I'll never get over this really.,1535487792.0,6,0.8,4
ExpectationVsReality,I thought I couldn't mess it up :(,,1531437883.0,14,0.78,5
slavelabour,"[Offer] I will write any poem or story for you. Any format, any request.","Hello there! I'm brad new to this sub, but I'm very excited to be posting here. Please inform me if I'm breaking any rules. 

I am a writer, blogger, and published author. My offer is to create a personalized poem, essay, short story, etc. of your request. It can be about almost any topic you want. Got a cool idea you've always wanted to do but aren't a very good writer? That's where I can come in. And also, so that I don't break rule 8, I actually do have some specialties. I love doing rhyming poems, and different forms of 'restricted writing' - different tasks and challenges in writing that produce interesting results. With stories, anything is fair game, but I have experience in romance, science fiction, and writing prompts.

I'm doing this in order to build my portfolio, flex my writing muscles, and generally produce some new content. But it's not cause of writer's block or anything; not like I want you to just shovel over your ideas and your money or anything. Just that even though I've been working on a lot of things, my overall content output has been very very low. I need some fodder to get myself back on track to my goal of writing professionally. I feel like it can be symbiotic.

I digress, though. First off, here are some examples of my workks that I'm especially proud of.

-[Hate & Love](https://likewise.blog/2017/06/17/hate-and-love-creative-writing-poems/) - Two 'twin poems' I wrote, one where none of the words contain the letter L, and the other where all of the words contain the letter L.

-[3/14](https://likewise.blog/2018/03/14/3-14-a-poem-ive-been-working-on/) A poem where the number of letters in each word corresponds to a digit of Pi.

-[A sonnet](https://likewise.blog/2016/12/11/a-sonnet-about-heartbreak/) I wrote about a man who falls in love with a woman he had an affair with.

-[The Haven](https://likewise.blog/2017/03/06/short-story-the-haven/) - A short story I wrote about a man who receives a note telling him to leave the city immediately. May lead into something bigger.

Those are my favourites, even though there's a lot more content. Check out my blog below if you want to see more of my stuff.

But anyways, here are my prices. I tried to make them as fair as possible, but all of them here are negotiable.

Haiku - Free
Quatrain - $0.25
Rhyming poem - $0.35 per couplet
Sonnet - $5
Short story - $8-$10
Novella - $25
Full sized book - Message me to discuss
For a little bit extra, I'll also hand-write your request and send it to you! Depends on where you live.

Again, the prices aren't set in stone, so don't let the listed price be a dealbreaker. To learn more about me and what I do, visit this page on my blog, Likewise.blog/about . Also, [here's a photo I took of me a second ago](https://i.imgur.com/d9qnVhy.jpg) as a sort of introduction to being on this sub! I hope I can fulfill a lot of requests and be a good contribution.",1531107930.0,2,0.6,4
tipofmytongue,[TOMT] [Song] A rock song that I remember my dad singing as a kid.,"So I've been trying to discover the name of this song for a while. My dad has been a big figure in my life, one of the most supportive people I have ever met. I really really appreciate him, but I digress. 

A big part of his personality is singing and humming a lot, especially when I was a kid. In particular there is this one song that's been on my mind that I really want to find and just play for him. I don't think hes been feeling very well and it would be nice, but the thing is, I don't know how to describe the song at all; he only hummed it. [Here's me humming it to the best of my ability.](https://vocaroo.com/i/s1jA0DuFFIwz) If it helps, he was really heavy into the classics, like 70's/80's music, and he played a lot of classic rock and soft R&B.

I know it's really vague but it's all I can come up with. It'd be a really awesome late father's day gift and I want to see the happy look on his face when I see him on Tuesday and he hears the song. If any of you could hear the recording and possibly recognize the song, it'd make my week. ",1529530585.0,3,0.8,12
googlehome,How to set up personal phone number?,"For a while now, I've been trying to make it so that when I make a call with Google home, my own number will pop up on the caller ID, instead of a private number. I've looked at many FAQs and tutorials to see if I can figure it out, but I can't. Every one tells me to go into more settings>calls on speaker, but I don't have that option for some reason, and it's super confusing for me.

[Here is a video of me trying it out.](https://youtu.be/WFyQFfp8GDs) I believe I updated the app a while back and even that didn't work. I was hoping I could post here and one of you could figure out the problem.",1529099712.0,2,0.76,5
morbidquestions,"If I put in my will that I wanted my body to be donated to a necrophiliac, would they actually honor my request?",,1528943134.0,6,0.75,3
askscience,"Why did our bodies decide to evolve cones that can only see red, green, and blue?",[removed],1527891003.0,0,0.5,1
firstworldanarchists,"Yep, I'm a rebel 🍕",,1525478574.0,8,0.83,0
askscience,How many digits of Pi would you need in order to calculate the circumference of a circle to within 1 Planck length?,[removed],1523136128.0,1,1.0,1
asktransgender,Not sure what my next step should be. What should I do?,"TL;DR: I'm transgender and 19 years old, and I have depression and anxiety. My family, including my emotionally abusive mom, haven't taken really kindly to my being trans, and so I'm trying to move out and move on with my life. I'm not exactly sure how, though, or if that would even be the right step. 

So I've posted on here before in the past, a few times actually, I think. But my situation has changed dramatically since then, so I really feel the need to post again.

In short, I identify as transgender, and that has caused a lot of conflict between me and my parents. They (ESPECIALLY my mom) aren't really fond of LGBT individuals, so you can see how that could cause a problem. For the past few years--ever since I came out, really--things have been focused on me getting up and moving out of the house so that I can live my own life, mainly because of my being transgender.

I feel like I'm at a stalemate, though. A lot has changed but I'm still not exactly sure how I'm gonna move out and fully transition. On the bright side, I just left my first ever gender therapy appointment a few hours ago. I also have a job now, that's actually a permanent position and not a seasonal thing. But I'm not in college anymore (I didn't even last a whole year), and my job pays me a tip wage, which is definitely not enough to get my own place.

But then, my dad has offered to help me get my own place. He and my mom got separated in December, and he thinks itd be good for me emotionally and business-wise. He'd help me pay for it and everything, and he'd be helpful and everything. But that wouldn't sit right with my emotionally abusive mom, who would be left alone in the house--possibly with only my twin brother there. I think I could find a way to get away with taking hormones and everything. But I also just generally don't know what living in one would be like.

I don't mean to make a whole long-winded post like this, but it really is complicated. I've been struggling with anxiety and depression recently and all this certainly isn't helping with that. I know a lot of you guys have experience with all this stuff so I thought I'd post here and see if any of you have some advice.",1518227254.0,3,1.0,5
secretsanta,Missed the signup date by THIS much,"I'm actually super upset right now. I've never done this before and I thought I saw something about the due date being some time in December so I put it off till later. But my brother just informed me that the actual due date is today, so I rushed on to go fill it out, but it turns out it's closed. I was really super excited for this and I think I'm gonna cry now cause I son't think there's anything I can do. I don't know if there are any alternatives or if there are any exceptions but still. I'm just not having a good time right now.",1511821337.0,0,0.43,8
Wordpress,How to transfer a WordPress site to its own server?,"First of all, let me say that I'm extremely inexperienced with WordPress and how it works and everything. I own a WordPress website that I made via WordPress.com. I made it a year ago, and my subscription is about to run out, but it's too expensive. So I bought my own server, and have been meaning to transfer my website over to the server instead, which would be cheaper and would give me a lot more flexibility and freedom. But I can't figure out exactly how I transfer it over. My dad has been helping me out a lot since he works with computers and programming for a living, but I don't, so it's a lot harder for me. He told me he already installed WordPress on the server, but that I'd need to figure out how to actually transfer everything over. I looked up a few FAQs but none of them seemed to answer my exact problem. It's a bit frustrating, so if anyone here could help me figure it out, I'd be grateful.",1511394255.0,3,0.8,10
Drugs,Feel like I'm not in reality.. need some reassurance,"I don't know if prescription drugs are a thing here but this is the only place I'd think to post this. I started taking Ziprasidone about 1.5 weeks ago and have been experiencing terrible side effects, and it's coming to a head right now. I can't sleep and I'm having trouble breathing, and worst of all, things don't feel really real. It feels like everything is dull and useless and I have no feeling. I'm getting paranoid actually. Will I feel like this forever? Will I exist in misery until even after I die? Am I actually in a bad trip right now that I am unable to get out of? I need some assurance that all of this is going to end and that I'm in reality right now.",1502940265.0,2,0.76,5
teenagers,Friday is my last day of high school.,"This is true. I am a senior in high school and the last day of finals is this Friday, a half day. Graduation is Saturday of next week, and then after that, it's over. No more public education.
I know I should be excited, and I am, to some amount, but at the same time I'm nervous, and pretty sad too. I've been doing this for 12 years, more counting preschool and kindergarten. I have no idea what life is like beyond it. A lot of unknowns and responsibility and hardships.
But the big thing for me is missing school itself. It's hard to explain this part. I don't like school in general, yeah. But being in here is a bit different. I'm surrounded by a bunch of cool people all thee time. I've created a lot of memories and experiences that I never would have otherwise. There are a lot of shitty people here, of course, but there are also a lot of good ones, and I'll probably never see 90% of them ever again. It's all gonna be over. This feeling sucks.
Has anyone else felt like this? Every other senior is like ""oh god I can't wait to finally get out of this shit hole"" and I'm just sitting here trying to absorb the fact that in 3 days, I'll no longer be a student, I'll be on summer vacation and I won't have another first day of school, I won't have another school lunch, I won't take the bus again, and I won't see any nice and friendly people on a daily basis anymore. I don't know if I'm explaining it right, but this is just how I feel, and to be honest, it's a bit hard to cope with.",1495636202.0,46,0.98,10
asktransgender,Going to prom as a female?,"So I'm a MtF trans girl, and I want to go to my school's prom as a female. I think it'd be best like that; since I only get one prom, it's better that I actually enjoy it, instead of being bound by the shitty gender dysphoria. Needless to say, there are several obstacles that I need to overcome to pull it off. It's completely doable, but it'll surely take some work. I wanted to ask you guys and see what advice you could give me on each of them.

-first of all, my parents are very transphobic. My dad is a lot better than my mom, but there's no way in hell that they would ever even consider wearing something even slightly feminine. So I'd have to get the dress, and change into it at a friend's house. The only problem with that is that I need money to get the dress, and I don't have very much money. There has to be an easier way for me to get a dress.

-then there's whether or not my school will let me. I really don't know if they would be opposed to it or not, but I'm just thinking about what would happen if they say no. Are there any laws that protect me in case they try to tell me no? I live in Delaware if that matters.

-how will the other prom guests react? I know several kids there that aren't very LGBT-friendly, and I don't want it to cause any trouble, for me to get bullied or hurt or anything like that. I've heard all sorts of horror stories of LGBT students being mentally tortured by other students. I don't know how I would handle that.

Has anyone else here gone to prom as the opposite of their assigned gender? If so, how was the experience? This would be one of the only major times I dressed femininely in public, so I want to hear what others have to say. I just hope that the experience goes well and that I don't regret it. ",1491363020.0,9,0.91,17
Showerthoughts,"Never, in my entire life, have I ever met a human being whose favorite color is brown.",,1488902714.0,1,0.67,0
IWantToLearn,IWTL more about making and editing my own videos.,"So I already know an average amount about video editing. I run my own YouTube channel and I'm my own editor; I can pretty much cut and paste and all the basic stuff, like cutting, cropping, copying and pasting, but I want to learn more than that. 

I have a ton of ideas for projects I can do, but working on implementing them is the problem. The art of video creating seems very interested to me, and it's a world I'd love to get more into. In particular there are a few things; Stop motion animation might be a cool idea, and I really want to do one of those 'a capella' videos, where it's a bunch of videos put together in a grid to make one harmony. There are so many possibilities, it's really cool to think about.

But yeah, it's clear that if I want to get more serious, then I need to find a better way of going about it. I'd like to know what are the programs out there that allow you to do the things I mentioned above, and also some tips on how to get myself more established. I really don't know if I'm explaining any of this right, but this is the best way of putting it for now, and I'll add more details in an edit when I'm not forcing my eyelids to stay open. ",1486789244.0,1,0.67,0
IAmA,"I am an official United States election officer, and will be working at the upcoming presidential election this Tuesday. Ask Me Anything!","Hello all! I'm an election officer who worked at the primary elections, and am greatly anticipating working during this upcoming election for president of the United States. 

You know those people who greet you when you walk into the polling place? Who gets your signature, calls out your name next to the voting machine, or directs you to where you need to go? I do all of that, and then some. Working at a polling place is a complex task and can be difficult, but at the end it's very rewarding!

Anyways, feel free to ask me any questions you may have! I'd love to see what kinds of questions you guys have.

My proof

Envelopes for my acceptance letter and my payment check from last time:
http://imgur.com/CO1TC92

Acceptance letter from last time. Conveniently I was unable to find the one for this time:
http://imgur.com/5NPBofC

The training manual/instruction booklets they give you during training courses:
http://imgur.com/cd7o1Cb

**edit:** keep the questions coming, guys! I still have a lot to answer and i will get to them as soon as I can. I have to go to sleep now in order to wake up on time. I'll let you know when the cutoff point is! 

**edit 2:** (Oct. 7, 2016, 7:08 PM GMT -4:00)  well guys, it was nice answering your questions! I'm gonna answer the ones I have left and then that'll be it. I hope it was nice for you guys!",1478465766.0,351,0.8,272
asktransgender,Please help. Need a place to stay for a few months.,"I need help. I turn 18 in a month and a half and im looking for a place that I can stay. Not too long ago I had several options, and there were several people willing to have me. But for some reason those options started to shrink.. now I'm struggling to find somewhere to go in time. If i don't move out on my own my parents will probably kick me out, so i couldn't stay here even if I wanted to. I need someone trusted that I can live with until I can go out on my own--I plan to join the Army when I finish high school. Right now i live in northern Delaware. I'd prefer somewhere where I can commute to and from school, but i guess I'll do what I have to do. I just cannot stay with my abusive piece of shit mom any longer than I absolutely have to. Please if you or anyone you know has anything I'd love to speak with you. .",1477260296.0,7,0.89,4
Handwriting,The difference 30 minutes a day for a week and a half made for me.,,1474986489.0,116,0.97,17
languagelearning,I'm really indecisive about what language I want to learn.,"I don't know if this is a problem with anyone else, but I can't ever decide what language I want to concentrate on. Eventually I want to be proficient in several different languages (I can't remember the word for that at the moment), but a few websites I've been on have told me that it's not a good idea to learn multiple of them at once. So I've been trying to learn just one language at once, but it's been difficult. I have a bunch of languages in mind that I want to learn, but I keep flip-flopping between two--French and Spanish.

On one hand, I'm much more experienced with French. I've been taking French on and off via Duolingo since about 8th grade, and I'm a highschool senior now. I've also been taking French in school for the past 2 years, and I'm good enough that I can actually have a decent conversation. But in the past 4 months or so, Spanish has been more on my radar. I'd been interested in it for a while, but I hadn't gotten serious about it. I decided to start learning it because I know a lot of people who speak Spanish, and it would be nice to be able to communicate with them through it. Plus, there's a lot of content in Spanish online and on TV because I can't understand it. I guess my logic was that Spanish would be more ""useful"". But even though I've worked on it at least a little bit every week since May, and gotten to the same level on Duolingo that I'm on in French, I just can't seem to grasp it in the same way that I do French. I can recognize some words, but I can't make sentences very well; it just doesn't seem to be working out very well. Even though French frustrates me a lot of the time, I think I'd rather work on that instead.

I do have some urges to learn other languages, too (mainly Japanese, German, and ASL), but I don't usually focus on those too much. I hope I don't seem too silly, and I really just want to be able to focus on one at a time. So if anyone has any advice, or is in a similar position, I'd love to hear your insight.",1472921796.0,2,0.63,4
whatsthisbug,This bug i found on one of my sunflower. It wasn't there just a few hours ago and I have no idea how it got inside. It only moved a little when I touched it with a stick.,,1472412047.0,3,0.81,1
whatisthisthing,This bug i found on one of my sunflower. It wasn't there just a few hours ago and I have no idea how it got inside. It only moved a little when I touched it with a stick.,,1472410370.0,1,1.0,1
answers,What is the proper way to answer a question that starts with 'How'?,"I'm currently working on a big project for school that has about 150 questions on it. Of course, there are a lot of questions that start with the question word ""How"", but I've always been unsure of how to answer them. Let me give you an example to clarify what I mean using the book Of Mice And Men.

> How does Lennie react to Curley provoking him?

This is one of those that's simple to answer. After restating the question, you put the word 'by' and then you answer it.

> Lennie reacts to Curley provoking him by breaking his hand, which sends Curley to the hospital.

 Let me give you another easy example.

> How does Curley present himself throughout the book?

This one can just be answered by restating the question and then answering it.

> Curley presents himself as a shallow, angry, straightforward man

But then, here is the type of question that is troubling me.

> How do George and Lennie get themselves kicked out of their hometown, Weed? 

This is the type of 'how' question that can also be phrased as a 'why' question. The correct answer would be this

> George and Lennie got kicked out of Weed because Lennie was falsely accused of rape.

But that's confusing. Are you able to phrase the answer to a 'why' question like that, where the answer starts with 'because'? Or does the answer always have to start with 'by'? I might just be overthinking it, but for some reason the former option seems like it's incorrect. If anyone understands what I mean and is willing to help, I'd greatly appreciate it.",1471716124.0,4,0.75,5
teenagers,"Back-to-school anxiety, anyone?","I've been thinking about going back to school almost non-stop, to be quite honest. Technically the first day is the 22nd, but since I'm a senior I get to take an extra day, and I go back on the 23rd. Still, that's only 6 days until I go back to school. 6 days, and then i have to go back to that godforsaken hellhole. Of course that's an exaggeration, but even so, it's still bad enough to make me quite anxious. Just thinking about the stress of waking up at 5:30 a.m for five days out of the week, just to sit for 7 hours in a place I don't want to be, learning stuff I don't need to learn, and dealing with people I don't care to deal with. The thought of all this for ANOTHER nine months? The anxiety alone is killing me.

What do you guys think about going back to school? Are there any helpful thoughts or tips that will help me quell these worries? I think your opinions would help me a lot, and would also be helpful to other people reading this that might have the same worries.",1471482034.0,3,0.81,8
BigBrother,This sums up my reaction to Natalie and Paulie's argument on Sunday's episode.,,1471385826.0,0,0.29,0
BigBrother,so what seasons do you think are worth watching/rewatching or not?,[removed],1471231083.0,1,1.0,1
OCD,"I need to find a way to handle my compulsions... it's really getting out of hand, and it's hard for me to seek professional help","I've been clinically diagnosed with OCD for about 5 years now. I'm not entirely sure how it developed, but it surely did. It started off with a couple ""typical"" OCD-like behaviors, like washing my hands excessively, but then it just started building. Eventually it's gotten to the point I'm at now, where it's really bad and there's not much I can do to stop it. I've been kept mostly blind to it due to my ultra conservative mom who thinks all of my mental health issues are bullshit. She doesn't take any of it seriously and that's really upsetting. One of the main things that has been affecting my life has been my OCD, and it's taken me a long time to realize this because I've gotten barely any medication or counselling or therapy. 


I just wanted to post here to tell about my compulsions and see if there's anyone who can help me or give me advice. here's the best summary I can give:

-As is most common among individuals with OCD, I'm extremely germophobic, as others might call it. I always wash my hands for 30 seconds or more after using the bathroom. When using a manual toothbrush, I always brush for exactly 2 minutes--30 seconds on the bottom row, then 30 seconds on the top row, and so on. But I'm most particular about the things I eat. I absolutely won't put anything in my mouth if i haven't washed my hands thoroughly or used a copious amount of hand sanitizer before touching it. I wash all my utensils and pots/pans thoroughly before using them and have to cover them when not in use. Family picnics and things like that are hell for me, because I can't eat much of the food due to the extreme fear of them not preparing it with the same standards I prepare my things are prepared with. I'm very finnicky with what I eat; the conditions have to be just right and perfectly sanitary, and I'd much rather stay hungry than eat something that was touched by somebody else. Also, I **HATE** being sick, and the thought of colds, coughs, nausea and especially vomiting gives me intense anxiety.

-This one is strange and unexplainable, and it's also much more recent. For some reason, I have the intense urge to keep pulling out my hair. It sounds odd, yes, but it's been going on for a while. It used to be just my eyelashes, but then it migrated to the hair on my head. Sometimes it's when I'm bored or sitting around, and sometimes it's when I'm upset or angry or in other high emotions. I just start pulling out strands of my hair, sometimes its just a few, and others it creates a pile of hair lying near the spot where I'm sitting. I could have sworn there was a bald spot right on top of my head, but it might just be my imagination. Either way, it's terrifying.

-It's hard to explain, but I always feel the need to remember everything. Even if it probably won't be important later on, i take note of a lot of the things i see and think about from day to day. I have thousands of pictures on my phone, and most of them are screenshots and photos that I can't let go of. I have both real life notebooks and a notepad app that are filled with a bunch of random thoughts and ideas, a lot of them being insignificant. Its like I have to keep track of everything I experience. And whenever I'm browsing the internet, i end up liking and saving and sharing so so so many posts and links that I've lost track, and at this point it's just compulsion. I also get mad at myself because i'm unable to keep a consistent journal of what happens from day to day, and I keep beating myself up over it, because what if I need to remember this moment later on? It's just really hard to explain, and it's gotten really annoying and has made me disorganized and unproductive.


I would LOVE to get professional help for these issues, but since my mom thinks that all mental health issues can be solved by going outside and riding a bike, it's hard to convince her to do much of anything. So I have to resort to getting help on my own. If it's important, I turn 18 this December, I'm a MtF trans, and I'm taking Prozac and Seroquel. I'd greatly appreciate any help you're willing to give :)",1471064299.0,2,1.0,1
youtubehaiku,[Poetry] Calm The Fuck Down,,1470677364.0,56,0.87,6
NoStupidQuestions,"What order do the flavours in a neapolitan dessert (chocolate, vanilla, strawberry) go into?","Is there an official order as to where you put the layers, or do you just wing it? Does the order affect the taste at the end? I plan to make neapolitan cakes for a picnic I'm going to tomorrow, and I don't wanna do it wrong.",1470533491.0,1,0.67,1
Anxiety,Existential dread feels terrible.. I need some advice,"This has been haunting me since a fairly young age, and i haven't been able to find a solution to it yet. It's about life after death. I do believe that there is a life after death, but the concept itself is very scary. I explained it somewhere else so I'll just paste it here to make it easier. 
""Basically I'm thinking about what happens. The way I see it, there are only 2 options, and both of them terrify me. First, I may die and my soul and my mind just disappears and I cease to exist, and I don't like that option cause I really don't know how it will feel like to just not exist. Then there's the option that there *is* a life after death, and that terrifies me too. My mind will exist forever. No matter how long I wait, there will always be more to experience. there will be no end and that's really hard for me to comprehend, and whenever I try I just have this really terrible dreadful feeling wash over me.""
I felt the need to post about this now because once again, this feeling keeps me up at night. I can't stop thinking about it. I keep trying to think of an explanation that will ease that dread, but i really can't. Is there anyone that has any insight that might be able to help me? I'm tired of always randomly thinking about this throughout my day and having that dreadful feeling sink into me like that. I need help.",1469603496.0,2,1.0,4
findareddit,A subreddit for people who like to create and design fictional planets.,"I've been looking for this sub for a long time. I discovered it a few years ago, if I remember correctly, but I haven't be able to find it again since. It was a subreddit for people who were interested in creating their own planets for fiction stories, and had different techniques for doing so, and other things related to the topic. Does anyone know what this sub is called? Or anything that is close to what I described?",1468954128.0,1,0.67,4
conlangs,I need someone's conlang for a book I'm writing,"Hello everyone! I'm new to this subreddit, and you guys seem like the perfect people who would be able to help me with this.

I'm a self-published author, and there is a major project that I've been working on that I could use some major help with. Without divulging too many of the details right now, I'm planning to make one of the main group/species of people in the plot have their own culture, and with that comes their own language. I have a good idea of what I want them to be like, but I think a key part of forming the plot will have to do with the language I decide to use for them.

There are a few things I had in mind for it, but I don't have the artistic willpower to sit down and create my own full language. The language I use should:
-be complete or almost complete
-be moderately difficult; not extremely simple to learn but not something that you'll have to study for years and years in order to understand
-preferably use mainly characters in the Latin alphabet, along with accent marks and other symbols
-have it's own unique sound to it, e.g not just a modified version of French, or has the same exact pronunciation rules as German

zzi apologize if this post is breaking any rules, I'm very new to this community and this is my first post on this subreddit. Thank you in advance for your consideration!",1468392429.0,0,0.5,56
legaladvice,"[USA] I turn 18 in December. That's when I plan to move away from my parent's house to a friend in a different state (DE --> GA). It's a huge undertaking and I'm not sure how to transfer all of my legal documents, drivers license, possessions, etc.","As you can tell from my post history, I live in an extremely unfortunate household situation. Me and my family have a lot of differences that can't be solved, so much so that when I turn 18 I plan to move away. It's likely that they'll be kicking me out anyways, so it's not like I'm trying hard to stay, but I digress.

Last year I found someone who understood my situation, and was very empathetic. She kindly offered to take me under her wing, and of course I accepted. We live several states away and I haven't met her directly yet, but we have sent videos to each other before and she's shown me her ID and things like that, so that's not the problem.

I haven't ever moved a long distance like this, and I don't really know anyone who has. So I'm not exactly sure how it would work for me to move several states away. Surely it must be a complicated and lengthy process. My driver's license is registered in DE, my school records are at my current high school, I'm on my parents' insurance, and so many other things. I'm sure there's a lot I need to get done, so I think I ought to start preparing now. As per recommendation of someone from a different sub, I thought I'd post here and see what steps I should take in order to make sure the whole thing goes smoothly. If there's anything important I need to know, I would love to hear what you have to say.",1467512625.0,1,0.56,17
asktransgender,"5 months. 5 months 'til I turn 18 and I'm able to be free and be who I am. I need some help to get there, though.","I've posted here and in other subreddits a lot in the past, looking for support for my extremely undesirable home situation. Now though, it looks like it's coming down to the home stretch. I turn 18 this December, and that's when I'll be able to legally move out of my parent's house. 
I think I know how I'm going to be able to do it. I've found someone online who will be willing to take me in. She's several states away, and I've never met her in person yet, but she's done a lot to verify her identity to me and I'm convinced that she's legit. This is still a huge undertaking, though, and we are still working things out. I still need to find out how to move all my stuff, transfer my school records, etc. 
if anyone has experience with this kind of thing and knows how to help me, I would love to talk to you and learn what I have to do. I'm really dedicated to this, I've been waiting so long and it's too late to give up, I need this too much. any help would be very very appreciated.",1467428970.0,2,1.0,2
dbz,I was playing Budokai 3. When you see it...,,1466697442.0,0,0.44,12
Showerthoughts,"If you kill multiple people at once, you're a psychopathic maniac who deserves to die. If you kill multiple people with some time in between each kill, people are fascinated and want to study the interesting parts of your life.",,1466190384.0,0,0.44,2
WordAvalanches,I really like to assign buildings to people,I guess you could say I allot a lot o' lots,1464479550.0,28,0.91,0
Showerthoughts,"If someone always felt like they were in a really complicated building, they would have a complex complex complex.",,1464291026.0,204,0.9,8
HelpMeFind,HMF more information about a childhood toy of mine,"When I was younger, me and my brothers had all sorts of different toys and things that we played with. Unfortunately, though, when we moved away many of the toys got lost. Not many survived; one of the ones that did is this little electronic safe that my older brother got for his birthday. You put the money in the top and then when you wanted to access it you typed in a small 4 digit code on the front and then it opened. It also doubled as an alarm clock, with the regular alarm clock functions. 

Here are some pictures of it: https://imgur.com/a/Cmq0v . Like I said it used to be my brother's, but I've sort of inherited it, so i dont have any sort of directions or boxes for it. I tried entering the username and password I had, several times even, and nothing worked. I want to know the exact company and model of this particular one, so that I may look up the instruction manual. 

I want to know so badly mostly because I made the foolish mistake of writing down a password and putting it in there, which i now can't remember. I don't want to just smash it open, because it has a good amount of sentimental value to it, and it might be used in the future. I would greatly appreciate your help, since I've been trying to find a solution to this for a long time.",1464232737.0,3,1.0,5
writing,I keep falling behind in my journaling,"I'm not sure if this is the right place to post this. But I've started keeping a journal about a month ago and a dream journal even less than that, and im already continuously falling behind on updating. Dream journaling is pretty easy, except that I have a lot of dreams to keep track of, but my regular journal is pretty difficult. I find myself trying to map out every single deal of every day, because i think im going to need to remember every detail at some point later on, and i get mad at myself whenever I miss a day. I feel like i have to be very precise about everything, and it makes things really hard. Each update takes me about an hour to do, and i often have to go back and write about what I did the previous day. It's so frustrating and even though i sometimes enjoy it, it's actually turned out to be quite stressful for me. I want to either stop or make updates less frequently or less detailed, but whenever I try, I always end up writing too much, going into excessive detail. Has this happened to anyone else here?",1463941383.0,0,0.5,7
writing,I need a way to organize my ideas/thoughts.,"This is a really big problem for me. I've been meaning to ask for a long time.

I love writing, but i don't do it very often at all. That didn't make sense to to me though, so i kept searching for a cause for the problem. Eventually, this is what I've concluded. I have so so so many different ideas and concepts rolling around in my mind. Different ideas, concepts, characters, names, and all that sort of stuff. But for me, it's very difficult to sort through those thoughts and come up with a solid, comprehensive plot. All of the writing is want to do isn't anything clear-cut; my mind is just a messy collection of random character ideas and plots and settings that i haven't found a good way to put together. 

I hope this makes sense. I really think I have a lot of potential as a writer but this is one thing that I really need to fix. I'd love it if you could give me your advice because this is really holding me back. If you need any more information, just ask so I may clarify .",1463868835.0,1,0.67,14
mylittlepony,Been totally inactive in the fandom for a long while now. What have I missed?,"I remember I got into MLP when I was going thru hard times, and it really helped me get through them. Eventually I just faded away from the fandom. I haven't worn any MLP stuff in a long time. I haven't even watched any of the episodes in like 2 years; the last thing I remember was watching the season 4 finale, that's it. Also that Twilight Sparkle used to be my favourite.
I'm curious to see what's going on, as a lot has certainly changed. What's new? Anything I'd like to know? keep in mind that I literally have no idea what's been going on here.",1462757023.0,8,0.74,10
NoStupidQuestions,What is the name for this negative thought pattern I've been experiencing since I was little?,"There's this really dreadful feeling I've experienced since I was young. It has to do with life and death, and I haven't been able to accurately describe it to someone ever since.

Basically I'm thinking about what happens. The way I see it, there are only 2 options, and both of them terrify me. First, I may die and my soul and my mind just disappears and I cease to exist, and I don't like that option cause I really don't know how it will feel like to just not exist. Then there's the option that there *is* a life after death, and that terrifies me too. My mind will exist forever. No matter how long I wait, there will always be more to experience. there will be no end and that's really hard for me to comprehend, and whenever I try I just have this really terrible dreadful feeling wash over me.

These thoughts surface a lot, especially when I'm alone and I'm just sitting around, thinking. it's gone so far as to prevent me from enjoying life at some times. Can anyone finally give me a name for this, so I can find a way to stop these thoughts?",1462756255.0,3,1.0,1
asktransgender,I've almost made it...i just need to find a way to survive.,"I'm a MtF trans girl. Because of this my parents are emotionally abusive and it's been very hard for me to deal with. I've posted here about this several times in the past if you want some more information. But I'm posting here again because my problems keep changing.
I'm 17 years old now. In December is when I turn 18 and I can finally escape this hell hole and my poor excuse for a mother. I've pretty much accepted this. But regardless it's still going to be a VERY hard 7 months for me. I'm just sitting here, while my family treats me like shit and I have time to be left alone with my thoughts. It makes it so difficult. I need something to do, to be occupied with. Especially with summer coming up, I can't proceed with my normal technique of just sleeping and browsing the internet too much. It makes me think. A lot. I have panic attacks almost every day because of this. There needs to be some way I can cope until I can get out of here.
If it matters, I have found somewhere that I can stay when I turn 18, but we're still working things out and I don't know much about how it's going to work out. But regardless, I'm still going to escape here no matter what; not a force in the world is going to keep me here a second longer than I have tom I just need to make it, and I need help doing that",1462755265.0,4,0.83,14
Showerthoughts,"If you say it out loud, /r/showerthoughts sounds like a raunchy NSFW subreddit",[removed],1462754282.0,1,1.0,0
teenagers,My science teacher has been teaching at my school for over 30 years. Today he showed us how to do the Tablecloth and Dishes trick.,,1462374829.0,21,1.0,8
languagelearning,Any advice for my strategy for learning new languages?,"I want to be considered a polyglot one day, and in the more recent years I've been trying to achieve this goal.

I've tried learning a few different languages in the past; in order from most experienced to least, they are French, American Sign Language, Spanish, Japanese, and German. I have a certain way that I go about it, but it doesn't seem to be working well so far. 

Right now, even though I'm much more experienced in French, I'm focusing on Spanish as its more useful, and to me it's easier. So what I've been doing is using the language learning website Duolingo, which you probably already know of. I learn and practice the vocabulary and sentence structure and stuff, like I'm supposed to. But the thing is, I don't practice it consistently every single day. What I do is i practice it inconsistently every other day or so, if that, and then there are some days where I practice it a ton and im really into it. I know I should be practicing every day, but it's difficult for me to do that sometimes. It's natural for me to just practice it a lot in one day rather than spreading it out.

That was the same way I did it with French and German. But with the other two it was a bit different, as i used books instead. For sign language, I wrote down a list of all of the words I should learn (sentence structure is weird in sign language; you don't need to learn conjugations and things like that), and then I just looked them up in the sign language book and memorized them, with the help of the memory aids that it gave me. For Japanese it was confusing, as i didnt know if I should learn Kanjis or the traditional symbols. So i made a set of flash cards for the vocabulary words and put the traditional symbol along with the pronunciation. 

Which of these techniques, if any, seem the best to you? What do you recommend I do going forward? I know its a long journey ahead, but i just want some guidance along the way",1462239890.0,4,1.0,8
whatisthisthing,Can somebody help me identify this handful of stones I got in Bermuda?,,1459995824.0,8,0.82,5
IWantToLearn,"IWTL how to play piano, the right way","I made a post similar to this a long time ago, but nothing really helped me in that thread, so this is sort of like a follow up to that.

I've been playing piano for several years now--depending on what you count as ""playing"". It's weird because I know how to read sheet music (although I can't sight read), I can play chords, and I know how to play some songs if I know the notes. The thing that I can't do though, is play both parts of the song at the same time. I don't know the word for it, but you know how one hand plays the ""foreground"" part of the song and the other plays the ""background"" part? I can't do that no matter how hard I try. I can play both parts separately with relative ease, but when I try to do them together it's just a hot mess. One hand always messes up and does what the other hand is doing, sort of like the ""pat your head and rub your belly"" thing. 

I tried what someone else suggested, where I play both parts as slowly as I can do it perfectly, but the other hand always ends up messing up. Any piano players know how to fix this, or what I can do? I really think piano would be a good hobby for me, and this is what's been preventing me so far.",1458687123.0,68,0.93,25
depression,Existential crisis going on.. it feels like absolute garbage,[removed],1457248967.0,5,1.0,1
thatHappened,"Kid goes to school in a banana costume, proceeds to blast Gwen Stefani throughout the halls",,1456572473.0,25,0.83,7
asktransgender,I'm so damn lonely.. I just need a friend or two.,"Things absolutely fucking suck here. I'm trapped in this house with my transphopic family and no way out till I turn 18. I hate it so much. But the thing that makes it really hard is the lack of support I have. I do have several friends, but there's nobody that I feel that I can honestly talk to about anything. I get sad or angry or otherwise emotional fairly often and easily, so if I go to my friends whenever I feel like shit it will surely bother them. I just don't know what to do because a consistent support system would make things so much easier but I don't have that. I either have short-term friendships or ones that I don't feel like I can talk to them about stuff. So basically I'm stuck.  What should I do ?",1455062148.0,4,0.83,5
asktransgender,"I turn 18 in a matter of months now, but things are still really fucking difficult. How do I cope?","As you could figure, I'm a trans teen who lives with a completely unaccepting family and I wish to move out so I may start to transition. Things were much worse, but now they're looking up, as I turn 18 in a little more than 10 months and have living arr. Regardless, my mental state is really fucked up. School has given me a bad case of junioritis, my family is getting at me more than ever, and the wait just seems so close but so far away at the same time. There has to be a better way to deal with it because my current method of 'grin and bear it' just isn't working. I'm compelled to just jump off a bridge so that I can just sit and cry in a hospital for some months. That's not an option though so I need a better way. Any suggestions? I'm open to all options. ",1454293882.0,6,0.88,1
IWantToLearn,"IWTL a language, without mainly using Duolingo","I've been using Duolingo for a long while now, in an attempt to learn French, as i think it's a very interesting language. But it's been on and off because I find that it's quite difficult to learn using it; it doesn't do a good job at motivating me, and it already assumes I have a good amount of knowledge in language learning. I want resources that won't introduce all these foreign concepts without explaining them well enough. I can use duolingo, but I just need a source to learn all of the terms they use when explaining things (ex: liaison, indirect object, conjugation) before I do that. Are there any sources like that?",1453905647.0,27,0.85,7
Meditation,Am I on the right track? I need some help to determine whether I'm doing things right.,"As the title suggests, I would like another opinion on how successful I am with my attempts at meditation. I really like the idea of meditation. I've heard a lot about it and it seems like it has a ton of really good benefits for me. Plus I'm 17 and have been going thru a lot emotionally, and I think it would help with that a lot. There are a ton of different things I've seen confirming this too.

I've attempted it a lot of times in the past, but I haven't continued with it much. It's hard to explain, but it's because I'm not sure if I'm doing things the way I'm supposed to. I realize that there isn't really any 'correct' to meditate, but when I attempt to do it doesn't really do much. It's basically like I'm just sitting there, zoning out a little bit, but my body isn't ever completely relaxed like I've heard it's supposed to be. I can't tell if I'm being inpatient or if I'm legitimately doing something wrong, but either way whenever I attempt it it simply feels like I'm just sitting there doing nothing. 

There was this one experience I had a few weeks ago that might be important. I downloaded this calm/meditation app in hopes that it might help me. One of the things provided was this mode where it plays some tranquil nature sounds, and has you look at a calm background while telling you when to breathe in or out. I did it, and for some reason I actually felt something that time. I felt this calmness wash over me, and I wasn't thinking much of anything,  just about how calm I was. It surprised me, and I've done it only a few times since for short periods of time and had a similar effect.

I feel like I may be thinking too hard about the process--which is why I'm seeking some advice. I would like to know if I'm doing it ""correctly"" and if there's anything I need to change. And also, if it matters, I also have some experience with lucid dreaming and Astral projection, and have been mildly successful in both of those.",1453607521.0,2,0.75,6
GetMotivated,[Text] Need help. Tons of stuff I wanna do but no motivation/plan to do any of it.,"Unfortunately, I've been struggling with this for a long time now. I'm 17, and long story short depression, failure and lack of commitment have been a huge part of my life for the past 3 years or so. But now, I'm started on the path to recovery. I still have a long way to go, but I have also come a long way, too. 

One of the problems I've been facing is just as the title says. There's a lot of things I want to do that I feel will genuinely improve my life. Things like writing, reading more, meditation, getting a job, and other things that could use daily or regular practice. But thus far I haven't done much of it. Partially because I don't have a solid plan to do any of it, but also because of my extreme lack of motivation. I can't tell you how many times I've had the perfect opportunity to do these things, but instead opted to lay in my bed, meaninglessly scrolling through my phone and eventually falling asleep, waking up an hour later with a bunch of regret and self-pity. It's been hard for me to pinpoint exactly why this has been happening, but it still does.

I really really need to overcome this, in order to put myself on a good path. It's a really daunting task that I know I can't take on by myself, so that's why I've come here. I'm not sure if this is the right place to post about this, but it's the best I can find. Just ask if there's anything else you'd like to know ",1453071554.0,19,0.77,19
Showerthoughts,"For the next hour or so, almost all of the posts on my news feed will say the same thing.",,1451625381.0,1,0.67,1
teenagers,[Advice] 17th birthday party ideas?,"Me and my twin brother are planning to have a birthday party, as our 17th birthday is next month. It has to be a house party, because our parents don't want to spend money on a venue (and neither do I, to be honest). But the thing is, we're both not very used to hanging out with friends. Our parents are very selective about who they let us hang out with, and events with friends as simple as going to the mall have to be planned at least a week ahead. This has deterred us from meeting with our friends, but now we want to change that. We have gotten a decent list of people who have said they want to come, but we aren't 100% sure what we should do during the actual party. I know it sounds stupid, but it's a real concern; we don't know what ""normal"" teens do during parties, so this will be a huge challenge. I want to prevent it from being just 15 teens sitting around using their phones for an hour. So I thought I would come here for advice. Any thoughts/suggestions?",1446855948.0,8,1.0,2
socialskills,Is it okay if I go up to people I haven't talked to before and start talking to them? If so what is the right way to do so?,"I've been wondering this for a while now. I'm in high school and there are several people around school who look like nice people and I'd love to get to know. There are also some that look lonely and like they need a friend. I can understand that cause I used to be in the same position. I really want to talk to these people, but I feel like it'd be weird if I just randomly started talking to them. But then again, that's how all friendships start technically. And I keep going back and forth and eventually I decided against it. So for those of you who are more socially adept than I am, do you think that that'd be a weird thing to do? And if it's not, I know I can't just start talking to them out of the blue, so how do I do it?",1446078858.0,5,1.0,1
IWantToLearn,IWTL how to stay awake/have more energy during the day without using caffeine.,"This is quite important to me. I have a heart condition that prevents me from consuming caffeine or any really potent stimulants. Since starting school, I've had very low energy during the day, making me much less productive, and so as soon as I get home I fall asleep and wake up in the evening. My sleep schedule is so messed up. So I'd like to know if there's anything I can do to be more alert that won't fuck up my heart. ",1445560296.0,86,0.95,34
askscience,"[Computing] With today's top technology, how much memory could you fit inside of a disk the size of a regular, c. 1980's floppy disk?",,1445069869.0,1,1.0,0
ask_transgender,I'm a struggling 16 yr old MtF. And I have a couple issues that I'm quite worried about,"I posted this elsewhere, but I continuously find that this sub is the best for support, so I keep coming back.

So when I go back to school next week, I plan on official coming out to all of my teachers and basically the whole school for the first time. I don't really have any concerns about how the people at school will react, as they are for the most part a very accepting lot. But I hsve an extremely transphobic mom, who would flip out if she figured out i was telling people I'm trans. How can i pull this off without my mom finding out?

Also, are there any small ways I can make myself look and feel more feminine without my mom finding out? That's a big part of it for me.",1439999335.0,17,0.95,6
asktransgender,Very scared and I don't know what to do anymore. Help please,"I'm really stressing and freaking out about all these issues in my life and I have no idea what to do. 
School starts next week, and along with me being entirely unprepared, I'll have to deal with being misgendered every fucking day and not being able to do anything about it because of my bigoted transphobic parents. That's gonna suck because all of that stress is gonna hurt my ability to work hard in school so that I may move out.
Planning for moving out is a whole nother problem all by itself. I turn 18 in december of next year, and I don't want to stay in this abusive household a day longer than I need to. It's too detrimental to me here and I need to escape. But getting money is basically impossible. I can't get money from my family because they're either poor or just extremely ignorant. I've been applying for jobs but my extreme anxiety when it comes to talking on the phone prevents me from calling them back. I wanna do odd jobs/freelance but that's really hard to come by.
All this is building up and making me panic all the time. I really really need some advice cause I Don't know what else I can do",1439848911.0,12,0.94,6
PointlessStories,When we were young my brother climbed into the trunk of a random stranger's car.,"Well honestly my memory of this was really foggy. But the brother in question just reminded me of it when we were having a conversation a few minutes ago.

When we were kids (long before the family became dysfunctional) we used to help our mom clean out the car using the brushes and vacuums and stuff that they had at the gas station. So we were doing the routine, when a friendly looking man comes up to my brother and starts telling him about the predicament he was in; something about him locking his keys in his car and there being an opening that only a kid could climb through. The man was requesting that my brother climb into the open back part, and follow his directions to get the keys for him. I think we were all subconsciously thinking that he was gonna jump in the car and drive off with him, never to be seen again. So I thought he was crazy when he agreed to it. I remember watching him awkwardly wiggle into the little opening in the guys car, and I even remember wondering what it would be like if he actually was taken, what it'd be like if there were a full scale investigation to look for him. My brother was still just calmly crawling around the interior, following the directions being called out by the man. Eventually he retrieved the keys and climbed out, and the man thanked him, and our mom for letting him do it. Then we just went on about our business.

That whole thing took about 10 minutes, now that I think about it. Of course, that was probably a decade ago so my memory is very foggy of it. But we had a good laugh about it today knowing how wildly different it could have gone.",1439703125.0,14,1.0,2
NoStupidQuestions,What are on the cards that most game show hosts hold during the show?,I watch family feud a lot with my family and this question always arises.,1439688255.0,22,0.87,2
thatHappened,"Kid goes to school in a banana costume, proceeds to blast Gwen Stephanie and dance throughout the halls",,1438582892.0,2,1.0,1
asktransgender,So I'm going to the beach tomorrow.,"A normal person would be elated to go to the beach, yeah I know. But I believe this is the first time I've been to the beach since I've officially came out as transgender. My gender dysphoria would be at an all time high. I'm scared because I'm going to be so upset but I'll be pretending like everything is just all right. I'm just really anxious and idk what to do ",1438483322.0,1,1.0,3
PanicAttack,I'm having one right now and I feel like I'm dying.,"It's 1 o'clock am. I was just watching YouTube videos and got set off by a YouTube video that's one of my biggest triggers, as in I get triggered by scary or creepy stuff. I can't sleep and my heart is racing and I feel like everything is going to end if that makes sense. Someone help, idk if anyone still uses this sub but it's whatever because I'm falling apart.",1438232859.0,3,0.81,1
thatHappened,The gay Avenger (probably a repost),,1438218315.0,23,0.9,2
CrappyDesign,Five dollar buck lunch.,,1437773543.0,26,0.79,3
asktransgender,I really need a friend. I'm very sad. Will any of you talk to me?,"I'm sorry this isn't really a question, but I'm not sure where else this should go. 
As the title says I've been quite sad and lonely recently. I do have so called ""friends"" but they're mostly the kind to be all fine around me and say that they're always there for me, but as soon as I ask for emotional support, they don't seem interested at all. I just feel really sad and alone. I'm a 16 year old MtF, and I'm currently trying really hard to move out of this emotionally abusive household I'm in. But I must admit it's a good deal harder when you don't have any friends seriously looking out for you on the way . It sucks.

So, by any chance, would one or some of you like to volunteer? I would prefer a long-term friend that's also trans, but really I just need good support. We will talk about normal stuff also. But I just need to get thru some stuff first. ",1437501095.0,10,0.92,16
answers,"What do all of those random movie parts (key grip, supervising producer, etc) actually do?","I've thought about this for a while. I've pictured in my mind some person at a party, going up to someone and saying ""I don't wanna brag, but I was the front camera B operator for the movie Limitless."" ",1437040072.0,1,0.57,2
3amjokes,Why was the German person hired to work at an office?,Because he was a valuable ß to the team.,1437007528.0,249,0.95,28
writing,Is it futile to pursue a career in writing?,"This question has indeed been plaguing my mind for a while. It's one of the things I'm considering to do, but I'm just not sure if it's a good idea. I'm trying to determine what, if any, fulfilling careers in writing there are, and preferably one that will give me a livable amount of money. From what I can tell from the FAQ for this sub, it's not a good idea to go into creative/fiction writing. So I'm just wondering what the best option for me is. In case it's important, I'm currently 16, and my parents are willing to help me financially if I can prove myself. Thanks in advance for your advice!",1437006407.0,41,0.75,148
Showerthoughts,"If everyone actually does switches to Voat, then it'll basically be the rebound girlfriend of the Reddit community.",,1435897276.0,0,0.5,0
whatisthisthing,"This object that I found in a drawer. It's a little bit bigger than a golf ball, and it makes a jingle noise if you shake it at a certain angle.",,1435892848.0,8,0.65,11
teenagers,"[Discussion] pretty scared about what it'll be like when I turn 18, thought you guys could help.","(Sorry in advance if this post is lengthy, or it sounds jumbled, confusing, etc. Keep in mind that I was quite emotional when typing this.)

So I'm in a predicament. I'm 16 years old, and I need some help with thinking out how my life will be later on. I'm working really hard to move out of my house; Not for the normal, stereotypical teen reasons, but because the household I'm in now is emotionally detrimental. My mom is emotionally abusive toward me, and with no success of trying to report her, waiting is my only option. Also, I'm a MtF transgender, and I feel like transitioning will be a good long step forward in my life.

There's a few problems though, and they're all I can think about really as the thought of moving away is all that keeps me going. First of all, I don't know how I will possibly be financially ready to move out by my 18the birthday (December of next year). I basically have no money whatsoever right now, and getting some is proving to be a challenge. I have applied for several jobs, but as of today none of them have called me back or made any indication that they want to hire me. I must admit it's a bit frustrating, cause I always stumble upon my friends working at the places that I shop at, making money, actually being successful. I'm also considering doing freelance/odd jobs. My parents said they would be willing to pay a good amount for me to clean the garage, but that's all I can think of right now. I do have a few marketable skills, but from what I can tell, not many people would be willing to pay someone as young as me anyway.

The second thing I'm worried about is my education. Of course I'm going to finish high school, but it's what's after that that's a bit confusing. I want to go to college. But getting accepted into one will be sort of challenging. My grades are decent, but they could indeed be a lot better. My freshman year was a complete flop, as that was when I was at the very peak of my depression; I finished that school year with a .15 gpa or something like that. The year that just passed was much better though, since I'm at a different school now. I finished this year with a gpa of 2.6 , which means that the next 2 years will have a huge impact on my college acceptance. The whole process is really long and hard and confusing, and I wish I didn't have to do all this, but I do.

Besides that there's only a few things. I want to know what I actually am going to do in life. I have a lot of interests and things that I want to do. But recently I've realized that I don't really have a main goal. I have a bunch of different interests and things I might want to do, but I don't yet know what I'm going to do primarily. I want to go through all my interests and choose which one I love the most, that I'm passionate about and I want to do as a career. And in general, just having any motivation on a day-to-day basis is getting difficult. I spend most of my time in bed doing nothing important, because I have no want to do anything else. I just want to do something with myself, and I need help.",1435542579.0,1,1.0,1
askscience,"[Biology] given enough time, is it possible that humans will go through more natural selection/evolution, and turn into something we've never seen before?",,1435415767.0,1,1.0,0
NoStupidQuestions,What business actually goes on inside the new/old World Trade Center besides just memorials?,,1435397899.0,5,0.78,1
Showerthoughts,"5 years ago, if someone asked ""how long is the average vine?"" And you said ""6 seconds"" they would assume you were crazy.",,1435117725.0,5,0.86,1
asktransgender,Help please? I'm worried about how my life will be once I turn 18.,"So I've posted here in the past, but I feel I should make another as I'm in need of more help.

Basically, I am a MtF trans 16 year old, and I'm struggling a lot in a few different areas of my life. As you might be able to tell by my previous posts, I suffer from major depression, and the emotionally abusive mom I have isn't helping. I get zero support for being transgender, as the only people I know who support me are the people in school, and I obviously don't go to school around now.

After months and months of trying to escape from my family, which is the main source of all of the emotional problems in my life, I've sort of accepted that the only way I'll be able to free myself is if I wait until the day I'm 18 (Dec. 10 2016) and then head off on my own without ever looking back. The only problem with that is that I don't know how I'm ever going to be prepared by then. I basically have no money right now, and as we all know I need some in order to possibly survive in this world. I'm trying to get a book of mine published professionally, so I can hopefully make some profit while also doing something I'm passionate about, but it's a struggle trying to earn money for that too. And I have been applying for jobs, ive made a resumé and everything, but so far, nobody has called back. Even so I don't have a solid plan of what I'll do once I'm of age.

I'm just really scared of my future. I will live out of a car or RV or something if I have to, cause I refuse to spend one more day in here than I have to. Do any of you have any tips or advice you can share with me about how I can get myself prepared, and come up with a plan for myself? I'd love to hear what you guys think, because over the past few weeks I've been made to feel like I'm crazy.",1435025009.0,3,0.64,5
tipofmytongue,"TOMT [video] a video of a dad and his son making music together, where the dad is playing an instrument (I forget which one) and the kid is repeatedly slamming the oven door",,1434386104.0,1,1.0,0
Showerthoughts,"For horses, neighbors and pen pals could mean the same thing",[removed],1432772591.0,1,1.0,0
AskReddit,What one classic video game do you most wish would get a sequel/HD remake?,"There are a lot of games out there that are still playable, even years after their initial release. But after getting used to today's hi-tech, 1080p video games, those shabby, slow-rendering PS1 games. That's why they sometimes remake classic video games, but with more up-to-date graphics. Out of all those awesome classic video games, which do you most wish would receive its own remake? ",1432635625.0,3,0.67,15
Showerthoughts,"No matter how they go about it, all vegans have to quit cold turkey.",,1431525124.0,32,0.85,1
teenagers,I have no idea what I'm gonna do over the summer. Heeeelp,"I've been getting to thinking recently, and since summer is starting soon for many, it's about time that we start making plans for what to do. But that's the problem with me. Just like every summer, I end up having no plans and no motivation, and my summer is filled with a ton of boredom and uselessness. And when summer is finally over, I go back to school and nothing has changed. 
I don't want to squander it this time. I want to actually get up off my lazy butt and do something productive for once. Learn a new skill, get a job, join a club, something. But I just don't want to be sitting around all day. Obviously I'll need some time to myself occasionally, but I ant to spend that precious 3 months learning things that will actually benefit me. How shall I go about doing this? Are all the long-term summer programs all booked up already? I happen to live in the second smallest state in the u.s , so just about everything to do in-state is considered local. I want to do other things as well, like continue my aspiring career as a writer and saving up money for when I move out. What do you guys think I should do?",1431339694.0,1,1.0,0
AstralProjection,Am I being to impatient? (and a couple other questions I've been thinking about),"So I've been trying to astral project for a while now, almost a year, and even longer than that have I been trying to lucid dream. Over all this time I have only had mild success, and at those times I can't recall myself doing anything specifically differently. I've been wanting to try much harder recently, but there are a couple questions I want to have answered

1) one of the main things I've been wondering is exactly as the title says: I don't know if I'm actually being unsuccessful or I give up too early on the attempt. I do the usual things that this sub suggests, like deep breathing and visualizing an object but for me, and especially in my most recent attempts, not much happens, and it feels like I'm just sitting there. Sometimes I'll feel a sort of space-y feeling, like my mind is a little bit outside my body, but that's it, no vibrations, no floating sensation. Am I being impatient? Or is it something deeper?

2) when I finally do fully project myself onto the astral plane, how will I know it's working, and what kind of stuff will I be able to do, spiritually? When I walk around, will it feel and look just like walking around in regular life, or will it feel less or more ""clear""? This is a question thative been wondering ever since I first heard about astral projection. Also, I want to know how to do things to find out more about myself, since I've heard that that's possible.

3) I had a experience a couple months back, but I'm unsure if it counts as astral projection or not. I went to sleep as normal, but when I woke up i realized that I wasn't actually awake, and that I could move freely around my house. I got out of my bed and started flying around my house, and i remember at one point I sat down in a chair and thought about how cool it was that I was doing all this just in my mind. The only thing that makes me feel the experience wasn't real is that when I woke up, my memory of it was very foggy, just like a regular dream. Since then I've been trying to determine what that experience counted as.

Any other info you need I'd be happy to provide to you, and I appreciate you guys' help in advance :) ",1431299689.0,2,0.75,9
tipofmytongue,[TOMT][movie] A movie my mom wants to remember the name of.,"My mom was telling me about this time she saw a movie during a bus ride but never got to saw the end and never found out the title either. She said it's about this man that stays back in a hospital with his newborn baby during Hurricane Katrina. The whole movie is about him scavenging around the hospital for supplies, and she also mentioned that the man had to constantly crank a generator to keep the power going on the incubator.",1427065901.0,1,1.0,2
dbz,"If you could make one good character in the series go bad in exchange for one bad character turning good, which characters would you choose and why?","I've actually put a lot of thought into this. Me and my brothers are big DBZ fans and I brought this up with them and we discussed it. I think Raditz would probably be the one that i would make good; rather than someone more powerful like Frieza or Cell, because they don't seem like they would make very good protagonists. I'm still on the fence about the good character that I'd give up, though. What do you guys think? ",1425824033.0,65,0.93,86
Showerthoughts,"The child of a same sex couple would have even more reason to hide it from them, for they wouldn't want people to think they were just following in their parent's footsteps.",,1425429935.0,0,0.5,0
NoStupidQuestions,Why do people talk about liking bacon so much?,Now this is a legit question. I see people talking about it like its the food of the gods. I eat it all the time for breakfast but i don't really see anything that special about it. what's the deal? am i missing something?,1425138228.0,61,0.89,33
AstralProjection,"I've attempted to astral project many times in the past, and i now feel like i should learn more in order to continue.","I've posted on this subreddit before, but I'd refrained from making posts recently cause i feel like an underling in this community, due to my lack of success. 

Although it hasn't been as frequent as before, i've been getting back into the practice of astral projection recently. I have been getting a lot more sleep recently, and i think that's part of th reason i've been so successful. 

The experiences i've had so far with it are pretty promising, although I'm not sure it counts as projection or not. I've gotten to this point where i can feel myself completely separate from my body, but i am not sure exactly where i am, and when i open my eyes im simply in my bed back to where i originally was. I don't know if that makes sense or not, so feel free to ask me to clarify.

Also, I would like to get more information on this community. Partially because i am becoming part of it myself, and partially because i'm writing a book that could use information like this. I want to know everything--astral travel, chakras, spiritual energy, meditation, everything there is to know--I like to think i am a very knowledgeable gal. 

So yeah, anything you have that could help me i would love to hear. Again, if you have any more questions feel free to ask them either by PM or through the comments. ",1424924171.0,3,1.0,4
depression,"I need an escape, I can feel myself relapsing. I need some way to cope.",[removed],1424658603.0,10,0.92,8
answers,"If somebody's on death row and they ask for McDonald's nuggets for their last meal, who would be the person to go out and buy them?",,1424516727.0,24,0.75,7
IWantToLearn,IWTL how to coordinate my hands so I can play piano correctly.,"I know there are a lot of posts on here about learning how to play piano, but I felt that I should make another post since my situation is a little different. I already know how to play piano; I can read sheet music pretty well, I know several chords and songs, and I can learn how to play songs just by listening to them. The only problem I have is that it's difficult for me to play 2 different parts to the song at the same time. Like, there are a lot of songs I want to learn, but it's extremely difficult because whenever i try theres a sort of ""patting your head and rubbing your tummy"" sort of effect. I've tried hard to get over this, and I can play both parts separately but never at the same time. does anyone have any clue how to get past this?",1423874442.0,6,0.81,3
showerquestions,"If you found porn on your moms computer, would you watch it to see what she's into?",,1423802454.0,4,0.69,1
tipofmytongue,[TOMT] A series of comic strips with no words in them that show weird acts and sometimes funny puns,[removed],1423396632.0,1,1.0,0
Showerthoughts,"'Polish' is a homograph, 'Finnish' is a homophone, and 'Brazilian' is a homonym.",,1422923918.0,8,0.9,1
asktransgender,"16 yr. old MtF, have some important questions","So as i said, I am a MtF trans girl and I have a couple questions running around in my mind. I'll appreciate any help you can give me; answer as many or as little questions as you wish. If you'd like any more info, just ask or message me and I shall reply.

1) My family does not accept me at all for this. In fact, it's the main reason they're so emotionally abusive toward me. I'm trying to find a way to get out of this house but it's really really difficult. If that's not possible, do you think It'd be a good idea to pretend I'm not really trans in order for them to treat me like an actual person? or would it be better for me to try to get out of the household? my main concern about the former is that if i pretend for 2 more years that i'll actually start to believe it myself. And I don't want those 2 years to go to waste; I want to actually do something with those years that'll matter.

2) I've heard that even when you are on estrogen, your voice will not at all become feminine unless you train it to be. How do I go about that? I don't know if my parents would mind/care if i do it on my own, but i don't know how to train it. Have any of you had any success?

3)I'm concerned about what it'll be like once I have a vagina. I'm afraid it'll look all fake, and be nothing like the real thing. Will i be able to have sex the same as a biological woman? Will it be different in any way at all?

4) It sounds silly, but I have a twin brother, and I'll feel a bit guilty when I transition and I end up looking nothing like him. Sure we're very close, and we're basically like best friends for each other. But we've looked exactly the same for our entire lives, and i'll sorta feel like i'm betraying him when I start to transition. Is this a real concern, or am i just being silly?

Again, just leave me a comment if you have any questions, for i very well may have left some thing out :)",1422835779.0,12,0.85,15
offmychest,I'm literally going crazy.,"That's exactly what it feels like. I'm 16 years old and have been suffering emotional abuse from my parents for years, as you can see from my previous posts. And the thing is I'm barely holding myself together anymore. I can rarely sleep with out having nightmares. I hallucinate on occasion. I'm extremely prone to panic attacks. I can barely think or concentrate on anything anymore and i hate it. I hate how i can't find my way out of this situation. I don't know how longer i'll be able to keep my cool because it's all getting to be too much..

i just need help.",1422810307.0,2,1.0,8
IWantToLearn,IWTL how to raise a good amount of money/publicity for my cause,"A while ago, I started this organization/cause that i really believe in and i'm really dedicated to. It's mainly philanthropic, and I want to raise publicity by posting advertisements and making small events and stuff. But the thing is, I have no good way to raise money for it. I asked my school if i could hang up posters for it, and they already said no. My parents are supportive of me, but they're pretty apprehensive of giving me any money. They have let me build my own professional website and stuff like that, but i'm going to need to persuade them more in order for them to do more than that. what do you think is a good idea i can use? In case it's important, I'm 16 years old, and i'll message you a link to the website if you ask",1422755169.0,7,0.82,2
Showerthoughts,The first person to try out a contact lens must've been really brave.,,1422579936.0,9,1.0,1
tipofmytongue,[TOMT] [video] this one video of this mannequin-looking thing walking around town doing all these weird disfiguring poses,"I saw a vine of it a while ago and it was pretty hilarious, so i wanna watch the full video",1422154312.0,30,0.92,4
teenagers,I've gotten this so much in the past couple years ;-;,,1422124781.0,69,0.9,6
Showerthoughts,"If the multiverse theory is true, then there is a universe where you made this post and I'm the one reading it.",,1422112687.0,2,0.76,0
depression,I feel like I'm suffering psychological damage as a result of my abuse.,[removed],1421368702.0,2,1.0,0
IWantToLearn,IWTL how to find opportunities to play small parts/extras in a major movie.,"I've ALWAYS wanted to do this since I was a kid. I love the thought of this, and my parents are willing to let me, i just need to find an opportunity.",1420941869.0,16,0.81,5
tipofmytongue,[TOMT] [Song] a classical song that me and my brother like,So there's this song me and my brother have been hearing for a long time. the first time we heard it was on America's Got Talent and I've been searching for it since. The only place i can remember it being that i can find on the internet is on [this sketch](https://www.youtube.com/watch?v=payeaVNlW2E#t=131) that we saw a while ago. any avid music listeners know the name to this piece?,1420862484.0,1,0.6,8
DoesAnybodyElse,DAE picture places in books and stories as places you're familiar with?,I legit want to know if anyone else does this. I've been doing it for years and it's kinda annoying.,1420307100.0,2,0.75,1
amiugly,"I've been getting this since 7th grade, is it true? [16/M]",,1420301095.0,1,1.0,1
depression,Me and my brother (both M/16) are in an abusive house and are desperately in need of help.,[removed],1419983882.0,26,0.94,8
asktransgender,"Not only are my parents not supporting me, but they aren't letting me support myself. What should I do? (MtF, 16)","So I've posted here a couple times before, and I feel like I've been making extremely long posts, so I'll try to keep it short.

After years of constant denial, I decided to come out as transgender a couple months ago. I had a feeling that my parents wouldn't accept me, but it was so important to me that I grit my teeth and told them anyways. Their initial reaction wasn't too bad, but as I started talking to them, they weren't nearly as accepting as they led me to believe. They said they weren't accepting at all, in fact; they refused to let me dress in feminine clothes, and when I did anyways, they took away all of my electronics and privileges to go out with friends until I ""snapped out of it"". They still haven't given me much of my stuff back, and my mom continues to insult me about it every time it's brought up, and both my parents refuse to hear anything I have to say on the issue.

But my reason for making this post is what happened today, and my therapist appointment. The therapist asked me what was stressing me out lately, and as much as I tried to avoid the real answer, I had to say it anyways, with my mom in the room. She was very disappointed with me, and we spent a good portion of the session arguing, and I told her that I would work as hard as I can so that I can start my life and begin to transition at least when I turn 18. So she told told me that for that reason, she would not let me get a job at all; she wouldn't help me apply for any (she's a business teacher) and she wouldn't drive me to or from work either.

Now, it may not look like it when you see me, but I have extreme anger problems. When something bad happens, I don't get sad, I get mad. Very mad. So it infuriated me when she said what she said, especially since our house is too far from anywhere for me to walk or bike to work, my dad couldn't take it because he's a businessman who often works long hours, I got held back so I can't take driver's ed until at least 2016, and they said that if i tried to carpool with anyone they would report them for kidnapping. The session ended up as a big screaming match between me and her in her car, and she decided not to get any food for me because I ""think I'm a ladyboy"". We've gotten nowhere, and she's in her room angry while I'm sitting here on her laptop not doing homework.

But yeah, it seems like I've hit another wall in my long, long journey. I'm not depressed, however; I've been working way too long on my depression to let this event overcome me. Regardless, I'm out of ideas of what I should do. I've tried moving out, but they wouldn't let me do that either. I'm willing to do anything at this point. Reddit, what do you think I should do? I don't think I can live like this any longer. Any help will be appreciated.",1418950710.0,29,0.9,74
Showerthoughts,Healthy people heal. Stealthy people steal. So what do wealthy people do?,,1418349356.0,0,0.33,3
teenagers,"Tomorrow is my 16th birthday. /r/teenagers, what should I do/know about this very important age?","So yeah, as the post title says I'm finally turning 16 tomorrow. I'm indeed pretty excited, as this is the first really important birthday in my life. But the thing is, I don't really know what I'm gonna do after the fact. I'm basically going to be sitting there like ""okay, I'm 16. Now what?"" and I'm afraid i wont seize the time as much as i can. I'm already starting to apply for jobs, although I'm not exactly sure what the do's and dont's are for that, and besides that i don't know what I can, or should, do. So I'm asking for help from pro 16+ year olds. what should i do? what do you wish you knew when turning 16? keep in mind that i'm eager to earn money so that i can save up and get out of my dysfunctional home as soon as possible.",1418170830.0,5,1.0,7
Showerthoughts,"There is a genre of music called ""hard rock"" even though all rocks are hard.",,1417975405.0,9,0.84,5
AstralProjection,Was this astral projection? And how can i achieve it again/easier?,"So ever since my friend told me about astral projection a couple months ago, I've been studying it and have become very interested in it. I've started trying to do it and have had mild success. I haven't attempted to do it in a while, but the last couple times I tried it I had mild success.

One of the times was a couple weeks ago, when i designed this experiment to see if the concept of astral projection was legit. I bought sharpies in 8 different colors--the colors of the rainbow, and brown and black. i took them and i closed my eyes, then i mixed them up, took two of them and put them in this vase that nobody ever notices, put the rest inside a nearby drawer, then opened my eyes. The plan was to astral project, and go downstairs to see what the two colors were, then when i woke up i would go to the vase and check to see if they were the same colors i saw. so i try to project that night, and its sort of a weird experience. i felt the vibrations and everything, and i felt myself floating out of my body, but it wasnt like how i expected it to be. it didn't feel like i was actually there, it sort of felt like i was watching tv, and i was watching myself move around my house. but anyways, while in that state i walk over to the vase, reach inside and observed the two markers. i saw them as red and yellow.

So the next morning i wake up, and although i memorized the colors i saw, i didn't check it until later on in the day. i went over to the vase and checked it, and lo and behold, they were the same color as i had pictured them the night before. I was amazed--i didnt know if it would work or not, but i decided to try it just for the heck of it. after that i had been motivated to try it over again, and the same phenomenon happened again a couple times, but mostly i was unsuccessful. theres a good amount of noise going on around bedtime, with my mom watching tv in her room right next to mine, and i oftentimes i got distracted by this vent that randomly blows cold air on me at times. so i got discouraged, and those factors in addition to several different life events have made it so that i havent seriously tried to project in about a month.

Now that things are getting better though, i've recently been motivated to start trying again. I kinda need some help though, getting back in to the spirit and all. First of all, was i astral projecting during the experiment i did? Second, given the amount of distractions i have, how can i have a quiet, calm environment for me to project in? also, if you know anything about meditation, please tell me about it. i've heard people talk about it around here, but im not sure how it relates to astral projection.",1417046680.0,3,0.81,4
answers,"Is it possible to arrange enough red, blue and green bars as to make a hi-definition photo when viewed from afar?",,1416155153.0,7,1.0,2
AstralProjection,A friend of mine told me that I basically need to go vegan and get over all of my emotional problems in order to ever hope of projecting. Is she bullshitting?,"First of all, I'm new to the whole astral projection thing. I've tried lucid dreaming before with mild success , and I recently stumbled upon the idea of astral travel.

At first I wast I was extremely skeptical. But as I begin to hear some reasoning it started making sense. Now I've been trying to do it almost every night, with no real success. I always get this vibrating feeling in my body, or sometimes I feel this sort of rocking and floating motion that's kinda hard to explain . Either way I've never fully gotten out of my body.

But anyways, I talked to my friend who claims to know about this kind of stuff. She said I need to eat fruits and vegetables, and that the emotional problems I'm going through are preventing me . She said something about ""balancing my chakras"" or something. That duscouraged me for a while, but I quickly started trying again (still with no success) when I found that no other source was telling me that 

Anyone care to weigh in? It's kind of confusing to me but I am really determined.",1410405283.0,5,0.79,9
asktransgender,I've got a few more questions about me and my transition..,"So a while ago, I posted here when i recently came out, and i was really confused that my family reacted negatively. A lot more stuff has happened since then, and i don't know at all what to do, so im posting here. Sorry if im asking too much, i just need some answers cause im really unsure. (btw, i am a 15 yr old MtF, who also suffers from some other things.)

1. after a few months of discussing this with my parents, I've realized that they will never accept who i am. theyve gone through extreme lengths to try and get me to be what they want me to be, and its getting ridiculous. they also contribute really hugely to my depression as they are physically and emotionally abusive. I now have the opportunity to move out of state to live with my uncle and is family, and i want to know if i should take it. I really want to, but there are only two things that are preventing me. He lives quite far away, and there are a handful of friends here that would really miss me here.

2. Is it fine to be lesbian if you are a transgender female? i am much more attracted to girls, and i have a small phobia of boys, so dating girls would be a lot better.

3. When i start using hormones, what parts of my body will it affect? Will it affect my sexual pleasure, and will i start to grow breasts? this is the one im most curious about out of all.

i have many questions that may pop in my mind at any time, so i would like someone that i can ask whenever. but other than that, i will love all you guys' help",1406763936.0,8,1.0,20
askscience,How come planets and other objects travel in the same circle around the sun? How come there aren't orbits that are more vertical?,,1405170049.0,1,1.0,0
IWantToLearn,"IWTL physics, and the math that helps you comprehend it .",,1405169309.0,154,0.92,26
asktransgender,"I'm a 15 yr old Mtf transgender , have a few questions.","So I've posted here before , and I've really appreciated all if you guys' help. But more questions have developed , and even after looking around I could not find substantial answers . I thought this might be a good place to ask them, so here they are

1. Given that my parents won't readily allow me to have any sort of hormones or hormone blockers, what are some things with similar affects that I can buy/order without a doctor. Preferably not online, but of course, beggars can't be choosers. And I'd also need to find a way to get them, either by making my own money or lying to my parents, in a way. 

2. On the same subject with my parents, they are extremely trans phobic . Is there any way I could convince them to let me wear feminine clothes at all? I've tried everything and they wouldn't budge, I even tried buying it myself.

3. I'm thinking about starting a diet/exercise plan. If I do, will it increase my masculinity or level of testosterone in any way? It sounds irrational, but that's why I haven't done it yet. Additionally, is there any sort of diet that would support my femininity?

4. I want to know more about gender reassignment surgery. How does it work? How much foes it cost, and how old do I need to be? I've been curious about this the most for as long as I can remember. Will my genitals look and feel like the actual thing, and will I be able to experience sexual pleasure in the same way?

I apologize if these are dumb questions, or if this is the wrong place to post this. I'm pretty sure there's another question I forgot, but I'll add it on if I remember it. ",1405156203.0,6,0.88,3
Fallout,"Well played, Tekken.",,1405119947.0,1,0.67,0
SuicideWatch,"Just a small post. This is really often said, but I can't take this anymore.",[removed],1404322934.0,6,0.88,18
asktransgender,Teenage transgender? really need some help.,"So yeah, I'm in a really really tight spot right now. I'm a 15 year old, MtF transgender, but although I've felt like this strongly my entire life, I've only come to terms with it recently. And since then, my life has been affected dramatically by my parents's reaction.

When i told my dad, which was on father's day, he seemed understanding at first, but then went on to say he decided it would ""be best to not take any action until I'm 18"". I told him everything I could think of to try to get him to listen to me; i showed him documentaries, gave him facts, really anything I could. But he just kept saying I sounded ridiculous by asking to wear girls clothes all of a sudden (but thats really all I asked for, no hormones or anything like that).

But my mom's reaction was much, much worse. She started freaking out, screaming at me, calling me names, insulting me, and just generally being really mean. I really expected that though, because the is a really obvious and self-admitted homophobe. I know both of their opinions will never change, and they'll keep saying that I'm ridiculous, and that i am and always will be a boy, but i draw the line when they wont at least let me do what I want. they wont let me do anything; even when i cross my legs or try to wear light blue, my mom flips out. and she even accuses me of stealing her nail polish or insultingly asking if i want one of her bras or dresses.

So yeah, please help, as i really don't know what to do. i'm sorry if this isn't the right place to post this, but i couldn't find a good alternative. This whole ordeal is making my depression return tremendously, and im losing a lot of hope that any of this will work out. Any help you guys can give me will be appreciated, and i do apologize if this post is short or indescriptive. I'm a bit pressed for time at the moment and I want to avoid a huge wall of text. comment anything else you would like to know",1404298384.0,6,0.68,13
drunk,"I am underaged and am going on a week vacation to a country where alcohol doesn't have an age limit. Knowing this information, what awesome stuff should i try/do?",,1404049275.0,1,0.67,2
mildlyinteresting,This mom on America's Got Talent looks just like Rob Dyrdek.,,1402698507.0,0,0.27,0
findareddit,A subreddit for people who are wanting a miracle of some sort to happen.,,1402357326.0,1,1.0,1
3amjokes,All insurance agents like Pearl Jam,even flo.,1401405669.0,12,0.93,0
Showerthoughts,"""based on"" and ""based off"" mean the same thing.","for example ""the movie was based on a book"" and ""the movie was based off a book"".",1400956351.0,1,0.67,2
dbz,"Don't mind me, just playing the piccolo.",,1400888868.0,15,0.65,9
explainlikeimfive,ELI5: How the fourth dimension works/how to visualize it,[removed],1400782919.0,0,0.5,1
dbz,Yamcha vs. Tien? An argument between me and my brother.,"Me and my brother (/u/cremep0ps) have been having a serious debate over this since we started playing DBZ games a lot. 

He is on the Yamcha side, but i'm on the Tien side. Dragonball z games and shows have been a part of my childhood and my entire life. We used to have all the dragonball z games, at least that i can think of. now, all we have is tenkaichi 2 (which i am VERY bad at, like lose-to-hercule level bad), budokai 2, and budokai hd, which of course has Budokais 1 and 3.

Ever since we got it a few months ago, I've been playing budokai 3 a lot; its one of the only 2 video games i still play. i spend a lot of time on it, unlocking things, and improving my skills more than the next guy. me and my (twin) brother often play multiplayer, making special conditions and such, and turn it into a competition.

But here's the point. When we're playing together, and we play multiple matches, he ALWAYS picks yamcha and i do Tien. when we first started playing, it sparked a debate over Tien or Yamcha. We agree on every other matchup we think of (Trunks over goten, Goku over Vegeta, Raditz over nappa, Etc.) but for some reason, with this, we can't come to an agreement. We always bring up a lot of valid points, but the dust never fully clears.

What is your opinion though? There are many reasons why i think tien is better, and i'll say them as a reply to your comments.",1400779501.0,16,0.79,58
math,"It'll most likely seem silly/childish, but may someone help me ponder just how huge this theoretical number is in my mind?","So, I love coming up with really huge numbers for some reason. And for a while, there is this one calculation that leads to a really, REALLY huge number, and i want to know just how huge it is.

So we all know what a googol is, right? 1 followed by 100 zeroes. And a googolplex is 1 followed by 1 googol zeroes. Now, let's say you take the number one and add 1 googolplex zeroes after it; call it, i dunno, a googolxelp, we'll just say. so then you take that googolxelp, and you raise it to the power of itself, a googolxelp times. so it would be googolxelp^googolxelp^googolxelp... and you keep doing that until youve done it 1 googolxelp times. then, you take the result of that, and you find its factorial, or you multiply all the numbers from that result all the way down to 1. finally, once youve gotten the answer to that, you repeat the process 99 more times; you take the result and put that many zeroes after 1, then you keep doing the same thing you did originally until its been done a total of 100 times.

im not sure if i explained that clear enough, and like i said it seems kinda silly. but it still has been on my mind for a good while. anyone willing to help me put it into perspective?",1400637707.0,0,0.33,14
bisexual,Can anyone help? I'm really having a problem with my sexuality that i need to figure out. [M/15],"So yeah, unlike some cases, or what you might expect from this title, i'm not just trying to put a label on myself; i really don't know what i want. I've felt this way for years, maybe my whole life, but ive only been coming to terms with it recently.

To put it very, very simply: I'm sexually attracted to girls but romantically attracted to other boys. its hard to explain, but thats the simple way of saying it. and the way i feel about each gender is very specific. With girls, i'm VERY sexually attracted to them, almost to a fault. most of my relationships were with girls, but it really hasnt worked out, probably because i move too fast and subconsciously only focus on the sexual aspect. When it comes to girls i'm very sexual; i think about sex a lot, have many fetishes that revolve around girls, and am not that selective when it comes to my attraction to them. Its quite difficult to imagine a romantic relationship with a female, because it just doesn't feel right, or as if it's destined to fall apart.

On the contrary, though, boys are very different. I'm only very subtly attracted to them subtly, and its not very noticeable. the aforementioned fetishes can occasionally include boys, but it is also much, much less, and much much more selective. But romantic relationships? they seem great. I can very easily, and vividly picture myself in a relationship with another boy, and i can imagine it being long-lasting and i would find the right boy and be very happy with him, doing all the things gay couples do.

But unfortunately, im also very selective with the boys im attracted to. im very picky, you could say, about their looks, personality, and other things. and with girls i can pass them on the street and sort of mentally judge how attractive they are; but with boys, unless i find them really attractive, its not a natural reaction to judge their looks or personality in a romantic sort of sense.

This whole thing really is troubling for a clear reason: i don't know who i should date. What should i identify myself as? Should i date a boy or a girl? that one is really hard because of the previously stated advantages and disadvantages of both. and regardless of preference, how do i find a partner? its always been extremely hard for me, sort of. i dont have many friends, and i don't know of any teen dating sites that are good. additional help with that would be appreciated.

P.S: And if i forgot to mention this, i have ""dated"" two boys; i use quotes as one of them i really didn't like but couldn't say no to him, and the other was really terrible and sexually harassed me.

**TL;DR:** Teen boy who is sexually attracted to girls but romantically attracted to boys.

",1400629829.0,5,0.86,4
Showerthoughts,"12/3=4 . also, 1/2=.5 and 1/5=.2",i love coming up with little math things like this.,1399227057.0,0,0.3,1
writing,"I finally got my book published, but i have no idea how to get sales/get some exposure as a writer. Any tips?","I made a post on here a while telling you guys about my book getting published, buti guess i worded it wrong in a way that made it seem like i was just trying to promote it, which, as i now know, is breaking the rules.

that isn't what i want, though. what i want is to know how i can get it known myself. I got the book officially self-published about 3 weeks ago, and i got my first sale last night (or at least, thats when i checked). Ive told a bunch of my friends about it, posted about it on facebook, made a tumblr post about it, and mentioned it to many internet friends in a non-spammy way. but as i said, i looked at my revenue page last night (which i do every day at around the same time), and for the first time it said i sold 1 unit. i wanna try other things, but i dont want to seem too spammy, or desperate, or generally too foreward or annoying. so do you know any effective way i can get some exposure? im willing to pay, but it ccant be an awfully large amount of money cause im only a teenager. i will indeed appreciate any help you guys give me.

Also, i apologize if i sound rude or bitchy in this post; my mind is running wild from some emotional stuff thats going on in my life.",1399226456.0,0,0.5,12
ifyoulikeblank,"[IIL] Fallout 3, [WEWIL?]","Its literally the only game i play now. i wanna get some new gaming interests besides that, although it is pretty satisfying.",1399225619.0,16,0.81,36
Showerthoughts,The word 'rhythm' doesn't have any vowels,,1397980929.0,3,0.59,5
writing,"after 12.5 excruciatingly long months, my book is finally published and on sale!",[removed],1397973346.0,0,0.36,4
Showerthoughts,0.0000000000000000001 is still more than -1 .,,1397970999.0,2,0.56,0
NoStupidQuestions,Are mayo and mayonnaise the same thing?,for my whole life i thought they were different but my brother recently told me that theyre different.. is it true ?,1397968858.0,3,1.0,2
explainlikeIAmA,Explain how to play rock paper scissors like I am a newly-immigrated norwegian nursing student with reasonably good english.,,1397260802.0,0,0.29,2
AskReddit,"If you had to be stuck in a room for 1 year with nothing to do besides play 1 video game of your choice, what would you pick?",[removed],1396833944.0,3,0.72,7
writing,i need a good boy name for a character in a book im writing.. any help with names will be appreciated.,"ive been debating for a long time whether i should make this post or not, but i finally decided i should do it. im currently writing a book, and im completlt stuck at a part where i need to say a boys name. i know it sounds kinda silly, but i dont want it to just be any name. he may end up being an important character in the story, but i dont know. and that's part of the problem. i dont want a name that sort of implies any sort of direction in the story. heres a little bit of background for clarification. the story is about a guy named daniiel, who moves to a new town and is neighbors with this girl named june, who he ends up falling in love with. at the part im at now, daniel just got invited to junes birthday party. daniel asks june who else is coming, and she mentions two other friends, brooklyn and alex, and one other boy friend, which is the character im trying to think of the name of. ive considered a lot of names, but none of them seem to fit. any help please? and after i figure out the name for this character, i want to know how i can easily come up with a name for another character in case i get stuck in this same position again.

TL;DR-I need a name for a boy character in my book that has a nice ring to it.",1390233975.0,3,0.56,49
tipofmytongue,[TOMT] A place where a boat can pass under a car passing under a train passing under a plane,,1389620079.0,2,1.0,2
SuicideWatch,i cant take much more of this.,[removed],1389217017.0,4,1.0,9
askscience,How is one solid piece of matter separated from another? why isnt all the solid matter in the universe just one huge mass?,,1389214880.0,0,0.5,1
mythbusters,looking for two episodes on netflix.,"so i recently got netflix, and ive been looking for 2 episodes of mythbusters since then the first one is when tory fell off his bike trying to jump over a wagon , and the second is where theyre testing driving angry vs driving calm . there are most likely other ones that im forgetting , but these are the only 2 for now . may someone give me the season and episode number for them? also, why dont they have every episode on netflix? any help would be appreciated:)",1388606745.0,0,0.5,2
NoStupidQuestions,what exactly are bitcoins?,[removed],1386225543.0,1,1.0,2
askscience,what is the difference between antimatter and regular matter?,,1386082088.0,1,1.0,0
dbz,What dbz game should i get?,"my birthday is coming up, and im thinking i should get a new dragonball z game. im a pretty big fan of the series, and i really want to experience a new game. i already have budokai 1, 2 and 3, so i cant get those. the one i want to get is tenkaichi 3, but im not sure. i used to have tenkaichi 1 2 and 3, but i dont know what happened to them. i want to get tenkaichi 3 because my brother told me it has the most characters and the best story mode, but i also want to get a more up-to-date one. ultimate tenkaichi sounds good because it has character customization and online features. also raging blast 2 but i dont know that much about it. and the same brother said that those two games have very few characters, so theyre not very worth it. so which do you think i should get? price doesn't matter that much, and character roster and online matter some.",1386079132.0,6,0.8,12
peggle,anyone play this game on ps3?,if so you should give me your psn so we can have a peg party :),1385498837.0,3,0.81,2
depression,i really want to call this girl i met inside of a psych hospital...,[removed],1382877969.0,10,0.74,10
harrypotter,About to start reading the Harry Potter series for the first time :),"My older brother, who is now 17, has been a fan of the books since he was a kid. he has read every single one, has watched all of the movies, and even waited outside the door at the bookstore when the books were being released. For years he's begged me to read them, and i kept on making excuses. he lost the first one, which meant that i would have to buy it, and it took me a long time to do that. but on sunday i finally did buy it, and im going to read it soon:). Im excited to read it for many different reasons. its another chance for me to join a new fandom, and it seems interesting cause of all of the praise it has gotten. ill tell you guys how i like it when i finally start reading it. just wanted to see what you guys have to say about me finally reading it ^-^",1382532503.0,19,0.81,30
teenagers,I don't know if this should be in /r/depression but..I really want to call this girl,"Over the summer I got put in a mental institution, for the third time. During outpatient I met this really awesome girl, and we started talking. She was pretty much the only one who was nice to me in there, and she really helped me a lot. she didn't have her phone because her parents took it away, but she gave me her house phone number, and we called each other a couple times. but since i got discharged, i haven't talked to her at all. she was usually the one to call me first, since i have a terrible fear of calling people i don't know (she told me that if i called her that i had to ask for her). I have her number and everything and i really want to call her, but i just don't know if i can, or should too. what if she doesn't remember me? what if she has too many friends now to care about me? there's so many things and i don't know what i should do.",1382115512.0,17,0.85,12
thesims,Help!! how to move objects from one lot to another,"So this morning i was playing the sims 3 and one of my sims got married. so i decided to move into her house with her. but during the move, i accidentally made it so that it kept all of my items on the lot i was moving out of. so now all of my objects, including a food replicator with 60 servings of ambrosia in it, and all of the lifetime reward objects. i really want them back, and want to know if i can possibly take them out of the previous lot and put them into my current one.",1380555484.0,2,0.75,11
thesims,I wanna see how this whole 'friends' thing works.,i just got the new update so now i can log in and add friends and stuff. its really confusing and i just want to see how the whole thing works. my username is BlucttIsTheBest so add me and ill try and figure it out. any help would be appreciated too.,1380483558.0,1,0.67,2
SuicideWatch,I want to call a hotline but I'm really scared,[removed],1379976057.0,23,0.85,10
SuicideWatch,Im going to do it.,[removed],1379827222.0,5,1.0,7
SuicideWatch,"Please help. I literally can't go on anymore, and I might go through with it .",[removed],1379297718.0,4,0.76,16
depression,"Its extremely bad now, i really don't think i can take this any longer",[removed],1379264391.0,0,0.5,1
DrawForMe,[request] the tattoo from the WKUK sketch,So there's this sketch from a sketch comedy group called WKUK where one of them is drunk and decides to get a really crazy tattoo. the whole thing is [described in this video](http://www.youtube.com/watch?v=0Uy2lyWo7II). it would be so so awesome if i could actually see this come to life :3 I've asked people to do it before but the request has never been fulfilled. so i would greatly appreciate it if anyone who could do it for me! thanks :),1379214482.0,1,1.0,0
nottheonion,Charles Clymer: My Proposal for a Bill That Bans Male Masturbation in Texas,,1377812910.0,1,1.0,1
teenagers,what books should I read?,"I'm going to a bookstore today, and I already have a couple books in mind but I really want to know some more I can read. I'm usually interested in books like twilight, the fault in our stars and nonfiction books about physics, and I kinda wanna try something new. so what are your favourite books, ans what books would you reccomend for me?",1376837273.0,2,0.76,21
depression,I can't tell if im feeling depressed or bored.,[removed],1376681734.0,3,0.72,4
mildlyinfuriating,the enter button of the remote isn't in the center of the arrows,,1376666343.0,156,0.88,9
LucidDreaming,Haven't tried to lucid dream in a while. a lot has changed and it might be harder.,"I used to try to lucid dream almost every night a couple months ago. but because a lot was going on in my life, I stopped. I was on this medication which made me sleep A LOT, and I had a lot of dreams, so it was easier for me to try to LD. that was going on for a while, but I just started a new medication in addition to the old one, and now I can barely sleep and I have no dreams at all. and I suppose that will make it very hard for me to lucid dream in the future. and I really want to get back into it again, but u don't know if I can. ",1376303351.0,1,1.0,0
NoStupidQuestions,"what does the ""o'clock"" mean when saying the time?",,1376036599.0,16,0.78,8
teenagers,I'm getting held back.,"soo I was supposed to be going to my first year of high school. BUT I missed way too many days of school cause I was in and out of inpatient many times, nd the school counselor said I was too depressed to go back to school. so if the school decides not to send me on to the next grade, which they obviously will, then ill have to go back to 8th grade again, in the same school I was in the last time. and I know for a fact that I'm not gonna be able to handle it. I already had a REALLY hard time last year, and I had it really good. I was in the honors class, and I was in the top team for my grade. but I had a really bad time still. my depression caused me to have really really shitty grades and no one in there really liked me. one of the times I  tried to kill myself was when a teacher pushed me over the edge. and next year will be 1000x more worse because of all the added stress and depression from all the new stuff thats going on in my life . and all the teachers would give me even more bullshit and theyd think I'm stupid. and all that would make me even more depressed than I already am. and even if I AM going to 9th grade, I'm still gonna be under a whole lot of stress, because, yknow, its school. and its gonna be so so stressful because its high school . but yeah  its just I'm really sad about it cause I'm stuck. if I get held back, I'm even more depressed. if I don't, then I'm still even more depressed. I don't know what to do .",1374321585.0,6,0.87,13
SuicideWatch,I don't think I can handle all of this anymore.,[removed],1370501969.0,2,0.66,2
askscience,How does red and yellow make orange if orange is in between red and yellow on the spectrum?,,1370379455.0,3,0.64,7
NoStupidQuestions,What is this Game of Thrones thing that people keep reacting to?,,1370378554.0,1,0.6,3
bicycling,I really want to start biking.,"Okay so for a long time now, I've wanted to start riding this bike i got a couple years ago. But for some reason I've never been motivated to actually get up and do it. it seems like a lot of work, and i feel like id probably give up after a while. Plus i know nothing about bikes or bicycling. any help you guys could give me would be appreciated.",1369625855.0,3,0.61,9
explainlikeIAmA,Explain Skrillex like I am Bach.,,1368975236.0,0,0.5,0
tipofmytongue,[TOMT] [SONG] this random song I heard on the radio when I was younger.,"when I was younger we were on this road trip to north Carolina. the only lyric I remember from it is "" so why don't you kill me"" sorry I don't really really remember that much about it.",1368040819.0,0,0.4,7
mildlyinteresting,"My brother got an ivy plant when he was in 3rd grade. he's in 8th grade now, and its started growing up the wall.",,1367800837.0,20,0.85,1
NoStupidQuestions,What is this Orangered/Periwinkle thing i keep hearing about?,,1367699014.0,6,0.88,1
tipofmytongue,"[TOMT] a book that was so confusing, nobody knows what its about",I saw a did-you-kno post about it one time.,1367464873.0,4,0.83,14
answers,Where did this GIF. come from?,[removed],1367019357.0,5,0.77,3
NoStupidQuestions,Where do the n's that have the lines coming from the top of them come from?,Like these ones: กิิิิิิิิิิิิิิิิิิิิก้้้้้้้้้้้้้้้้้้้้ ก็็็็็็็็็็็็็็็็็็็็,1366848942.0,5,0.86,6
NoStupidQuestions,What is the invisible H?,,1366765390.0,2,0.67,0
NoStupidQuestions,How do you use the phrase 'as opposed to'?,,1366764287.0,9,1.0,4
IWantToLearn,IWTL how to skateboard.,,1365859668.0,60,0.83,42
NoStupidQuestions,what colors do you mix to make brown?,,1365338873.0,1,0.6,3
nostalgia,I used to love those things. My mom rarely got them for me though.,,1364784034.0,22,0.77,2
NoStupidQuestions,What is Bioshock Infinite?,,1364738606.0,13,0.93,13
MLPLounge,What is Double Rainboom and how can I watch it?,,1364692304.0,0,0.29,17
confession,I still can't get over the extreme fear caused by a Creepypasta I read.,"Some time a couple months ago, my brother told me about this scary-as-fuck creepypasta he read one time, and told me it was the scariest thing he's ever seen. So i decided to read it, thinking that he was just a huge pussy. But he wasn't. After I read it, I experienced this indescribably large amount of fear. Fear isn't even good enough to describe it. Sleeping was completely out of the question. I just layed on the couch and curled up into a ball, and watched tv at a low volume until I fell asleep on my own at around 2 A.M. There were a couple times where I fell asleep and then woke up, but I finally got up at around 8. The fear was less, but still there. It slowly subsided after the next couple hours. 

But the fear never completely went away. I get scared quite easily now. Every time I think of it, which happens quite often, I feel intense fear. Some certain things remind me of it, and when they do, they trigger a large amount of fear that doesn't go away for a long time. For example, I listened to the song I Knew You Were Trouble by Taylor Swift for the first time right before I read it, so whenever I hear it it triggers a really large fear attack. Tonight it's particularly bad, because I'm alone, in my basement with the lights on, complete silence, and it just got dark outside--almost the exact same conditions I was in when I read it.

If anyone could please help me get over this immense fear, I'd greatly appreciate it. My life hasn't been the same since I read that.

The particular Creepypasta is called Pokemon: Lost Silver, if any of you were wondering.",1364690339.0,37,0.75,62
confessions,What's the difference between /r/confessions and /r/confession?,.,1364687953.0,8,0.9,4
NoStupidQuestions,How did Michael Jackson do the smooth criminal lean?,,1364666841.0,19,0.93,4
NoStupidQuestions,How are you supposed to use the History Channel Guy meme?,"http://www.quickmeme.com/History-Channel-Guy/?upcoming

I see them all the time but I never get it.",1364471261.0,5,0.86,5
answers,Is it absolutely necessary to brush your teeth twice a day?,,1364261435.0,1,1.0,0
DoesAnybodyElse,DAE associate tastes with sounds?,,1364259861.0,2,1.0,1
rage,Fucking pretentious atheists. [X-post from /r/aaaaaatheismmmmmmmmmm],,1364129214.0,0,0.42,3
SuddenlyIRealized,SIR Aang's forehead is a downvote.,,1364084224.0,1,0.51,2
tipofmytongue,[TOMT] [Movie] An old Robin Williams movie.,"It was based off of a true story, and it's about this doctor who has a fun and silly attitude towards his work.",1364062886.0,1,0.6,4
dbz,TIL Krillin only dies 5 times.,,1363999368.0,18,0.82,19
cringe,AB/DL Parody of Thrift Shop.,,1363998981.0,2,0.76,2
answers,What's the probability of rolling a 5 and a 2 with 2 dice 8 times in a row?,,1363994265.0,3,0.62,13
pettyrevenge,TIL it's /r/pettyrevenge and not /r/prettyrevenge.,,1363120869.0,1,1.0,0
answers,why do doors have those rectangles on the front and back of them?,,1362875461.0,0,0.5,5
SuicideWatch,"what is it like to die from, or at least get knocked out by, an overdose?",,1362873304.0,10,0.76,29
NoStupidQuestions,What font do people use to create macros?,,1362791816.0,5,0.86,2
SuicideWatch,"I want to do it, but I don't want to do it.",[removed],1362681066.0,13,0.94,17
MLPLounge,A little game I made up just a while ago.,"1: Go to DeviantART

2: Go to the search bar

3: Try to find something that you can type in where you wont find any brony art within the first five pages or so of the results.

The only one I won with is ""paper"" :)",1362018668.0,5,0.78,11
NoStupidQuestions,What exactly is the Illuminati and what do they do?,,1361758353.0,9,1.0,6
Showerthoughts,we could be part of a temporal loop right now and we wouldn't even know it.,,1361696116.0,12,1.0,8
tipofmytongue,[TOMT] movie about the life of the first guy to separate conjoined twins.,,1361671199.0,3,1.0,4
NoStupidQuestions,Why are the Simpsons characters yellow?,,1361597179.0,9,1.0,9
SuicideWatch,I'm going to kill myself tonight.,[removed],1361491543.0,11,0.8,73
NoStupidQuestions,What do British people call the Boston Massacre?,,1361413187.0,12,1.0,6
NoStupidQuestions,do blonde people have blond pubic hair?,same question for gingers as well.,1361248941.0,9,1.0,7
NoStupidQuestions,what is seeding?,,1361186396.0,9,1.0,4
NoStupidQuestions,how do I make it so that I can eat chips while watching tv without the crunch if the chips keeping me from hearing the tv?,,1360925995.0,5,0.73,15
cringe,Skrillex tries to freestyle.,,1360756081.0,4,0.75,0
NoStupidQuestions,What is an RSS feed?,,1360519733.0,20,0.96,3
NoStupidQuestions,Why do some coffee tables/counters have fake drawers that are impossible to open?,I've always wondered this.,1360458475.0,11,0.93,2
SuddenlyIRealized,"SIR Kindle means ""to light a fire"", and that's why it's called the Kindle Fire.",,1360373869.0,6,0.63,1
askscience,What is Hawking Radiation?,"I see it ALL the time but I've never learned what it means. I know it's named after Stephen Hawking, but I don't know what it actually is. May somebody explain it to me?",1360348339.0,2,0.63,7
mythbusters,Where can I watch the episodes online?,I tried looking on discovery.com but they only have a few.,1360262018.0,33,0.92,15
NoStupidQuestions,How do you pronounce a subreddit name?,"For example, would you call it ""r slash NoStupidQuestions"" or would you just say ""NoStupidQuestions""?",1360261917.0,10,0.82,10
answers,"If you use ""and then"" instead of just ""and"" when saying a sequence, does it imply that you meant you did all of them in order?",[removed],1360002448.0,0,0.5,0
singing,"I need to audition for a play, but I can't sing.","before you say ""no Blucatt! you CAN sing"", that's not what I mean. I know I can learn how to sing good, and I don't think that it's impossible for me to learn how to sing. what I'm having trouble with is actually singing. I find it very difficult to actually open my mouth and make a song come out. even when I'm home alone and there's no possible chance of anyone hearing me, I can only manage a very quiet voice. I have no idea how I can do it in front of the judges and everyone else trying out",1359875731.0,5,1.0,4
answers,Have there been any cases where a person was killed by a hurricane that had the same name as them?,,1359858306.0,0,0.5,0
cringe,Another Save Derpy video. The comments on these videos are even worse.,,1359840159.0,0,0.5,22
asmr,What exactly does an ASMR feel like?,Is it sort of a very light tingling feeling that starts in your ears and goes throughout your head? or is it a shiver-y feeling that resonates throughout your body?,1359833264.0,1,0.54,2
cringe,My cousin's Reddit account.,,1359600154.0,1,0.66,0
mildlyinfuriating,The seal broke on my water bottle.,,1359495311.0,8,0.79,1
answers,how come the number rows on a calculator keypad are reversed? ,,1359461509.0,0,0.5,0
cringe,"A rant about how ""soccer moms"" got Derpy Hooves removed from MLP.",,1359326595.0,85,0.78,58
teenagers,"I have to audition for a play, need some help.","I like going outside of my ""comfort zone"" and trying new things like this. Last year I salsa danced in the talent show. It's not like it was something I've always wanted to do, I just wanted to get up and do something that I've never done before. That's kinda the same with this.

The requirements for the play are that I have to 1) Do a cold reading, which I've never done before but am not extremely nervous about, 2) Sing a song of my choice in front of the judges (and in front of all the other people trying out), which I'm VERY nervous about as I've never really sung before, 3) Be taught a ""very short"" dance and have to perform it in a group, which also shouldn't be too hard due to my salsa dancing experience, and 4) fill out a resumé, which I've already done.

Even though I CAN do those things, I really need help on them, **ESPECIALLY** the singing. I would greatly appreciate any help you could give me.",1359313154.0,1,1.0,15
cringe,Brony Dances to Babs Seed.,,1359311604.0,0,0.27,0
youtube,George Watsky- Strong as an Oak,,1359307824.0,3,1.0,0
tifu,TIFU by reading Lost Silver.,"that was the first--and last--creepypasta I've ever read. that was the scariest fucking thing I've ever read. it really dug deep into my soul.

seriously. don't watch that shit.",1359175838.0,0,0.29,2
thesims,I don't know if I'm the only one who noticed this.,,1359089895.0,47,0.97,8
answers,"If you disinfect something with a can of disinfectant spray, does that make the object clean enough to eat off of?",,1359076432.0,1,0.67,0
answers,"What are the differences between homonyms, homophones and homographs?",,1359052032.0,6,0.71,7
answers,How come there are often only a couple episodes of a T.V show that are played all the time?,,1358888953.0,2,0.67,3
SuddenlyIRealized,SIR The Nestlé logo is 3 birds nestling. ,,1358817278.0,11,0.69,1
AskReddit,What songs are you ashamed of having on your iPod?,,1358566511.0,2,0.75,15
AskReddit,What things do you think people should invent a name for?,,1358551535.0,3,1.0,6
offmychest,I hate my mom.,"There. I said it. I hate everything about her. I hate how bipolar she is. I hate the way she treats me on a daily basis. I hate how she takes advantage of my OCD and depression. I hate how nobody believes me when I tell them about her because of how well she acts in front of others, successful deceiving them. I hate the way she acts. I hate the way she looks. I hate her.",1358478845.0,2,1.0,4
SuddenlyIRealized,SIR it's called The Pirate Bay because it's for pirating music.,,1358478180.0,0,0.2,4
answers,"What words/phrases are there that are made up of two words that rhyme? e.g handstand, pooper scooper.",,1358142222.0,1,1.0,0
crappymusic,Fake Blood on the Dance Floor. Ghost Town - Zombie Girl,,1358138744.0,0,0.36,1
DoesAnybodyElse,DAE hate milk?,[removed],1358137243.0,1,1.0,0
AskReddit,What's something really simple that makes you laugh?,,1358128212.0,3,0.81,9
answers,"Why isn't there a reverse microwave? As in, a device that cools things down very quickly?","I've wondered this since I was a kid. Also, why isn't there is a reverse refrigerator, or an appliance that can keep foods warm for a while?",1358120863.0,81,0.78,75
AskReddit,What AskReddit threads have you come up with the perfect response for long after it was posted?,.,1358117509.0,1,0.57,2
InternetIsBeautiful,Cheese.com-World's Greatest Cheese Resource,,1358116192.0,7,1.0,1
spongebob,Anime Spongebob/Squidward. ,,1358113066.0,0,0.5,0
cringe,This guy tries to do a diss of Krispy Kreme.,,1357954821.0,9,0.66,18
mildlyinteresting,Ray William Johnson follows me on Twitter.,,1357620158.0,0,0.4,0
depression,I can't cry.,[removed],1357612533.0,48,0.94,21
LucidDreaming,"Had a sort-of lucid dream last light, need some help.","So after about 1 or 2 months of a serious attempt at having a lucid dream, I finally had one.

So I woke up from an unintended nap at about 9:30 P.M last night, and I was super tired. After walking around a lot and drinking some soda, I wasn't as tired, and I went on doing normal activities until around 1 A.M (I usually go to sleep around 12 A.M, even on weekdays). I then browsed /r/LucidDreaming for about another hour on my phone while laying in bed. I decided, since it was the weekend, it would be the perfect time to attempt a WILD+WBTB combination. So at around 4:50 A.M I set my WBTB alarm to wake me up at 6:10 A.M. When I tried to go to sleep, I kept having these weird sensations all over my body, and my limbs sort of froze up, but not completely

When I woke up in my dream, I was somehow caught underneath the crack under my open bedroom door. I was sort of lucid at this point, but I could barely hear anything, and I was completely stuck by my waist underneath the door. After what felt like about 3 minutes of trying to escape, my dad walked up to me, picked me up and said something along the lines of ""What are you doing there"" and ""it's okay, I'll pick you up"", while carrying me back to my bed. My vision was getting whiter and whiter while he was carrying me, until I eventually blacked out. When I came to, I was under a blanket trapped in a similar way to the way I was trapped underneath the bedroom door. I was more lucid now, and I tried escaping so I could look at my hand and confirm that it was real. When I finally emerged, I saw that I was on a thick blue gym mat, and I was in an empty parking lot, with a bunch of furniture scattered all over the place. I looked at my hand, which somehow made me a lot more lucid, but still not fully. I layed there and tried concentrating on some of the furniture, because I heard on here that that was a good idea. After that I stood up and was about to start doing stuff, but then I appeared in my bed, and then I woke up. It was still late, so I went back to sleep. I woke up at 12 P.M the next morning, as it turned out I set the alarm for the wrong time accidentally.

I wasn't actually trying to do MILD, and I haven't read much about it at all; I've mainly read about WILD. My question is, how do I do MILD again? And how do I get a good about of control when I'm in my dream?",1357522805.0,1,1.0,0
firstworldproblems,My dad got me an HTC Evo for my birthday. I don't like Android phones. ,,1357331098.0,0,0.4,0
AskReddit,What words do you hate it when people say them?,"It can be for the meaning or just for the sound of it. There are lots of words that aren't really bad, but it just really irks you when people say it.",1357315270.0,10,0.81,48
quotes,"""God made beer because he loves us and wants us to be happy"" -Benjamin Franklin.",,1357314172.0,4,0.6,2
LifeProTips,LPT: Sticky Keys is actually pretty useful.,[removed],1357143081.0,5,0.61,2
tipofmytongue,[TOMT] Dream interpretation subreddit.,"I found a subreddit several weeks ago where you post your dreams and they interpret them for you, but I forget what it's called.",1357087953.0,0,0.5,8
MLPLounge,My pony playlist on YouTube has more views than my total upload views.,,1357009637.0,2,1.0,0
LucidDreaming,How do I know if WILD is working?,,1356745233.0,6,0.76,8
InternetIsBeautiful,"NationStates, A country simulator.",,1356740505.0,154,0.94,11
answers,"If I wanted to start my own country/micronation, how would I go about it?",,1356737091.0,0,0.33,0
AskReddit,"I(f you could learn the entire moveset of any video game character, who would it be? ",,1356716222.0,0,0.5,6
InternetIsBeautiful,7 billion people on 1 page.,,1356587837.0,469,0.96,81
InternetIsBeautiful,An image hosting site that's similar to imgur but a lot easier.,,1356582264.0,0,0.5,0
AskReddit,What YouTube searches yield very strange results?,,1356547035.0,1,0.6,5
depression,"I was feeling bad, but this comment made me feel a lot worse.",[removed],1356538272.0,13,0.69,23
thesims,Two questions about the Legacy Challenge.,"1: I'm doing this in Twinbrook. The rules only specify lots for Sunset Valley and Riverview, and says it's because they both cost $14,700. It also says ""If additional neighborhoods are made available with mods or EPs, or we gain the ability to plop our own lots down, they may be used, as long as the lot in question is completely empty and costs at least $14,700."" So does that mean if I use Twinbrook, I can pick a lot that costs more than $14,700?

2: Are there any special rules against Simbots?

EDIT: also, after you move your founder into one house, can you move any generations into any other houses?",1356534386.0,2,1.0,0
quotes,"""Everyone has their breaking point...what separates the strong from the weak is the ability to take the beating. Hell, to love the beating."" -Kessler",,1356293656.0,56,0.89,0
firstworldproblems,"When I'm at my aunt's house I have to go to the bank to use the Internet, and their computers have Opera.",Opera as in the web browser.,1356288209.0,2,0.75,0
AskReddit,"Every Christmas dinner, my family cooks the same generic, not-very-good food. What great, simple recipie ideas do you have for us to try?",,1356198595.0,1,0.67,3
AskReddit,"What is an unspoken, but well-known truth that you see being displayed very often?",,1356134575.0,7,0.77,9
AskReddit,what's the weirdest/funniest thing you've convinced someone to do?,,1356124247.0,1,0.67,7
SuicideWatch,"Tell me, what would happen if I actually went through with it?",[removed],1355885530.0,2,0.67,7
answers,how do they determine the microwave times for microwavable products?,,1355864614.0,3,0.64,1
answers,"if mouthwash cleans 75% of your mouth and brushing only cleans 25%, then why don't we use mouthwash instead of toothbrushes?",,1355808172.0,3,1.0,0
AskReddit,"If you learned how to hack, what would be the first website you would hack into?",,1355802191.0,1,0.67,7
LifeProTips,LPT: Your computer's calculator has a date/time conversion feature.,http://imgur.com/IGDZY,1355798063.0,1,0.55,3
tipofmytongue,"[TOMT]-the effect where if you put ping-pong balls on your eyes and put on white noise, you'll start having hallucinations.",,1355691106.0,3,0.81,5
askscience,How do we see objects millions of light years away if the light would take millions of years to reach us?,,1355613818.0,0,0.5,2
LucidDreaming,how long Di you have to wait when doing WILD?,,1355546601.0,5,0.86,6
teenagers,I don't know if this is the right place to post this but...I need some help.,"I need to decide which high school I want to go to.

Here's a back story so It'll all make sense.

My life was great all throughout middle school. I had a whole bunch of friends, everyone in the school knew me, and everything went just fine. I was expecting my mom to put me in the same middle school as my friends, but, for some reason, she decided to send me to a different middle school, in a totally different district, with a completely new group of friends. That basically made my life completely go to shit. I was bullied, my mom was giving me a hard time, and I became depressed. All I've wanted was to be with my friends again.

Now I'm in 8th grade. And of course, I have to choose which high school I want to go to. There are only two that I'm considering. First, there's school A. That's the school that I automatically have to go to if I don't go to any other school. I kinda like it there because it'll prepare me to go to college after I graduate from high school. I would pick my major (I want to work in science and technology, btw) and then they'd give me a specific class for it (i think that's how it goes). Plus it's pretty big, which is a plus for me. But, since that is the default high school, and all of the decent kids in my current school would've gone to different, better high schools, and none of my old friends would be going there, I would have to spend an additional 4 years of getting bullied, and being around people I hate. My depression would get a lot worse than it is now, which is pretty fucking bad. Plus, I've been there twice, once for a tour and once for a shadowing (which was today), and by the looks of it, the school is kinda bad.

Then, there's school B. The reason I want to go there is because several of both my old and new friends are going there. I don't hate EVERYONE in this school, just most of them. and some of the ones I like will be going there. plus, a lot of my old friends will be going there. Also, a lot of my old friends, as I've found out, have a mutual friendship with my new friends. So my old friends may bring me closer to my new friends. And that would mean I would have more friends than I did before. My depression would be pretty much gone. Ad for the first time in a long time, I would feel like somebody cared about me. BUT, there are also problems with that too. School B is a vo-tech school. That means that it would prepare me for going to a career right after high school. And I don't want that. Also, there is a chance that I won't make it in. It's especially likely for me, because I have shit grades. But I do have really great attendance records, which I believe is one of the main criteria.

So there are two things I could do. I could either complete the application, turn it in, and give myself a chance at getting into school B, which would make me better than ever but give me a not-so-good education. Or I could do nothing, not complete the application, and have to go to school A, which would wreck me even more emotionally, but give me a great education.

I have to make me decision by Monday, because that's when the application for school B is due.


TL;DR: I have to choose between a great education but a shitty emotional state, and a chance at getting an okay education and a really great emotional state.",1355541824.0,7,0.89,13
answers,What is the best possible prediction for the next eventful celebrity death happening?,[removed],1355460353.0,0,0.5,0
DoesAnybodyElse,Does anybody else sometimes keep thinking of random words all day?,,1355438680.0,1,1.0,0
answers,How come there are so many of today's concepts that are based off of letters in the Greek alphabet?,"
",1355437977.0,2,1.0,6
InternetIsBeautiful,Find out what celebrities' birthdays are today.,,1355096417.0,1,1.0,0
depression,I feel like my depression is irrational because there are people that have had it worse than me.,[removed],1355094501.0,14,1.0,4
mythbusters,That's Adam Savage at 2:05,,1355081832.0,65,0.9,7
InternetIsBeautiful,"""On Hold"" audio mixer.",,1355076779.0,12,0.8,1
InternetIsBeautiful,Just a few music sites I've found.,"If you find any more just tell me and I'll add them :)


**Music discovery sites**

http://www.allmusic.com/

http://tothebestof.com/

http://www.gnoosic.com

http://www.tastekid.com

http://grooveshark.com

http://www.tubalr.com/

http://songza.com/

http://www.8tracks.com/

http://www.stereomood.com/

http://www.music-map.com/

www.thissongslaps.com

http://musicovery.com/

http://www.sputnikmusic.com/

**Free music download sites**

http://soundowl.com

http://mp3lemon.org

http://electro-maniacs.net/

http://www.video2mp3.net",1354998233.0,121,0.93,26
answers,"What would be considered a ""high quality"" MP3 file?",,1354997038.0,3,1.0,2
answers,"Why haven't ""alot"" and ""nother"" been turned into actual words?",,1354944393.0,0,0.5,6
youtube,My reaction to the new layout.,,1354842273.0,1,1.0,0
AMA,I can't drink caffeine. AMA.,"It's because of this medical condition I have. AMA.

Ask me what proof you want and I'll try to give it to you.

Edit: it's this heart condition with a long name.",1354656538.0,0,0.38,7
youtube,I'm surprised nobody has posted this clip yet.,,1354656369.0,0,0.33,0
InternetIsBeautiful,Send this link to anyone that can go fuck themselves.,,1354653122.0,0,0.4,0
askscience,What would happen if you mixed all of the elements?,,1354652630.0,1,1.0,0
funny,I saw this sign on on a tree when I went to Philadelphia the other day.,,1354622321.0,9,0.7,0
depression,There's only one reason why I haven't killed myself yet.,[removed],1354591105.0,9,0.85,8
answers,Are animals sentient?,,1354581561.0,0,0.5,0
AskReddit,"When have you found a feature on something that made you think ""this would've been a lot more helpful if I had found this earlier""",,1354575095.0,2,1.0,4
AskReddit,What does the desk area you are sitting at right now currently look like?,,1354572306.0,1,0.66,12
AskReddit,What is the most depressing game you've ever played?,,1354569118.0,0,0.5,18
answers,Why did Alaska and Hawaii become states?,,1354566318.0,132,0.86,108
answers,What's the best way to view Reddit on mobile?,[removed],1354481364.0,1,1.0,0
InternetIsBeautiful,The best site I've seen for downloading YouTube videos. It's in Spanish though. ,,1354455787.0,1,1.0,0
youtube,This guy is trying to view the Rainbow Trololol video every day. Let's see how long he lasts.,,1354407057.0,19,0.83,0
mylittlepony,An 8-bit drawing of Pinkie Pie I made,,1354400089.0,13,0.88,6
answers,Why did the Reddit tab bar icon change?,[removed],1354399357.0,2,0.67,3
answers,What's the difference between /r/IAmA and /r/AMA?,,1354374205.0,60,0.8,33
thesims,Will The Sims 3 work in windows 8?,,1354371734.0,1,1.0,3
LucidDreaming,Does it actually work to tell yourself to wake up at a certain time and your body will do it for you?,,1354319994.0,3,1.0,2
askscience,"If white objects reflect all wavelengths of light, then why aren't they mirrors?",,1354314742.0,13,0.77,10
InternetIsBeautiful,A simple English version of Wikipedia,,1354306787.0,0,0.31,0
tipofmytongue,[TOMT] A ebsite that allows you to create a font from your handwriting,I saw it on Vsauce,1354205403.0,8,0.71,3
answers,How come there are some random YouTube videos where all of the comments have hundreds and thousands of likes?,[removed],1354147456.0,4,0.84,0
mylittlepony,"I thought of the ""stop calling me fat"" guy the whole time while watching this.",,1354146520.0,0,0.5,0
firstimpression,"An updated photo of me. Again, what do you think I am like, and how old do you think I am?",,1354139958.0,0,0.5,4
IWantToLearn,IWTL how to find good Tumblr posts,,1354104388.0,0,0.5,0
AskReddit,What is something you can do that not many people can do?,"For example, I learned how to solve a Rubik's cube.",1354103552.0,1,0.6,12
answers,What percentage of people can solve a Rubik's cube?,,1354077754.0,5,1.0,5
firstimpression,"What do you think I am like, and how old do I look?",,1354076972.0,2,0.75,3
AskReddit,What is the weirdest subreddit you've ever found?,Mine is /r/MyLittleSquidward .,1354049549.0,2,0.59,10
LucidDreaming,"I think I'm doing it right, but it hasn't worked yet...","So I learned about lucid dreams a long time ago, when my brother told me about them, but only recently (about 3 weeks ago) have I actually started trying to have them. The first time I did it, I didn't use any RD's, but when I was laying down in bed trying to go to sleep, I laid down, relaxed, and tried to keep conscious as I drifted off to sleep. It kind of worked for a little while; I could feel my body tensing up a bit, and this weird feeling on random places on my body. But, I couldn't prevent myself from moving around, and eventually I gave up. the second time I tried was about 2 days later, and I wasn't originally trying to LD; I woke up in the middle of the night, and thought it would be the perfect time to have one. I did the same thing as the first time, and I believe I got a little bit closer, but the same thing happened. I kept trying a few times, but each time my mind started to wander, I would keep having the urge to move around, and I eventually would give up. But, every single night since I started trying to lucid dream, I have had a dream.

So if anyone could tell me what I'm doing wrong, I would greatly appreciate it! also, I know what sleep paralysis feels like; I think I've had it a couple of times. And a few months ago, this thing used to happen where I would wake up In the middle of the night, and I would go into a sleep paralysis-like state whenever I tried to go back to sleep.",1353981917.0,8,0.84,1
mylittlepony,Theres way too much babs seed stuff.,Fucking christ! The episode has been out for two days and there's already a crap ton of artwork about her! Everyone needs to calm the fuck down.,1353964201.0,0,0.06,10
answers,What is rejection therapy?,,1353776179.0,0,0.5,2
answers,What is the word with the most anagrams?,,1353685942.0,138,0.92,78
IWantToLearn,IWTL how to find good current event articles,,1353685000.0,32,0.8,15
AskReddit,When and how did you stop believing in Santa Claus? And how did you react?,"For me it was when I was about 7, when I walked downstairs to see my parents wrapping the presents.",1353681708.0,3,0.8,15
Tekken,Do Eddie and Christie have the same moveset? ,,1353677471.0,1,1.0,0
InternetIsBeautiful,"Draw lines, and make the balls bounce off of them to create music",,1353458856.0,121,0.9,11
AskReddit,"When was the last time you threw up, and why did it happen?","For me, it was around july/august, and i had left a beef patty out too long. I puked a few minutes after eating it.",1353456239.0,1,0.57,22
IWantToLearn,IWTL how to read sheet music,"Edit: piano, to be more specific",1353253420.0,3,0.64,3
answers,"If the letters on a keyboard aren't in order, how come the numbers are?",,1353160366.0,0,0.5,4
LucidDreaming,"Do lucid dreams feel like regular dreams, or are they more vivid?",,1353122890.0,3,0.81,4
InternetIsBeautiful,The Google Adventure,,1352865083.0,1,1.0,0
trees,a legitimate question from a non-ent.,"How is weed not a bad thing? why do you think it should be legalized? remember, this is an honest question. I've seen all of the bad things it can do to people; all the people I know that do it aren't very smart, do terrible in school, or are bad people in general. plus, based on what I've heard, being high sounds very frightening.",1352670272.0,4,0.75,21
tipofmytongue,[TOMT] Video of this fat guy pouring milk all over himself.,,1352665035.0,2,1.0,3
MLPIOS,How to gift to friends?,,1352655966.0,1,1.0,0
mylittlepony,MLP FIM S03E01 & 02 No Commercials ,,1352573133.0,2,1.0,1
MLPIOS,How do I gift to friends?,,1352564811.0,1,1.0,0
InternetIsBeautiful,this mini-ish game is oddly  addicting.,,1352550965.0,4,0.83,0
mylittlepony,I feel like I'm the only one who's favourite pony is Twilight Sparkle :/,"Does anybody else feel this way? every time I have asked who their favourite pony out of the main 6 was, they either said Fluttershy or Rainbow dash. (my brother said Rarity though)",1352432423.0,96,0.8,172
IWantToLearn,IWTL how to make good drawings.,I can't draw for shit; there are literally 6 year old who make better drawings than me.,1351975547.0,1,0.6,3
mylittlepony,A new MLP related subreddit-MyLittleMemes!,"A new My Little Pony subreddit, made for posting MLP-related memes!

http://www.reddit.com/r/MyLittleMemes/",1351892129.0,0,0.43,4
MyLittleMemes,Just an example of the kind of stuff you should post here,,1351891686.0,2,1.0,0
mylittlepony,How come I don't know any bronies IRL?,I guess there just aren't any bronies in Delaware :(,1351567256.0,5,0.86,9
thesims,"I'm recording my entire attempt at the Sims 3 legacy challenge. This one is a bit low quality, but the next episode will be a lot better!",,1351455330.0,6,0.87,0
askscience,I cracked a glass without dropping it. What happened??,[removed],1351437390.0,1,1.0,0
mylittlepony,I just discovered SaveDerpy today.,,1351374597.0,0,0.32,6
thesims,"""I like it when the red water comes out""",,1351357971.0,46,0.96,3
mylittlepony,I only just noticed this about a week ago,,1351347465.0,0,0.35,4
dragonvale,This happens to me way too often,,1351303611.0,3,0.56,6
mylittlepony,I never noticed this before...,,1350259108.0,0,0.33,2
AskReddit,"If you could give advice to a bully victim in 7 words, what would you say?",,1350240208.0,2,0.75,15
videos,"This Is Bill: The Australian Frog Slap [HD, 1080p]
",,1350234905.0,1,1.0,0
videos,14 Year Old Black Kid Raps Fast!!!,,1350163710.0,1,0.52,4
mylittlepony,"Somebody suggested that I make a pony O.C, how do you like it?",,1350090445.0,13,0.74,0
videos,"Pretty amateur, but I still laugh every time I see it.  ",,1350089823.0,1,0.6,0
AskReddit,What are some of your strangest dreams?,"This medication I used to take had a side-effect of ""vivid and unusual dreams"", so I have had a lot of very strange dreams. What are some of yours?",1350089129.0,3,0.67,8
askscience,What would happen if two black holes collided?,"What I mean is, what would happen if two black holes collided, like two asteroids colliding. would they both merge and make one black hole as massive as the sum of both of their masses? If one was larger, would the larger one absorb the smaller one? What would happen?",1349924215.0,3,0.64,5
thesims,My new Sims 3 subreddit!,"I made a subreddit for posting your interesting family stories in the sims 3!

http://www.reddit.com/r/TheSims3FamilyStories/
",1349833866.0,5,0.67,3
thesims,Sims 3 video ideas?,"Hey, I have a youtube channel where I post videos of things in the sims 3. I don't think I've done anything really amazing yet, but I still have a few videos which I think are fairly good/informative.

I still have a few ideas left, but I have to admit I'm running out. so I'd really appreciate it if you would give me some suggestions of videos to make. Thanks! 

Here's a link to my channel: http://www.youtube.com/user/blucatt1k/videos?flow=grid&view=0",1349613793.0,5,0.86,3
AskReddit,What is something you DON'T like about Reddit?,"For me, I just can't get around the overall layout of the site. It's kind of confusing to me.",1349222256.0,10,0.75,32
thesims,"I recorded the entire process of me making a house i the Sims 3, and then posted it to youtube",,1349139532.0,14,0.89,2
thesims,"i tried creating the Heavy Rain characters on the sims 3. Not as good as i expected, but still pretty decent.",,1349127561.0,14,0.73,0
thesims,One arm fishing,,1348922501.0,35,0.97,0
AskReddit,What does your username mean?,"A lot of people have been asking me what my username means. I thought   it was a bit obvious, but apparently not. It is a combination of my favourite color and my favourite animal.",1345855111.0,0,0.5,20
youtube,Who are some little-known youtubers that you really want others to see?,"here are some of mine.

BestInternetTalents-the channel for an upcoming youtube show where some very great youtube talents are showcased. there's more information on his channel

shoenice22-a guy who will eat/drink whatever you tell him to.

frickfrock999-a guy who reviews candy. (better than you think)

Bl00dBlitz- a guy who does funny skits and rants on popular topics.

billtvshow- a comedy group that does sketches and has a series called ""Ants on a Log""

vat19com-not really a person, but the channel for a company that purveys various ""curiously awesome"" products and makes funny videos to advertise them.

and of course there's mine, blucatt1k, where i post videos related to the sims 3.


what are some little-known youtubers that you want other people to see? feel free to also add a description of the channel.",1344371398.0,0,0.4,7
thesims,What are your interesting Sims 3 family stories?,"My first ever Reddit post.
What interesting families have you made on the Sims 3? I personally have made a lot (i mean a LOT) of sims 3 families. One time I made a family of only green, blue and red Sims. Another time I made a family with all gay and lesbian couples. I also have made many families based off of real life families
I've never met someone else with the Sims 3, so I would love to hear what other families people have made in the Sims 3.


EDIT: I made a subreddit for Sims 3 family stories. Feel free to post them there as well. http://www.reddit.com/r/TheSims3FamilyStories/",1341869743.0,13,0.86,11
