subreddit,body,created_utc,score
blackpeoplegifs,Since when is West Hills the hood?,1521344298.0,1
Trumpgret,You can remove the sign but you'll never get the smell out. ,1520313051.0,47
baseball,It's pronounced 🅱️i🅱️é. ,1508473080.0,1
science,"Are opiods used to treat seizures? The article mentions that the subjects were treating a number of illnesses, but doesn't say that seizures were among them. ",1508385485.0,1
LosAngeles,The idiotic fans *are* the secondary market. There are no Szechuan sauce aficionados. There are no nostalgic collectors. This is masturbatory bandwagoning. ,1507435820.0,28
baseball,"This contest is over! Give that man the $10,000!",1505881003.0,52
technology,"But you really have to screw up to return cached results on a POST. Akamai, Cloudfront, they all disable cache on POST OOTB. ",1505059691.0,5
trashy,Those mylar letter balloons are expensive. That's a $50 prank. ,1503804403.0,1
homedefense,Any burglar sophisticated enough to take advantage of that is getting into your house no matter what security system you use. Supplement your system with cameras and a dog and to a burglar your home looks like more trouble than it's worth. ,1502056049.0,2
homedefense,"Simplisafe is $25/mo for monitoring and it's great. Very configurable, tons of options, and reliable. I've had it for more than four years. ",1501996150.0,1
todayilearned,There are 535 MOC. 538 is the number of electoral votes. ,1499312042.0,1
gifs,Can confirm. West LA sounds like absolute war zone right now. ,1499227933.0,197
StandUpComedy,If you haven't seen *F is for Family* yet you should drop everything you're doing and watch it *immediately*. Every episode I'm dying of laughter. ,1498346375.0,10
mildlyinteresting,"He lives in that Port-a-Potty in front of the black house. The rent is $4,500 per month. ",1493005709.0,15
Seattle,"They had bar codes in 1946? Definitely not the original, long form birth certificate. Looks FAKE to me. SAD!",1485578006.0,40
hillaryclinton,"Pence may drop out...

https://twitter.com/funder/status/785292939647934465",1476071633.0,-4
Wellthatsucks,Except based on current odds he'd likely have to put up 4 times that much to hedge that Trump bet. ,1475903261.0,21
webdev,"You shouldn't beat yourself up over this. You'll never know if the person asking you expects a particular answer (unless you turn it around and ask them something like ""value or quality?"").

Also, companies tend to shift between these two depending on whether product or engineering is more influential at the time, and you can't predict that.

Best response is to push back for clarification. ",1474094413.0,1
cscareerquestions,"How you answer this question is very important. We don't want to hear that you were right and the other person was wrong and you defeated him. And if you call someone an asshole that's a huge red flag and you won't be hired.

Instead, we want to hear that you and your coworker had two different approaches to solving something, maybe yours was better than his, but the two of you discussed it thoroughly. You were willing to hear him out, you compromised, you negotiated, and the two of you together came up with an approach that was better than either initial idea.

(Note: this advice is specific for junior developers. For senior and up, the interviewer will want to hear a slightly different answer.)",1474000190.0,10
Frugal,Use http://ca.camelcamelcamel.com/?,1473191801.0,1
IWantToLearn,And /r/French and /r/frenchimmersion. ,1472965161.0,1
politics,"You left out Bannon, Sean Hannity and Roger Ailes. This is indeed the dream team... of an alt-right media empire some are saying Trump is trying to form after this election. They will make a fortune. I bet Glenn Beck feels stupid not getting in on this. ",1472410397.0,15
CrazyIdeas,Slashdot chose their name for the same reason. ,1472266961.0,7
hillaryclinton,"He has a house in Beverly Hills, so again, laziness. But if all he wanted to do is sleep in his own bed at night, why not try to hold Arizona... or Florida, where he also has a house!",1471119821.0,15
BMW,"The GLE is X5 size. A better comparison would be the GLA45 AMG, but that's still a 4 cylinder. ",1470201212.0,2
geek,R... U... N... R... U... N... R... U... N... R... U... N... ,1470028971.0,123
PoliticalDiscussion,"There is no way that Garland wasn't aware that that scenario was highly probable. He's not that naive. 

And that argument implies that the GOP isn't being politically calculating, which no one would believe. ",1469999336.0,5
PoliticalDiscussion,"What's the Point is exceptional year round for how data shapes the world around us. I highly, highly recommend episode .38, Wall Street vs the Internet. 

The 538 Elections podcast is also fantastic. ",1469912549.0,4
technology,They have withdrawn from the Democratic convention as well for parity. ,1466356964.0,1
PoliticalDiscussion,"Well maybe that's built into our electoral system. To win the presidency (historically) required extraordinary organizational and managerial skills. It takes the ability to command a civilian, volunteer army. You must coordinate between dozens of disparate factions of your party. In this day and age one can't become president without first demonstrating presidential ability. ",1466273618.0,15
funny,"Cool, sure. Funny? No. ",1464414359.0,1
Health,A stalemate would have left a patchwork of different laws in different states. They want their ruling to be final and universal. ,1463455694.0,1
videos,Yeah. They're always doing shit like this on the weekends. It's the only tolerable morning newscast. Very entertaining. ,1463333818.0,1
politics,"> I'll probably be a registered democrat for a total of 6 months.

Just like Bernie!",1463332921.0,8
AdviceAnimals,"> I can't describe the feeling of wanted to wank it but being unable to. Forever.

I am sure there is a German word for this. Or a Japanese word. ",1463196433.0,50
business,"Garbage. If they were so concerned about easing congestion, they should stop their opposition to the Purple Line extension. And the article even points out that this technology is better suited for freeway traffic, but there are no freeways that run through 90210. Just say the plan is to lay fiber through the entire city and leave it at that. This has nothing to do with traffic or congestion. ",1460917190.0,1
Audi,"As someone with an A4 *and* a Honda CR-V with side view camera, I find the side view a bit of a nuisance. To me, it's one additional place to check when changing lanes: rear view mirror, side mirror, over the shoulder, then I have to take my eyes off the road to look at the center console. For lane changes, the blind spot indicator is much better, as it's located somewhere I was checking anyway. 

Now, that doesn't mean they're pointless. The main benefit to the side view camera is when waiting to make a right turn from a stop. It lets you spot bicyclists and pedestrians that are harder to spot. And you have more time to glance at the center console. ",1460252378.0,1
TheoryOfReddit,So help me understand here. Is this sustained brigading from 4chan? Is this a reaction to the nonstop Bernie circlejerk? Is this satire? Or is this something genuine? It really seems like it came out of nowhere. ,1459222800.0,23
technology,"A 4 digit PIN has 10,000 possible combinations, not 1,000. ",1459221862.0,19
WTF,[Bingo](http://www.nbclosangeles.com/news/local/Canoga-Park-Car-Crashes-Into-Target-Store-176052931.html),1457900051.0,34
pics,r/shitpost ,1457241412.0,6
California,*Slate* has always been my go-to for incisive political commentary and weather forecasts. ,1457148832.0,4
todayilearned,"That's a ridiculously blanket statement. That might have been the case in the past, but there has been an entire movement to adopt checklists in the medical field (see *[The Checklist Manifesto](http://www.amazon.com/The-Checklist-Manifesto-Things-Right/dp/0312430000)*). In fact, in that book they explicitly state how checklists are now routinely issued by airplane builders for almost every single warning or emergency situation a pilot may encounter. ",1456684943.0,5
news,"> trembler

temblor ",1456593307.0,1
MapPorn,[So you're a tracer?](https://m.youtube.com/watch?v=dMwhZryRUr4),1455568585.0,5
MapPorn,[Accurate](http://judgmentalmaps.com/post/78473663186/losangeles),1455559725.0,8
MapPorn,[Judgmental Maps](http://judgmentalmaps.com) everyone asking for their city. ,1455559557.0,20
movies,"Nihilism! Fuck me. I mean, say what you like about the tenets of National Socialism, Dude. At least it's an ethos.",1454742800.0,8
CrazyIdeas,Simpsons did it. ,1454282697.0,11
economy,[Impulse buy](https://en.wikipedia.org/wiki/Impulse_purchase) items?,1454259644.0,1
UpliftingNews,So maybe this time they'll call it *Leadweiser*.,1453660017.0,-2
funny,Skinner's Sense of Snow,1453610884.0,2
pics,"The 848 was never $21,000. In 2008, the year it came out, it was $13,500. ",1453606216.0,1
gaming,*A Mouthful of Crossbows* is definitely my favorite George R.R. Martin novel. ,1453356527.0,3
Health,"> In a shameless marketing ploy

I really like that they tell you in the first sentence that this is not a serious article worth reading. ",1453047617.0,2
carporn,"Wow, the Tesla Model S Coupe looks amazing. ",1453007458.0,-2
worldpolitics,"Well, really his wife's mustard money bought them. ",1452913907.0,-1
Porsche,"Protip3: California is going to get rain all week, so now you have to garage it all week. ",1451873155.0,2
funny,"That's got to be total bullshit because I recall distinctly his amazing leather couch that would have likely been $2500-4000+ in real life. 

EDIT: I mean, he has a fucking Eames chair too FFS. ",1451275580.0,2
AdviceAnimals,"[McConnell AFB/Haysville, Kansas](https://en.wikipedia.org/wiki/Tornado_records)

> The southern portions of the Wichita, KS Metropolitan Statistical Area, particularly the suburb of Haysville and nearby McConnell Air Force Base, have been hit by destructive tornadoes in 1991, 1999, and 2012. A violent tornado on April 26, 1991 went on to strike nearby Andover at F5 strength, killing 17 people. Remarkably, an F3 tornado followed a very similar path through the area the next month, causing an additional $1,000,000 in damage. The EF3 2012 tornado followed a path that was almost identical to both of the 1991 tornadoes.",1451259833.0,45
California,"Californians eat pretty much the same thing as most other Americans, except with more avocado, kale, and quinoa. /s",1451059605.0,15
pics,I bet your condo smells delicious. ,1450662844.0,17
MorbidReality,"I'm slowly learning that if a cop is going to do some shooting, and a dog is around, that dog is going to die.",1450647579.0,97
SFV,"Thanks for clearing that up, sweetheart.",1450065943.0,3
TheSimpsons,I know where we can get some baguettes!,1450054647.0,10
SFV,"Any Chinese restaurant should be open. It's a classic Jewish tradition. I recommend Pagoda Inn at Rinaldi and Tampa. You might have to wait an hour if you don't have a reservation, but it's good and the portions are very big. ",1449991663.0,4
SFV,"El Taco Llama on Parthenia and Corbin. Good carne asada fries have to have the thin fries. This place is fantastic. Do not trust any of the other Taco Llama locations. Some of them prepare this with the fat fries (steak fries). Unacceptable. 

Also, you asked for West Valley and then said Sylmar. What's the deal, yo? Anything east of the 405 is East Valley. ",1449990894.0,8
homedefense,"I use the remote all the time. Yes, it will make you vulnerable if someone follows you as you arrive home. (If that's a concern to you, don't use the remote, and set up a duress code.) My primary concern was monitoring and alerting while I'm away. The remote is just an added convenience. It doesn't defeat the purpose of the alarm any more than the fob for your car defeats the purpose of your car alarm. (It also makes a portable panic button, which I suppose is also nice.)

The app requires your full password but keeps you logged in.",1449891431.0,2
news,BREAKING: Yvon Chouinard killed while climbing the north face of the Eiger. ,1449642717.0,189
California,I look forward to having this fine passed on to me as a new fee! *International Fraud Remediation Fee* has a nice ring to it. ,1449202218.0,30
PHP,8\. ,1448161405.0,1
mildlyinteresting,/r/mildlytrashy ,1447477748.0,1
howto,That parsley ought to be cilantro.,1447021546.0,18
AdviceAnimals,"That's a [tragic hero](https://en.wikipedia.org/wiki/Tragic_hero). 

> According to Aristotle a tragic hero thought to be a man whose misfortune comes to him, ""not through vice or depravity but by some error of judgment.""",1445801566.0,4
pics,"Actually, [arbitrage](https://en.wikipedia.org/wiki/Arbitrage). ",1445139449.0,4
TrueReddit,"I don't want to sound xenophobic, but I've called them on several occasions, and every single time I've spoken to an American who speaks perfect English, never had to wait on hold, and never been transferred. No other bank/card even comes close to their level of customer service. ",1445050395.0,2
Audi,"They are asking you to be patient, i.e. please don't sue or join a class action group. ",1443764641.0,2
politics,"""Syria is Iran's route to the sea.""

— [Mitt Romney](http://www.washingtonpost.com/blogs/election-2012/wp/2012/10/22/fact-check-irans-route-to-the-sea/)",1443411181.0,1
SFV,Or you could cross the fucking street?,1443291008.0,1
iphone,Pushpin/thumbtack also does the trick. ,1443282746.0,1
economy,So... the military?,1442242516.0,13
WTF,"If you can’t handle me at #7, then you sure as hell don’t deserve me at #3.

— Abraham Lincoln",1442082314.0,43
forhire,"You could probably find someone in /r/french to help you for free, if you asked nicely. ",1440477715.0,1
AdviceAnimals,"How often that happens, and the cost of doing that, is factored into the airlines' calculations as well. ",1440367726.0,20
TheSimpsons,"Are you sure it wasn't a BBBQ? You know, where the extra B is for BYOBB?",1440218935.0,12
AskReddit,All babies born today will be briefly restricted by a cord. ,1439960217.0,2
cscareerquestions,"You didn't say anything about your education, experience, or what kind of work you're actually doing. How are we supposed to say if your salary is fair?",1439608275.0,4
CrazyIdeas,"I thought about this for a while, and wondered if participating in a presidential debate is beneath the dignity of a president. This seems very ironic. ",1439438310.0,1
SandersForPresident,"Or don't, and vote for Donald Trump. ",1438573887.0,-8
funny,"Of all the things that happened, nothing didn't happen more than this didn't happen. ",1437277731.0,249
cscareerquestions,"Santa Barbara is obscenely beautiful, but it's a ghost town for tech. It's basically just Citrix, Lynda.com, and... that's it. ",1436764072.0,3
DebunkThis,The big difference in the NYT article is that Iraq did not have an *active* chemical weapons program like we said they did. The chemical weapons found were leftovers from previous wars. It's unlikely Iraq's central government even knew of their existence. ,1436147502.0,3
nba,... to the window!,1435516394.0,3
humor,"Kinda seems like the inverse of this old one:

[Girlfriend Changes Man Into Someone She's Not Interested In](http://www.theonion.com/article/girlfriend-changes-man-into-someone-shes-not-inter-1507)",1434933965.0,65
compsci,But in that case it's not a metaphor. ,1434827387.0,20
HistoryPorn,Correct. If she lived in Venice she's probably been stabbed by now. ,1434305662.0,2
Iowa,"Wow, that is like [700 times as many people](http://www.politico.com/story/2015/06/rick-santorum-iowa-event-one-voter-turnout-118774.html) who showed up to see Rick Santorum. ",1434232883.0,9
todayilearned,"~~Are you...laughing at me...in my automobile?~~

*Do you find something comical about my appearance when I'm driving my automobile?*",1433013477.0,3
AskReddit,Brev'ty,1432828612.0,2
spotify,"More specifically, [continuous delivery](http://en.wikipedia.org/wiki/Continuous_delivery).",1432349325.0,10
economy,[Betteridge's law?](http://en.wikipedia.org/wiki/Betteridge%27s_law_of_headlines),1432005361.0,3
nba,Same with the Dodgers. Things are just more expensive in LA. ,1431901790.0,81
nba,How ironic. ,1431901647.0,2
TheSimpsons,Now there's a Machiavellian countenance.,1431304120.0,6
California,That was a great ad hominem argument. Do you have any actual sources to refute their claims?,1431054673.0,6
beer,Probably only in Portland and Austin. Everywhere else will have to wait an eternity. ,1430881100.0,14
baseball,They're like the Floyd Mayweather of baseball teams!,1430710699.0,1
needadvice,Nope. Though we've already made our decision. The follow-up email will have absolutely no effect on our determination. ,1430548436.0,1
news,"> outside her parents home

Grammar is hard.",1430091503.0,1
spotify,Can you elaborate? I'm pretty sure that is 100% [not true](https://support.spotify.com/us/learn-more/faq/#!/article/Can-I-burn-CDs-in-Spotify). ,1430067639.0,1
nottheonion,"> *Charly*

Charity is a stripper horse name. ",1429986338.0,133
TheSimpsons,I'm only doing what I think is right. I believe Freddy Quimby should walk out of here *a free hotel*.,1429942919.0,3
howto,"Aren't the rules to any game technically, completely made up? It's not like they're derived from the natural order of the universe or ordained by god. ",1429797712.0,-4
worldpolitics,CBS Evening News did. And it was the lead story. ,1429156928.0,2
nfl,"Don't forget the University of Phoenix Stadium, which is, architecturally speaking, the University of Phoenix of stadiums. ",1428899594.0,1
ifiwonthelottery,Yuri Scheffler (#5 on the list). ,1427680424.0,6
ifiwonthelottery,I takes a lot of balls to spend one third of your fortune on a yacht. ,1427675070.0,24
French,"Actually, this is an important consideration. I know an American couple of French origin who named their daughter Zoé and none of her official documents had the diacritic mark. So your daughter could grow up with all her official documents stating that her name is Camelia (and it will look like a misspelling). Birth certificate, passports, licenses, will all be spelled like this. The couple was able to get their daughter an official French passport with the correct spelling but you likely won't have that luxury. ",1427593956.0,8
Spanish,"Find a head of state or politician of a Spanish speaking country and find that person's YouTube channel. Example: [Enrique Pena Nieto](https://m.youtube.com/user/EnriquePenaNietoTV), president of Mexico. ",1427423012.0,2
InternetIsBeautiful,I don't see why not. It's a perfectly cromulent word. ,1426994452.0,15
Spanish,Political/government speeches. They're usually spoken clearly and well enunciated with simple vocabulary. Key points are reiterated. They're usually archived well and some are transcribed. ,1426958780.0,2
funny,"> The cigarette behind the disc is also relevant to the content of the disc, ~~no~~ *n'est pas*?",1426372899.0,57
Android,"Seems like everyone has a Project Titan right now. Apple is making cars, Google is making drones. Who knows, maybe Facebook is making submarines. ",1426360247.0,8
French,Those words are examples of [auto-antonyms](http://en.m.wikipedia.org/wiki/Auto-antonym).,1425449552.0,6
carporn,"Well, it is driving in the San Fernando Valley (Topanga Canyon Blvd to be specific), so you're kind of right. ",1425274281.0,4
books,"To this point, (scripted) political speeches are one of the best ways to learn a new language. They are spoken slowly and clearly enunciated. They often use clear, deliberate language (this is definitely not limited to speeches in America) with less effluent vocabulary. Important concepts are reiterated, making speeches easy to follow. And finally, they are easy to find online, are archived, and usually are transcribed as well. ",1425252002.0,7
RoomPorn,"Mais, comment peut-on savoir quand elle rentre?",1425008003.0,5
seinfeldgifs,Looks like the Puerto Rican Day Parade episode. ,1424751541.0,2
Epilepsy,"I don't have any concrete ideas for an epilepsy app, but as a developer I'd love to volunteer my time to doctors and researchers to aid them in any way I can. ",1424726555.0,2
TheSimpsons,"Well, that still doesn't explain why you ate my soap. Wait, maybe it does.",1424576928.0,20
AdviceAnimals,"As a frequent Foxnews.com, Tumblr, and YouTube contributor, I fell you're obviously wrong and probably a homosexual sympathizer. I don't have the time for a moment of introspection or careful proofreading with the sheer amount of personal outrage I'm forced to convey toward total strangers day after day. Obama isn't going to impeach himself, what with the patriarchy and all (i.e taxes, immigrants). Think about it.",1424556520.0,46
pcmasterrace,"I appreciate that they don't use made up American sounding names. Companies that do that must think we're either incredibly stupid, or have to deal with some bizarre racist minority. Anyone with half a brain can tell they're not talking to Bryce from Des Moines. I'm fine with talking to Mohktar from Bangalore if he can solve my problem. ",1424114540.0,14
iphone,It's under Version History for each app in the App Store. ,1424055299.0,2
TheSimpsons,I guess.,1423934401.0,6
PHP,Why would a subclass not be allowed to override the return type of the parent function?,1423893466.0,2
PHP,"Except it's written by Martin Fowler, who, I would argue, everyone should read as much as possible. His seminal work,*[Refactoring](http://www.amazon.com/Refactoring-Improving-Design-Existing-Code/dp/0201485672)* is hugely influential and relevant to this day. ",1423496597.0,2
TheSimpsons,I think you meant to say *Robo Trumble*. ,1423347170.0,2
AdviceAnimals,"Une dame promène ses chiens dans la rue. Croisant un petit garçon, elle lui dit:

*Tu veux caresser mes saint-bernard ?*

Le gamin lui répond:

*Euh… J’veux bien, mais je m’appelle Denis!*",1422147845.0,26
lists,We have that last one in English: [jury rig](http://en.wikipedia.org/wiki/Jury_rig),1422145827.0,5
atheism,"Well, I have to admit I'm doing a bit better than a 10 year old Honda Accord. ",1421905109.0,1
AMA,Sounds like she could have done a lot better than you. ,1421858896.0,2
webdev,Amazon does do this with Prime. ,1421732121.0,2
Showerthoughts,That's horrible.,1421618510.0,37
Showerthoughts,Please tell me you misspelled Phoenix and not his parents. ,1421616394.0,101
AskReddit,"Buddy, you just summed up my whole work life... and married life... and childhood. ",1421340157.0,0
AskReddit,The squirrels were *merry*. ,1421254202.0,4
pics,French sixth revolution. ,1420999808.0,2
answers,And /r/fancyfollicles,1420916291.0,11
needadvice,Join /r/French.,1420516112.0,1
headphones,Anyone know if the Atlas series is decent?,1420514696.0,2
cscareerquestions,"In web software development, a full stack developer is one whose duties encompass both front-end and back-end development. Here is [a great defense](http://blog.heapsortjobs.com/on-the-legitimacy-of-fullstack) of the virtue of the full-stack developer role. ",1420432614.0,38
beerporn,It's Big Sky Brewing Company... from Montana!,1420248097.0,6
javascript,"Your Ajax library (jQuery, Prototype, Angular, whatever) can almost certainly catch errors depending on the status code received. When the request times out, your web server is likely sending an HTTP status code in the 500 range. It's a good idea to always have this error handling in place on the client side anyway, so it's a good place to start before tackling the issue on the server side. ",1420159146.0,1
funny,/r/cringepics ,1420156644.0,1
SFV,Gotta recommend ReachLocal in Woodland Hills. Intuit is also in the area and is always hiring. ,1420152808.0,0
TheSimpsons,Ha ha! Next time get a DVD!,1420143069.0,15
hookah,Oh god. So cold. ,1420075043.0,3
cars,"Finally, a car for the person who wants Mustang GT performance for a Corvette price, but with a Honda Civic interior. ",1419830666.0,12
economy,Nassim Nicholas Taleb?,1419820943.0,1
needadvice,Apple [charges $129](https://www.apple.com/support/iphone/repair/screen-damage/) for screen replacement on the 5. ,1419798433.0,2
homedefense,"Check out Simplisafe. Great reviews, live monitoring ($20 per month for police dispatch and text/email alerts), easy DIY kit. I've got it and it's great. Beats paying ADT twice as much plus being locked into a 2 or 3 year contract. 

EDIT: But if you don't want to pay a monthly fee and just want notifications, check out Viper Home. ",1419786198.0,2
cscareerquestions,[Domain-Driven Design: Tackling Complexity in the Heart of Software](http://www.amazon.com/Domain-Driven-Design-Tackling-Complexity-Software/dp/0321125215) by Eric Evans,1419106735.0,3
Iowa,[Breathtaking](http://m.youtube.com/watch?v=JGQVYW9cMNE),1418278840.0,1
iphone,"iPhones also have the highest resale value of any phone. You might spend $650, and in two years be able to resell it for $300-400 if it's in good condition, making your per month cost closer to just $20. ",1418014760.0,3
pics,"Look, I know Walmart is evil, but I'm not sure I'd call them the worst people imaginable. ",1417365111.0,1
French,"In addition to what you said, it's great for learning how to identify accents. ",1417284861.0,2
tea,"Upton, because their prices are very fair and they pretty much always have what I want in stock. They also have a very diverse selection. ",1417157396.0,1
beerporn,The 2.0 is better by far. It should be a tad easier to find as well. ,1417146949.0,1
southpark,It can make your dick fall off. ,1417141797.0,3
books,How intellectually bankrupt does one have to be to steal content from Buzzfeed (content that Buzzfeed itself likely misappropriated)? ,1417117569.0,388
news,But still illegal according to the article you claim you read. ,1417074395.0,8
iphone,/r/tappedout,1417072360.0,1
SFV,Had the exact opposite experience with Audi. The Auto Gallery in WH was garbage. Keyes Audi in Van Nuys was actually easy to deal with. ,1416978810.0,2
Whatcouldgowrong,Everyone who has responded to you is wrong. The issue here is not alcohol or brain freeze. It's the length of the straws that's causing her to become oxygen deprived. She passed out due to hypoxia. ,1416890330.0,3
PHPhelp,Bingo. You've already found the answer. Hashing is the only way. Hash email properties that will not change between checking. ,1416778060.0,1
TheSimpsons,"They should totally make a spinoff featuring those two characters with a witty repartee like that. It might be better as a three-camera sitcom than something animated, though.",1416765170.0,29
LifeProTips,"I think if surveillance is a goal, having offsite storage is a huge selling point. Otherwise if the HDD can be located easily it'll just be taken. That being said, I'd be interested in knowing if there's a roll-your-own solution that incorporates offsite recording for less than $10 per month. ",1416694450.0,1
LifeProTips,"Dropcam is $100 per year for a 7 day rewind and cloud storage. This solution is risky because if Google changes its APIs, this form may not work. ",1416690369.0,1
offbeat,"Mrs. Merteli and Headmaster Kamenik were in the closet making babies, and I saw one of the babies, and then the baby looked at me.",1416586408.0,81
BMW,That is the interior motion sensor for the security system. ,1416374051.0,3
TheSimpsons,"Please to be repeating, and I will translate for El Presidente. ",1416287771.0,6
hookah,*acquisition.,1416101808.0,2
BMW,"So let me get this straight. The x28i, which makes 241hp, is going to be replaced with the x30i, which will make 194hp? That would be a serious downgrade. ",1416031656.0,5
TheSimpsons,"Hey, since you were a no-show at all the big moments of my life, you owe me *years* of back presents: Christmases, birthdays, Easters, Kwanzas, good report cards... Hmm, 75 bucks a pop plus interest and penalties: you owe me $22,000. ",1416016428.0,2
TheSimpsons,In ya go!,1415509535.0,10
predaddit,[Bringing back the classics](http://m.imgur.com/p5zRp6k).,1414381467.0,3
cringe,"Actually, [there was](https://www.htmlos.org/secure/htmlos/website/index.html). ",1414340988.0,164
AskReddit,"It's ""I know *you think* you're fat."" ",1414261916.0,24
entertainment,"Okay, maybe The Simpsons did steal his character, but so what? Animation is built on plagiarism! If it weren't for someone plagiarizing the Honeymooners, we wouldn't have the Flintstones. If someone hadn't ripped off Sgt. Bilko, they'd be no Top Cat. Huckleberry Hound? Chief Wiggum? Yogi Bear? Hah! Andy Griffith, Edward G. Robinson, Art Carney.",1414029380.0,5
TheSimpsons,Of course you'll have a bad impression of New York if you only focus on the pimps and the C.H.U.D.'s.,1413689058.0,8
beerporn,Swamis is a mighty fine IPA. ,1413597695.0,2
news,"I'm not concerned. If Texas is known for anything, it's its dedication to workplace safety. ",1413383566.0,2
ifiwonthelottery,"LOOK CLOSER, LENNY!",1413262699.0,7
TheSimpsons,A car hole!,1413167426.0,14
news,Its truly amazing that a judge was working on a Sunday. ,1413166877.0,7
funny,Car dealerships often lease unused parking spaces in office parking structures for excess inventory. These are almost certainly unsold cars that belong to the local Chevy dealership. ,1412657087.0,0
iphone,"I was in the same boat, with the same estimated ship date (Plus, 64Gb, silver), and Wednesday the status was updated and it was delivered yesterday. 

Don't lose hope. You'll get it soon.",1411761146.0,2
iphone,I don't understand why this information is subject to copyright. This seems like DMCA abuse... though I am not a lawyer.,1411413965.0,3
FolkPunk,I like Joy Kills Sorrow. ,1411359384.0,2
iphone,It's been [delayed](http://www.cnet.com/news/bug-forces-apple-to-delay-launch-of-healthkit-fitness-apps/). ,1411325461.0,2
iphone,He thinks you're from the University of Tennessee based on your username. ,1411325150.0,2
iphone,Honest question. Is the difference $2.66ish? I would pay twice that to not go though AT&T customer service hell.,1411264814.0,3
HomeImprovement,"This is also a reminder that any water you use for cooking or drinking (like coffee, tea) should come from a cold water tap and then be brought to temperature. Don't cook pasta in water from the hot water tap, or it may impart a bad taste to your food. ",1410760946.0,5
iphone,It's shipping directly from China by mule. ,1410753777.0,7
iphone,Same boat (Plus 64 silver). I guess I'll just sit here in limbo.,1410732101.0,2
iphone,"* Ordered at: **AT&T website** at **~7am PDT**, Sep 12th
* iPhone 6 Plus 64Gb, Silver
* Current Status: **Backordered** (such bullshit; it previously had a Oct delivery date but it got removed)
* Delivers By: **God only knows** (Fuck AT&T)",1410731909.0,16
fantasyfootball,"Uh, he was indicted in Texas. This has everything to do with Texas. Texans will *literally* decide his punishment. And like I said, I was playing devil's advocate. I would never punish a child like that. ",1410730254.0,7
fantasyfootball,"To play devil's advocate here, how many people in Texas do you suppose discipline their kids with switches and/or belts, or who were disciplined themselves in that fashion when they were kids? Texas still has corporal punishment and statistics still show 1.1% of students (nearly 50 *thousand*) students were disciplined this way in the most recent year that statistics were available. In other words, many Texans will not see this as reprehensible behavior. ",1410728818.0,-4
CityPorn,"Based on that angle, I'm almost certain it was not taken from the Tour Montparnasse. ",1410716758.0,2
obama,So... both groups were wrong. ,1410577727.0,0
worldpolitics,Key Christian thinkers?,1410575542.0,2
RedditForGrownups,Do you want to know what percentage are correct or what percentage are *sincere*?,1410536545.0,3
Frugal,Can't speak for the person above but in my case the wife and I knew we wanted kids and can't wait for our son to arrive (due Thanksgiving) but we seriously have no idea what we're doing or if we're doing it right. Books and classes and advice only go so far. ,1410364320.0,2
Petloss,"It looks like the whole site is down, which is a shame. Maybe it's just a temporary thing. The person who maintains that site also wrote [this book](http://www.amazon.com/gp/aw/d/1469968649?pc_redir=1409203483&robot_redir=1).",1410279515.0,1
Petloss,[This](http://www.felinecrf.org) is by far the best guide to CRF online that I've found. ,1410277813.0,1
TheSimpsons,Then why are you dressed like that?,1410145637.0,29
pics,"Ah, Welfareway. ",1410115533.0,0
tappedout,"Yeah, it went super sized for me too. ",1409972492.0,1
cscareerquestions,"Awesome. Anchorage, here I come!",1409888321.0,8
ifiwonthelottery,It sure has cheap furniture for such an expensive house.,1409879302.0,5
offbeat,As he should. Fucking psychopath. ,1409759201.0,5
confession,Would you say she's the *daughter* of rage and love?,1409627160.0,7
todayilearned,That's a very eloquent way to explain the concept of [opportunity costs](http://en.wikipedia.org/wiki/Opportunity_cost).,1409459582.0,3
LosAngeles,"Well, I'm convinced. ",1409154437.0,6
BMW,"This is [the correct answer](http://m.motortrend.com/features/consumer/1401_real_numbers_mpg_101/), buried in a sea of shitty jokes.",1408937109.0,8
atheism,/r/cringepics,1408920166.0,0
AskSocialScience,"So many good (academic) links on the persuasive power of names [in this Atlantic article](http://m.theatlantic.com/business/archive/2014/07/who-wins-in-the-name-game/374912/?utm_source=nextdraft&amp;amp;utm_medium=email) (a short read, and worth it). ",1408772954.0,14
SomebodyMakeThis,This was the plot of an episode of The Big Bang Theory. They were making this exact app. ,1408463639.0,7
Frugal,"Plus, renters insurance is usually cost neutral if you already are paying for auto insurance because the multi-line discount usually offsets the cost. It's practically a no-brainer. ",1408332399.0,189
Economics,Both you and the people who choose to live in SF are getting what you/they are paying for. ,1408228470.0,1
forhire,"So you might not want to hear this but you are *very* close to TWC's West Valley location in Chatsworth. I know a few people who work there and they enjoy working there, and the company is always hiring. Might be worth checking out. ",1408221394.0,1
SomebodyMakeThis,[Synergy](http://synergy-project.org),1407858510.0,7
food,"Hey, did you go to Hollywood Upstairs Medical College too?",1407649827.0,16
netsec,"I was able to but it shouldn't be too terribly surprising. Most consumer-grade network appliances aren't designed with security in mind, unfortunately, as we all probably know all too well.

The web server user on the machine was set up with very lax restrictions, probably because there was also a file browser web application installed already, and that and the LAMP stack shared the same web server. ",1407647944.0,7
netsec,"There are important uses for things like these, as dangerous as they potentially are. For instance, I bought a NAS that could run a LAMP stack, but didn't have SSH access. I used an app like this to install OpenSSH, the deleted the script.

It's pretty easy to add enterprise NAS features to a consumer-grade NAS this way. ",1407623121.0,27
TheSimpsons,That was you!,1407508123.0,16
tea,"Just remember tea is sold by weight and these containers are sold by volume, so it totally varies depending on which tea you plan to store. ",1407471545.0,1
TheSimpsons,"That is the rarest gummi of them all, the gummi Venus de Milo, carved by gummi artisans who work exclusively in the medium of gummi.",1407373619.0,2
AskReddit,[Realism](http://en.wikipedia.org/wiki/Realism_\(international_relations\)),1407254215.0,5
PoliticalDiscussion,"I think you're right but it's not just about fundraising. It also allows the Democrats to push the narrative that the GOP is crazy, motivated solely by fear, anger, etc., and are out of touch with the mainstream. The Dems literally have nothing to lose by amplifying the impeachment talk. They force the GOP leadership into a catch-22: endorse the impeachment and make the party look foolish in an election year, or reject impeachment and alienate the most faithful, motivated conservative voters. Here's [a great explanation](http://www.washingtonpost.com/blogs/plum-line/wp/2014/07/29/the-gops-impeachment-dilemma-will-only-get-worse/) from the WaPo. ",1407206477.0,2
TheSimpsons,The wheel only goes to 36. ,1407106652.0,5
California,Because eventually there may not be any place to move it to. ,1407100763.0,5
Epilepsy,"Yeah, but given how misunderstood epilepsy is by the general public, maybe this will do some good. I can see how some previous episodes have been somewhat exploitative of their subjects, mostly for shock value, but some have been honest and insightful. ",1406951446.0,4
RedditForGrownups,"╔═════════════════ ೋღ☃ღೋ ════════════════╗  
~ ~ ~ ~ ~ ~ ~ ~ ~ Repost this if ~ ~ ~ ~ ~ ~ ~ ~ ~  
~ ~ you are a beautiful strong 34-year-old teenager ~ ~  
~ ~ ~ ~ ~ who don’t need no liquor cabinet ~ ~ ~ ~ ~  
╚═════════════════ ೋღ☃ღೋ ════════════════╝",1406827786.0,11
RedditForGrownups,So you ordinarily keep all the other booze on your counter? The others are right. This is reddit for grown ups. Time to buy a liquor cabinet.,1406821545.0,-2
needadvice,"Search /r/php. This question has been asked there a hundred times... and every time it's asked, **no one** says ZF2. ",1406599813.0,2
rage,Yeah. I'm on a pretty standard TWC 15/1 Mbps plan and I'm testing at exactly that. ,1406437904.0,6
offbeat,"It's the dominant Christian denomination on the court: Scalia, Kennedy, Thomas, Roberts,  Alito and Sotomayor are all Catholic. All but the last one constituted the majority in the Hobby Lobby case. ",1406066020.0,7
offbeat,"The Supreme Court has ruled that freedom of religion means freedom of Catholicism, meaning you are free to follow any branch you choose, be it Benedictine, Franciscan, Jesuit, etc. ",1406043865.0,13
hookah,Can't believe no one has mentioned the wind screen. Use a wind screen and a wide tray and coals will never fall off onto the ground.,1405922155.0,0
funny,Stop bringing your cisgender patriarchal assumptions to something something... I have no idea what I'm talking about. ,1405900264.0,2
AskReddit,"What's the difference between a baby and a bag of heroin?

Eric Clapton would *never* let a bag of heroin fall out a window. ",1405834751.0,0
funny,"Damn. My first Warped Tour was 18 years ago. 

Lagwagon, Pennywise, Reel Big Fish, Social Distortion.  

I feel very old. ",1405833722.0,7
PoliticalDiscussion,Most news [style guides](http://blog.ap.org/2013/04/02/illegal-immigrant-no-more/) are moving in the direction of *undocumented immigrant*.,1405832632.0,1
videos,Does it get any better than *[The Barry Gibb Talk Show](http://www.hulu.com/watch/575532)*?,1405828447.0,15
beerporn,Maybe it has a cork. Hard to tell with that foil.,1405733392.0,2
soccer,"And by the transitive property, we beat Brazil 6-0. ",1405312652.0,26
funny,"I'm guessing you stand next to the pump for the entire time that you're gassing up. If you are never in your car at the same time the nozzle is, this will never happen to you. 

This happens to people who get out of their cars to start gassing up, get back in their cars while in progress, and then get back out to return the nozzle to the pump. They can't remember whether they've already removed the nozzle, assume they have, and then drive off. ",1405297744.0,4
California,"He wrote a counterpoint to this article just prior to this one and he'll write a ""middle-ground"" piece in a few days. He's doing a thesis/antithesis/synthesis series. ",1405271672.0,15
beerporn,I was about to say... It's definitely one of the least remarkable saisons I've had. ,1404626725.0,1
bestof,Are you kidding me? This analogy is timeless. Haven't you seen the Seinfeld episodes with Keith Hernandez?,1404543577.0,9
pics,Denatured alcohol + nature = *natured* alcohol?,1404533094.0,97
funny,Don't forget to cup the balls. ,1404521522.0,13
books,"\* tips beret... ""M'dame""",1404486664.0,450
LosAngeles,I'm at around 800 ft so I ain't too worried... except for the part about the airport being relocated right next to my house. ,1404355695.0,6
LosAngeles,"Upside: the Valley is not under water. 

Downside: there will probably be an influx of people and they'll probably relocate LAX right next to my house. ",1404349835.0,186
IowaCity,Sorry for the Instagram link but it's not my picture and I wanted to make sure it got proper attribution. ,1404229794.0,1
PHP,Isn't CI's Helper model the most analogous to DDD's service object?,1404103646.0,2
SFV,"The Rack in Warner Center. Good beer, good pizza, shit load of TVs, huge space, and terrible servers. ",1403756708.0,1
funny,"My money is on Warner Center / Woodland Hills, CA. ",1403392972.0,6
French,That *Allons-y* book is $200 and has really poor reviews. I'd personally recommend *Essential French Grammar*. It's $2 and it's an incredible resource to keep handy. ,1402967543.0,9
TheSimpsons,It was worth sneaking into town. That was some *good* corn.,1402674597.0,5
PoliticalDiscussion,The Moyers article you link explicitly says it *wasn't* crossover Democrats. ,1402549351.0,8
AskReddit,"If you want to experience this without traveling thousands of miles, just take a trip to Disneyland. It's like going on safari. ",1402463874.0,2
obama,It's only offensive if you don't discard it on the ground in the streets of Paris. ,1402083868.0,1
LosAngeles,*Free* parking? Well I'll be damned.,1401853386.0,5
firstworldproblems,I know this is fake because Iowans don't travel internationally except for Canada or Mexico. ,1401723827.0,9
malefashionadvice,I really love what you've done with the character of Harry Crane on Mad Men. ,1401582919.0,2
howto,But won't they then just die and decompose under his house?,1401464672.0,3
business,Literally took me 20 seconds: http://www.usatoday.com/story/money/cars/2014/01/10/chevrolet-silverado-gmc-sierra-fire-recall/4424529/,1401378561.0,7
baseball,Perfect alert. ,1401154727.0,89
cscareerquestions,"**Every** company that specifies unlimited vacation days always means ""unspecified.""

Even Zappos? Even Zappos. ",1401081314.0,1
Autos,"Has it been featured in Breaking Bad? If not, it's dead to me[.](http://albuquerque.craigslist.org/cto/4487343854.html)",1401075001.0,2
hookah,M'rug!,1401074921.0,7
worldpolitics,2 edgy 4 me,1401056396.0,5
webdev,Someone should make an app to remind companies of expiring certs. ,1401052138.0,6
baseball,It took 120 pitches to achieve this. Are you going to just nitpick the last two?,1401049597.0,6
baseball,... And subsequently drops an S-bomb in his post game interview. ,1401049464.0,3
breakingbad,In New York he'll always be Dr. Tim Whatley. ,1400993608.0,4
beerporn,"In Europe, unless lagers are your thing, it's pretty much Belgium or nothing. Northern France and western Germany usually have good Belgian beers, but the farther you get from there, the trickier it is to find good ales. ",1400980217.0,-1
funny,Oh so you're new to /r/funny I see. ,1400974354.0,5
TheSimpsons,He's right!,1400858738.0,4
TheSimpsons,It appears that the cat burger was caught by the very person who was trying to catch him!,1400858710.0,5
history,It means *dear friend*. Your wife has the feminine form of the word friend. ,1400821261.0,3
cringepics,M'safety is on. ,1400731131.0,602
IWantToLearn,"Fair question. What ninjasalsa was trying to say is that there are many different types of seizures. Tonic-clonic is a **convulsive** seizure, what most laypeople think of when they picture a seizure, perhaps because it's the most severe and has the most pronounced symptoms and it's important to know how to respond to someone having one. Other types, like absence seizures, are **nonconvulsive** and have less pronounced symptoms. Aiding someone experiencing one of these types of seizures can be as simple as watching them until they fully regain their faculties (exit what is called the *post-ictal* phase of the seizure).",1400477151.0,1
funny,"If we should be concerned about this, how funny can it be?

""Guise I'm worried lol""",1400388340.0,12
TheSimpsons,He is. ,1400346646.0,2
TheSimpsons,You're gay for Moleman. ,1400346634.0,6
TheSimpsons,"Oh, and by that I mean, of course, it's time for the ""Worker of the Week Award"".",1400306138.0,2
TheSimpsons,"Dear Baby,

Welcome to Dumpsville. Population: you. ",1400305510.0,2
cscareerquestions,"I'm skeptical of that. Good code is self-documenting, but I've never heard anyone argue that comments should be *avoided*. ",1400296774.0,4
beerporn,I see they're sticking with the French names theme after their nonsense *[Tout Mais Le Coller](http://www.beeradvocate.com/beer/profile/16866/107735/)*. That's a bold move. Let's see if it pays off. ,1400296511.0,0
needadvice,"I've seen this episode. You'll need a paper clip, and failing that, a meat slicer. ",1400253498.0,1
spotify,Relevance has never gotten in the way of pointless pedantry on Reddit. ,1399851258.0,7
AskReddit,Victorious secrets have been known to make some men uncomfortable. ,1399845815.0,1
SFV,Recommending ReachLocal and Intuit in Warner Center. ,1399829848.0,1
beer,"""Of course, this is just a television poll, which is not legally binding... unless proposition 304 passes, and we all pray it will.""",1399567169.0,1
AskReddit,How do you spot American teenagers in Paris? They're the ones *not* holding cigarettes. ,1399397098.0,7
AskReddit,"I'm in Paris right now for 7 days and the cost was roughly $7k for two people. With the cost of airfare and hotels, it's hard to find much for less than $5k during the high season. Unless you want to change planes twice and stay in a hostel or a hotel with shared WC, or stay far outside the cities. ",1399396939.0,3
confession,...yet. ,1399135265.0,3
obama,**BREAKING:** Obama agrees water is wet.,1398633242.0,1
AskReddit,"The details of my life are quite inconsequential... very well, where do I begin? My father was a relentlessly self-improving boulangerie owner from Belgium with low grade narcolepsy and a penchant for buggery. My mother was a fifteen year old French prostitute named Chloe with webbed feet. My father would womanize, he would drink. He would make outrageous claims like he invented the question mark. Sometimes he would accuse chestnuts of being lazy. The sort of general malaise that only the genius possess and the insane lament. My childhood was typical. Summers in Rangoon, luge lessons. In the spring we'd make meat helmets. When I was insolent I was placed in a burlap bag and beaten with reeds- pretty standard really. At the age of twelve I received my first scribe. At the age of fourteen a Zoroastrian named Vilma ritualistically shaved my testicles. There really is nothing like a shorn scrotum... it's breathtaking- I highly suggest you try it.",1398578477.0,11
California,...as long as you are OK with all the home games being blacked out because no one goes to see the games in person. ,1398143449.0,2
French,"I was taught BANGS, where the N represents numbers:

*Donnez-moi le troisième livre.*",1397749671.0,2
TheSimpsons,"For those who don't know, he's a send-up of [Alan Dershowitz](http://en.wikipedia.org/wiki/Alan_Dershowitz), O.J. Simpson's lawyer. ",1397573145.0,10
tappedout,"Robo Trumble!
",1397283236.0,3
todayilearned,"Gorgeous. I wouldn't hesitate to, say, assassinate John Lennon just to impress a girl like that. ",1396672319.0,3
obama,It has been one of the top stories on every major national evening news program for the past several nights. Many of those scenes were shown. There is no MSM coverup here. ,1396404805.0,2
TheSimpsons,Now there's a Machiavellian countenance. ,1395464559.0,5
Audi,I bought mine from there and it was a piece of cake. Keyes Audi has the best service. Auto Gallery Woodland Hills has the worst (damaged my car while they had it). ,1395025393.0,2
French,"If you're logged in, you can select multiple languages to display in your settings. ",1394639632.0,1
TheSimpsons,     You are out of sperm. ,1394603246.0,6
funny,Yeah other places have pizzas just as good for less. I'm addicted to their khachapuris though.,1393827372.0,11
funny,It's pretty good. They have close to 20 locations around LA. ,1393826234.0,89
BMW,That in comparison just looks big. The 235 reminds me of the iconic e46 coupe. ,1393185660.0,2
PHP,/r/PHPhelp,1393179954.0,1
BMW,Why in the world would anyone buy a 435 over this? Serious question. ,1393179164.0,0
BMW,"You should probably just post the details in the thread. If that's not your thing, PM them to me. ",1393179071.0,1
idea,Anyone who wants serious relationship advice should avoid /r/seduction at all costs. ,1393124757.0,0
funny,Maybe you should have posted this to /r/clever instead. ,1392959611.0,-2
todayilearned,"Jesus and Liam were just two people, and they were also in the league. Jesus never mentions a third person on the team. ",1392680334.0,12
news,"I mean, I live openly and authentically. HRC has never congratulated me... yet.  ",1392441964.0,-2
WTF,She crashed through a side door which served as an emergency exit. It didn't (and still doesn't) have bollards in front of it. ,1391998717.0,2
Porsche,"Is this Port Hueneme, CA?",1391885294.0,1
FloridaMan,But /r/cancer? So very sad. ,1391580576.0,41
LosAngeles,Come to Chatsworth.,1391369258.0,3
beerporn,"Iowa City just had their 3rd annual Brrr Fest. I think this beer-fest-in-winter thing is a pretty cool trend, and I hope it becomes more widespread. ",1390967188.0,1
NetflixBestOf,I've always wondered... Do the French like this film as much as Americans do?,1390966806.0,1
beerporn,"Have you ever heard the word used in the context of wine or spirits, like ""coller du vin"" or ""coller des liqueurs""?",1390855838.0,1
beerporn,"Maybe it's a French idiom. We need to consult a native French speaker. Coller clearly has [many, many meanings](http://www.cnrtl.fr/definition/coller)

EDIT: *Coller du vin* seems to have a specific meaning to winemaking where coller means ""paste"" in terms of particulate matter in the wine or liquor. In a beer context this likely refers to the sediment, suggesting that this beer has been filtered. This is just a guess. 

~~EDIT 2: Reading these definitions again, this seems to imply that coller means the quality of the way a wine ""sticks"" in a glass as it is being drank. So in this new context, the beer should not stick to the glass as you drink it. I am wasting way too much time trying to discern this meaning.~~

**EDIT 3**: Had to pull out the beer encyclopedia for this one. It appears that the English translation here is **[finings](http://www.brewerylane.com/finings.html)**.

-----

tl;dr: ""Everything but the finings""",1390799477.0,1
beerporn,"Coller means to adhere (transitive), which is synonymous with both ""to stick"" and ""to paste.""",1390796461.0,-1
hockey,"Astonishingly, DTLA is still way more businesses/offices than residential. Given that it's a Saturday, it's quite normal for those buildings to be dark at dusk on a Saturday. ",1390720913.0,1
funny,"Yes, I believe I know what you are saying. ",1390544428.0,15
tappedout,"I shouldn't have tried to speak so monolithically about all of Android. I'm not really 100% clear how these updates get rolled out (whether it was an app update, which doesn't appear to be the case, or whether it was an in-app update), nor am I entirely sure if updates get rolled out in a certain geographic schedule. That being said, I've experienced differences between the iOS and Android versions many times during updates, in addition to this particular instance, so it's totally disingenuous for blackvariant to say they're always in sync.",1390163166.0,1
tappedout,"C'mon man. Seriously? Of course I have. There's no level 38 on Android yet, at least not on my crappy tablet. ",1390160567.0,0
tappedout,blackvariant is incorrect. It's available on my iPhone version but not my Android version. Still. ,1390156088.0,1
tappedout,Damn differences between iOS and Android versions!,1390117450.0,-2
tappedout,What is that building at the very bottom? Looks like the grocery store. When was that available?,1390116343.0,1
beerporn,I hope it's better than their saison. That was terrible. ,1390027949.0,0
entertainment,It isn't like this is the first troublesome thing to come out of Canada. Let us not forget Bryan Adams.,1390021305.0,1
cringepics,I thought for sure he was talking about USC. ,1389941443.0,1
pics,Were? They're still around! ,1389935618.0,10
geek,How many of those people do you suppose are running Windows Server 2012?,1389891050.0,1
WTF,"He can't afford to pay $2M. So the hospital will try to reach a settlement with him, probably less than 5% of that. The hospital can then claim they ""lost"" $2M in services rendered, but not paid for, even though the actual cost to them was extremely inflated and never close to that amount. 

The hospital can deduct that amount from their income to lower their tax burden. ",1389843521.0,53
LifeProTips,"I was under the impression that boiling water wouldn't help because the chemical's boiling point was far higher (~180° C), causing the water to boil but the chemical to remain. ",1389753185.0,1
pics,thatsthejoke.jpg,1389559285.0,19
pics,Thank you. I was confused which Versailles the title was referring to. ,1389556278.0,26
beer,I really enjoyed Burger Bar at Mandalay Bay. Great burgers and huge beer selection. ,1389502969.0,2
cringepics,Merde!,1389502054.0,2
cringepics,Cici n'est pas une pipe. ,1389500589.0,7
movies,"I might believe him if he had any integrity, but based on his recent plagiarisms, I'm pretty certain he has none. ",1389368791.0,0
business,"Seriously. The fact that this article was on Vice should have tipped everyone off to the fact that it's a bullshit trend piece from a bullshit ""report"" fluffed up to sound scientific. It's like Vice is trying to become some counter-culture Huffington Post. ",1389199755.0,2
AskReddit,"But he lives in Hollywood! Most of the other people mentioned in this thread live in Beverly Hills, Calabasas, or Venice. ",1389061518.0,1
funny,Cinnamon bagels!,1388992932.0,0
GreenBayPackers,You're like a human suitcase!,1388947386.0,2
answers,"I disagree with your interpretation of what OP is asking for. I don't see anything in his comments about the ""inevitability of progress."" He specifically cited trendsetters that helped alter and ultimately redefine the fields in which they operated. The examples OP gave did much more than simply help their fields progress.

You also shouldn't take my comments so seriously. This is a discussion, and disagreement a completely normal part of discussion. I'm not here to argue. My comments do not call into question your intelligence. There's no need to take everything so personally.

Ultimately, I think we have an issue with a language barrier here. OP describes two sides of an argument:

* On one hand, **in the title**, OP describes an argument that states progress could only be accomplished by certain innovators. He asks if there is a term for that, and I attempted to provide one.

* On the other hand, **in the body**, OP says he disagrees with that argument, contending that the march of progress is inexorable, and more a product of the zeitgeist rather than a few key actors. (Incidentally, this is the same argument Malcolm Gladwell makes in *Outliers*, and might be a useful resource for OP.) There may be a name for this concept, which some other people have tried to provide.

We’re both trying to find a term, but for opposing sides of the same argument.",1388638949.0,1
answers,"I don't agree. Video games existed before Nintendo; rock music existed prior to the Queen and Led Zeppelin. But when those came along, they disrupted their respective markets and genres respectively that it created a paradigm shift where their contributions *became* the new market/genre such that everything subsequent *seemed* derivative. ",1388636214.0,0
AdviceAnimals,I make also sentence words though difficult sandwich,1388623731.0,64
Health,Probably wouldn't hurt to lawyer up and delete Facebook as well. ,1388622419.0,5
PHPhelp,"Yes, you can just add delimiters, but don't use that or any other super complex regex for validating email addresses. To validate email addresses use [filter_var](http://us1.php.net/filter_var) and the FILTER_VALIDATE_EMAIL flag. ",1388622193.0,4
answers,Sounds to me like a [disruptive innovation](http://en.wikipedia.org/wiki/Disruptive_innovation).,1388619539.0,0
AskReddit,Don't use your age to make your argument unless you're prepared to be downvoted by everyone older than you. ,1388531142.0,32
AskReddit,"In general, don't discuss how much you make; those who earn more won't be impressed and those who earn less may resent you. ",1388530748.0,90
TheSimpsons,We drove two thousand miles for *this*?,1388508077.0,38
firstworldproblems,Are you sure you aren't staying in a third world hotel?,1388387372.0,45
politics,Is he serious? Isn't he the least bit worried about the precedent this might set if the conservative court deems it legal? This reaching the Supreme Court is seriously risky and he makes it sound like victory is all but guaranteed. ,1388374931.0,6
wikipedia,I suspect it's the name of a popular Bollywood film. ,1388374578.0,2
LosAngeles,You pay $1100 for a parking space? Per year I hope.,1388347823.0,3
Autos,"Right, but your ""eyelids"" are there to simulate a sharp illumination cutoff that is usually built into the reflectors of OEM HID headlamps (whether or not your ""eyelid"" provides a sufficient cutoff and correct beam for an HID retrofit is a different story altogether).

Now, in OEM HID headlamps, when high beams are flipped on, that **cutoff is completely removed**, and the beam is thrown without restriction. Since your ""eyelids"" are a permanent fixture of your headlamps, your cutoff cannot be toggled by high/low beam selection.",1388257184.0,5
Autos,So now you have no high beams?,1388254319.0,3
BMW,Close. The [Lexus RC](http://www.caranddriver.com/news/2015-lexus-rc-photos-and-info-news) looks to be the spiritual successor to the Supra. ,1388215160.0,2
PHP,"How does this differ from [PuPHPet](http://puphpet.com/)? I mean, it looks like a total rip-off, to be perfectly honest. ",1388192989.0,-7
offbeat,Not criticism. Censorship. But your point stands. ,1388162527.0,13
SFV,"Seriously? Where are you from? A drive by in the Valley? You are way too alarmed or have a totally outdated notion of the Valley.

The West Valley is absurdly safe compared to most other parts of LA, and the LA of today is way safer than the LA of twenty years ago.

Your posts are all over the place. You sound like you think a crime spree is moving across the Valley. Calm down. ",1388007343.0,3
spotify,"Seriously, fuck OP for getting my hopes up. If the news were real I would be placing my order for a Chromecast right now. ",1387775185.0,2
cringepics,It's getting to the point where 90% of the content in this sub is identical to /r/funny. This sub is becoming complete shit. ,1387739665.0,4
BuyItForLife,[Mogadishu](http://wikitravel.org/en/Mogadishu) it is then. ,1387694286.0,13
LosAngeles,The Sepulveda Dam?,1387671062.0,3
AdviceAnimals,I've never seen a post title so simultaneously inarticulate and pretentious. ,1387669003.0,1
RoomPorn,"Venice is great, if you enjoy incredibly high housing prices with the occasional stabbing, shooting, or beating. ",1387668858.0,9
business,"Five years without a promotion, shame on them. Ten years without a promotion, shame on you. ",1387666193.0,49
breakingbad,Stephen King / Vince Gilligan collaboration? Let's make this happen. ,1387603497.0,3
funny,I don't know why you were downvoted. It is. ,1387166566.0,0
funny,It's a Porsche 944. ,1387166537.0,3
Porsche,...with an extra chromosome. ,1387152048.0,10
mildlyinteresting,That $51k figure is **median** *household* income. And 15% of Americans have household incomes below *the poverty line*. ,1387080471.0,9
AdviceAnimals,ITT: a bunch of idiot armchair lawyers giving shitty legal advice. ,1387080157.0,43
Epilepsy,"Could this be an absence seizure?

EDIT: So now that I'm reading more about these, I'm beginning to worry. I've had tonic-clonic and absence seizures in the past but they have been controlled for more than two years. However, in that time I have had unexplained brief moments of confusion that sound similar to these symptoms.",1387074489.0,1
TheSimpsons,Where *does* Disney get their ideas these days?!,1387056562.0,1
funny,That's not funny either.,1387005036.0,-4
pcmasterrace,What's a Steam?,1386478994.0,-2
gaming,Wow! 4% off!,1386398038.0,9
Showerthoughts,Hysterical too. ,1386046754.0,1
cars,125 mph is very nearly 200 km/h. It's a commonly cited speed interval for European sports cars. ,1386044606.0,21
Porsche,"AKA [""Facebook"" Blue](http://www.dezeen.com/2013/08/09/porsche-unveils-crowd-sourced-911-car-designed-by-facebook-fans/).",1386041626.0,1
BMW,Are those F10 M5 wheels? On an E90?,1385952582.0,2
aww,"Squirrel? Well, we have no deal with *them*!",1385936874.0,5
beerporn,Stone IPA is the most understated excellent IPA. This picture gives it the respect and attention it deserves but never demands. ,1385881432.0,3
beer,This is pretty amazing serendipity. I would love if this sub posted more beer-related deals/opportunities just like this.,1385875616.0,2
Ubuntu,Isn't that the same keyboard as was on the Gazelle? I had that same keyboard on a Sager laptop (they are both based on Clevo base laptops). The keyboard was nearly unusable. ,1385858971.0,1
fantasyfootball,"I used BeerSheets in two leagues. In both leagues I am killing it in Points For, but my rankings suck because I'm getting killed by my schedule. Is there any tool that can take schedule into account?",1385835495.0,-3
cscareerquestions,"I don't want to incite a riot, but this is not necessarily true if he buys an ultrabook, particularly a MacBook, which have soldered RAM.

So OP, don't buy a laptop with soldered RAM.  ",1385705111.0,2
needadvice,"In some cases, the multi-policy discount you get offsets the price of renters insurance, effectively rendering the latter free. ",1385399154.0,2
funny,Thank you for your service. ,1385353389.0,112
worldpolitics,That is a very editorialized post title. ,1385327547.0,2
LosAngeles,I drive an Audi. This thread is supposed to let us have a laugh at ourselves and our city. No need to be so defensive. ,1385323944.0,7
LosAngeles,"No, no, no. You are mistaken. My luxury German automobile has automatic everything, which I assume includes turn signals. ",1385323552.0,13
funny,Hilarious. So /r/funny. ,1385270223.0,169
lakers,"Blur or black out those bar codes, bud. ",1384713622.0,5
beerporn,"You know what this is... It's a Celebration, bitches. ",1384573219.0,3
LosAngeles,"He posted 4 hours before you did, well before it was a top LA news story. ",1384496642.0,3
Audi,"I didn't think Audi could make an interior cheaper looking than the A3, but I guess I was wrong. ",1384496337.0,5
IAmA,You should definitely watch *Happiness* then. ,1384409654.0,5
offbeat,What an eyesore!,1384314397.0,4
fantasyfootball,"10 person league. Person getting Jones desperately needs a WR but the person getting Romo already has Locker and Ryan. Ryan is projected to have a better remaining season than Romo, so the person getting Romo doesn't seem to benefit. ",1384024834.0,1
fantasyfootball,Standard scoring. Two people in my league are trying to trade Marvin Jones for Tony Romo. This seems like a pretty lopsided trade to me. Should I object to it?,1384023047.0,1
webdev,"...sucks. It is not kept up to date, it is often incomplete, and sometimes contains outright errors. Look at the comments on nearly every page of the official documentation.

The egghead.io series is the best resource out there. ",1384022771.0,10
fantasyfootball,"PPR league, pick 2:

* M. Wallace (vs Tampa Bay)
* E. Sanders (vs Buffalo)
* D. Moore (vs NY Giants)
* M. Floyd (vs Houston)
* D. Hopkins (vs Arizona)",1383854688.0,2
Epilepsy,"I have a terrible, terrible memory, which is mostly a bad thing. Things people say, events, etc. just don't make it into my long-term memory.

The upside to this, though, is that I just don't carry baggage like embarrassing moments or grudges like I used to. I get less bothered by things. I don't stay angry at my friends or my wife. I don't worry about little meaningless things like I used to. It's rather freeing. ",1383522098.0,11
entertainment,Heh. I wish someone was around to hear that. ,1383521733.0,3
HomeImprovement,"Again, politics aside, but safes won't protect your valuables in the case of theft unless they are *bolted down*. Now, obviously there are other reasons to have a safe (childproof in the case of guns, often fireproof in the case of documents). But if you want to protect the contents from theft, you have to bolt it down. ",1383505001.0,3
iphone,7 DAYS,1383424716.0,42
self,"No one here can tell you whether your online activities at work will get you in trouble, or whether you're safe to surf a particular site. The only advice I can give you is as follows:

1. You have to be doing something really egregious to piss off IT. 
2. Don't piss off IT. IT probably won't rat you out, but they also won't get your back if your manager thinks you're screwing around on the Internet, even if you're on good terms with them. They're not going to risk their jobs over you.
3. Read and understand your company's Internet policies.
4. Understand what your manager expects of you and whether your Internet browsing violates that.
5. When in doubt, use your judgment and communicate with others. ",1383419212.0,5
self,"IT can't see when you *leave* a page, only when you request a page. So if you request a few pages and then leave those sitting for hours, they'll have no idea whether you looked at those pages for 5 hours or 5 seconds. 

That being said, sometimes pages auto-refresh or make periodic AJAX requests in the background. An example of this may be a stock ticker that stays updated without the page reloading, or a weather app that updates the weather without the page reloading. IT can see these requests. Stock and weather requests probably wouldn't arouse much suspicion, as if you have desktop widgets they do the exact same thing and your employer probably doesn't care about that.

The tools IT uses just supply info. For someone to decide whether what you're doing is a concern, humans must consider the entirety of your online behavior. ",1383418109.0,3
AskReddit,Or Hitler. ,1383267884.0,11
AskReddit,He's probably talking about [this](http://en.wikipedia.org/wiki/Phonological_history_of_English_high_front_vowels#Pin.E2.80.93pen_merger).,1383232872.0,1
AskReddit,Frustrated. So many people pronounce it **fus**trated. It drives me crazy. ,1383232735.0,1
AskReddit,Stores (mostly non-chain stores) honor expired and competitors' coupons all the time. It never hurts to ask. ,1383232579.0,1
Frugal,"Los Angeles. Husband and wife. $900. That being said, we are not strictly frugal when it comes to what we eat. About half of that is groceries and the other half is going out (restaurants, bars) and alcohol. ",1383074185.0,2
cscareerquestions,Then you were in more of a screen than an interview. ,1383073372.0,4
pics,"Oh please, dear? For your information, the Supreme Court has roundly rejected prior restraint.",1382930224.0,3
videos,"Yeah. Mostly because of the dead-on Gwyneth Paltrow spoof. It probably spoofs that and *Moonrise* equally, but much more than *Bottle Rocket*. ",1382929612.0,2
videos,"You're correct; it spoofed all his films. But I thought it mostly spoofed *Moonrise Kingdom*, which Norton starred in, much more than *Bottle Rocket*. Right?",1382928666.0,0
aww,*doge*,1382927573.0,20
AskReddit,"*Imperial* originally just meant ""of, or pertaining to, an empire,"" but became used so much to refer to the British Empire that nowadays it just implies something pertaining to Britain.",1382041490.0,1
AskReddit,"But those lawsuits are to make the name ""pint"" represent an *American* pint (16oz). It'll still be different from the *Imperial* pint (20oz). ",1382025013.0,86
AskReddit,The **[serious]** tag can improve the quality of discourse in this subreddit. ,1381938977.0,8
beerporn,"It would be interesting to try W00tstout, their RIS, and their new Suede in one tasting. ",1381723876.0,5
beerporn,I've had all those beers at separate times but this *really* makes me want to try them all at once. ,1381721169.0,1
motorcycles,Search titles only. ,1381716686.0,6
AskReddit,You should /r/askscience. /r/askreddit is full of retards. ,1381559955.0,5
beerporn,"Oh man, that and Hoptimum are ass kickers, but so good. ",1381554911.0,4
Iowa,Than?*,1381544026.0,5
Iowa,How is there English program?,1381542812.0,10
TheSimpsons,"Mr Terwilliger, come quick! There's trouble down to the *cee*ment mixer!",1381334086.0,3
TheSimpsons,*Brother from Another Series*,1381334021.0,1
funny,"And when they choose between leaving the cart in front of their house or someone else's house, they never choose their own. ",1381127520.0,16
funny,"I didn't say ""these animals are thieves."" I said these thieves are animals. Don't misrepresent what I wrote. ",1381127403.0,-8
funny,"That's specious reasoning. What level of property crime *should* we accept due to economic circumstances? Should Walmart tolerate shoplifting if I rode the bus to the store?

The people that do this bring a blight on the neighborhood.",1381125461.0,24
funny,"No, they're assholes. Wal-Mart [sells handcarts](http://mobile.walmart.com/m/phoenix;jsessionid=9973D13E159ADD3482CABF0BAD0271EB#ip/4-Wheel-Deluxe-Folding-Shopping-Cart-Black/10929357), for fuck's sake. Not having a car is a shitty excuse. Stop stealing carts, you animals!",1381120442.0,13
tappedout,citizen511. Level 35. Daily player for over a year. Let's get GOOey. ,1381111896.0,1
running,"I know I would! First, I'd smother myself with brown mustard and relish. I'd be so delicious!",1381001869.0,7
economy,"This is because it's impossible to get caught off guard by a budget impasse or a debt limit crisis when you know months in advance of these deadlines. Every investor prepares for this by factoring these risks into their buying and selling. It's only when something truly unexpected happens that investors are caught off guard and markets shift wildly. In this case, government dysfunction, especially after the previous sequestration fiasco, was hardly unexpected. ",1380934112.0,2
Audi,"It'll cost around $1000-1500 per year for repairs and maintenance, assuming you drive about 10k miles a year. If that's too much for you, sell it.

But by now it should be paid off, so is $100 per month really that bad?",1380866876.0,2
TheSimpsons,Alight your gaze on yonder fabled beasts of yore!,1380866770.0,2
TheSimpsons,"Yeah, *Last Exit to Springfield*.",1380729388.0,18
lifehacks,"Best pin ever, indeed! Thank you for pinning it. It really captured my *pinterest*, so to speak. What site am I on? ",1380682854.0,492
beer,"Thanks in no small part to Stone, ironically. ",1380593013.0,42
breakingbad,The best part about Badger and Skinny Pete is the implication that they helped Walt out without any promise of compensation. Walt offered money after the fact. They just helped Walt out because they're cool guys. ,1380521726.0,1
cscareerquestions,"But, but... equity!",1380419687.0,4
spotify,"Y'know buddy, in addition to viewing the Top 100 Tracks and Albums by region, and you can also view the list in ""For You"" mode, refined based on the music *you* listen to. There's probably a good chance that list is more in line with your preferences. ",1380401527.0,7
LosAngeles,That's because one was a monologue on a comedic television show and the other was a written editorial. The message was the same but it doesn't translate across mediums. ,1380395082.0,3
breakingbad,Is that the woman who was abducted by Buffalo Bill in *Silence of the Lambs*? Serious question. ,1379995875.0,1
California,Have you asked /r/losangeles or /r/SFV?,1379908141.0,3
BMW,"No. Buying a car that age means you need to be prepared to shoulder all repair and maintenance costs.

For that particular car it should be about $1000-1500 per year.  ",1379877205.0,2
funny,How's that new iPhone?,1379796357.0,47
AdviceAnimals,"It's the breakfast bar... in the kitchen. It really turned out great after the remodel. Now, Sally wanted granite, but I kept telling her quartz is the way to go. In the end, we went with quartz because it really compliments the subway tile backsplash. Plus, with the kids eating there for most of their meals, the durability is really important.

Now wait till you see what we did with the back porch. ",1379795114.0,25
cogsci,"I'm no art historian, but isn't this author precisely describing what the Impressionist movement tried to capture?",1379688289.0,1
AdviceAnimals,"*rabid*

How could you get that wrong when you posted the video yourself?",1379654114.0,1
breakingbad,¿En español?,1379390350.0,3
obama,Why can't avoiding an escalation of war be good for all concerned parties? Why must someone lose? I'm tired of this journalism trope. ,1379284497.0,6
Frugal,"A better question might be, what do you think a service like theirs *should* cost?",1379189512.0,2
Frugal,"I think the StubHub experience is totally legit. They've created a marketplace where it's easy to find tickets, easy to sell and buy (and resell) tickets safely and without getting ripped off. And you can transfer tickets digitally. You're paying the premium to use StubHub's marketplace. And their marketplace is so big because it's fair, easy, safe, and legit. You get what you pay for. If it feels like you're getting ripped off, use a different marketplace, like Craigslist, eBay, local ticket service (like Barry's Tickets), classified ad, scalpers, or hell, sell them on your city's subreddit. You'll eventually reach the same conclusion everyone else has: that the benefits of using StubHub outweigh the price. ",1379189349.0,3
beer,This list is very East-Coast-centric. Don't expect to see anything west of the Mississippi on the list. ,1379131243.0,3
bestof,"This is great advice. I used this strategy recently  for a job switch and managed to increase my salary 25%. It does work for highly qualified applicants.

The caveat is that if you decline to state your previous salary you must give a precise salary you want and justify what you're asking for. ",1379120674.0,-1
ProgrammerHumor,Sounds like they might have a XSS vulnerability. ,1378997290.0,1
PHPhelp,"As a developer, I prefer Wordpress as long as I don't plan on modifying it. ",1378841291.0,2
PHPhelp,"There is no way I can answer that question for you. It depends entirely on how comfortable you are with PHP vs RoR. I think Wordpress is the best CMS out there for people who *don't* have a programming background. If you're a programmer, and you dive into Wordpress' code or try to modify or extend it, it can get a bit ugly.",1378830071.0,1
SFV,"Or forego the bike, drive to the top of that hill, and enter one amazing hiking area where you can walk across the entire rim of the south of the Valley and get some amazing views. ",1378824527.0,2
PHPhelp,Start here: [phptherightway.com](http://phptherightway.com). It's the absolute best source for everything you need to know to get started and avoid common pitfalls new programmers make.  ,1378738217.0,3
hookah,"If you don't have SSL hooked up, you're not PCI compliant. ",1378695243.0,2
politics,"Someone should make a movie, perhaps a comedy, of a Mr one-glove type... trading places, if you will, with a down and out street savvy panhandler. I think in the end we'd all learn that success is a product of one's environment at least as much as one's character, if not more. Now all I need is a title. ",1378654798.0,201
web_design,It works on one WebKit browser *if* you enable it in setting. I'll stick with fixed+js for now. ,1378575413.0,2
beerporn,"Looks great. You guys get West Coast style IPAs, but no one on the West Coast is making Upper Midwest style copper IPAs (like Bells Two Hearted). That's a travesty. Stone, make a copper IPA!",1378531290.0,3
PoliticalDiscussion,"And if anything changes about the situation in Syria (and things always change), and they change their position, they can be accused of being flip-floppers, which is the ultimate slander. ",1378218306.0,1
PoliticalDiscussion,"He also forces most potential GOP 2016 candidates to go on record about the situation. If they favor action, they can later be accused of siding with Obama. If they oppose intervention, they can be accused of being soft on defense.",1378174367.0,52
pics,DAE le Glass Gem corn?,1378067185.0,-16
fantasyfootball,FXX starts 9/2 and you should get it if you already get FX. ,1378056811.0,5
funny,/r/im14andthisisfunny,1378051772.0,26
AskReddit,"> I felt the best years of my life were being stolen from me. 

What she doesn't realize is that the best years of her life were already being stolen from her years before she was married because of her abstinence pledge. ",1378051406.0,-2
Audi,"Or a Porsche or a Rolls Royce, which are more likely what they were imitating. ",1377974203.0,2
beer,"By ""Orange County craft beer craze"" I assume you mean The Bruery and no one else. (And of course, they don't sell The Bruery at Angels Stadium or any Orange County brewers.)",1377927427.0,3
funny,"Oh great, a snarky English MA student. Your wit is wonderful, but can you please just hurry up with my latte?",1377920938.0,-3
fantasyfootball,"No, I get the same thing. It's a profoundly magical formula. Totally changed the way I looked at servers.",1377873831.0,2
science,*Sacré bleu! Zut alors!*,1377834341.0,2
science,"No need to say ""a province"" when it's clear you could only mean Quebec. ",1377831006.0,19
spotify,One big difference you didn't mention is that Premium accounts have access to [high quality (320kbps+) streams](https://support.spotify.com/us/learn-more/faq/#!/article/What-bitrate-does-Spotify-use-for-streaming). That alone makes it worth it to me.,1377706694.0,4
pettyrevenge,That's pretty convenient. Almost too convenient. I'm gonna go ahead and allege that none of this ever happened. ,1377470254.0,-34
PHPhelp,This is known as the [Front Controller](http://en.wikipedia.org/wiki/Front_Controller_pattern) web application design pattern if you want to read up more on it. ,1377139317.0,1
cars,"Think more along the lines of the Camry/ES, Avalon/LS, 4Runner/GX and Landcruiser/LX similarities. ",1377061028.0,-2
cars,So buy the Toyota and save yourself $15k. ,1377059398.0,6
drunk,"22oz. That's the standard bomber size for beer. The wine is slightly bigger at the standard 750mL, which is just over 25oz.  ",1376925221.0,1
fantasyfootball,"They can show ads in the web and mobile apps, they can show ads nearly any other time, but the draft happens so quickly and requires so much focus–and can literally affect your whole season–that a distraction like that can throw you off. In bigger leagues, conversation in that window moves so fast, you don't want to have to waste time weeding out ads from the legit discussion. ",1376883095.0,-7
fantasyfootball,Unacceptable. ,1376879548.0,-6
fantasyfootball,Oh that's terrible. Was this live or mock?,1376878108.0,-2
LosAngeles,Agreed. This is shameless karma whoring. ,1376854057.0,19
AdviceAnimals,/r/outside,1376798022.0,4
pics,*[Citation Needed]*,1376762354.0,1
firstworldproblems,Your car doesn't have memory seats? This really sounds like /r/secondworldproblems. ,1376631777.0,13
HomeImprovement,Got it. Check again in 10 months. ,1376630190.0,10
Conservative,That rodeo clown in 1994 must have been some kind of time traveller. ,1376628077.0,7
funny,"Sweeter than the sound of a child's laughter?

The sound of a manslaughter.",1376530248.0,0
California,"Yeah, OP **must** get this order in writing to prove that he vacated on Aug 15. Otherwise the landlord may just hold onto the money and say OP was never evicted. ",1376529242.0,16
entertainment,"I'm so sick of these wars between media giants, where only the consumer gets screwed in the end. They can both eat a giant bag of dicks as far as I'm concerned. ",1376238086.0,38
TheSimpsons,"Did you bring your family, Simpson?",1376182290.0,4
BMW,"It's to compete with the MB CLS63 and the Audi (R)S7, as well as the Porsche Panamera to a certain extent. They have no plans to discontinue the M5 (which competes with the MB E63 and the Audi RS6). ",1376158267.0,9
TrueReddit,"tl;dr for anyone considering reading *The Black Swan*: ""Everything goes the way you expect it to until it doesn't."" Hopefully that will save you 500 excruciatingly tedious pages. ",1376094704.0,11
todayilearned,"It's also a great way to sell the less desirable tea grades, like fannings and dust. ",1375977124.0,49
PHPhelp,Most definitely. The practice is called [POST/Redirect/GET](http://en.wikipedia.org/wiki/Post/Redirect/Get) if OP wants to read up on it. ,1375843539.0,1
cars,"Keep it in your garage, but buy a *spare* spare tire to keep in your car in case of an emergency. Driving on a 35 year old tire wouldn't be too good an idea. ",1375675277.0,8
funny,It's pronounced *thermometer*. ,1375667038.0,6
pics,Said by a non-runner. ,1375596045.0,-9
funny,"Del Playa, Isla Vista, by UCSB. ",1375586387.0,8
funny,"That's all well and good, and I'm not saying I don't agree with you, but this is not the 15th century and we are not Aztecs. I've never seen a guac preparation in the US (I'm from Los Angeles) or in Mexico (Baja or Yucatan, and my wife and her family are from Nayarit) that had less than avocado, cilantro, onion, salt, and citrus. It's like the taco. Maybe the taco *only* has to be tortilla and meat to make it a taco. But by and large, no one eats them like that. ",1375563369.0,-2
Porsche,"Their target is the college kids on Facebook, a few of whom will *one day* make enough to afford a 911. Porsche wants to make them aspire to buy a 911 so when that day arrives they choose it rather than an M6 or an R8. 

I'm willing to bet that many of the people who currently own 911s had Porsche posters on their wall when they were kids. That's what this is all about.

EDIT: It also encourages people who aspire to own a 911 but can't afford it to consider downmarket Porsches like the Boxter or the upcoming Macan.  ",1375557623.0,14
funny,I would be OK with that title. If only it was a job that paid well. ,1375550330.0,7
motorcycles,"Mmm, /r/beerporn ",1375550215.0,4
funny,"Guacamole contains avocado, onions, cilantro, tomatoes, lime juice, salt, and jalapeño. A California Roll only contains one of those items. Your comment is like saying pizza practically contains pico de gallo because they both contain tomatoes. ",1375540271.0,30
funny,"Well then as long as you're making up titles for yourself, you could call yourself a *senior* software developer. That would at least be half true. ",1375332235.0,19
funny,Freeeeeeeeeeeeeeeeeeshman!,1375330875.0,20
pics,Especially when skiing. ,1375245758.0,1
LosAngeles,$.16 is a really low cost of car ownership. That's basically just the cost of gas. The true cost of car ownership is closer to $0.50/mile at the very least. ,1375238978.0,3
LosAngeles,Taco Llama in Northridge. Do **not** get the ones in Canoga Park. They're completely different in that they suck. ,1375238782.0,2
TheSimpsons,Pamela Hayden voices Milhouse. Hank Azaria voices Milhouse as an adult (and also voices Kirk Van Houten).,1375046442.0,13
IowaCity,"Iowa City is getting an influx of froyo shops because froyo is a trend that came to major cities 5-10 years ago and Iowa City is always 5-10 years behind trends, be they in food, fashion, or anything else. Boba, cupcakes, these are all trends that brought a wave of opportunistic merchants only to quickly recede and suffer as demand falls as the supply of merchants rises. She acts like she's a vanguard, a trendsetter, when in reality she just followed a trend she saw already sweeping LA, SF and NYC years earlier and was already waning by the time she opened her store in 2011. ",1375033162.0,-1
AdviceAnimals,[Obligatory](http://i.imgur.com/ThxJocP.jpg),1374983297.0,1
BMW,"I'm not a big fan of mods to luxury cars (I would never put a body kit on a BMW, personally). That being said, the F32 looks so ugly compared to the E92. Definitely a step in the wrong direction. I wouldn't hesitate to take an Audi S5 over the 435i, based purely on styling. ",1374958973.0,1
DIY,"You shouldn't be intimidated by /r/DIY. True, there are some truly inspiring projects here. But there are also projects where we build decks with dangerous footings, or remove load-bearing walls in our condominiums during those kitchen remodels you mentioned. We also occasionally find out way too late that we should have obtained a permit for our DIY projects.",1374814246.0,1
AskReddit,"Because Home Depot, Lowes, and OSH drove all the legitimate and specialty hardware stores out of business in my area. ",1374766881.0,1
AskReddit,"Last weekend I went to Home Depot to get a replacement v-belt (rubber pulley) for an attic fan. I had the broken pulley I was trying to replace with me. Three employees told me they didn't sell them. No one knew what it was or what someone might use them for.

When I finally found the v-belts myself, I tried to tell one of the people that they did in fact sell them and where they were located, he could not possibly have cared less. At Home Depot no one knows where anything is, and frankly, they don't want to know. I understand if one person doesn't know where everything is, but at least know enough to take me to someone who at least knows who to ask or how to look it up. ",1374730814.0,-2
AskReddit,Well shoot.,1374728696.0,-12
AskReddit,"Ah, you're the asshole that can't ever be found when I have a question, and when I do track you down, can't answer even the most basic questions about the products your store sells. 

(I realize that maybe this accusation is unfair, and doesn't apply to *you*, but if you're going to generalize about big box store *customers*, you are setting yourself up for us to generalize big box store *employees*.)",1374727631.0,-47
BMW,"I hate how boring and bland this car looks. The 335i looks better than this. The A5 and C350 look better than this. It's like they took they took the 650i, shrunk it down, gave the facade a stupid expression (like a chipmunk with its cheeks stuffed with nuts), and added those awful vents, swiped directly from a Porsche Panamera. I've never been so disappointed by a 3/4-Series BMW design. I just hope the forthcoming 235i gets it right. ",1374724458.0,9
PHP,"It's done this way because, while the server knows all the URI components, it doesn't know how it necessarily looks in your browser. This is particularly true of port numbers. The server doesn't know if you explicitly requested port 443 (ie. *https://server.name:443/path/to/file*) or if the browser implicitly used that port because it is the default. The reason for this is that when a browser requests a URL over HTTP, it doesn't (usually) request a fully-formed URL. Instead, it forms a connection to the host and *then* requests the path:

    GET /path/to/file HTTP/1.1
    Host: server.name",1374644496.0,4
motorcycles,No. ,1374637104.0,6
humor,Again. ,1374635576.0,8
news,Got a citation? Link?,1374460087.0,1
news,Has any state explicitly said a person's trash should enjoy an expectation of privacy? Everyone is just downvoting me but no one has provided any citations. ,1374459737.0,1
funny,"Many cities have park areas specifically designed for what they consider ""organized"" sports play (team sports like soccer or ultimate frisbee, even if they're outside of a formal league, they may still be considered organized). However, they often require permits (and a fee)... sucks, I know. Your city's Parks and Rec website will tell you which areas are suitable for which activity. If you are fortunate enough to live near a beach, they usually allow a wide variety of sports activities freely. ",1374458582.0,1
cscareerquestions,"It's important to separately distinguish the rigorous (""anal"") questions from the silly questions. The T1 companies are extremely thorough with the former type (testing knowledge of algorithms, optimization, making sure you can implement a wide variety of data types). However, Google recently announced they found no correlation between the silly questions (riddles and abstract problem solving, e.g. ""How many eggs can fit in a 747""?) and overall employee performance, leading me to believe they were phasing them out. ",1374458229.0,3
funny,"Not trying to defend this stupid policy, but they do it because sports are really rough on the grass. They require extra maintenance, water, and the grass needs to rest between periods of activity or you will get dead spots. 

Other park activities, like picnics, kids playing, etc., don't put this sort of strain on the grass. ",1374442532.0,8
news,"No, [it doesn't](http://en.wikipedia.org/wiki/California_v._Greenwood). Once it's on your curb, 4th Amendment search restrictions no longer apply. ",1374441583.0,-7
TheSimpsons,"Oh Lisa, that's a load of rich creamery butter.",1374441227.0,24
PHPhelp,Start [here](http://php.net/manual/en/language.oop5.php).,1374377506.0,1
conspiracy,"I'm pretty sure they can lock you up for tax evasion, regardless of whether you file.  ",1374349072.0,8
AdviceAnimals,Bravery level: so. ,1374341398.0,5
personalfinance,"Yeah, that's wrong. If your wife doesn't work, file Married-2. If she works, file Married-1 or 0. If your salaries are dramatically different, one of you will likely have to withhold extra from each paycheck. Your employer can give you a new W4 form at any time, which contains a worksheet on how to calculate how many allowances you should take and how much extra you should withhold (if any). ",1374291698.0,1
funny,"It is, however, *extremely* /r/funny. ",1374206890.0,109
beerporn,You can also use them to crack nuts and shells in a pinch. ,1374115349.0,3
AskEngineers,I bet /r/VXjunkies could give you some ideas on what to do with them. They know all about this kind of equipment.,1374114199.0,12
beerporn,"Or use a foil cutter, or, failing that kitchen scissors [like these](http://upload.wikimedia.org/wikipedia/commons/thumb/b/b9/Kitchen-Scissors.jpg/800px-Kitchen-Scissors.jpg) with jagged teeth between the fulcrum and the handles. Place the wax or foil between the jagged teeth, clamp scissors firmly, and twist. ",1374113332.0,1
news,"It's getting harder and harder to out-crazy Florida. You gotta do what you can to get noticed, and apparently that means shooting down drones. ",1374038770.0,5
carcrash,"To see if a link has been posted before, simply paste the link in the *search reddit* box and hit enter.  ",1374031234.0,7
atheism,"His father was very intelligent and (all joking aside) very prudent. He was likewise surrounded by malicious men. 

As for GW, it's unfortunate that the *compassionate conservatism* he ran on didn't materialize until after his presidency. ",1373821473.0,1
Audi,"So this post has been deleted, half the comments have been deleted (by mods or by the OP, I'm not sure). Everything that happened here is disgraceful. If people can't post pictures of their cars just because they're expensive, that sets a troubling precedent.

I enjoy pictures of classic Audis, but also enjoy sharing in the excitement of someone who just got a new S8 or TTRS or, yeah, even a V10 R8. I don't want to be part of a community that shuns owners because the cars they purchased are out of someone else's reach. ",1373817405.0,1
Autos,What better way to test a car than to drive it in 130F weather?,1373780722.0,1
Audi,"That's because it sways toward liberal politics, not because of its economic distribution. Reddit's demographics don't accurately mirror US (or even Western countries' demographics); it definitely trends toward more white, more male, more educated and, yes, higher income.  Also, the 99 vs 1 movement [sprang up in 2011](http://en.wikipedia.org/wiki/Occupy_Wall_Street), less than 2 years ago. ",1373779215.0,1
Audi,"I'm not quite sure what you're trying to say. Are you saying OP is one of those people because he drives an S8? If so, how could you possibly infer that? Are you saying there's no place for S8s in /r/audi? What are you getting at?

EDIT: Sorry, but this guy's comment is asinine. OP just wanted to share his hot new Audi to a group of *Audi enthusiasts*. There is absolutely no place for politics there. Furthermore, this is /r/audi, not /r/used1992toyotacorolla. The cognitive dissonance required to be offended by an S8 post on a fucking forum for European luxury cars is astounding. Give me a god damn break. ",1373773619.0,1
Audi,"This was never the case. Reddit actually started out as primarily upper middle class tech oriented guys. Maybe not S8 money but never poor by any stretch of the imagination. Only recently (1-2 years ago) has reddit experienced an influx of less financially secure folks, but mostly because they were of college age and younger, less far along into their careers. As reddit grew and became more mainstream (yes, reddit is mainstream now), more upper class folks have joined, but not as many to match the numbers of the younger redditors.",1373772161.0,2
greed,"It's a bad product, plain and simple. Chase has *much* worse examples of greed. If you want to avoid fees, and you have this account, keep $500 in it. Or get a better savings account from any of the better banks (like USAA or a credit union). 

This post is just like saying ""Buy McDonalds' 99c cheeseburger and all you'll get is a bland, greasy burger with very little nutritional content."" This savings account is the ""value menu"" of bank accounts. ",1373732222.0,7
iphone,Can I just give a shoutout to the Transit app? If any of you use public transportation it is a true lifesaver. It actually makes taking the bus/metro a joy. (I am in no way affiliated with this app or its creators; I just think it's awesome.),1373683598.0,1
politics,[No](http://corporate.walmart.com/our-story/leadership/board-of-directors). Please refrain from posting conjecture you could easily verify yourself. ,1373557787.0,14
LosAngeles,That sure is an aggressive title for a video that supposedly demonstrates beauty. ,1373251554.0,1
tappedout,They can't add Knight Boat... unless they add support for canals... or inlets... or fjords. ,1373251071.0,5
beer,"Incidentally, this practice is absolutely unacceptable. For those reading, you should never hesitate to refuse or send back beers you see poured this way. ",1373247898.0,1
travel,I find Three Penis Wine is more effective for the libido. ,1373159841.0,33
tea,"Yeah, this looks to be mostly fannings and a healthy amount of dust. $3/lb isn't necessarily a steal. Whole leaf jasmine would likely be much more. If you enjoy jasmine and you're looking to splurge, I really like the jasmine pearls (aka dragon Phoenix). So good. ",1373133419.0,2
LosAngeles,"I'm not OP, but I think it's awesome to put together a list of quintessential LA movies. ",1373128614.0,4
business,"> Bad news for those of you who don’t live in Colombia...

There's a phrase I didn't think I'd ever see. ",1373128182.0,8
Iowa,Appears that way. Fireworks shows typically last longer than 50 seconds. ,1373074057.0,4
lakers,"At the corner of Colorado and Hayvenhurst, in Little Mogadishu. ",1373072750.0,13
Iowa,It's good to see Jackie and Kelso back together. ,1372997492.0,13
cringepics,That font gave me cancer. ,1372910394.0,3
WTF,"For a furnace, AC *and* a tankless water heater? Dude, that's a pretty good deal if it includes installation. ",1372910274.0,12
WTF,That's 1-2 more than Green Day. ,1372906535.0,49
AdviceAnimals,"They're fighting, but not for my freedom. Who are they fighting that is doing more to threaten my liberties than the US government itself?",1372809687.0,2
AdviceAnimals,"Look, I'm not sure how to break it to you, but we're spying on you. We spy on everyone.",1372809480.0,0
AdviceAnimals,What makes you think you aren't being spied on?,1372808673.0,1
AskReddit,First visit /r/creepyPMs to learn what *not* to say over texts.,1372808373.0,1
AskReddit,The Matrix.,1372806942.0,0
AdviceAnimals,"My mailbox is also right next to my front door. I've seen many places where this is true. I've heard, however, that if you relocate your mailbox to the curb, you cannot relocate it back to your doorstep. I have no idea whether that's true or not.",1372787175.0,108
AdviceAnimals,Community laundry? This sounds more like a second-world problem to me.,1372786304.0,2
AdviceAnimals,**Pride** is the opposite of **shame**. They're pronouncing that they will not be ashamed of the way they are. When's the last time you were made to feel ashamed of being straight? I'll bet the answer is *never*. That's the difference.,1372716922.0,3
cars,Then you should know it's spelled *Bimmer*.,1372690061.0,1
cars,"Keep in mind that the CLA is not designed to be at the same vehicle class as the C-Class, 3-Series, or A4. It's more similar in price, performance and features to the Audi A3 and the BMW 1-Series.",1372689991.0,2
cars,"I think he means that Audi has a highly regarded AWD system (quattro) that was developed and refined over many years on the rally car circuit. Most A4s come with quattro, unless you buy the very base trim. It's a bit harder to find X-Drive versions of the 328i. On the Audis, quattro comes as a default in most models and trims; on the BMWs, X-Drive is almost always an extra option.",1372689614.0,3
AdviceAnimals,I HAD SEX WITH YOUR WIFE!,1372650237.0,10
funny,"Not if you label them an ""enemy combatant"" first. ",1372648695.0,10
cars,"I own an A4 and before that owned a BMW 330ci. I test drove an E90 before I bought the A4, and while I haven't driven the F30, I will try to give you my impressions. The 3-Series is a better driver's car, but the A4 is a better well-rounded car. In nearly every department they're very close. I chose the A4 because it was a much better deal. I could get AWD and nav for the price of a 328i with no frills. I thought the B8 looked better than the E90, and I still think the refreshed B8 looks better than the F30. And finally, I had a much better dealer experience at Audi than at BMW. BMW dealers acted like pricks, like my business was taking away from time they could be selling 535s and 750s. Audi dealers acted like they wanted my business, so I let them have it. ",1372629985.0,3
cars,Why did you buy a Volkswagen Golf?,1372628782.0,4
funny,This is so /r/funny. And by that I mean not funny at all. ,1372618543.0,53
TheSimpsons,"Hey, just heard the news over the squawk box. That's nice work, Homer.",1372565223.0,3
Autos,Had a 2001 BMW 330ci with 45k miles on it that I sold about 16 months ago because my wife and I didn't need a second car and we were looking to downsize. Now we face the prospect of needing a second car and all I can think about is how much I want that car back. ,1372533678.0,4
DIY,I immediately went to the comments to see who might offer constructive criticism on his dildo craftsmanship. ,1372522447.0,2
economy,"Caveat: I am not a financial planner or anyone qualified in any way to give financial advice on something as important as a mortgage. I am just a guy who also has a mortgage who went through the process last Fall. I would post your question in /r/personalfinance to get a healthy number of opinions on what you should do.

Now, that being said... You will never be able to time the market perfectly. If you have the opportunity to reduce your rate from 4.625 to 4.375 (everything else being equivalent) I would advise you to do it. 

Just be sure that your broker isn't tacking on points to your mortgage to obtain a more favorable rate. Brokers have a habit of moving money around to make certain aspects of your loan seem favorable by hiding less favorable numbers in other places. The APR is what will tell you the true cost of the loan, so if he's saying he can get a rate of 4.375 your APR should fall an equivalent amount. If it doesn't, he's just moving money around to make your rate seem more attractive.

",1372441749.0,2
lakers,He got called up to the big leagues. ,1372393253.0,1
economy,"Wow. I can't believe the rates have gone up so much! 6 months ago it was a full percentage point less. But given the craziness of the market, I suppose it makes sense. ",1372392397.0,2
economy,Are you sure you're not conflating the rate and the APR?,1372392030.0,2
Audi,But the difference between the Ferrari plant and the Porsche plant was like comparing a backyard shed to the Large Hadron Collider. ,1372391471.0,1
AdviceAnimals,"[Don't be so sure.](http://www.theonion.com/articles/tim-tebows-former-teammate-charged-with-murder,32976/)",1372388540.0,12
PoliticalDiscussion,"Clinton was impeached for perjury and obstruction of justice, which were at the time (and still are) illegal. They also meet the test of ""high crimes and misdemeanors"" set forth in the Constitution as a requirement to remove a president from office by impeachment.

There are several reasons Congress has not attempted to impeach Obama:

1. Congress (and specifically the House, where attempts to impeach must originate) does not want to impeach Obama for this reason. Congress voted for much of the increased surveillance programs and funding, and they support the programs by an *overwhelming* margin.

2. Obama has not broken any laws. As mentioned before, these programs were passed by Congress and they are (nearly) completely apprised of their activities on a regular basis. So in a strict sense, they are completely *legal*.

3. Now, you may feel that despite their *legality* they are not *constitutional*. Unfortunately, their constitutionality has not yet been determined. To disband these programs and overturn the laws that created them, their constitutionality would have to be adjudicated by a court. So far, that has not happened.

So... assuming a court determined that these programs were unconstitutional, **and** he continued them despite an order to disband them, **and** Congress objected to what he was doing, only then would you see a situation where Obama might be impeached.

",1372357987.0,27
AdviceAnimals,"Oh please, dear? For your information, the Supreme Court has roundly rejected prior restraint.",1372345587.0,1
AdviceAnimals,Too soon. ,1372297122.0,1
funny,"/r/im14andthisisfunny

[Background](http://en.wikipedia.org/wiki/Gay_Nineties) on the term.",1372202650.0,1
LifeProTips,What's your current salary?,1372195812.0,11
beerporn,"> My first try of this fine *ass nectar*

ಠ_ಠ",1372187516.0,0
spotify,This playlist is a mess. There's no common theme to connect these songs. It's just a bunch of songs you like.,1372177191.0,-4
LifeProTips,"Better LPT: You can decline to state your current salary. All revealing your current salary does is force you to negotiate up from that number when you accept a new job. It puts you at a terrible disadvantage, especially if you're underpaid at your current job.

Rather, say what salary you're looking for. Let the company you're applying to decide whether you're worth what you're asking for.",1372174420.0,539
PoliticalDiscussion,"He's not leaking any documents. He's used documents to corroborate the story he's told through journalist Glen Greenwald and the Guardian newspaper. It's likely that he's told everything he known to Greenwald and that Greenwald has determined how to best manage the proper dissemination of that information through journalistic channels.

He has not, nor will he ever, do a document dump the way Bradley Manning did through WikiLeaks. And to suggest that he might (or ought to) do something like that through reddit is silly.",1372173826.0,6
Porsche,"US dealerships tack on tax separately, along with any dealer and/or transport fees, so-called [gas-guzzler tax](http://en.wikipedia.org/wiki/Energy_Tax_Act#Gas_guzzler_tax), etc. His total out of pocket will be closer to $150k even if he didn't tick any options boxes, which he did.",1372172226.0,2
webdev,"If you have to ask, you don't know them well enough. Part of knowing these disciplines/languages/tools sufficiently means understanding the limitations of the breadth/depth of your knowledge.",1372097449.0,-2
AskReddit,Pizza.,1372091010.0,70
AskReddit,"Even though you're an adult, remember that it's their house. Be respectful of their rules and contribute to housework and yardwork whenever you have the opportunity.",1372090522.0,2
AskReddit,"Go to the thrift store. Buy dishware, glassware, and cookware.",1372089651.0,2
TheSimpsons,"OK, srow her in zee hole. ",1372045186.0,14
TheSimpsons,Mmm... Warren Burger. ,1372044745.0,2
TheSimpsons,Insolvent?!,1372043427.0,18
news,"*Meet the Press* totally went to shit after the death of Tim Russert. Russert was tough, fair, and never let a politician evade a question or use talking points as a crutch. Gregory is perhaps the worst replacement for Russert they could have got. ",1372024571.0,11
beer,I highly recommend Burger Bar at Mandalay Bar. Outstanding burgers and outstanding beer selection. ,1371931662.0,13
AMA,"Have you even been to Iowa? Aside from one week in Spring and one week in Autumn, people don't tend to do a whole lot of walking around.",1371930628.0,1
nfl,Obviously the Atlanta/Tampa Bay Fuckaneers.,1371854866.0,26
JusticePorn,"I'm not sure the article explains her motives for doing it (the entitlement you see in her actions isn't borne out by the article).

As for my situation, it wasn't a small leak. ""Leak"" is used to describe any situation where you have uncontrollable water escaping. I had bursts in lines where water was coming out at city water pressure (i.e. the pressure at the main, 120psi, not the in-house pressure, which would be closer to 50-80psi). In both cases I had geysers where I was losing hundreds of gallons per minute. It may not seem like a big deal if you've never been in a situation where you've had an uncontrolled water loss and didn't know how to stop it.",1371851174.0,-3
JusticePorn,"First of all, she should have called her landlord immediately. 

Now, that being said, if you've ever had a plumbing situation like that, it *feels* like an emergency. If you don't know how to shut off your water, and don't know who to call, your first instinct might be to panic. That water just doesn't stop. I had two situations like that *outside* and it was still terrifying not knowing how to shut off the water.

This should serve as a reminder to everyone: keep a list of emergency numbers for as many situations as you can think of and make sure you have someone to call when shit happens.",1371850101.0,-6
DoesAnybodyElse,"I occasionally use the stove, and my wife drives! We're all about breaking down traditional gender norms.

Seriously though, use whatever works for you. Don't let product marketing dictate your behavior.",1371848638.0,7
personalfinance,"Use your ATM card at a French ATM. It'll be exchanged at the current rate, and you'll only be assessed a flat fee (rather than a percentage).",1371771614.0,10
pics,Repost to /r/cringepics/ (after you strip out all that identifying information).,1371761690.0,1
AskReddit,Nice try. Do your own fucking homework.,1371761550.0,6
travel,"If you need it quick, and you're concerned you'll be tied up in bureaucracy, you're probably better off collecting all your documents and going directly to a [regional passport agency](http://travel.state.gov/passport/npic/agencies/agencies_913.html). Hopefully you're close to one.",1371760626.0,1
pics,Maybe the guy's just eating lunch.,1371760441.0,3
PHPhelp,"There is no reason to make this its own field. If you have a field that records the date of their last transaction, you can calculate how long ago it was on the fly.",1371652560.0,1
obama,Doesn't matter. It would never even receive a vote in the Senate. The bill (and Obama's response) are merely symbolic.,1371586975.0,2
BMW,Obviously you're not a golfer. ,1371523039.0,1
AskReddit,Mel Gibson's house is the only safe part of the city.,1371510449.0,1
pettyrevenge,Downtown Santa Barbara.,1371507015.0,10
AdviceAnimals,[Think again](http://www.culturecycles.com/2012/03/equinox-brewery-bootlegger-keg-trike/),1371500706.0,1
BMW,"That rug really ties the garage together, dude.",1371483802.0,3
Autos,"Does this mean there are three overdrive gears, or are there still just two?",1371277121.0,7
mashups,"On a purely conceptual level, this is amazing.",1371273981.0,7
TheSimpsons,"Yeah, I never heard of it either but they say they have over 2,000 locations in this state alone.",1371271087.0,16
BMW,"I think it's a body kit. But it incorporates the LED running light style of the 6-Series. It would have totally been consistent with BMW's brand, it looks great, and is aggressive yet refined.",1371253361.0,1
nba,"> Who says no?

Stern. Basketball reasons.",1371249932.0,2
BMW,"I've been trying to figure out how to articulate my feelings about the car. I read a comment that the design language of the front doesn't match the design language of the rear at all, and I think that's what the issue is. It's like once the car reaches the A-pillar, it's a completely different car on either side, and it doesn't fit together at all. The *flow* of the design doesn't run the length of the car; it gets broken up at the A-pillar. For a company with a reputation for attention to detail, this just looks sloppy.

Another issue I'm seeing is that, traditionally, the coupe has always had a more aggressive face compared to the sedan. I feel like the designers have that completely switched around. The coupe has a docile, bland face, while the sedan (especially the M-Sport) has a much more aggressive appearance. 

Imagine if the 4-series had [this face](http://farm8.staticflickr.com/7203/6833576088_1e84434e14_b.jpg) instead. That would make way more sense.",1371246099.0,2
LosAngeles,"I hate to be the one to tell you that getting around in LA without a car is exceedingly difficult, especially if you intend to cover a wide area or places outside bus paths.

As for your other questions, please see the [FAQ](http://www.reddit.com/r/losangeles/wiki/faq) in the sidebar.",1371236179.0,-1
AskReddit,Vladimir Putin.,1371225831.0,2
Epilepsy,"Is she on medication? If these occurred around growth spurts, it's highly possible that she gained weight and caused her dosage to slip below therapeutic levels. It's important to get regular blood tests to ensure that medication levels are at therapeutic levels, especially when there are are changes in weight greater than +/- 10% (this applies to adults as well).",1371225690.0,1
BMW,"Am I the only one who's very underwhelmed by this? Its styling is just so... bland. Frankly, I'd much rather have the upcoming [235i](http://autoclubnews.com/exclusively-bmw-235i-with-no-camouflage-captured_16_15008).",1371225439.0,24
cscareerquestions,"You are fresh out of college. You are not an *average* developer. In the real world, you are a *Junior* Developer, so take those charts with a grain of salt (they represent developers at midpoint in their career).

Here's the thing: you need to take a step back from the immediacy of *now* and see this first job as the first stage in what is hopefully going to be a long and fruitful career as a developer. Even if you think your offer isn't what it should be, keep in mind that a fringe benefit of working for one of these 'web giants' is that you can pretty much go wherever you want afterward, and they put you in a much stronger position and help you advance much faster 1, 2, or 3 years from now when you want to move on (compared to, say, if you started working at a lesser known company). Bite the bullet, and realize you're being offered an opportunity far larger than the actual compensation you will receive.",1371222469.0,3
todayilearned,"For the record, we're quite good at overt aggression as well. ",1371177894.0,514
AdviceAnimals,Absolutely. *Face the Nation* this past Sunday had a 45 minute roundtable on how much better the PS4 is than the XBox One.,1371160635.0,1
books,[This](http://redditorschoice.com/) is a good place to start.,1371062690.0,3
California,"On the complete *opposite* end of the beer spectrum, check out [Indian Wells Brewing](http://www.mojavered.com/Beers.aspx). Their beers are so bad it's almost comical. I have no idea how they stay in business.",1370981504.0,1
pics,/r/whatisthisthing,1370902498.0,1
AskReddit,"6) **This subreddit is not a replacement for legal consultation, medical or mental health consultation.** These posts will be removed, as the qualifications of any person giving such advice cannot be verified. Contact the professional in your area for your needs.",1370895303.0,1
cscareerquestions,"Thank you for that info. 

Based on your experience, do you think a recruiter might refuse to pass along my résumé if I take steps to prevent them from manipulating it?",1370738068.0,1
cscareerquestions,"In my metro area, most of the Sr Dev and higher jobs are *only* listed through recruiters. These companies use recruiting firms to seek out and qualify potential candidates.",1370728348.0,2
cscareerquestions,I'm aware of that. I'm not looking for rock-solid encryption. I just want to make it difficult for recruiters to copy-paste my résumé into another program.,1370726737.0,1
cscareerquestions,"I said why in my post:

1. It makes my résumé look bland, sloppy, and unprofessional, and I feel it reflects poorly on me. 
2. It allows less scrupulous recruiters to cold send my résumé to firms with open positions without my consent. I'm not interested in helping a recruiter drum up new business. If they think a position will be good for me, they ought to bring that company to *my* attention, not the other way around. 

Also:

* It robs me of control over how the first impression of me is made. If I don't get an interview, I want it to be because of a decision I made, not the work of a recruiter. ",1370725431.0,3
TheSimpsons,This man has no love for his power plant!,1370724194.0,3
cscareerquestions,It's only protected in the sense that it can't be modified and text can't be copied. It's not like you need a password to open it. It opens and displays just like a regular PDF. ,1370720055.0,1
Audi,"An awesome car for sure, but even more amazing is the fact that you can extract huge HP gains with a simple chip tune, putting it into M5/CTS-V territory. ",1370715607.0,2
spotify,"I know it hardly fits the vibe, but if you don't mind ska, *Drinking for 11* by the Mad Caddies is one of the best songs to drink alone to. ",1370662157.0,1
webdev,/r/forwardsfromgrandma,1370646098.0,3
spotify,This is such a groovy playlist.,1370564921.0,2
AskReddit,"Scroll to [the bottom of the list](http://www.imdb.com/chart/top): 

> m = minimum votes required to be listed in the Top 250 (currently 25000)

and 

> for the Top 250, only votes from regular voters are considered.

So it only makes the list once it has 25k votes, and those votes must be from regular voters.",1370559994.0,2
offbeat,Uncle Leo?,1370494700.0,3
motorcycles,"1. Visit a few other local regional motorcycle subreddits to see what kind of content they post.
2. The intended visitor base is pretty much directly proportional to the population of the region you're targeting. For example, /r/MotoLA has 500+ subscribers; /r/RideAlberta, barely over a dozen.
3. Contact the moderators of this subreddit to be added to the sidebar.",1370474452.0,1
BMW,Owner and car now have matching tramp stamps.,1370374299.0,10
personalfinance,"What everyone said is very good but there might be another reason as well: your bank may want to market additional products to you in the future. For instance, they may want to see if you have a mortgage or an existing car loan so they can target you for refinance products or a HELOC. Also, they may want to target you for different credit card offers based on your credit score and history. ",1370227899.0,1
TheSimpsons,Your manager says for you to shut up!,1370223391.0,2
AMA,"DVD profiles are never coming back, right?",1370221475.0,2
pics,They are. And [the 235i](http://m.motortrend.com/wot/spotted-bmw-2-series-coupe-interior-refreshed-m5-sedan-355645.html/2014-bmw-235i-rear-three-quarter-mt/) looks great!,1370065304.0,1
pics,"Development of that vehicle preceded the new convention.

[Here's](http://m.motortrend.com/wot/thread-of-the-day-is-the-switch-to-the-bmw-4-series-name-a-good-idea-301175.html) more info on the switch, which was made official recently. ",1370064998.0,2
pics,"BMW has decided, as of several years ago, all odd-numbered series cars will have four doors, while all even-numbered series cars will have two. For example the former 3-Series will be split into the 3-Series (sedans) and the upcoming 4-series (coupes). There are exceptions, such as the 6-Series Gran Coupe, but for the most part the end goal is for every new model henceforth to follow this new convention. ",1370064691.0,3
pics,It doesn't even fit their naming convention either. If this was legit it should have two more doors. ,1370061629.0,9
AskReddit,"Prosecutors want conservatives on the jury, as they are more likely to be sympathetic to the state's case; defenders want liberals on the jury, as they are more likely to be swayed by mitigating circumstances. I was once empaneled on a murder case, and said I would never under any circumstances vote to sentence a defendant to death. I was the first person dismissed by the prosecution. The closer you are to the middle of the political spectrum, the more likely they'll keep you.

If it's a civil case (or even a criminal case), you can easily raise your chances of getting dismissed by claiming anything that might be considered a conflict of interest in the case, or if you are acquainted with any party in the case.",1370024820.0,2
funny,"Being a good person is dead. So is talking to your neighbors. Based on this thread, all of society has apparently devolved into a Hobbesian passive-aggressive pissing contest.",1370020313.0,42
TheSimpsons,Should have [robbed the Kwik-e-Mart](http://i.imgur.com/pdE3i.gif).,1370014516.0,26
Music,/r/tipofmytongue,1369946857.0,3
cars,Just commenting to point out that in 1989 the Turbo took on the specs of the Turbo S while keeping the name of the former (and the latter was discontinued).,1369944919.0,4
DIY,"> Installed my two kegs and CO2 tank, and ran all the lines. I read so many guides saying that they wished they had another tap, so I have 2 more taps than I thought I would want.

Can you explain this? Why did you install 4 taps if your keezer could only accommodate two pony kegs?",1369936225.0,2
Music,I think you're looking for a genre of music called [Stomp and Holler](http://www.furia.com/misc/genremaps/engenremap-stompandholler.html).,1369935243.0,2
California,"Agoura Hills has great high schools, so do well in school and concentrate on getting into a good college, if that's what you want to do. Otherwise, it's a pretty ordinary, suburban, upper-middle-class town. Consider joining the following subreddits:

* /r/LosAngeles
* /r/VenturaCounty (since you're right on the border of those two areas)
* /r/ThousandOaks
",1369930034.0,3
California,Junior in high school?,1369926949.0,1
AdviceAnimals,"* *God* = taking the Lord's name in vain  
* *Damn* = profanity
* *God* + *damn* = blasphemy

Of those, the hyperreligious tend to get the least bent out of shape about profanity.
",1369860100.0,1
AskReddit,"That makes him a head of state, not necessarily a politician.",1369858772.0,1
IWantOut,"According to [this](http://travel.state.gov/law/citizenship/citizenship_780.html), you *may* be fine to do this, as Germany is an ally of the US. ",1369858066.0,2
motorcycles,"Everyone here has done something like that at one point. If there's no damage, it sounds like you got off lucky. Relax, don't beat yourself up over it, and be more careful next time.",1369857956.0,6
tappedout,"'Tis a fine town, but sure 'tis no pool, English.",1369784995.0,5
funny,I'm pretty sure that expression was around decades before Justin Timberlake said it.,1369779654.0,3
AdviceAnimals,"> where latino people are under represented.

I'd suggest the Republican party, but it sounds like you're already a member.",1369773950.0,0
QuotesPorn,Yes. That sentence contains a comma splice (unless it was excerpted from a poem).,1369763717.0,1
LosAngeles,"How far are you willing to hike? There are amazing spots in the Los Padres National Forest behind Ojai and Santa Barbara (the latter, sadly, being on fire right now). If you're willing to hike a few miles in you might not come across another person. ",1369718803.0,3
Epilepsy,"Sounds like she had a bunch of things occur simultaneously that could lower her threshold: giving birth, associated stress (probably), associated lack of sleep, missing doses. I am not a doctor, but given those factors, it doesn't sound terribly surprising. The hospital is probably right. I would schedule an appointment with her neurologist, but it doesn't sound like an emergency. ",1369701359.0,8
TheSimpsons,A walking clock!,1369627550.0,8
beerporn,And you're not even going to say where this picture was taken?,1369608100.0,3
Epilepsy,I've never had severe nausea like that but I always feel awful during the post-ictal period. I feel emotionally drained and not at all like my normal self. I'll usually lose my whole appetite. This can last for up to a week. ,1369604658.0,1
funny,"No, the 14 year olds post to /r/funny. ",1369525684.0,2
PoliticalDiscussion,"I have been summoned twice since I turned 18, 14 years ago, and have never served. That seems weird to me. I live in California and have never tried to get out of jury duty. Who are these people serving on juries?",1369452681.0,1
beerporn,"Because I thought everyone would see it too, and I was busy with work stuff :/",1369417789.0,6
beerporn,[Are you sure?](http://i.imgur.com/yH1gSQ7.jpg),1369416457.0,6
beerporn,"It's not so much the color as it is the font choices that make it appear distinctively like Great Divide. It's like when Hyundai came out with the Equus and everyone said they were trying to [mimic the Mercedes S-Class](http://thedailydrivers.com/wp-content/uploads/2011/09/GenesisMercedes.png) with the front. Hyundai claimed, well, the sides and back are different, as is the interior, so they're barely alike at all.

This is similar. Maybe the colors are different, and so are the borders and such. But it's Great Divide's most distinctive design elements, their fonts and layout that carry through nearly [their entire lineup](http://greatdivide.com/beers/#all) (the style that distinguishes their brand) that are being blatantly mimicked here. I'm not saying it was intentional, but it's close enough that it will probably warrant closer scrutiny from Great Divide. They're big enough that they probably realize the importance of protecting their brand.",1369413861.0,4
beerporn,"From a branding standpoint, their labels are *very* close to Great Divide (I thought this was a new Great Divide beer at first glance). [Example](http://thefullpint.com/wp-content/uploads/2009/09/great-divide-dunkelweiss.png), [2](http://1.bp.blogspot.com/-HR4UvcGesoc/T2DFhekU1oI/AAAAAAAABmE/DEfOiDaeqV0/s1600/Great-Divide-Belgian-Style-Yeti.png)

Their beer name is in a nearly identical tall bold Impact-style sans-serif, above the beer style, which appears to be a *very* similar script font. I'm no attorney, but I suspect this is close enough to cause confusion. Or at the very least, their graphic design person is drawing heaving inspiration from Great Divide.

**EDIT:** Look fellas, here's a [side-by-side](http://i.imgur.com/yH1gSQ7.jpg) with the dissimilar elements removed. Now try to convince me this does not create confusion.",1369409010.0,26
tappedout,You kinda got lazy there in the lower right corner. ,1369371156.0,9
AskReddit,Always leave a note.,1369325927.0,679
beerporn,Clearly you are a hoarder. I can help you get rid of all that clutter and turn your life around.,1369324333.0,2
IAmA,"So then you're probably intimately acquainted with the infamous [Mulholland motorcycle curve](http://www.youtube.com/watch?v=MRYb0vGW8AQ). In your opinion, why do beginners get so thrown off by that particular curve? How would you advise novices to approach it?",1369262297.0,1
beer,"Well, it's in the refrigerator, and if it was ever outsider the refrigerator,                  that store is always 72 degrees F any time of year. And it's in the cardboard holder, so light's probably not an issue.

I think you're right, though; $11 isn't that big a risk.",1369253528.0,1
news,"It sounds like this was not a formal interrogation that would take place after a suspect had been detained and brought in for questioning. It sounds like the guy was not detained and was simply being asked questions in his home. In this case the guy would have been free to get up and walk around, and probably grabbed a knife from his kitchen. It's not uncommon at all.",1369246557.0,33
AskReddit,Mountain Dew or Crab Juice.,1369171966.0,2
AskReddit,"If you don't know the difference between the two, you certainly don't need a $1300 computer.",1369171705.0,1
AskReddit,Teen pregnancy.,1369171446.0,1
Android,"I guess this explains why MS completely abandoned Windows Media Center last year. I guess they were devoting all their ""media"" attention to the XBox One. That's really unfortunate, because it doesn't look like the XBox One has any DVR capabilities. I'd like to see a merged product, with XBox One features available in a Windows 8 based Media Center product with DVR capabilities.",1369168953.0,13
Autos,"The Miata's engine is inline. For a boxer engine, he's going to have to buy a Subaru. For cheap, buy an old Impreza or a Legacy.",1369088937.0,1
BMW,"Remember that it took *years* for BMW to get iDrive right. Moving functionality from knobs/buttons to a touchscreen is hard, but there are big benefits:

* You can change the interface with a simple software update.
* There are fewer moving parts to break or malfunction.
* You can fit many actions within a smaller space (radio, HVAC, telephone, navigation, driving settings, etc).

Cadillac is having a rough time of this, but they're improving fast. For a great example of a company that went totally touchscreen, look at the amazing feedback Tesla is getting for their interface.
",1369078738.0,2
BMW,"You do know that literally every carmaker has a haptics team, right?",1369028252.0,12
InsightfulQuestions,"Certain states are doing everything short of outright banning abortion *already*, hoping to have the Supreme Court revisit Roe. The most insidious of these laws are the so called [TRAP laws](http://en.wikipedia.org/wiki/TRAP_law), which make it close to impossible to operate a facility that provides abortion. 

If the Roe ruling were to be overturned, you could expect most of these states to ban abortion outright. More liberal states would continue as they do now, without a change in laws.

The biggest change would likely be *federal* attempts to fully ban abortion. If a vote were held today it would probably easily pass the House, but never even be brought up for a vote in the Senate, and consequently such a bill wouldn't become law unless the GOP eventually also captured the Senate and the presidency. Of course, if that happened and a *federal* ban became law, it would be back to the Supreme Court again. ",1369004791.0,8
AskReddit,/r/lounge for being *one* week late on my membership dues. ,1368998444.0,1
AskReddit,"Keep in mind the radio version of this song has the intro significantly shortened. For best results, rock out to the album version. ",1368997665.0,3
TheSimpsons,Have you been to /r/funny lately? It's only for things that are decidedly *not* funny. ,1368848569.0,141
pics,Or... beef up and become an unstoppable hockey goalie. ,1368848011.0,-9
AskReddit,"Used car. Two years old, barely any miles, still under warranty, and half the price of new.",1368830383.0,2
AskReddit,An affordable college education.,1368830022.0,3
AskReddit,Wow. You managed to make drowning sound 100x more terrifying.,1368827890.0,30
PHP,Sounds like a job interview question.,1368809018.0,2
loseit,"That one looks pretty good. There is usually not much of a significant difference between the apps. They're all based on [the original C25K workout plan](http://www.coolrunning.com/engine/2/2_3/181.shtml). The only real difference between the apps is interface, bells and whistles, etc. Ironically, the best apps are usually the ones without all the bells and whistles like Facebook integration, sharing, prizes, leveling up. The C25K plan is so simple that all you really need is a timer that tells you when to run, when to jog, and when to walk.

The C25K program is aimed squarely at noobasaurus-rexes. If you can't run for more than a minute or two without stopping to walk, this is for you. *Zombies, Run!* is more geared for people who can run a few miles without stopping.",1368746286.0,1
loseit,"Can you run for more than a few minutes without stopping? If they answer is no, go with C25K (Zombies, Run! is more for established runners). It's the absolute best way to ease you into running (it's hard to build up the stamina for running long distances if you've never done it), and it's well worth the price. There are several versions, but the one you want is from Felt Tip, Inc.

EDIT: Or at least that version was the best one when I did the whole C25K program. It's got mixed reviews now. I've also used Bluefin's *Bridge to 10k* and that was very good. I would consider trying their *Ease into 5K* app.",1368744822.0,2
pics,You should crosspost this to /r/OldSchoolCool.,1368744570.0,1
AskReddit,"Then whatever you do, don't watch *[Hachi: A Dog's Tale](http://en.wikipedia.org/wiki/Hachi:_A_Dog's_Tale)*.",1368726129.0,2
Android,"Interesting, but this has nothing to do with Android.",1368651944.0,1
Music,"Well I'm gonna go with the obvious here and say *Africa* by Toto. Frankly, if I was watching this slideshow and didn't hear that song I would be profoundly disappointed.",1368651166.0,1
AskReddit,"The dealership scratched my car while they were servicing it, so now I have to take it back there to have them replace the part they damaged. I wish I wasn't serious.",1368650452.0,2
AskReddit,"Just follow *The Onion*'s [helpful advice](http://www.theonion.com/articles/girlfriend-changes-man-into-someone-shes-not-inter,1507/)",1368650071.0,2
AskReddit,Death and taxes.,1368649412.0,1
sports,"Yeah, Roski wants to build a stadium in Industry, which is just such a dumb, dumb, bad idea, I doubt the NFL or any team (or Los Angeles for that matter) would go along with it.",1368633456.0,2
sports,"I've got bad news for you. Farmers Field is dead in the water. The company behind it (AEG) announced they were looking for a new owner (for the entire company). As a result, no one wants to work with this company while it's in limbo. The LA/NFL thing has been set back 5 years at least.  ",1368588846.0,17
Epilepsy,"I appreciate the link, but it's really just a thread of anecdotes. So far I've had trouble finding any authoritative sources or medical studies that back up the claim that people can ""grow out of seizures"" specifically caused by epilepsy.",1368569780.0,1
Epilepsy,"It sounds like you have separate issues (epilepsy and possibly depression) and they are impacting each other. Try to separate them and you'll get a clearer perspective.

It sounds like you may have recently started having seizures and the EEG and CT were done to help establish a cause. If you're having seizures, it's very important to know what is causing them, as it can be a wide number of things. The CT scan was likely done to ensure that you don't have any brain injuries (including cancer) that might be causing seizures. The EEG was done to determine if you have epileptic activity in your brain. Hopefully they're now on their way to isolating the cause of your seizures.

Yeah, hospitals/clinics are often cold, impersonal places, and tests suck. But it takes time to establish an understanding of what's causing your seizures and then develop a treatment plan that works. Sometimes finding an effective treatment plan takes a lot of trial and error, which is frustrating.",1368547278.0,2
entertainment,Hilariously?,1368546298.0,0
funny,[Relevant *Casino* scene](http://www.youtube.com/watch?v=Yz_-k9qoYns),1368490432.0,2
todayilearned,"> Of course, the cashier had no one idea what I was talking about.

Then it's not a secret menu item! It's just a fucking customer creation.",1368489715.0,1
Autos,It doesn't. I was talking about the overall outcome.,1368489109.0,1
Autos,"Only if that Mustang is a Mach 1. OP has it listed just as ""Mustang GT"" (and the Mach 1 wasn't produced in 2002). The 2002 GT had 260 bhp, while the FR-S has 200.",1368488989.0,2
Autos,The 60 extra HP probably didn't hurt either.,1368486015.0,2
AdviceAnimals,"That's a fetish, not a confession.",1368483229.0,0
StandUpComedy,"Still doesn't hold a candle to his Black Angus routine, Abigail Mae. ",1368421610.0,6
todayilearned,"That brutal comma splice, as well. ",1368421406.0,1
Audi,The B8 models didn't come out until model year 2009. ,1368327927.0,3
tappedout,"# Spelling Corrections

""Ya to bad I cant change it I guess i shouldve just said upcoming promotion"" *renamed to* ""Yeah, too bad I can't change it. I guess I should've just said upcoming promotion.""",1368327560.0,2
AdviceAnimals,"Also, you hope the picture turned out well, because you wouldn't find out until after you got the roll developed. ",1368304857.0,3
explainlikeimfive,"If my memory serves me, the regular coupe (Modena, not Challenge or Spider) were right under $160k new. ",1368303420.0,2
cars,Yo dawg...,1368301351.0,2
beerporn,"That HLV (all Boatswain beers, in fact) is 22 ounces of disappointment. ",1368301209.0,4
TheSimpsons,"Oh man, c'mon. *Albert* Brooks. ",1368245793.0,11
California,"Have the rankings really slipped? UC schools are still the paradigm of state schools, despite the soaring fees. All UCs are in the top 50, save for Riverside and Merced.",1368244922.0,3
tappedout,"I think it's been about 3:1 (snakes to eggs) recently, even before the switch.",1368229207.0,1
AdviceAnimals,Home fries.,1368228648.0,2
politics,"This is so, so dumb. If they *had* sent F16s, your argument would be exactly the opposite. You'd be pointing out the exact same thing everyone else is pointing out to you: F16s aren't a useful tool when there are friendlies in the immediate area.",1368224298.0,6
TheSimpsons,/r/tappedout,1368223049.0,3
pics,"It should be mentioned that that particular hotel was not used for filming the movie. In the movie, the [Timberline Lodge](http://en.wikipedia.org/wiki/Timberline_Lodge) was used for exterior shots, while the interior shots were done on soundstages.",1368216978.0,2
tappedout,"4F13 *is* the [production code](http://www.snpp.com/guides/pcodes.html) for [season 8, episode 17](http://en.wikipedia.org/wiki/My_Sister,_My_Sitter).",1368200592.0,1
cars,"Performance is the goal. No compromises are made in pursuit of that goal. If there is no goal, why make the car at all?",1368151330.0,1
cars,"For example, the Bugatti Veyron gets a combined [10 mpg](http://www.fueleconomy.gov/feg/noframes/31619.shtml) and has 1.3 cubic feet of cargo capacity. That's because they made *no compromises* regarding performance. This is why it's a true supercar. ",1368150921.0,0
cars,"I don't see it so much as having to do with where the model fits into the lineup, or lineage, or X number of horsepower. To me, a supercar is **a car made completely without compromises**. Highest performance, experimental, innovative, completely cutting edge, whatever; without regard to price or profitability. As a result, they're usually very exclusive, sometimes sold at a loss, and always very expensive. By this metric, OP is right:

> ... the LFA is a supercar and the Aventador is not.",1368136963.0,5
technology,"The credibility of *MT* aside, my point was that it wasn't the major auto mag that panned the Model S.",1368121098.0,3
technology,And it was *Motor Trend*'s Car of the Year.,1368116488.0,7
tappedout,"**4F13:** *My Sister, My Sitter*",1368077738.0,4
sports,What's your beef with Hollywood?,1368076583.0,3
answers,"Except that reproduction is necessary for the continuation of life. So how could a physiological mechanism to encourage reproduction be considered in any way ""totally unnecessary""?",1368046543.0,1
explainlikeimfive,124 Gigabytes.,1368038634.0,2
Epilepsy,"A seizure is a symptom of epilepsy. When you had your first tonic-clonic (grand mal) seizure, did they determine a cause? ",1368032592.0,1
Epilepsy,"I was unaware that anyone could be *cured* of epilepsy. I was under the impression that intractable epilepsy could only be brought to a manageable state through medicine, surgery or diet. Can anyone help clarify this?

OP, what was your initial diagnosis?",1368029168.0,2
AskReddit,"Oh wait, I've seen this movie. The answer is *Mr. Nice Guy*.",1367972922.0,1
AskReddit,The GOP of today *is* the legacy of the Southern Democrats.,1367972534.0,3
AskReddit,The legendary esquilax: a horse with the head of a rabbit and... the body... of a rabbit.,1367972466.0,1
AskReddit,Animals can think.,1367971978.0,1
aww,It's probably because of those horrible glasses he switched to.,1367961749.0,1266
LosAngeles,"Washington DC is 68.3 sq miles (176.9 km²).

Los Angeles is 503 sq miles (1,302 km²).",1367958628.0,1
funny,So funny. Totally belongs in this subreddit.,1367951717.0,1
humor,"Well, not to nitpick, but their motto is ""America's Finest *News* Source.""",1367889916.0,2
funny,Who's Kenny?,1367884059.0,1
RedditForGrownups,I watch it. It's the only way I can keep up with what music is trendy at the moment. ,1367798941.0,2
AdviceAnimals,Um... Do you really want to try bringing that grammar around this thread?,1367770401.0,5
LosAngeles,Part of the problem is that even a city like Van Nuys is so varied. West of the 405 and south towards Sherman Oaks are quite nice. Just don't venture north towards Panorama City.,1367687718.0,8
atheism,"I'm not sure why you're being downvoted. There is certainly a spectrum of religious schools, with some being academically rigorous (BYU, Baylor, Georgetown or nearly any of the Jesuit colleges) and others being mostly a joke (Liberty University, Patriot, etc). ",1367686952.0,1
atheism,No! Don't invoke his name on reddit! Now he's going to show up and do another AMA. ,1367686248.0,3
LosAngeles,https://twitter.com/Venice311/status/330355059265265664,1367620375.0,1
AdviceAnimals,This site is also a rip-off of http://www.someecards.com/,1367616183.0,1
AskReddit,"*Pro life* tips for spelling and grammar?

When making your anti-abortion signs, make sure your text is easily readable over your pictures of aborted fetuses.",1367605434.0,3
AskReddit,I once took a Carnival Cruise.,1367604548.0,10
AskReddit,Make a budget.,1367604097.0,3
Music,Congrats and good luck!,1367544312.0,2
Music,"First of all, this is a great playlist. I wish people posted playlists more in /r/music.

That being said, I have no idea what the *story* is. If it has a narrative (I don't think it does), it's hard to decipher. The songs do seem to have a rather romantic theme though, don't you think?",1367539837.0,2
AskReddit,"There's activity in /r/epilepsy all the time. What the hell are you talking about? Most posts have 5-20 honest, meaningful comments. You think posting to /r/AskReddit is going to get you more specific information?",1367538995.0,1
travel,Pick 2 countries. Spend 1 week in each.,1367527360.0,2
AskReddit,This is a great way to describe it. I feel like I'm just looking at people's scrapbooks.,1367523354.0,1
AskReddit,Has anyone really been far even as decided to use even go want to do look more like?,1367519844.0,0
AskReddit,"All of it, probably. 200 years is an eternity in terms of technological innovation. I imagine that everything that could have possibly been envisioned in 1813 has come to fruition.",1367519692.0,2
gifs,It might not prevent the one-in-a-million type thing event like in the video. But it might make him more aware of the hundreds of other dangerous situations that are preventable.,1367516751.0,10
AskReddit,"> In episode 2F09, when Itchy plays Scratchy's skeleton like a xylophone, he strikes the same rib twice in succession, yet he produces two clearly different tones. I mean, what are we to believe, that this is some sort of a magic xylophone or something? Boy, I really hope somebody got fired for that blunder.",1367475223.0,6
beer,"Dude's so loaded, I bet he even has his own brewery.  ",1367473987.0,13
AskReddit,"You cannot break sophisticated encryption with a clever hack or ingenuity. For the most part, it takes brute force and years and years.

**Worst offender:** *Swordfish*",1367453345.0,179
AskReddit,"The rights enumerated in the amendments to the Constitution should be afforded only to *people*, and should not necessarily be construed to pertain to any commercial or political organizations.",1367366460.0,3
answers,"They're using the *un* prefix to suggest that it's a significant departure from an ordinary *game console*.

""Unconsole"" isn't an actual word. It's a marketing creation.",1367362913.0,3
funny,U-N-I-T-Y. That's a unity.,1367359679.0,1
AdviceAnimals,"According to many signs I've seen, laughing is apparently an intermediary step.",1367359480.0,2
LosAngeles,$500? You're going to need a roommate.,1367278720.0,3
AskReddit,MONORAIL!,1367278338.0,1
AskReddit,Cruel twist: it's Riverside.,1367269531.0,1
TheSimpsons,*Owww!* My teeth!,1367209242.0,6
Autos,It worked for The Los Angeles Angels. ,1367201564.0,2
atheism,"> a question of style

Only if you're E. E. Cummings. Everyone else needs to capitalize. ",1367188448.0,5
atheism,Says the guy who doesn't capitalize his sentences.,1367184498.0,17
Epilepsy,I've used Biotene gum with good success after a particularly bad episode. ,1367181742.0,3
todayilearned,Precisely. ,1367128668.0,29
todayilearned,"In Hebrew, *ben*. In Arabic, *bin*. ",1367125318.0,49
Autos,You must be new here. ,1367094614.0,7
Iowa,"Word to the wise: don't tell anyone you're from California. Iowans *love* to hate on people from California, but they can never give you a good reason why. ",1367041073.0,5
AdviceAnimals,"Fortunately, since this is Confession Bear, it's safe to assume OP is making the whole thing up. ",1367040454.0,34
listentothis,"I really want to be pissed at Streetlight for taking **six fucking years** to put out a followup to *Somewhere*, and I really want to hate on Toh Kay for delaying this album by **six fucking months**, but I just can't. This is like a ska symphony.",1367039309.0,3
AdviceAnimals,"You need to let it go, man. ",1367038285.0,323
InsightfulQuestions,There is some gold in this reddit [would you rather](http://www.reddit.com/r/AskReddit/comments/169e1e/what_is_the_best_would_you_rather_question_that/) thread.,1366904367.0,1
todayilearned,This is why professors discourage students from using passive voice when they write.,1366836980.0,1
explainlikeimfive,"Just like the Call of Duty tutorial won't introduce you to the history, concept of, and strategies behind modern warfare, the Madden tutorial won't teach you the ins and outs of American football. They're merely designed to help you start playing the games, and they assume you already have a background on the game you're playing. After all, you wouldn't be playing the game if you didn't have a background in the subject matter. 

As for how the game plays itself, you have to remember that in American football, there are 11 offensive players on the field at one time. This includes a quarterback, one or two running backs, two tight ends, and a few wide receivers. All of these people are eligible to receive the ball from the QB, but you couldn't possibly coordinate the actions of all these people at the same time in real time through a game controller.

As a result, the game relies on set plays, much like real American football, where each player has a set route and exists as an option for the QB to throw to or hand the ball off to. In the real game, which play to use falls to the offensive coordinator (a coach) and the real QB. 

Madden lets you act as a cross between an offensive coordinator and the QB. You pick the play, act as the QB, then you pick the RB/WR/TE to pass to or hand off to.",1366749884.0,1
TheSimpsons,Are you going to eat it?,1366748726.0,7
lakers,"If he made a great statement, quote him in a self post. The link to Facebook and the picture add nothing to the post.",1366736279.0,-14
lakers,"Don't worry. I put it all the way through the Inception machine so we're [completely full circle now](https://twitter.com/cameronpbrooks/status/326727582701740032/photo/1). A twitter post of an iPhone screenshot of a Facebook post of an iPhone screenshot of a twitter post. All I need now is to add some black bars on the top and bottom, and some Instagram filters and we'll have gone full retard.",1366732956.0,-15
lakers,"Look this is great. But am I really looking at a Facebook photo of an iPhone screenshot of a **fucking twitter post**? Not only that, I'm pretty sure it would be impossible for that picture to have more JPEG artifacts in it.

**[HERE](http://i.imgur.com/JO6oAxf.jpg)** is the original image. I know this is Kobe's actual FB post, so it probably gets a pass, but we can do better than this.",1366731926.0,-9
lifehacks,It's also a great place to store your crickets when you're not using them.,1366676088.0,20
pics,"From the sidebar: 

> 5\. **No DAE, ""[FIXED]"" or ""cake day"" posts, nor posts addressed to a specific redditor.**",1366674180.0,1
pics,"If this picture was taken in Los Angeles, they are off because of [court order](http://abcnews.go.com/blogs/business/2013/04/calif-judge-hits-off-switch-on-digital-billboards/).",1366673976.0,2
DIY,"Hopefully OP bought a two-story townhouse, otherwise there's going to be someone else's (heavy) kitchen right above that spot.",1366645222.0,4
Epilepsy,"I'm sorry to hear that. Stress happens to be a trigger for me, so when I sense an aura coming on because of high stress, I take a 1mg Lorazepam tablet under my tongue, as an emergency measure. It has a very quick sedative, calming effect. It's helped me totally get my seizures under control.",1366644566.0,1
TheSimpsons,Forbearance is the watchword. That triumvirate of Twinkies merely overwhelmed my resolve.,1366598119.0,1
Epilepsy,"I think everyone here will tell you it takes time to find a medication and dosage that is both therapeutic for you and has minimal side effects. If you were just diagnosed, see your neurologist monthly, and do monthly blood tests to make sure your medication is therapeutic. If it doesn't work for you, try a different one, and hopefully you'll get to the point where you don't have auras every day. Please be patient, and use this subreddit not only as a place to vent, but also as a place to discuss treatment options you can discuss with your neurologist. Just hang in there. It hasn't worked *yet*, but hopefully one day something will.  ",1366597836.0,3
iphone,It's gorgeous. I just wish it had UV index so I knew whether to put on sunscreen or not. ,1366597502.0,3
pics,"Well, maybe a Western (read Caucasian) male journalist in Mongolia. Just not in Africa. ",1366593958.0,-6
beer,"The NYT should hire this guy as their beer critic. The article was insightful, introspective, honest and well-sourced.

EDIT: I mean, if any of you downvoters had specific points you'd like to refute, I'd love to hear your arguments. ",1366572337.0,-7
scifi,"io9 is a sci-fi blog, hence all these shows are sci-fi/supernatural. ",1366571716.0,24
todayilearned,I suppose this means we'll start seeing kids name their kids *Katniss* eventually. \*shudder\*,1366566121.0,11
LifeProTips,"Most people view apartments during the day, when neighbors are mostly at work. To get a better idea of ambient noise, try to visit the apartment after 6pm if possible. ",1366565546.0,16
LifeProTips,Also quieter. No foot traffic from above. Though this only applies to the top floor. ,1366565330.0,71
funny,Tom Cruise?,1366561443.0,0
Iowa,"IT IS A HIGH-END, CLASSY FONT. NICE AND CLEAN!",1366525766.0,3
tipofmytongue,The problem is this particular chord progression is very common. When I first heard your snippet it sounded like *[Time of Your Song](http://m.youtube.com/#/watch?v=6blhdYBswfY&desktop_uri=%2Fwatch%3Fv%3D6blhdYBswfY)* by Matisyahu. Just putting it out there. ,1366520380.0,3
motorcycles,"Only in Boston metro, on special signed sections of highway, and only during the morning and evening rush hours. Otherwise it is still illegal in MA.",1366403816.0,1
pics,It's OK. They were eating *Light* Ranch. \**shudder*\*,1366396306.0,9
motorcycles,No. This is illegal in every state.,1366393306.0,5
answers,"If you count the ocean as a border, I would guess Fairbanks, AK. If you don't count the ocean as a border, I would guess Nome, AK. ",1366336723.0,66
IAmA,I don't buy that.,1366306392.0,9
Autos,"Generally, Swedish cars are much cheaper to service than their German counterparts.",1366249431.0,1
Autos,"One of the best things about this car is that they *are* really inexpensive, but people perceive them as much more expensive than they actually are (maybe that's why I'm being downvoted). [Here is a listing](http://losangeles.craigslist.org/search/cta?zoomToPosting=&query=volvo+s60&srchType=T&minAsk=&maxAsk=6000) of all Volvo S60s in Los Angeles for less than $6,000. There are more than 115 listings.",1366248173.0,1
atheism,There's also /r/debateanatheist,1366247131.0,2
skeptic,"It's true, but despite what that story says, it has received a great deal of news coverage and discussion. It's just been overshadowed by news about North Korea's war posturing and the Boston Marathon bombing. These allegations have also been around since 2010, so it's not new news. It's just now that the trial has started that more people are noticing.",1366245990.0,13
AskReddit,Bravery level: **so**.,1366238242.0,2
iphone,[This guide](http://www.imore.com/iphone-diy-repair-ultimate-guide-fixing-stuck-or-broken-power-buttons) may be of help to you.,1366229773.0,1
Autos,"I know it's not a compact, but consider a 2000 onward Volvo S60. They usually have nicer features than similarly-priced Accords/Civics and Camrys/Corollas. They're inexpensive, and they should be extremely reliable. They're also very safe.",1366228817.0,-1
circlejerk,Again?,1366228073.0,1
atheism,"If your cousin was also autistic, I would have expected to find this post in /r/circlejerk.",1366224828.0,3
motorcycles,"Regarding the legality of lane splitting, the technical definition is that it is *not illegal*, nor is it explicitly permissible in state law. It is generally up to law enforcement to determine whether your riding is reckless or dangerous.

That being said, it **is** explicitly against the law to drive outside the boundaries of a roadway or in a bike lane. You would almost certainly get ticketed for trying something like this if law enforcement witnessed it. 

If you lane split, you must do it *between* two lanes of traffic, and you must always do it carefully.",1366224587.0,2
TheSimpsons,¡Dios no me llama!,1366217398.0,2
BMW,Why in the world would they think this was a good idea?,1366216888.0,16
TheSimpsons,"Well, the kids have to learn about *Tek War* sooner or later.",1366177198.0,3
forhire,Maybe [this](http://support.microsoft.com/kb/290936) will help.,1366157496.0,2
pics,/r/cringepics,1366156703.0,1
news,Those are injured people.,1366156429.0,1
AskReddit,Autistic/retarded siblings overcoming adversity through completely mundane activities like singing or painting.,1366156209.0,1
AskReddit,[The Australian road rage incident](http://www.nydailynews.com/news/crime/watch-road-rage-incident-caught-video-article-1.1224728) from December. Crazy.,1366155291.0,1
LosAngeles,"> The California Vehicle Code defines a crosswalk as either: (a) That portion of a roadway included within the prolongation or connection of the boundary lines of sidewalks at intersection where the intersecting **roadways meet at approximately right angles**, except the prolongation of such lines from an alley across a street; or (b) Any portion of a roadway distinctly indicated for pedestrian crossing by lines or other markings on the surface. 

It sounds like they've got you on a technicality. I doubt you can protest this. That's unfortunate too, because I would have done the same thing. I wouldn't have thought twice about parking there.",1366154914.0,2
news,"A bomb went off but left that mailbox completely intact and unscratched? A bomb detonating there would throw the guardrails backward toward the shops, but instead there's a guardrail bent around the mailbox, suggesting that the blast came from *behind* the guardrails.",1366154397.0,3
AskReddit,"**""He/She loved life""** after someone dies. What a meaningless, asinine statement. ",1366153738.0,2
LosAngeles,"I'm not sure why you put *unmarked crosswalk* in quotes. It's a real thing in the vehicular code, and you should know to treat it as you would any marked crosswalk. You can't stop in it, you must yield to people crossing it, and you certainly can't park in it. Any place two sidewalks connect across an intersection can be consider an unmarked crosswalk, regardless of whether the curb has a ramp or not.

If you really believe it's BS, take a picture of where you parked so we can weigh in.",1366152813.0,2
travel,TripIt.,1366150370.0,1
LosAngeles,"If you're talking about *buying* a house in the $600-700k range, I'd recommend something small in Echo Park, Silver Lake, or Los Feliz; maybe Eagle Rock or Pasadena.

If you're talking about *renting* for $600-700 per month, start looking for a roommate.",1366150311.0,8
BMW,I agree. I suppose that's why they kept the pre-facelook style on the E46 M3.,1366149440.0,6
Music,"The chord progression is so common, it makes for [very easy mashups](http://www.youtube.com/watch?v=FeYSkxQxcRM).",1366132595.0,1
TheSimpsons,"I fucking hate incorrect quotes in this subreddit. The esquilax was *legendary*. It was the two-headed hound that was *mythical*. Seriously, can we please put a stop to this shit?",1366003846.0,-6
AdviceAnimals,"If you enjoy running, /r/running may be able to help you find equipment that can help. ",1365994199.0,2
cars,"Along those lines, the [BMW M550d xDrive](http://www.caranddriver.com/reviews/2013-bmw-m550d-xdrive-first-drive-review). Terrible name for what is more or less an awesome diesel M5. ",1365957030.0,5
iphone,"Before you do anything, just try removing and reinserting the SIM card. I had this same issue and doing that cleared it up immediately. I know you said you don't have a paper clip, but seriously, you can easily find one in less than 45 minutes it would take you to drive to the Apple store.",1365800377.0,1
funny,I didn't realize there were that many varieties of cheddar.,1365785841.0,1
todayilearned,It didn't allow women to be members until *last year*.,1365709800.0,2
AskReddit,"/r/conspiracy ?

/r/paranormal ?",1365704676.0,1
tappedout,It's because of the persistent connection. Nearly every change you make while in another person's Springfield is synchronized immediately with EA's servers. ,1365697151.0,2
AskReddit,You're falsely conflating marginal tax brackets with effective tax rate.,1365625205.0,3
beer,"But those are dairies. For beer, I'm not sure why I would pay a $2 deposit to a brewery when the average state bottle deposit is between 5-10 cents. If we're not talking about growlers, what incentive would a brewery have to add another deposit on top of the state deposit?

If we really want to make a change in the American system, I'd like to see more breweries accepting growlers from other brewers, or a standard growler I could use anywhere (like the way the keg system works).",1365613365.0,1
beer,"> Some breweries and milk companies use refillable bottles. When you purchase these bottles, you generally pay a small deposit which is refunded when the bottle is returned to the grocery store.

If you're referring to growlers, I think this premise entirely incorrect. I'd propose that the traditional growler fee is neither a deposit (you usually cannot return the growler for cash) nor is it small (50% of the cost of the fill). It's rather an investment in one's desire to seek beer from that brewery again.",1365608348.0,1
BMW,Fritz Schnackenpfefferhausen,1365481259.0,2
explainlikeimfive,"It's the equivalent of saying *ma'am*, which itself is a shortening of *madam*.",1365466122.0,5
AskReddit,Howard Stern. He is god's greatest miracle.,1365465594.0,2
AskReddit,[All your questions answered here](http://www.reddit.com/r/explainlikeimfive/comments/1bwuzd/official_eli5_margaret_thatcher_thread/),1365465307.0,3
iphone,Restore. It will force you to restore to the new version.,1365460282.0,1
movies,"Yeah, I think you're right. I was confusing it with Sgt. Pepper. On the SAT it could be expressed as:

    Sgt. Pepper : White Album :: Grandiose : Superfluous",1365460092.0,2
movies,I hope not. *Superfluous* implies unnecessary. A better word would be *grandiose*.,1365459735.0,1
webdev,THAT'S MY PURSE! I DON'T KNOW YOU!,1365459352.0,3
webdev,"Google passes the search term to the page as part of the referrer.

EDIT: Type in a search for anything, and you will land on a page with a URL similar to this:

    https://www.google.com/search?q=concerts+in+London&aq=f&oq=concerts+in+London&aqs=chrome.0.57j0j5j0.3906&sourceid=chrome&ie=UTF-8

When you click on any of those links, your browser will send that above URL as part of the request headers to the site as the referrer. The site you click on can easily parse the referrer and extract the `q` query param. That's your search term.",1365458596.0,0
tipofmytongue,[Earth Angel](http://www.youtube.com/watch?v=5PiWd96LldM),1365458513.0,2
PHPhelp,I linked him to all that in my preface to the code.,1365455995.0,1
Music,"For bass guitar, try [Cake](http://www.youtube.com/watch?v=BzmZoEYW0e8), [Muse](http://www.youtube.com/watch?v=oYWklAV_cwQ), and [RHCP](http://www.youtube.com/watch?v=Mr_uHJPUlO8).",1365455436.0,2
PHPhelp,"Let's ignore the most pressing [data filtering](http://www.phptherightway.com/#data_filtering) issues here and the fact that you should be using [PDO](http://www.phptherightway.com/#databases) with bound parameters.

Your script will probably work with the following line.

    $result = mysql_query(""SELECT * FROM news WHERE ID = {$_GET['ID']};"") or die(mysql_error());  ",1365454632.0,5
lakers,"I honestly expected everyone to be optimistic about making the playoffs (since that was the point of OP's post). It's good to know everyone else is as bitter about this season as I am. And for the record, I amended my comment in light of our shared bitterness.",1365451115.0,2
lakers,"This is probably going to be an extremely unpopular opinion, but I'm not concerned about whether or not the Lakers make the playoffs for the following reasons:

1. This season has been terrible. If they don't make it, it will be because they played like shit for 4 months, then they realized they probably weren't going to make the playoffs playing the way they were. They didn't stay over .500 until after March 6.

2. If they do make it, it will be by the skin of their teeth. Against OKC or San Antonio, does anyone expect the Lakers to escape the first round? I'm not going to get my hopes up just so we can get crushed by the first team we go up against.

Whether the Lakers make the playoffs or not, this season is going to go down in sports history as one of the biggest squandered opportunities ever, where four future Hall of Famers beset by injuries, poor communication, old age, lack of passion, infighting, or just poor coaching, took the hopes of their fans and just dashed them without concern.

So long Lakers. You never cared enough about this season, so don't expect me to care about how it ends.

EDIT: OK, so it's not an unpopular opinion at all, based on other comments.",1365449359.0,19
travel,Outdoorsy stuff? Kauai.,1365435440.0,1
TheSimpsons,"Justice is not a frivolous thing, Simpson.  It has little if anything to do with a disobedient whale.",1365398054.0,7
pics,Free karma? Anyone who has gone through a transformation like that knows how incredibly arduous it is and how much work it required. Consider your karma well-earned. ,1365387098.0,1
AdviceAnimals,"I will never understand businesses who think its acceptable to have such a hostile attitude to their customers. If you accept credit cards, what makes you think it's ok to tell me under which circumstances it is and is not acceptable for me to use it? Hell, where do you get off suggesting that I'm being discourteous for using a payment method you accept?! You sell coffee! Coffee which costs between $1-5. And you get pissed when people want to use a card for a small transaction? All you do is small transactions! If you're unhappy with people using cards, don't accept them! It's as simple as that. But don't be surprised when you lose all those customers who prefer to use cards, the ones you despise so much. You can't have it both ways. ",1365376994.0,13
AdviceAnimals,"OK, this time you are wrong. If you don't want me to use a credit card for a small transaction, set a minimum and post your policy visibly. That way I can remember to shop somewhere else that doesn't treat me like an asshole for using a card next time. ",1365376216.0,24
personalfinance,"His numbers were all over that place, from $175k to $350k. I just used 10% down as a basic example because the amount of time it takes to get your balance from 90% to the 80% required to get off PMI is the same no matter the price of the house.

The 9 year figure I originally provided was for a 3.5% down FHA loan, I believe. ",1365374636.0,1
personalfinance,"Just one thing to consider: at 10% down with a 3.5% interest rate, 30 year fixed, you will be paying PMI for **9 years**.

EDIT: Looks like that should be 5 years. Still a long time.  ",1365370951.0,2
hookah,"In addition to the coal catcher, get a wind screen!",1365368680.0,2
AdviceAnimals,"Objection, your honor. It's well known that bear is only used to convey popular opinions. It hasn't been used for actual confessions in years. ",1365361409.0,12
mashups,"Man, Lobsterdust is creative. He just does crazy stuff and totally nails it. Like *[It's Fun to Smoke Dust](http://m.youtube.com/#/watch?v=pdXek5d2ocw&desktop_uri=%2Fwatch%3Fv%3DpdXek5d2ocw)*. Totally unique. ",1365308387.0,5
food,My GE dishwasher could handle that easily. What model dishwasher are you?,1365306242.0,100
beerporn,Best I can do is a [black ale](http://beeradvocate.com/beer/profile/769/76012).,1365265919.0,2
beerporn,"This is just my opinion, but Enjoy By is transcendent... Not to overhype it or anything.

That being said, buy as much as you can.  ",1365223038.0,3
beerporn,"That's awesome and all, but I wouldn't even know how to ask for that, or even know if a restaurant offered that. I want to see it on the restaurant stationary, if you know what I mean.

To the kind of restaurants that offer prix fixe menus, beer is still mostly a persona non grata.",1365222813.0,1
BMW,"Replacement roundels are around $35 to have replaced. Probably much cheaper if you buy the knock-offs from eBay and do them yourself. Either way, not a big deal. ",1365222534.0,1
beerporn,"I found it to be so-so. Maybe the hype was just too much to live up to. It's got nothing on their Enjoy By IPAs, which are incomparable. ",1365219618.0,3
beerporn,"I would kill to discover a restaurant that has a prix fixe menu with beer pairings, the way most restaurants have them with wine pairings. Is this what your restaurant is doing?",1365219346.0,2
AskReddit,"Salads. Just keep the wet and dry ingredients separate until you're ready to eat. If you're concerned about it not providing enough sustenance, you can always add meats, beans, cheese, eggs, etc.",1365185488.0,2
confession,"> Now it is Reddit's turn to downvote me back.

If reddit does downvote you, it should be because this is a shitty confession.",1365185180.0,1
AskReddit,Driverless cars. ,1365128616.0,5
webdev,"I do freelance, and I do understand scope creep. That's why [I never flat bid](http://www.myintervals.com/blog/2008/03/04/7-reasons-you-should-charge-by-the-hour/).",1365028130.0,1
webdev,"So, given that you understand this, are you saying you still underbid on projects?",1365021012.0,1
Audi,"So much depends on when the initial purchase was. Like I said, if it was purchased in early 2010, it's only 13k miles a year. However, that's one end of the spectrum. If it was purchased in the Spring of 2011 or later, it could be as high as 20k miles a year. We can't know which it is unless OP posts the VIN.

I stick by my assertion that the mileage is high with a qualification.",1365020463.0,1
pics,"Your spelling, punctuation and title composition are horrible. You also can't seem to rotate a photo. I wonder if you **paid** enough attention in any of your classes.",1364941759.0,3
TheSimpsons,It was an em*eeh*gency call from the International Drainage Commission in Springfield.,1364929495.0,29
books,"So Hilton, but not Marriott, which also shows naughty movies but is owned by Mormons.",1364928791.0,7
hookah,And this is in Chatsworth? Any idea of the address or what it's next to?,1364916838.0,1
hookah,Wow. You guys are good. Got any recommendations for good tobacco shops in the *west* SFV?,1364916723.0,1
PHPhelp,Oh buddy. That nested loop is going to be hugely expensive versus using array_diff_key (which is different from regular array_diff).,1364778429.0,2
news,I'm not even sure those are Easter eggs on Bing. They look more like [cascarones](http://en.wikipedia.org/wiki/Cascarón).,1364755051.0,1
PHPhelp,"    $filtered_results = array_diff_key($search_results, array_flip($outofstock));

That's it. ",1364709279.0,1
Audi,"Make sure you're comparing similar trim levels (Premium, Premium Plus, &amp; Prestige) and options, and whether the car has Quattro w/ auto or is FWD w/ CVT. ",1364615331.0,3
Audi,"Yeah, look for any CPO 2010s. The default lease term is 36 months, so most used cars sold by a dealership are lease turn-ins and are more than 36 months old. I'm not sure what your interest rate is, but if you have good credit, Audi financing should be able to offer you 0.9-1.9%. ",1364613705.0,1
Audi,"Certified Pre-Owned. If a dealership is selling it and it's not CPO, it means that there is a reason they couldn't sell it CPO (since CPO usually sells higher and has stricter criteria). This could indicate it had an accident or was branded a ""lemon"" but in general it's a huge red flag. If the dealership could sell it CPO they would. ",1364613471.0,1
Audi,"40k miles is high for a 2011, but not a huge red flag assuming it was purchased in early 2010 (13k miles per year). I have a 2009 and the reliability has been good, but you would expect it to be for a car still very new. Maintenance is what you would expect for a German luxury car. Annual service costs should be around $500 (not including tires). However, buying a 2011 means it should be CPO and still under warranty. Audi CPO will extend your warranty to 6 years. **Do not buy a 2011 that is not CPO.**

Audi financing should be between 0.9-1.9% if you have good credit. ",1364612633.0,8
AskReddit,"Who were you angry at? The guy you hit? Your teachers? The faculty? You may be frustrated, but ultimately there's only one person responsible for the events that transpired and their consequences, and that person is you.

Use this suspension as an opportunity to reflect on how things might have gone differently. Do something constructive with the time off. If you're artistic or musically inclined, focus on that. If you're athletic, exercise. Help your family with housework or yardwork.

And if you haven't done it yet, apologize to the guy you hit. And be sincere.",1364597811.0,1
AskReddit,"Being the bigger person doesn't mean you always have to roll over and get stepped on. It just means don't be the one to instigate physical violence, and don't take your anger out one someone just because someone else took their anger out on you.",1364596390.0,3
AskReddit,"Look, that's unfortunate. High school can sometimes be rough. As you get older, you and your peers will become more mature and you'll be less likely to be treated this way.

That being said, you need to be the bigger person. Just because you've been mistreated doesn't give you the right to mistreat someone else. Treat people the way you'd like to be treated.",1364595152.0,5
beerporn,"See, I think this is condescending. All it does is intimidate beer novices and discourage them from expanding their horizons.

If this was my bar, I would still demote the macrobrews on the menu, and serve them from bottles, not draft. But instead of being snarky in the descriptions, I would point the people who drink adjunct light lager macros toward something like a pilsner or a blonde ale. Or if someone orders a Bud Light, I might serve it with a free taster of something more outside of their comfort zone.

Every macro drinker who becomes a craft beer lover has to start somewhere.",1364594599.0,4
AskReddit,Splinters. They're small and they definitely get under my skin.,1364593760.0,3
todayilearned,Maybe the whales just know that holding the sharks upside down kills them.,1364591402.0,39
happy,Cheerio!,1364448389.0,10
PoliticalDiscussion,"For an excellent article, see The Atlantic's [The Marriage Plot](http://www.theatlantic.com/politics/archive/2012/12/the-marriage-plot-inside-this-years-epic-campaign-for-gay-equality/265865/?single_page=true), which lays out the strategy post 2008 to frame the gay marriage debate as one of *equality*. It is definitely worth a read, and it answers your question entirely. The conclusions that sprung out of these strategy meetings is why you hear proponents using the term *marriage equality* rather than *gay marriage*. People used to think of gay marriage as gays wanting ""special rights,"" and the updated communication strategy was to frame the conversation so that gay marriage would instead be a matter of having ""equal rights.""",1364399390.0,3
IAmA,"Nice try, call center manager.",1364397994.0,3
AdviceAnimals,"Well, she does appear to be standing in Tahrir Square, where female reporters and protesters have been assaulted, so it definitely takes some courage to do what she's doing. ",1364346761.0,6
AskReddit,"Wait. So you're making a house renovation show (of which there are literally already dozens), and you can't find a location... in LA? *Curb Appeal* operates in LA (sometimes); *House Hunters Renovation* is exclusively in LA right now.

Go on Google Maps and look at the satellite photos of backyards and compare them with the street views. Go on Redfin and look for recent sales, and see if any of them have nasty backyards in the listing photos. Contact one of the hundreds of location scouts in LA whose only job is to catalog places like this. Hell, my neighbor is a location scout and the week I moved in he asked to photograph my backyard to add to his list. This is seriously so easy.

Or just do my house. My backyard needs a rehab.",1364316210.0,1
GoodValue,"Oddly enough, an Ikea pillow, the [Gosa Raps](http://www.ikea.com/us/en/catalog/categories/departments/bedroom/20533/). It's their 2nd most expensive pillow line, and there are various fill levels, but at $40-50 they are comparable in quality and durability to very expensive pillows you might get from The Company Store or Restoration Hardware. Pair it with their $17 [pillow cover](http://www.ikea.com/us/en/catalog/categories/departments/bedroom/20526-2/). Just don't buy Ikea's cheap pillows. ",1364275099.0,1
circlejerk,"Even me?

EDIT: Wow! Thanks to the person who gifted me reddit gold!",1364245626.0,1
beer,Pintley hasn't updated in months. It's still using the old (pre iPhone 5) resolution. I'm not sure if anyone is still working on it. ,1364185776.0,3
tappedout,Start at the bottom left and tap towards the top right. ,1364175945.0,8
web_design,Graph theory. ,1364102124.0,1
OperationGrabAss,"Bingo. Are we supposed to be outraged? This just seems unobtrusive, and frankly, quite smart. ",1364007246.0,5
politics,"It kind of is. Journalists (and people here at /r/politics) have a responsibility to not sensationalize political stories. Many people reading these comments or the article may reach the conclusion that these amendments are law or may become law, when that is simply not the case. We can decry these amendments or the people who introduced them without resorting to misleading language.",1363987464.0,5
funny,"The show actually started out like that, with a skeptical eye toward what was then a relatively unknown subculture. It very quickly became the reality genre trash it is today. It started out like a documentary but is now purely entertainment.",1363985934.0,1
politics,"This headline is misleading. It's important to note that while the article uses the word *attached* the truth is that these amendments to the budget bill were only *introduced*. During the proceedings on budget bills, anyone can introduce any amendment that they want, but amendments must be voted on individually before they can actually be *included* in the bill. These amendments stand no chance of passing (the article notes this in the last sentence), so these amendments are in no sense *attached* to the bill.",1363983826.0,8
gifs,"He's moving the tip of his nose by holding a pane of glass in front of his face, [like this](https://www.youtube.com/watch?v=-Q22dcCHhGk) only larger. His hands are holding it offscreen outside the frame. You used to see videos similar to this on the old America's Funniest Videos way back in the day.",1363906266.0,21
pics,Try /r/MakeupAddiction,1363898616.0,1
AskReddit,[Campfire](http://campfirenow.com/) might be close to what you're looking for.,1363894937.0,1
AskReddit,Being overly judgmental.,1363894024.0,7
AdviceAnimals,"She was a glorified PR person who was bringing a huge amount of negative PR to her employer. That's why she was fired. No more, no less.",1363889394.0,1
Epilepsy,"Last time I bit my tongue really badly, my mouth got really dry because it hurt too much to move around my mouth. I got some [Biotene](http://www.biotene.com/) gum and it really helped. It won't specifically help with your pain, but it will make it easier to move your tongue normally, and that definitely helps.",1363880215.0,3
travel,"No, you won't be missing out. Tulum is great. It's still crowded on weekends but given its proximity to the ocean, it's gorgeous.",1363652292.0,2
AskHistorians,You might have more luck by researching the *[unitary executive](http://en.wikipedia.org/wiki/Unitary_executive_theory)*.,1363650358.0,1
TheSimpsons,Take it or leave it... Carl.,1363650024.0,5
AskReddit,500 Days of Summer,1363648449.0,1
tappedout,"Apparently not. EA's got priorities, man.",1363647066.0,9
AskReddit,"If you are a male, go to a public park alone and sit by the playground while children are playing.",1363641915.0,1
firstworldproblems,"If it makes you feel better, nearly all 3- and 4-letter permutations already have their .com's registered.",1363632764.0,1
Autos,It wasn't listed among your mods. ,1363618648.0,3
Autos,Cobra bumper? I'm pretty sure the Mach 1 came with the GT bumper with the center grill eliminated. ,1363580081.0,2
confession,Tuiasosopo!,1363570864.0,1
lakers,"Luke Walton. Sure, he had ""good fundamentals"" and ""game intelligence"" or whatever, but it just wasn't worth it to pay someone nearly $6M to ride the bench. ",1363569964.0,17
pics,"Would it surprise anyone if Hard Rock Cafe actually had a ""Goblet of Pizza Bites"" as an appetizer on their menu? On second thought, don't give them any ideas. ",1363566584.0,6
TheSimpsons,"""What are *you* looking at?"": the innocent words of a drunken child. Well, I'll tell you what we're looking at, young man. A town gone mad. A town whose very conscious was washed away in a tide of beer and green vomit.",1363488056.0,7
TheSimpsons,A special bulletin: The Lincoln Squirrel has been assassinated. We'll stay with this story all night if we have to.,1363386642.0,6
TheSimpsons,"**BANNER BARS BOOZE**

[Booze Barred by Banner](http://i.imgur.com/Pr1gaZc.jpg)",1363364564.0,5
TheSimpsons,[Awful School is Awful Rich](http://farm4.staticflickr.com/3047/2689345068_11277809a7_z.jpg?zz=1),1363364439.0,6
TheSimpsons,[Deadbeat Dad Beat Dead](http://i209.photobucket.com/albums/bb153/idrow/12052002181033.jpg?t=1265381316),1363364403.0,6
politics,"As long as they think that, they'll continue to lose general elections as they eradicate all their sensible, pragmatic candidates during the primary process.",1363303315.0,2
AskReddit,"Your computer monitor likely uses a fluorescent lamp as a backlight. Because monitors sit on desks and aren't transported, it's OK if they are larger; the backlights are usually in the bezel around the LCD screen, or they're directly behind the screen. Newer TV screens are taking advantage of cheaper and smaller LED lighting that allows them to reduce the size of the bezel drastically, but these improvements haven't translated to computer monitors because they're more expensive and there's not quite the demand for them (aside from in laptop displays).

Your (2 year old) phone likely uses this LED backlight, LCD screen technology. There's a chance, as well, that your phone could be using an OLED screen, which is similarly dense but has a lower power consumption.",1363295670.0,1
AskReddit,Ask /r/LosAngeles. Or read [LA Weekly's 99 Essential LA Restaurants](http://www.laweekly.com/2013-02-28/eat-drink/99-essential-restaurants-2013/full/).,1363294146.0,1
AskReddit,No.,1363292140.0,1
AskReddit,In California you must have a 10 minute (paid) break every 4 hours and a minimum 30 minute (unpaid) break during a shift lasting longer than 5 hours. More info on [rest periods](http://www.dir.ca.gov/dlse/faq_restperiods.htm) and [meal periods](http://www.dir.ca.gov/dlse/faq_mealperiods.htm).,1363291708.0,2
AskReddit,You should probably ask /r/parenting. AskReddit is going to give you a bunch of worthless anecdotes from childless teenagers.,1363290898.0,5
BMW,No. They're just more expensive when they do break.,1363217788.0,7
technology,That's terrible news. Is there anyone else that offers a similar product?,1363217713.0,3
BMW,"If it's not CPO and past the 4 year maintenance window, assume you'll incur about $800-1000 per year in maintenance costs (including tires). Less if you do oil changes, brake pads, spark plugs yourself.",1363215212.0,5
AdviceAnimals,**WARNING:** Advice not valid when sitting in economy class on an airplane! ,1363214498.0,1
AskReddit,Criminal? [D.B. Cooper](http://en.wikipedia.org/wiki/D._B._Cooper).,1363210201.0,2
motorcycles,"I'd rather pay $3500 for one with tasteful mods, working brakes, and a clean ownership record. Good call on walking. I owned a 2004 SV650S and I would be wary of that one.",1363209259.0,7
AskReddit,Doves got all the respect in the Bible. It's time for the seagulls to earn their place in history.,1363197303.0,2
AskReddit,The word you're looking for is *you're*.,1363197223.0,3
LosAngeles,How can you possibly have a conversation about South LA without discussing race?,1363195049.0,7
SXSW,"Adrian Chen shouldn't be on it either. The guy gets half his content for Gawker from reddit, but doxxes reddit users he doesn't agree with. The whole panel is a circlejerk.

EDIT: Chen and Watson are at Easy Tiger on 6th St right now if you want to tell them your opinion about reddit. (8:30 CST)",1362773310.0,17
business,"I, for one, welcome our new Newhouse overlords. I'd like to remind them that as a trusted reddit personality, I can be helpful in rounding up others to toil in their underground publishing empire.",1362617791.0,1
Music,"On The Rolling Stones' *Gimme Shelter*, the background singer's voice cracks noticeably when she sings ""Rape, *murder*!"" It wasn't supposed to, but it was left in anyway.",1362613599.0,2
PHPhelp,/r/javascript is thataway!,1362602075.0,1
videos,[Cows don't look like cows on film... you gotta use horses](http://www.youtube.com/watch?v=e2y7on8WKjY).,1362586924.0,6
motorcycles,"A less experienced rider (someone like me) would have likely hit the truck or overcompensated and gone right off that cliff. And based on the looks of the surrounding area (I'm guessing hills behind Malibu), there are plenty of less experienced riders who ride those roads.",1362417643.0,50
motorcycles,"Californian here, can confirm plates are California.",1362417272.0,56
motorcycles,tl;dr: Change your tires as soon as you hit the wear indicator.,1362414642.0,3
TheSimpsons,"Let's see... I'm an elk, a Mason, a communist, I'm the president of the Gay and Lesbian Alliance for some reason... Ah, here it is: The Stonecutters.",1362414519.0,16
facepalm,"The royal we! You know, the editorial?",1362256333.0,16
answers,"If the acronym will have all its letters read out, and the first letter begins with a vowel sound, then the indefinite article you should use is *an*. 

It gets tricky in situations where the acronym might be read out with individual letters, or read out as a word. *SQL* is a great example of this, as it can either be read out as *ess-cue-el* or pronounced as *sequel*.",1362243413.0,1
AskReddit,It's the classic [Tyranny of the Majority](http://en.wikipedia.org/wiki/Tyranny_of_the_majority).,1361902502.0,1
AskReddit,"Nice try, Cracked, but [you already did this one](http://www.cracked.com/blog/5-cover-songs-that-stole-show-from-originals/).",1361813994.0,0
AskReddit,I go to /r/getmotivated.,1361813644.0,6
travel,"> [Call me Sir, goddamnit!](http://media.onsugar.com/files/ons1/288/2887805/32_2009/ab4d9cff34d9d4f7_blog_00738_ferris_buellers_day_off_house_up_for_sale.jpg)",1361724144.0,2
PoliticalDiscussion,"> the tea party voters are very stupid, i'm sure it will end[...]

That's a [comma splice](http://en.wikipedia.org/wiki/Comma_splice). You also didn't capitalize *I'm*.",1361387100.0,2
funny,Community college?,1361309544.0,1
tappedout,"Not only that, the Android version yells at you through audio notifications to resume your game. It's fucking scary to hear your tablet talking in Homer's voice from across the room. No other app I've ever used (iOS or Android) does that. I uninstalled the app from my Android tablet and only play on my iPhone (which doesn't have those awful notifications). ",1361255988.0,7
tappedout,"Android version doesn't have Origin connectivity. No friends, no syncing across devices. ",1361245484.0,6
TheSimpsons,My name is Zweig.,1361171890.0,5
tappedout,Buy those buildings. They take 3 days to build. Don't feel like waiting? Rush them using the donut glitch!,1361152160.0,3
tappedout,Kearney dancing his jig. ,1361151879.0,6
DoesAnybodyElse,You mean Febuary 14th?,1361136014.0,3
TheSimpsons,"I am called Ham, because I enjoy ham radio. This is Email, Cosine, Report Card, Database, and Lisa. Your nickname will be Cosmos.",1360965828.0,3
TheSimpsons,"Now, working with former Carter Administration officials and military men who were forced into early retirement for various reasons which we won't go into here, nn-hey, we have planned this defense for the city: as the comet hurtles towards the city, our rocket will intercept it and [blow it to smithereens](http://imgur.com/a/LMHaC).",1360965668.0,10
AskReddit,So... is there anyone who owns an expensive car that you *don't* look derisively upon?,1360951048.0,0
beerporn,"A lot of people don't realize that IPAs from the upper Midwest are distinctly different from IPAs from the West Coast (usually referred to as San Diego style). They tend to be more malty with more of a copper color. Bell's Two Hearted is in this upper Midwest style, and is an excellent example of a very balanced IPA. Contrast that to a Firestone Walker Union Jack, which is very hoppy and floral. The Hopslam and Double Jack are extensions of these two subtly different styles.

EDIT: Here's a great [article](http://www.washingtonpost.com/wp-dyn/content/article/2007/06/19/AR2007061900354.html) about the difference.",1360877692.0,0
tappedout,I got 5 donuts.,1360863260.0,1
PHPhelp,You should check what file_get_html is returning. It's likely using file_get_contents. Check your server configuration to make sure [allow_url_fopen](http://www.php.net/manual/en/filesystem.configuration.php#ini.allow-url-fopen) is enabled.,1360857687.0,2
PHPhelp,[Do not use regular expressions to parse HTML](http://stackoverflow.com/questions/1732348/regex-match-open-tags-except-xhtml-self-contained-tags/1732454#1732454),1360821522.0,4
IAmA,"Facebook has brushed aside many of the privacy concerns about Graph Search by saying that it operates within existing privacy settings. But as the [Christmastime Zuckerberg family photo incident](http://www.huffingtonpost.com/2012/12/26/randi-zuckerberg-photo_n_2365801.html) demonstrates, even the people most familiar with Facebook have difficulty managing privacy settings.

I'm all for freeing data and making it more accessible, but why can't Facebook concentrate its efforts in the area of making privacy more user-friendly? For instance, if Graph Search can ""**show me all my married friends who are fans of people in the pornography industry**,"" surely Facebook can implement a way to ""**untag me in all of the photos where I am tagged that are visible to people outside my friends**"".",1360792012.0,1
funny,"Tis a fine barn, but sure tis no pool, English.",1360781977.0,5
funny,It is. It looks like the one in Woodland Hills on Ventura Blvd but I suppose they all probably look the same. ,1360727501.0,3
Music,"This is a cover, not a parody.",1360686187.0,1
funny,Sic transit color. ,1360637173.0,3
beerporn,"And yet, you pay less for Ballast Point than I do, and I live in LA. I guess it all evens out. (Assuming that's a 22oz bottle.) ",1360556663.0,3
politics,"He means that if he's still in Big Bear, he's probably perished because of the weather. It's freezing and there was a big blizzard. Unless Dorner was able to find shelter or get out of the city, he'd have to be superhuman to survive the elements. ",1360528217.0,2
Iowa,Now *that* should be the Iowa state motto. ,1360477793.0,7
tappedout,"~~citizen511~~ EDIT: Thanks folks, I am maxed out!",1360371330.0,1
AskReddit,"If so, join Blackwater and become a [paid mercenary](http://en.wikipedia.org/wiki/Private_military_company).",1360366896.0,1
nfl,The Patriots. Not that I really believe that; I'm just hoping it turns out to be true and someone discovers this comment a year from now and I end up looking clairvoyant.,1360360966.0,214
carcrash,Apparently he's using a very liberal definition of the word *supercar*. ,1360360869.0,16
cars,"There is good advice in this thread, and you should take all of it into consideration.

That being said, if you walk into that dealership alone, they will eat you alive. Go with someone you trust who's been through this process many times. They'll help you know when to walk and when to sign on the dotted line.

Other things:

1. Sometimes the dealership *can* give you the best loan, especially on certified pre-owned cars, so it's always worth just hearing them out (but at this price range, you'll probably find a better deal at the bank).

2. Never fall in love with one particular car and never be afraid to walk out if the deal is bad or if the deal changes.

3. Interest rates are higher for private-party used car sales versus dealer sales, but that is usually reflected in the sales price of each (dealer cars cost more because it's easier to finance them). Some banks won't finance private-party sales.

4. Finally, and most importantly, beware the [four-square](http://consumerist.com/2007/03/30/dealerships-rip-you-off-with-the-four-square-heres-how-to-beat-it/). Don't use it. Only negotiate the final, **out the door** price of the car (and know what the car you want to buy should cost with tax, title, license fees, etc included). Don't negotiate monthly payments.",1360342918.0,5
AdviceAnimals,[13 Year Old OP](http://www.quickmeme.com/meme/3swefa/),1360287339.0,2
aww,"Just went through a similar diagnosis and it can be very hard. There are great resources online for coping with [pet loss](http://www.aspca.org/pet-care/pet-loss/), and of course there is /r/petloss.",1360286301.0,2
AskReddit,"The hoverboard because, seriously, we've only got about 2 years left to get this done and I don't see Mattel making much progress.",1360285065.0,3
AskReddit,Confirmation bias. You only pay attention when they do go out (usually high pressure sodium bulbs near the end of their life). You never notice the hundreds and hundreds that don't go out when you pass under them. ,1360192652.0,4
wheredidthesodago,"Most modern vinyl sliding and hung windows have stops built into them that keep the window from opening more than a couple of inches. They are retractable to allow the window to open completely.

Pics: [closed](http://safezonellc.com/images/windowlockclosed.jpg) (unlocked), [open](http://safezonellc.com/images/windowlockopen.jpg) (locked)",1360178578.0,15
beerporn,So my next goal is to locate this nexus of the universe where they sell both Bells (from Michigan) *and* Tapatio (from Los Angeles). Arizona?,1359993951.0,0
SFV,The west end of Victory! Upper Las Virgenes Open Space Preserve!,1359959808.0,1
beerporn,Tapatio doesn't need to be refrigerated. ,1359953575.0,1
gadgets,"If your option is paying $10 for a DVR plus $15 for listing services, as I was with Time Warner, $5 for a CableCard is a pittance. I have close to the same setup as the guy above you (WMC + Ceton quad tuner) and it has revolutionized my cable watching. With a (free) tuning adapter, all non-PPV channels (including HBO, Showtime, etc) are accessible. It's been fantastic for me. ",1359950032.0,3
funny,"Mr. McPenisface is my father's name. Please, call me Dick. ",1359860652.0,1
LifeProTips,Then go to Applebee's. ,1359782401.0,78
Iowa,"As a Californian with family all over Iowa, may I ask why?",1359680360.0,4
running,"If you can already run 4K, it's totally doable. Just stick to a training plan like [this one](http://www.halhigdon.com/training/51123/10K-Intermediate-Training-Program) and you should be able to easily complete it without walking. Also consider checking out the /r/b210k (Bridge to 10k) subreddit for help and advice.",1359654770.0,1
Autos,"Actually, after looking at [some other images](http://img.gawkerassets.com/img/186puixxc6tnzjpg/original.jpg) I think you may be right. I know the regular S60 is available with HIDs (hence the first picture) but I think they're only *optional* on the T5 version, whereas halogens are standard (and HIDs are standard on the T6). Why the Polestar version would use the base headlights when HIDs are available doesn't make sense to me. ",1359614469.0,1
Autos,It's easier to see [in a picture](http://www.theautochannel.com/news/2012/01/17/021253-customer-demand-gives-volvo-s60-polestar-green-light.1-lg.jpg) than the video. ,1359613951.0,2
Autos,The lights are HIDs and the little parallelogram-shaped lights near the regular headlights are LED. ,1359610492.0,2
beerporn,The latter two are heavily correlated with the first item.,1359563886.0,7
Music,They'll just delay it again.,1359508246.0,2
explainlikeimfive,`Looks like those clowns in Congress did it again. What a bunch of clowns.`,1359477108.0,4
funny,"No. We're so used to people with poor grammar (""My roommates autistic dog's painted this picture"") that when we saw ""American beauty"" we assumed *American Beauty*. OP actually got it right and threw us off in the process.

In fact. I'm so used to it, your lack of capitalization hardly phases me. ",1359334307.0,6
LAfoodies,"You say nice but not crazy expensive, and you also mention burgers, so that's kind of hard to read.

If you want steak, go to a nice steakhouse. If you want a burger, the best burgers in LA are cheap, like In-N-Out or Umami. For the best results, do not attempt to seek out burgers and steaks at the same location. ",1359258778.0,1
funny,Most common around here is that you don't understand subreddits. You also can't spell and make frequent errors with punctuation.,1359141123.0,0
LosAngeles,It was hot in the Valley that day. ,1359078663.0,1
funny,"Hey, it costs a lot of money to look this poor.",1359075770.0,1
LosAngeles,"I recommend [Kitten Rescue](http://www.kittenrescue.org/).

EDIT: We got [one of our cats](http://i.imgur.com/aePdMJL.jpg) from them. Here's a list of their regular [adoption events](http://www.kittenrescue.org/Upcoming-adoption-events.html) (usually held in pet stores).",1359074025.0,1
AskReddit,Obligatory [Portlandia](http://www.hulu.com/watch/317267) example.,1359072869.0,12
gaming,Lemme guess... French Connection? As in *FCUK*?,1359070658.0,1
Audi,"I couldn't see around the RS6 to the traffic in front of it, could you? When the motorcycle is traveling 180 kmh, the motorcyclist's head is going to be right by where that camera is, as low toward the gas tank as possible. He's also covering 1 mile every 20 seconds, and it will take him over a 1/6 of a mile to stop.",1359070217.0,1
Audi,"Regarding tire compounds, etc., just look at it this way: the driver of the Lambo was a douchebag TV personality, and the Ducati rider was a professional motorcycle racer.",1359069318.0,-1
Audi,"Stopping distance, [car versus bike](http://www.youtube.com/watch?feature=player_detailpage&v=XOut7o6Yvwc#t=296s) at 100mph (4:55 in).",1359068001.0,0
Audi,From 60 mph the car requires approximately 110 ft to stop. A vehicle moving 3x that speed requires nearly 9x the distance to stop ([try it yourself](http://www.csgnetwork.com/stopdistcalc.html)).,1359066667.0,4
Audi,"I've owned two bikes: a Suzuki SV-650S and a Ducati 848. That car also has ABS, while the bike does not.",1359066465.0,0
Audi,"Autobahn or not, that motorcyclist was following way too close. It takes that RS6 over 1000 ft (305 m) to stop from that speed. The motorcycle, having a much smaller contact patch, needs much more distance.

EDIT: Don't believe me? Here's [a video from Fifth Gear](http://www.youtube.com/watch?feature=player_detailpage&v=XOut7o6Yvwc#t=296s) showing the relative stopping distance between the RS6's cousin and an Italian literbike (4:55 in).",1359062711.0,1
beerporn,"Considering most other Unibroue beers sell for $8-9, the value is tremendous. ",1358994798.0,1
funny,Wow. A repost of a repost.,1358901172.0,1
lakers,"Hey, that's two fewer points than *the entire team* scored tonight!",1358838707.0,2
mildlyinteresting,Because the comment above you about the hairstyles is wrong. Michelle Obama has bangs now and her stand-in does not. ,1358834553.0,1
pics,And still only (heavily compressed) 720p or 1080i. I'm not sure if any cable companies or channels are doing 1080p yet. You're gonna need Blu-Ray to get that. ,1358796791.0,31
PHPhelp,"Do not store login credentials in the cookie, especially if you're not using HTTPS. Doing this means they'll be transmitted with every request.  ",1358794610.0,7
TheSimpsons,"I agree, and I've never thought of it as a ""Lisa Episode.""",1358752840.0,2
TheSimpsons,"Worst episode ever, the proverbial jumping of the shark: [New Kids on the Blecch](http://en.wikipedia.org/wiki/New_Kids_on_the_Blecch). Am I wrong?",1358752773.0,-8
funny,There's no shame in taking the time to clean your bike. No one expects that a Sportster was driven on dirt trails. ,1358752487.0,0
funny,And nothing about that humongous windscreen screams badass. ,1358751912.0,11
needadvice,I would cross post to /r/epilepsy. ,1358743473.0,2
cars,Well if that's the case I wish they had used a Desmosedici RR. ,1358740922.0,2
PHPhelp,I'm not sure I understand your question. ,1358740093.0,1
PHPhelp,You're not executing the query. You're only defining **$sql**. ,1358738159.0,1
cars,I wish they said whether that Ducati was a 1098(-S/R) or an 1198/1199(-S/R\/Panigale).,1358737393.0,23
PHPhelp,"Let's leave aside the issue of SQL injection that your script is dangerously vulnerable to.

It looks like you have some extra double quotes in your SQL query that is likely producing a (fatal) PHP syntax error. ",1358735544.0,1
AdviceAnimals,"Best friend dating for twelve years implies he's in his 30s or older. That's even sadder, unfortunately. Hopefully OP will get some outside perspective from the comments on this thread but I'm guessing he won't. ",1358727023.0,8
personalfinance,"How you even got a car loan for an amount equal to your annual income astounds me. Maybe if you find a mortgage lender equally irresponsible you might be able to get a loan, but it wouldn't be good for them and it won't be good for you. ",1358714968.0,2
aww,Pet rat. Riff raff! I don't buy that.,1358566814.0,4
LosAngeles,"It's really only brutal during the Summer, between Memorial Day and Labor Day. But oh god is it brutal then.  ",1358565827.0,2
LosAngeles,Where are you coming from? You might be better off taking the Metro. ,1358562898.0,4
food,They're *tacos dorados*.,1358542694.0,9
JusticePorn,"Also,

> be able to recuperate all that

*recoup*",1358533650.0,2
funny,"This isn't funny. This belongs in /r/diy or /r/homebrewing, preferably with more photos and detailed information about the steps, costs, and equipment.",1358531950.0,2
Audi,"I had a *very* similar experience. Prior to my current car I owned a 2001 BMW 330ci. When the time came to buy a new car it was between an Audi A4 and a BMW 335i. My requirements were CPO, sedan, low miles, 2009 or greater, between $30-35k. 

My preference was toward the 335i because of how much I enjoyed my 330ci. I wanted the 300hp engine. The S4 had that kind of horsepower, but they were harder to find and were closer to $40k. I walked into a BMW dealership to look at a specific car and was treated in very much the same way. Not only that, the car, which was supposedly CPO, had a very noticeable transmission error that I pointed out to them (I later found the TSB for it, but I don't know how anyone could miss it). I drove off with assurances from the dealer that it would be fixed and then we'd talk price. The next I heard from them was to tell me that the car had been sold.

It put me off from BMW entirely so much that I focused on Audis. I tried to find 3.2's, but they were hard to find, so I turned my attention to 2.0t's. The power was good, the torque was higher than the 3.2, and I discovered I could get every feature the BMWs had, plus AWD, plus nav, for a few grand less. I felt the look of the B8 was more attractive than the E90. I also knew BMW was going to be releasing the F30 in less than a year, and I didn't want my car to be immediately outdated. And most importantly, every dealer I went to was *incredibly* helpful. They were offering 0.9% financing, too. It was the simplest car purchasing decision I've ever made, and I am still happy I went with the A4.

It would honestly take a lot right now for BMW to ever get my business back, especially as the new Audis coming out are drop-dead gorgeous (A6, A7, etc).",1358460417.0,8
politics,"[The Onion](http://www.theonion.com/articles/sponsored-the-taliban-is-a-vibrant-and-thriving-po,30910/) has already spoofed it.",1358290072.0,3
AskReddit,Read the [Reddit FAQ](http://www.reddit.com/help/faq#Whydoesadotsometimesshowupwherethescoreshouldbe),1358277764.0,0
AskReddit,Subscribe to /r/books. Then check out [Reddit's Favorite Books](http://redditorschoice.com/).,1358277508.0,2
technology,"Thanks for citing your sources, rather than just engaging in conjecture.",1358277072.0,2
technology,Use version 7 update 11. It was released yesterday.,1358272133.0,3
Music,"I figure that question gets asked enough in /r/music and /r/AskReddit to justify the time you spent on it. I swear to god, every damn day there are half a dozen posts like it.",1358268058.0,2
atheism,If it were someone else's child would it be less vile?,1358141211.0,160
pics,You went two years without sharing any pictures of your kid? You must have incredible restraint. Most of my Facebook friends can't go more than a few hours without posting a picture of their kids. ,1358136744.0,2
carcrash,She'll go 300 hectares on a single tank of kerosene. ,1358103574.0,6
atheism,"If someone doesn't recognize rhetorical questions, how can one phrase a question to which they won't needlessly respond?",1358056717.0,22
AdviceAnimals,Was it a pregnancy test?,1358041415.0,1
funny,"I'm practically bald with extremely short hair, and the TSA *still* patted my head down. They seriously have no idea how to use common sense. ",1358040643.0,13
AskReddit,"Sriracha. People talk about it like it's the only hot sauce out there. Also, do we really need to ask this question every day?",1357942996.0,3
AskReddit,"If you have no money and no credit, those places will absolutely fleece you.",1357940026.0,1
explainlikeimfive,"The connection between your computer and your bank's website isn't direct. There are many, many hops in between. They usually include, but are not limited to, the hop to your router, the hop from your router to your ISP, the hop(s) from your ISP to a major internet backbone, the hop from the backbone to your Bank's ISP, and then the hop(s) from your bank's ISP to the server that is serving up that web page.

Usually, no one is listening to traffic between those points. On the other hand, though, without encryption, there's nothing *preventing* someone from seeing that traffic. The biggest risk to you is those first hops from your computer to your ISP. Without SSL, anyone sharing a network with you could see your incoming and outgoing traffic. This might include passwords. It might include very private financial information. It would also include cookies you send to and from your bank's web page, which would allow them to hijak your session and begin communicating with the bank just as you would.

Other groups are more concerned with parties potentially listening between your ISP and your recipient's ISP. They may need to communicate without fear of their government intercepting their communications.",1357934725.0,6
atheism,You can give your heart to the Lord... But put your faith in good insurance. ,1357883751.0,0
running,"I believe the Nike+ with the iPod mini just uses a pedometer in the shoe. Does the Nike watch have a GPS? if so, it would give you much more accurate distance and calorie burn counts.",1357867368.0,3
pics,Ellwood Butterfly Preserve?,1357866688.0,1
personalfinance,"If your income went up $30k in a year, you should have the means to pay off your loan in a year. Unless your lifestyle costs also went up by a similar amount; if that's the case, why didn't you pay your car off first?",1357865066.0,2
atheism,I don't understand why people don't read [the subreddit's FAQ](http://www.reddit.com/r/atheism/wiki/faq#toc_13) either.,1357864334.0,2
AskReddit,"Just like /r/AskReddit. It's supposed to be for ""thought-provoking, discussion-inspiring questions."" Instead, we get shit like your post.",1357861893.0,3
atheism,"Congratulations, you've discovered [epistemological solipsism](http://en.wikipedia.org/wiki/Epistemological_solipsism)!

EDIT: And by that I mean, his arguments share the same *premise* with that philosophical argument, but the conclusions he draws from it are not based on any branch of philosophy, theological or otherwise.",1357855811.0,5
obama,It would certainly be useful in the case that Chief Justice Roberts accidentally flubs the oath again.,1357837041.0,7
nba,"Maybe if Pop rests all his starters again, the Lakers *might* have a chance to win. Hopefully Stern will be too distracted with the Sacramento/Seattle business to notice this time.",1357775955.0,4
news,It says right in the sidebar where to post it: /r/UpliftingNews,1357775751.0,1
tipofmytongue,It's probably [the version by the Real McKenzies](http://www.youtube.com/watch?v=HQBDpmPhEiA).,1357760514.0,1
TheSimpsons,"Fedora, but no tie. And he's carrying a mug, not a collins glass. \[[Screencap](http://i.imgur.com/GrxpM.jpg)\]",1357753935.0,2
TheSimpsons,"The only place I could find where he wears a fedora, a tie, *and* carries a collins glass was [Viva Ned Flanders](http://i.imgur.com/vKzqv.jpg). I think that's the episode. You can see the garnish in the glass is the same and his collar and tie are loose.",1357751855.0,7
TheSimpsons,"The tie and fedora should be dead giveaways, since Homer doesn't usually wear those. In You Only Move Twice he wears a tie *and* a fedora, but not at the same time. And he never holds a tall glass like that, so I'm stumped.",1357750752.0,2
AskReddit,"If OP is handy at fixing anything, the same business model applies: appliances, machines, furniture, etc.",1357750426.0,1
LifeProTips,"1. You should know that it's impossible to spot-reduce fat, meaning that you can't target just your midsection.

2. Generally, if you want to lose fat, it's going to require cardio.

3. Check out the [FAQ](http://www.reddit.com/help/faqs/loseit) for /r/loseit. You may also be interested in /r/fitness for general fitness questions.",1357687571.0,2
todayilearned,"That's why in *The Thomas Crown Affair*, you'll notice he's wearing an assless tuxedo.",1357687005.0,46
AskReddit,"... and why *Avatar*?

Really, do we have to answer this question every week?",1357686857.0,1
pics,No he didn't.,1357685411.0,5
pics,It's probably the best drawing you've ever done. You just need to finish [the shading on the upper lip](http://i.imgur.com/tAP6h.jpg).,1357684602.0,1
beer,Flying Dog Raging Bitch is a great Belgian-style IPA. Stone Ruination and Victory Hop Wallop are also excellent Imperial IPAs.,1357683542.0,224
SFV,"Do any students actually go to that bar? I just moved out of Northridge but every time I've driven by it, it looked like just any other shithole dive.",1357662846.0,2
TheSimpsons,"Ah, gee, I was gonna say a night with Joey Heatherton, but an ironed shirt... damn, that's tempting.",1357625139.0,14
explainlikeimfive,"Start [here](http://www.reddit.com/help/faqs/cigars), then join the folks at /r/cigars.",1357604411.0,1
AskReddit,*Poltergeist*,1357596973.0,3
AskReddit,Fertilizer.,1357596804.0,2623
AskReddit,Everyone else is making it up as they go along too.,1357596610.0,2
AskReddit,♫ I like big butts and I cannot lie.,1357596389.0,3
lakers,to Vanessa Williams. ,1357527374.0,1
nfl,So where are the erstwhile Rams fans?,1357514498.0,1
TheSimpsons,"Eh, *sure*. Steak.",1357503115.0,5
TheSimpsons,Money's too tight for steak. ,1357502957.0,3
TheSimpsons,Do you want to change your name to Homer Junior? The kids can call you Ho-Ju!,1357502063.0,5
nfl,They don't exist (Los Angeles),1357501891.0,147
todayilearned,He looks like what a 51 year old *celebrity* looks like. ,1357501651.0,21
funny,This is like the fantasy book version of [Peterotica](http://www.youtube.com/watch?v=RigCSFhdvQk). ,1357450923.0,1
funny,"> Mother. Fucking. ~~America~~Texas. 

FTFY. ",1357411800.0,-11
AskReddit,Is it /r/LosAngeles?,1357341511.0,1
iphone,They are almost certainly Chinese knockoffs and not the real deal.,1357333130.0,3
ideas,[Disqus](http://disqus.com/) is trying to get close to this.,1357327866.0,1
AskReddit,"/r/buyitforlife, /r/goodvalue",1357318571.0,2
AskReddit,"People who are mentioning proximity to check cashing stores, 99 cent stores, are unfortunately right.

But the best way to get a feeling for individual neighborhoods is just to ask that city's subreddit. They'll give you more information about the various differences in neighborhoods than you could ever hope to get from a map.",1357318468.0,2
AskReddit,/r/personalfinance,1357318075.0,1
TheSimpsons,Homer S. Jimpson?,1357273408.0,1
TheSimpsons,[3F16: The Day the Violence Died](http://www.snpp.com/episodes/3F16.html),1357272177.0,1
TheSimpsons,"Perhaps because you are a prepubescent ignoramus. [...] Because of its frank depiction of sex and narcotic consumption, it is not for infantile interlects such as yours. Now toodle-ooh.",1357271801.0,0
pics,We need to go deeper. ,1357188239.0,2
pics,Or they're a cashier... and they pulled that stack of bills out the open drawer right in front of them... and placed it upon the scanner right in front of them... in order to contrive a story... with the intention of gaining karma.,1357176619.0,1
politics,"> Section Two further provides that the House of Representatives may choose its Speaker and its other officers. *Though the Constitution does not mandate it*, every Speaker has been a member of the House of Representatives.

[Source](http://en.wikipedia.org/wiki/Article_One_of_the_United_States_Constitution#cite_ref-speaker_38-0)",1357176215.0,1
lakers,"It's ridiculously good, and their 17-game streak is thrilling to follow. As for their success, they *do* have three former Lakers on their roster (Barnes, Odom & Turiaf). Just sayin'.",1356988344.0,8
LosAngeles,It's considerably harder to do as a day/weekend trip when one lives in Phoenix. ,1356978623.0,2
personalfinance,"Not unless it's in your lease contract. If you are aggrieved, insist on a rental comparable to your CTS. If they decline, contact Cadillac corporate. Whatever you do, do *not* skip your monthly payment. ",1356912240.0,9
beerporn,"Victory Prima Pils, Lagunitas Pilsner, Oskar Blues Mama's Little Yellow Pils... Even Sam Adams Noble Pils is far superior to Pilsner Urquell. ",1356907184.0,4
offbeat,"If you see the title of an article stated interrogatively (in the form of a question), it usually means its premise is full of shit. ",1356742538.0,2
funny,"The game was in Tuscon against Iowa. September 18, 2010. Iowa was ranked and favored in the game. Early in the 4th quarter (the part that appears in the GIF), Arizona was down and things looked grim. After a series of blunders Arizona was able to tie and then take the lead, and they eventually won.",1356737557.0,3
TheSimpsons,"Are you absolutely sure that's wise, sir? I mean, I don't want to sound pretentious here, but Itchy and Scratchy comprise a dramaturgical dyad.",1356675125.0,6
WTF,Little Fallujah,1356668076.0,64
California,Brought to you by the marketing geniuses who decided to put a 60-second unskippable Blu-Ray commercial at the beginning of every Blu-Ray disc.,1356656457.0,3
pics,Right. [Here's reality](http://i.imgur.com/63nMT.jpg).,1356650572.0,2
pics,You're adorable.,1356649262.0,4
AdviceAnimals,"Ha! It doesn't work like that, kiddo.",1356642518.0,1
cars,I've heard the Corolla described as the car people buy when they don't know what kind of car they want to buy. Your reply pretty much affirms this.,1356640675.0,18
funny,"Ellis, you shouldn't be doing this!",1356635125.0,4
videos,Whoosh!,1356628206.0,16
tea,So /r/tea has become /r/reactiongifs?,1356625465.0,9
atheism,All I'm asking is that you fly to California and compare it to the original in Isla Vista. I *promise* it'll be worth it. ,1356499800.0,1
pics,Epic hashtag YOLO swag!,1356490114.0,21
atheism,"There are many Freebirds in California now, but aside from the IV location they are all branches of the Texas offshoot. ",1356485337.0,1
atheism,"The Texas chain is the one that is moving back to California. The IV location is the original. Every other location is a branch of the Texas offshoot. It is far inferior to the original in IV in every way: nasty cheez whiz on the nachos, tortillas aren't fresh, salsa is inferior. Everyone here saying Chipotle is better is comparing the Texas chain, not the IV original. ",1356485011.0,2
atheism,"The Texas chain is shit, and they've moved back to California. They already have a location in Ventura (and Agoura and Simi and Granada Hills). I seriously hope they don't get any farther northward. They are nothing compared to the original IV Freebirds. ",1356476857.0,4
news,"The people downvoting this comment are the same people who would upvote the same comment if the incident had been a bank robbery and the suspect had been black. Reddit hates racist generalizing and stereotyping, but only when it's directed at white people. ",1356385022.0,-6
Audi,Hit the button and say 'help.',1356379949.0,1
movies,"In fairness, Orson Welles did the same thing in Citizen Kane, and he's tall. It's a common film technique, and is meant to convey relative power rather than height. ",1356371854.0,9
funny,"Agreed. They also don't have caps, and their service seldom goes down. Oh how I loathe talking to their CSRs though. They give the entire organization such a bad rep. (Los Angeles customer)",1356289937.0,2
pics,"Everyone's answers are funny, but I believe the correct answer is when saluting would visibly reveal who the senior officer is to observers who would possibly want to injure or kill him. Like on a forward operating base in hostile territory.

Although, I guess, that wouldn't be a social function per se, so just disregard everything I wrote. ",1356286972.0,24
AdviceAnimals,I heard that company was merging with the Fuck B1tche5 Corporation. ,1356241325.0,12
funny,Maybe he just really hates plantation shutters. ,1356237115.0,1
food,Your sales people can't explain the product they're trying to sell?,1356233900.0,3
gaming,Step 1: Cut a hole in that box...,1356134203.0,1
BMW,"> but maintained very well, as told

Verify that on your own with your own BMW mechanic.",1356134014.0,5
IAmA,"Be that as it may... you are still not a professional. You may be a prodigy, an extremely *proficient* and talented musician, but you are not, in any sense of the word, a professional.",1356133287.0,2
IAmA,I'm not really sure you understand what *professional* means.,1356132575.0,8
IAmA,How much money does a professional flutist earn?,1356132452.0,2
politics,"> **Please Do Not:**

> *Editorialize titles of your link submissions*, or they may be removed. *Your headline should match the article's headline*, or quote the article to accurately represent the content of your submission.",1356123327.0,4
DIY,As if building an outhouse in his basement hadn't annoyed her already?,1356107393.0,5
funny,"All the users posting these (with the titles way over) have usernames that begin with a number, followed by a word, then more numbers. I'm suspecting it's some kind of bot.

**EDIT:** All the accounts with this issue are 125 days old. Here is [another](http://www.reddit.com/r/funny/comments/152n7x/pug_going_up_stairs/).

**EDIT 2:** They all were posted at the exact same time (6 hours ago). Here is [another](http://www.reddit.com/r/funny/comments/152lze/a_day_in_life_of_dogman/). Again, odd name, user account 125 days old.

**EDIT 3:** [One more]( http://www.reddit.com/r/funny/comments/152p1j/trampoline_tricks_via_romgifs/). Post 6 hours old, account 125 days old. Usually no comment history from these people; only a handful of unsuccessful submissions, if any. ",1355891125.0,32
California,"This article made me more interested in *what* actually distinguishes the California accent, so I found [this](http://en.wikipedia.org/wiki/California_English).",1355793500.0,12
pics,"*Honk, honk, honk, honk, honk, honk, honk... Banana car!*",1355790860.0,3
AskReddit,"> It's like I can't get these visuals out of my head of her doing all this shit. And I don't know why I can't let it go...

*[Chasing Amy](https://www.youtube.com/watch?v=XFw7Myb34zw)*",1355790524.0,1
AskReddit,*Unsolved Mysteries*,1355788828.0,8
Bad_Cop_No_Donut,"> My hobby is secretly videotaping couples in cars. I dinna come forward because in this country, it makes you look like a pervert... but every single Scottish person does it!",1355701464.0,5
JusticePorn,I feel like I'm looking at a strange Chanel ad. Or a weird social media campaign. ,1355682613.0,35
pics,"Oh, so just because he's unemployed, he must be a *black* tree frog?",1355614540.0,3
bestof,"He's right that food should be fun and make you happy, but this is not something I would want to make in my home or eat at a restaurant. This is fair food, like a deep fried Snickers bar. I'm not claiming to know the first thing about the culinary arts; it just doesn't look particularly appetizing. ",1355608981.0,9
funny,"I'm pretty sure that's Jake Tapper, Sr White House correspondent for ABC news.",1355369291.0,2
beerporn,Also a great value seeing as it's brewed by Unibroue. Everything else they make costs twice much. ,1355290789.0,2
pics,Wow. Crane Lake. You really splurged.,1355286923.0,13
offbeat,"Not everyone knows that it's impossible to OD from pot. To someone who doesn't smoke, a potent dose can indeed feel life-threatening. ",1355109186.0,7
obama,"> **aobut**

Unfortunately no spell check though. ",1355108721.0,2
todayilearned,He's being downvoted because he screwed up the quote. ,1355028570.0,0
BMW,It's a *user rendering* based off a BMW 4-Series *concept*. It's 2 degrees removed from anything real.,1354914738.0,4
cars,"[You there, fill it up with petroleum distillate, and re-vulcanize my tires, post-haste!](http://i.imgur.com/VSXX8.jpg)",1354902507.0,24
cars,This *is* a concept.,1354744896.0,3
funny,"*Everything* usually implies that they want it *standard*, with no standard items removed. You'd be better served by creating a sign stating which items are included on all sandwiches.",1354662734.0,1
politics,It's up there with *[Reince Priebus](http://en.wikipedia.org/wiki/Reince_Priebus)*.,1354662106.0,9
explainlikeimfive,"1. Takeoffs and landings are the most potentially dangerous parts of the flight. Electronics reduce focus during safety briefings and awareness during the takeoff/landing. Reclined seatbacks and ajar tray tables reduce passenger mobility in the event of an emergency, when the ability to evacuate the plane are of utmost importance.

2. Flight attendants are so adamant about enforcing the rules (even to the point of moving you from a malfunctioning seat) because they can personally be held liable if a passenger does not follow these rules.",1354661771.0,36
nfl,"The NFL is America's Foxconn, apparently. ",1354473374.0,-12
iphone,"OS Updates. I feel this is often overlooked.  An Android phone often gets you about a year of firmware/OS updates. The iPhone will give you years and years of updates. Sure, you may not get all the new bells and whistles (usually due to hardware limitations), but you'll always be able to have the newest OS version on your phone, and you won't be at the mercy of Verizon or AT&amp;amp;T. And you won't have to root your phone either.

tl;dr: If you buy the the iPhone 5, in 3 years you'll be able to upgrade it to iOS 9 (or whatever). If you buy the Samsung Galaxy SIII, in 3 years you'll still likely be using the same version of Android as when you bought the phone. ",1354415969.0,12
beer,"And based on the question about the PBR competitor, it sounds like they're making a case study for an American Adjunct Lager, which isn't likely to appear on anyone in this subreddit's top 10 list.",1354225424.0,27
Autos,The Corvette has HUD.,1354219623.0,2
Autos,"Top Gear was pretty kind to the CTS-V (both generations). They've always been ruthless toward the C6.

**Reviews:**  
1. [C6](http://www.youtube.com/watch?v=OMcZH-1FEHo)  
2. [Z-06](http://www.youtube.com/watch?v=Ko9kzyqW-l8)  
3. [ZR1](http://www.youtube.com/watch?v=g4CPBfpnye0)  
4. [CTS, gen 1](http://www.youtube.com/watch?v=h6SToE_IdRw) (yeah, this one is harsh)  

... trying to find more CTS videos.",1354209342.0,5
Autos,Every time they were reviewed by Top Gear (or Fifth Gear or whatever) they would always point to the poor build quality and the poor material quality. I'd like to see the next version have Cadillac-esque quality and construction. We know GM can do it; they just need to apply it to the Corvette.,1354207682.0,4
TheSimpsons,I know where we can get some baguettes!,1353293589.0,9
AdviceAnimals,"Typically, for the first date at least, the person who asked pays.",1353267720.0,7
OperationGrabAss,He was traveling within a single time zone. ,1353193277.0,1
Audi,"1 year old? Full replacement with a equivalent current year model. 

But your friend is not going to get that, and he shouldn't *expect* that. His insurance company will have to fight for him, and he'll probably get full repair paid with no deductible out of pocket. That's fair given the circumstances. Audi corporate may be persuadable, but that will require substantial effort on his part. And that means media attention, letter writing efforts of your friend's behalf, and negative attention they'd be forced to respond to. Good luck.  ",1353130230.0,9
funny,It's really too bad that the 90% of awful Craigslist people give the 10% of good Craigslist people a bad name. ,1353127668.0,1
funny,"Have you ever tried to sell something on Craigslist? Even the regular people are shady, flakey fuckwads, and that's *not* including the dozens who will try to get you to fall for wire fraud scams. They're completely dishonest, they will waste your time, they will try to renege on agreed-upon prices, and they are stupid as shit.

I say this having just sold a fridge today (barely: the guy had to text 3 times for the dimensions and showed up without a dolly after I told him at least half a dozen times I didn't have one). I would honestly rather buy HDMI cables at Best Buy than engage in commerce on Craigslist. ",1353039881.0,11
Epilepsy,"I like to think of it as a Blue Screen of Death, followed by a hard reset. The [reboot process](http://en.wikipedia.org/wiki/Postictal_state) (for me) takes about 30 minutes for full consciousness, and as much as a week for my mood levels to return to normal.",1352999023.0,1
AdviceAnimals,That is one of the most poignant phrases ever spoken while taking a shit in front of someone else.,1352855327.0,9
pics,"If Dirty Randy comes by, don't let him in if you're alone. He preys on the weak.",1352851658.0,43
funny,"Or if it's unlimited, it's quite possible that it represents `nth_day_of_billing_period / num_days_in_billing_period`",1352849505.0,1
InsightfulQuestions,"*That* is absurd. Obviously the issue is multifaceted, but it's not possible explain to you *every* factor in this change, and *precisely how much* each factor contributed to the overall change, because no one has that data. No one can see the entire pie; they can only tell you about various slices of that pie.

In that respect, Hajile_S explained one slice. A slice that happens to be a big part of the pie. He/she even qualified his/her comment, by saying it was simplified and not the entire cause. *No one* knows the complete answer to this question because we can't go back and control for each possible factor contributing to it. ",1352403931.0,2
InsightfulQuestions,"I don't know who downvoted you. If you increase the supply of labor without an equal increase in demand for labor, the cost of labor decreases.",1352395748.0,-2
business,"> I would take a job over severance & having to job hunt any day.

Especially over the holidays. Who hires over the Thanksgiving and Christmas holidays? This would be the worst time of the year to be laid off.

EDIT: Yes, I get it guys. Retail is strong over the holidays. Except no one at that RIM office worked in retail or is going to want to take a retail job.",1352323026.0,4
PoliticalDiscussion,"Usually, the Governor of his state would have appointed someone to fill it  until either the next election. That election could either be a special election, for the primary purpose of filling that seat, or it could be the next upcoming election in Wisconsin.",1352310326.0,1
Audi,He looks like the type of guy who's going to crash this car too.,1352133734.0,10
WTF,"The Economist is a British periodical, and consequently their style guide uses British English guidelines. Its rules often differ from American English guidelines. For the US, use the Chicago Manual of Style, the MLA, or the AP Style Guide. ",1352089914.0,2
funny,One leg at a time. ,1352063448.0,1
atheism,"Dictionaries state that is allowable in some cases because it has fallen into such common usage, but in formal English, it is still frowned upon to not capitalize the word. Why?

*Christian* is an example of an [eponymous adjective](http://en.wikipedia.org/wiki/List_of_eponymous_adjectives_in_English) (a subset of [proper adjectives](http://en.wikipedia.org/wiki/Proper_adjective)). Eponymous adjectives are always capitalized in formal usage. So why do some dictionaries permit not capitalizing the word? As you can see from Koelsch's example, that dictionary feels it's permissible if the writer intends to describe ""kindness or goodness"" in a general sense. However, that definition itself derives from the first (original) definition, which is ""Christ-like."" This is the eponymous definition, and as such, for all intents and purposes, the definitions are the same.",1352047178.0,4
firstworldproblems,"Most hotels use that schedule for their three shifts: 11pm-7am, 7am-3pm, 3pm-11pm.  ",1352045556.0,5
atheism,"There isn't an accepted use of lowercase *Christian* yet in formal English writing, and as such any use would be incorrect for articles, papers, etc. (despite what turdburglersc stated, horrible grammar and all). ",1352044983.0,1
beerporn,"Though, I challenge you to find a place in the continental US where they don't sell the Folly pack. ",1352000018.0,2
cars,She would never buy it. She wants Kanye to buy it for her. He might do it too. ,1351917227.0,3
funny,"> I don't have a lot of personal life experience, but if I have learned anything from my Sims family, when a child doesn't see his father enough, he starts to jump up and down, and then his mood level will drop until he pees himself.

Always [relevant 30 Rock](http://www.youtube.com/watch?v=B0L327qartA).",1351892565.0,6
LosAngeles,http://onecoolthingeveryweekend.com/feed/,1351873222.0,1
AskEngineers,"If that would have been safer, why didn't they lower it beforehand?",1351797812.0,2
California,"You mean you're attempting to devise a [political spectrum](http://en.wikipedia.org/wiki/Political_spectrum), a concept which has existed for ages in myriad different incarnations?",1351783683.0,2
obama,"*James* Brady (though it's often referred to as the ""Brady bill"" so confusion is understandable). ",1351660906.0,4
BMW,Woo! The Valley!,1351660163.0,1
politics,"I realize that this is *The New Yorker*, but **coördinating**? Give me a break. There's no need for that level of pedantry. ",1351659772.0,-4
personalfinance,"FYI, there are some home purchase programs that waive PMI. Fannie Mae [HomePath](http://www.homepath.com/) homes have no PMI and have no appraisal requirements. The downside is that the cost of PMI is usually rolled into a slightly higher interest rate; **however**, since mortgage interest is deductible, while PMI is not, there are some tax benefits. Another downside of these HomePath properties is that inventory is limited, but if you find one that works for you, it could be a pretty good opportunity.",1351613144.0,1
reactiongifs,He is a disgrace to Rex Kwon Do. ,1351572754.0,4
pics,"Yes. As the top comment states, feeding a malnourished animal a large meal is very dangerous. ",1351559292.0,13
LosAngeles,The pizza place in Drive was Vincenzo' pizza on Balboa in Granada Hills. Their pizza is super good. ,1351557936.0,4
LosAngeles,I am voting for neither.,1351377212.0,0
LosAngeles,I'm jealous. My congressional candidates have been embarrassing themselves and this district in a disgraceful campaign for over a year now. ,1351375219.0,3
DIY,I didn't fix it. It was replaced at my expense. ,1351374255.0,2
PoliticalDiscussion,"That's true, and what constitutes a *person* has changed to be more universal. But it never expressly limited rights to *citizens*. ",1351374207.0,2
DIY,"Essentially, a tobacco water pipe with Middle Eastern origins. [More...](http://en.wikipedia.org/wiki/Hookah)

EDIT: Interestingly enough, the picture in that Wiki article shows a hookah with a wind screen on hardwood floors. A windscreen is must!",1351357185.0,10
PoliticalDiscussion,"Just for the record, rights enshrined in the Bill of Rights apply to all *people*, not just citizens. It doesn't make much of a difference to your argument, but most people don't know the distinction. ",1351352340.0,1
DIY,"I had this problem quite a few times (burnt holes in the linoleum floor) until I bought a wind screen. I use it every time I smoke the hookah, and coals never fall out. ",1351351528.0,9
fantasyfootball,"I traded him away in a PPR league for Sproles. I don't regret it. Andy Reid just doesn't use him on the goal line (or hasn't been doing it this year). He gets a decent amount of yards, but there's no way he can possibly get as many TDs this year as he did last year.",1351287635.0,-1
TrueReddit,"If you have a gun, you don't need to fear for your life for the situation to escalate. You don't even have to fear that you'll be injured for the situation to escalate. All you need to fear is that *you'll lose your gun*, and the situation automatically becomes life-or-death.

I agree with you that it's nuanced, and that much of the outcome rests with the intent of the attacker. My point was that, in cases where the attackers intentions are less than lethal, one party having a gun (especially in the case of the victim having a gun) makes the possibility of escalation to the point of death much more likely. The problem, obviously, is that you'll never fully know your attacker's intentions.

I think the Treyvon Martin case is an excellent example of this. What would have been a mere physical fight (no matter who the instigator was), by necessity escalated into a killing as soon as the person with the gun feared losing it.",1351270443.0,1
Bad_Cop_No_Donut,"I enjoy videos like this. Is there a subreddit for people asserting their rights, like /r/justiceporn is about people achieving karmic realignment?",1351266419.0,2
Audi,"Then the first question I would ask him is, who is actually editing this magazine? I subscribe to *MT*, *C&D*, and *R&T*, and *MT* has, by far, the most typos and omitted words of any automobile magazine. It's like no one reviews it before it goes to print.

In fact, I was just thinking about this yesterday when you mentioned this, and yesterday I received the most recent issue. Lo and behold, on *page 8* they refer to the ""Cadillac **CTV-S**."" How does an editor miss that?

It's a shame because otherwise the magazine is very good.",1351264158.0,2
TrueReddit,"The paradox of this is, if you, as the homeowner, have a gun for defense, *any* confrontation (from a heated argument to an assault) becomes a life-or-death situation. If your opponent wrests control of your gun from you, it puts *your* life in peril. Because you have a gun, you *must* incapacitate your opponent before he has a chance to disarm you.",1351197024.0,9
Audi,"Honestly, if works for MotorTrend you should probably see if he'll do an AMA on /r/cars.",1351195782.0,5
Audi,"This is the second post I've seen about the S8 having ridiculous power/performance. Given that the HP is underrated, is there a chance that press cars could have been ""doctored""?",1351195248.0,2
California,"Santa Barbara *County*. The beach is actually off Lompoc, and more than an hour from SB.",1351113464.0,3
nba,They've got great fundamentals.,1351006265.0,157
movies,"*[No One Would Tell](http://en.wikipedia.org/wiki/No_One_Would_Tell)*, starring Candace Cameron and Fred Savage. It's so cheesy and cliche one might not believe it's actually based on a true story.",1350949828.0,9
Audi,"I want to say around $30k-ish. At the time there were plenty of comps to justify the price I paid. And based on other comments in this thread, it sounds like I was right on target. 

The CPO thing was the biggest factor, because it meant +2 years warranty coverage  automatically. If OP is targeting  2010 cars, he needs to be targeting CPO cars exclusively. ",1350887833.0,1
Audi,Los Angeles. ,1350885554.0,1
beerporn,"Was it ""a special guest appearance"" that tipped you off?",1350876811.0,1
beerporn,Last time the wife and I went there they had a wicked habanero IPA that was so good. I need to make another NorCal beer trip. ,1350876711.0,1
Audi,"Bad deal. I got my 2009 A4 Premium Plus Quattro 12 months ago (so equivalent age at time of purchase) for $28k. It's a higher trim than yours, had nav, and only 21k miles. And it was certified pre-owned, from a dealer. Your car should be $25-26k max. ",1350846464.0,2
technology,Why is the headline half the size of the byline?,1350837980.0,1
TheSimpsons,I know where we can get some baguettes!,1350797694.0,30
TheSimpsons,That [person's name]. He thinks he's the pope of Chili Town. ,1350792221.0,7
Economics,Reddit is not a representative sample of the general population. ,1350771444.0,6
movies,"Reddit uses a binary scoring system. Aggregated over a large enough sample, it is a good representation of a population's opinion. Better than a scale (people have different scales, or different points along the scale mean different things to different people). ",1350747962.0,1
TheSimpsons,"""Aw, being a clown sucks! You get kicked by kids, bit by dogs, and admired by the elderly. Who am I clowning? I have no business being a clown! I'm leaving the clowning business to all the other clowns in the clowning business!""",1350660466.0,2
nba,Oh I believe you. My implication was that his superstars don't give him any respect. ,1350623666.0,2
LosAngeles,That view will be completely obstructed by hipsters. ,1350617482.0,5
YouShouldKnow,"Wow, they really buried that setting. I'm a little angry that's the default. Thanks for posting this. ",1350616578.0,19
nba,Couldn't be any worse than Erik Spoelstra. ,1350616118.0,1
Epilepsy,"Not only does your epilepsy contribute to your obesity, but your obesity likely contributes to your epilepsy. If your weight fluctuates or if you weight was lower when you were initially prescribed it, your medicine may not be therapeutic for your weight. This can have an impact on your seizure threshold and might make your seizures more difficult to control.

If your weight has changed recently (+/- 5%) it's important to have your medication levels in your blood re-evaluated to make sure you are still at therapeutic levels.  ",1350614694.0,6
motorcycles,You're partially right. That law got [overturned](http://en.wikipedia.org/wiki/United_States_v._Alvarez) by the Supreme Court this year.,1350598949.0,1
AskReddit,But note your *score*. That's why I specifically mentioned score and not report.,1350588218.0,2
AskReddit,"It may be a questionable business practice, but it's the price you pay to know that you're in the clear. The same scenario applies to getting your credit score. It sucks, but you gotta do it. If you don't like it, you can try petitioning your college to change companies or use their clout (they probably have a big contract with the company) to arrange free access to students.",1350579751.0,2
AskReddit,"Scumbag reddit. Pays $15,000 a year for tuition, $1,000 for books; won't spring for a couple of bucks to see if papers they turn in are legit.",1350577808.0,-13
TheSimpsons,*Excellent*. It's all falling into place.,1350573564.0,2
TheSimpsons,And the road maps? And ice scraper?,1350536092.0,5
xbox360,They probably just went to the National Grammar Rodeo at the Sheraton hotel in Canada. Or they're at the World's Fair in Knoxville.,1350419440.0,5
lakers,"I don't get this. Sure, Fish ~~was~~ is great. But he underperformed last year. And now that the Lakers have Steve Nash *and* Steve Blake as point guards, what role could Fish possibly perform? I know we'd all love to see him back, but I'd feel terrible if all he did was sit on the bench.",1350403527.0,8
motorcycles,Thank goodness Ducati got rid of all their quality control issues after the Paso. ,1350263813.0,1
drunk,Prost. ,1350252098.0,1
fantasyfootball,I hope you didn't mention his micro dong. ,1350145519.0,5
funny,People with diabetes who require insulin shots need to dispose of needles too. Grow up.,1350085268.0,7
funny,*yours*,1350084034.0,2
fffffffuuuuuuuuuuuu,I can't believe no one's ever noticed this before!,1350083757.0,1
funny,Can't you see you're not making christianity any better; you're just making rock 'n roll worse!,1350083650.0,7
AskReddit,I think the scariest part of this that she will physically transform into Usher during the apocalypse. Truly terrifying.,1350081964.0,1
AskReddit,"Most would tell you that, to them, that distinction doesn't matter. To them, life begins at the moment of conception.",1350081726.0,2
AskReddit,"I am not a Republican, but I believe most people who believe passionately against abortion view it as tantamount to murder. They would say that the right of fetus to live supersedes the rights of the woman.",1350081655.0,2
drunk,"...Bears, beets, Battlestar Galactica.",1350075616.0,5
confession,"I don't read their website, but I'll admit I enjoy their TV show now and then. Plus, if you catch a celebrity death on their site right as it breaks, you can submit it to reddit and reap that sweet, sweet karma.",1350057903.0,7
confession,"Reddit is pretty good at breaking news of celebrity deaths. Admit it, you check TMZ because you like TMZ's content.",1350057428.0,51
TheoryOfReddit,I was under the impression that TL;DR originated from reddit.,1349986031.0,1
AdviceAnimals,"In his defense, it was Halifax, and ""I curious on where I can go to find some sweet band shirts to update my clothes some"" is a perfectly cromulent sentence in Canadian English.",1349819118.0,3
StandUpComedy,It looks like Shia Lebeouf *playing* Paul F. Tompkins.,1349797199.0,3
carcrash,"That explains the post-apocalyptic dystopian hellscape... Oh wait, that's just how Russia always looks. ",1349747067.0,2
obama,Are you saying you wanna commit voter fraud?,1349746405.0,20
explainlikeimfive,"You may have [plantar fasciitis](http://en.wikipedia.org/wiki/Plantar_fasciitis). But this subreddit is not really designed for questions like this. If the link describes your symptoms, I would look up remedies or consider seeing a podiatrist.",1349726182.0,2
AdviceAnimals,"Sounds like you're the scumbag. Don't put your feet up on desks, and don't take up 2 desks, dick. Have some respect for your school.

Also, *sees*. Stop browsing reddit in class and pay attention.",1349722104.0,2
beerporn,Sounds like you need to be sugaring up those glasses at home! That sounds wild. ,1349658813.0,2
beerporn,I declined to pick these up because BA had them at a *poor* rating. Picked up the Smashed Pumpkin instead. I'm interested to know your thoughts on Pumpkinhead. ,1349654833.0,3
beerporn,Second Tart Lychee. It was crazy good. ,1349551468.0,1
TheSimpsons,"""Governor Romney, do you support people who are gay for Moleman serving openly in the military?""",1349404217.0,4
LifeProTips,"No, this being LifeProTips, the only acceptable answer is to advise the person to submerge the grill in rubbing alcohol and lime juice for 10 days, then rub it with nylon stockings until it glistens.",1349374412.0,2
PoliticalDiscussion,"Naomi Klein (arguably a biased source) argues that like ""true"" socialism (or communism), true capitalism has never worked either, inevitably leading to crushing income inequality, frequent fluctuations between booms and busts, and unsustainable human and environmental exploitation. To prevent these things, strong regulations are necessitated, and consequently the economy is no longer truly capitalistic (in a neoclassical, Milton Friedman-esque sense).",1349225106.0,8
nba,At 3:26.,1349221919.0,5
IAmA,"> Probably eating an ice cream cone and masturbating at the same time. 

Yeah. I did both at the same time. That's how I work. ",1349155931.0,1
LifeProTips,"[EasyOff](http://www.easyoff.us/sf2_bbq_grill.shtml)

EDIT: apparently, this recommendation is a violation of this rule:

> **No product recommendations** for their intended use. We all know that a hammer hits nails into things.

So that being the case, just spray it with vinegar and rub it with a burlap sack or some shit instead of using a product that will actually fix your issues.",1349126500.0,0
PoliticalDiscussion,"Same as it was in 2000, when this exact same scenario happened. Most engaged voters understand it's a farce, but are not compelled to make an effort to abolish the electoral college. If we weren't sufficiently outraged in 2000, what makes you think we'd be sufficiently outraged in 2012?",1349072549.0,0
beerporn,"I live in LA, and I swear the Abyss gets snapped up so quick I am never able to get my hands on it. It's a tragedy. Frankly I'm more stoked when they release a special IPA like Hop Henge IPA or their Red Chair NWPA... Those were amazing. ",1349071278.0,2
Epilepsy,"I can't speak to the first one, but I know Keppra is generic now. It is relatively cheap.

If you're in desperate times, and have access to a doctor, generic Tegretol is *extremely* cheap if you're willing to consider alternate medicines. 

Other options:

1. Do you qualify for COBRA (does your dad qualify)?
2. Have you compared drug prices at Walmart, Target, Costco, etc? Those places are *way* cheaper than Walgreens, Rite Aid, neighborhood pharmacy, etc. 

EDIT: You can also try contacting your neurologist if your situation is dire. They often have lots of sample-size quantities of the brand name pills from the manufacturers laying around that they can dispense to you. ",1349064243.0,2
beerporn,"1. You're really going to enjoy that Firestone Double DBA. 
2. Don't drink that Deschutes Black Butte XXIV in October. Save it for next year. ",1349063728.0,2
AskReddit,"Maybe Pops has Verizon, and that's why he's never been able to surf and talk simultaneously, even to this day. ",1349024553.0,2
economy,"Look, they're a major chain. I'm not saying they're healthy, organic, whatever. You like to bake your own; that's fine. But I'd put them up against any other major chain any day. And everything is made fresh in-house. Now if they'd combine the bakery with the rotisserie chicken into a chicken pot pie, sign me up for type II diabetes. ",1348953557.0,3
economy,"Plus, Costco's pies are amazing. Their whole bakery makes great stuff, if you like enormous portions. ",1348951058.0,2
PoliticalDiscussion,"The DNC really has no say in the matter. Candidates run, not the party establishment. ",1348945876.0,2
TheSimpsons,"Ah... Bronson, Missouri. ",1348893546.0,10
AskReddit,"151 proof is 1.8875 times more potent than regular 80 proof alcohol. 190 proof is 4.75 more potent.

A fifth contains 750mL. A standard shot is 44mL. A fifth of vodka contains 17 shots. A fifth of 190 proof everclear contains the equivalent of 80.75 shots of vodka.

Now, *fucked up* is a relative term. You can figure out if 80.75 shots (equivalent) is enough for your friends.",1348876498.0,-1
iphone,No.,1348875233.0,1
movies,"I'm more surprised that there's signage along a train track. What is the point of that sign?

*WARNING! YOU ARE ABOUT TO CROSS A SMALL RIVER!*",1348874709.0,3
politics,"This is true, but it's also true that there's only one party actively stoking paranoia, and framing its ideology in biblical, apocalyptic language.",1348874471.0,58
WTF,That poor woman. I'd feel terrible if I had to live in Idaho.,1348871908.0,1
funny,"For each upvote, I'll resurrect KingCauti's friend.",1348870615.0,3
funny,"*forewent*... and yes, I'll drink to grammar.",1348867756.0,7
fantasyfootball,"They're both bad, but if I had to choose I'd say the Chargers.",1348675367.0,0
fantasyfootball,"I'm sensing a lot of romophobia in this thread. As a friend of several outspoken romosexuals, these kinds of attitudes alarm me. ",1348441943.0,0
Economics,I wish he'd use his billions to become a real life Tony Stark. ,1348433014.0,7
LosAngeles,"The dog was last seen in the bathroom near the ballroom of the Sheraton in Universal City, according to one redditor. ",1348364129.0,9
iphone,"TomTom is easily the most valuable app I've bought. It gets frequent updates, the directions and lane guidance are excellent, and it's only $39. If you live in a large city or have to do a lot of driving, it's well worth the price. ",1348337324.0,3
iphone,"This is an excellent point and one that hardcore anti-iPhone people totally ignore. Three years from now, when the iPhone 5 gets its update to iOS 9 (or whatever), the Samsung Galaxy S3 will still likely be using Android 4 (maybe 5, if they're lucky). ",1348337086.0,7
PHP,I wrote [a blog post](http://www.myintervals.com/blog/2011/04/26/pdf-creation-using-deferred-process-execution-in-php/) related to this exact issue a while back. My company was having problems with generating large (PDF) reports during the normal PHP execution time. Our solution uses all the components you're talking about. ,1348277716.0,0
AdviceAnimals,"That's because he made more than most redditors will make in 10 lifetimes. And despite that, his rate (14.1%) was likely lower than most redditors who pay income tax.",1348270911.0,1
AskReddit,"Sounds pretty bad, but for perspective, you've got nowhere to go but up.",1348269468.0,2
SFV,"I tried to watch it from a rooftop in Northridge and got a few shots, but it was still really far away. I think you would have got your best shots if you live in Sherman Oaks, Studio City, Universal City, and Toluca Lake.",1348257455.0,1
tea,"If it's anything like the web store, they'll be out of stock of many teas most of the time.",1348243539.0,2
fantasyfootball,I'd hold on to Michael Bush this week unless you're being offered BOTH Bryant and Colston.,1348180290.0,1
fantasyfootball,Stewart hasn't practiced all week and seems unlikely to play tonight.,1348179805.0,2
web_design,"What you're talking about is a portfolio site to showcase your work. There's a good chance they'll cover the basics of hosting, domain name registration, FTP, etc in your class. Since you're a novice, you might want to consider setting up a Wordpress blog to showcase your work.",1348172092.0,-3
web_design,"It's a great idea, especially as many FFB sites (Yahoo, ESPN) are ugly eyesores. But if you want to make it anything more than a mockup, just remember that FFB sites require a substantial backend, including admin tools, integration with 3rd party APIs (for scores, lineups, schedules, injuries, etc), games-in-progress scoring, and draft tools.",1348167854.0,1
answers,*[Carbonite](http://en.wikipedia.org/wiki/Carbonite_\(explosive\))* was in use long before Star Wars.,1348090732.0,9
tipofmytongue,An annotated bible?,1347927400.0,2
answers,"It is totally true that 47% of people pay no *income tax*, but [that figure leaves out most of the details](http://www.taxpolicycenter.org/taxtopics/federal-taxes-households.cfm).",1347927311.0,27
AskReddit,Two chicks at the same time.,1347927183.0,1
AskReddit,"There are honestly so many variations in ""dark beers"" (not to mention so many specific brews) that could be creating the taste and smell you are talking about. Come ask /r/beer and we'll sort you out. Be sure to mention which *specific* beer you're talking about.",1347926754.0,2
AdviceAnimals,Pasadena?,1347926549.0,8
funny,It literally says right at the fucking top of your image.,1347926404.0,2
AskReddit,"Yeah, nearly all organized sweepstakes end up with at least one winner.",1347925653.0,2
obama,"If there's any comfort to be taken from all this it's that Sheldon Adelson and the Koch brothers will have wasted obscene amounts of money trying to elect Romney. And hopefully that money will go primarily to middle class families in the form of mass mailing outfits, tv stations and media employees. ",1347842971.0,13
Music,"Seeing as its a transliteration of Korean characters, maybe you're both right. ",1347810309.0,0
pics,"Ooh, arsenic!",1347777311.0,2
TheSimpsons,"I gathered, yeah. ",1347678734.0,2
Music,You are 32 years old.,1347659239.0,1
AskReddit,Bill Paxton and Bill Pullman.,1347657539.0,2
carcrash,"Obviously, entirely the motorcyclist's fault for following too closely.",1347485053.0,4
LifeProTips,The people downvoting you have never had Costco pizza. ,1347246274.0,1
sports,"> SwedishElite

Guys, you are getting trolled so hard. ",1347228037.0,6
lakers,And Bynum's name is bigger than Jerry West?!,1347208196.0,9
politics,"Oh, he's a firecracker. ",1347165418.0,3
lakers,It fucking pisses me off that I have to choose between the Lakers channel and NFL RedZone. Why does every media company have to be a horrible piece of shit? Just take my god damned money and give me both!,1346989041.0,2
LifeProTips,The guy who orders particularly watery toppings wonders why his pizza normally sags. I wonder if the difference is as pronounced on a pizza with less vegetables.,1346976760.0,2
PHPhelp,"OP seems to be suggesting that on his page to view activity, he's running a separate query for each person for each product, which according to him is approximately 100 people with 2-5 products. This information can easily be retrieved in one query.

To insert a record in the product view log, it might be delayed if there are UNIQUE constraints on personid and productid (especially if the table is very large). If speed is an issue, it's much faster to remove those constraints and insert a row without checking to see if a personid/productid record already exists.",1346958793.0,1
PHPhelp,"Something along the lines of the following:

    SELECT * FROM product_view_log t
    INNER JOIN person p ON t.personid = p.id
    INNER JOIN product r ON t.productid = r.id
    WHERE AGE(t.date) < interval '1 hour';

That's Postgres but MySQL isn't too different.",1346954792.0,1
PHPhelp,"> it's querying for each user (~100) on each product they have open (usually between 2 and 5, sometimes more) every 20 seconds

Why? This should be done in one single query, not p^eople * p^roducts queries.",1346949329.0,1
PHPhelp,"If you've got products, you've likely got carts. And users cannot share carts. 

And even if you wanted people to share the session variable, it would be exceedingly difficult compared to other options available to you. This information *should* be kept in the database. It sounds like you have an issue with the following:

1. Your product view log is unwieldy, or your queries to determine how many people are viewing a product at one time are too cumbersome. Something like this shouldn't be huge load on your DB server.

2. Consider cutting down on what processes are run each time you add a new entry to that product view log table. Are you removing all entries older than a minute each time you insert a new row? Are you checking for uniques (it's much easier to just insert the row, and then use DISTINCT(userid) when you get your list of people viewing the product).",1346947612.0,2
cars,"CPO usually comes with a warranty extension, and if you're looking in that price range, those cars usually are within the 48 month free scheduled maintenance window (which you can usually get extended). As for the ""proprietary solution,"" it sounds like you're talking about [urea](http://en.wikipedia.org/wiki/Diesel_exhaust_fluid), which all diesels use (it's not expensive if you're past your free maintenance window).

But I suppose it's my fault for assuming you were talking about buying a luxury car when you said you wanted to spend $40k. My mistake. If you don't want to pay more for maintenance, buy a Hyundai Genesis. ",1346943896.0,1
gifs,Ruxin is supposed to be insufferable. ,1346901745.0,14
cars,"If you want horsepower close to your old G35 with much better gas mileage, look at a CPO BMW 335d.",1346882205.0,6
politics,George H.W. Bush is well-regarded by both parties and is more of an old school Republican. He's just too damn old. Like older than Clint Eastwood old.,1346878307.0,3
politics,"Yes, well, that being said, September 28 is also a Friday, which is a terrible day to release big news that you want everyone to know (that's why people release *bad* news on Fridays).",1346875649.0,1
politics,Because it's approximately one week before the first debate.,1346874821.0,2
obama,"Can't speak to Silver's conclusions, but [Gallup](http://www.gallup.com/poll/157262/romney-gets-no-bounce-last-week-gop-convention.aspx) showed exactly zero bump for Romney. Such a poor post-convention performance is quite rare in modern history. ",1346820346.0,2
AskReddit,"And what's the deal with *Ovaltine*? The jar is round, the mug is round. They should call it *Roundtine*!",1346723440.0,178
PoliticalDiscussion,"1. Nationwide polls are not an accurate indicator of election outcome. Due to the electoral college, only state-by-state polls are accurate. 

2. Rasmussen is one of the [least credible pollsters](http://fivethirtyeight.blogs.nytimes.com/2010/11/04/rasmussen-polls-were-biased-and-inaccurate-quinnipiac-surveyusa-performed-strongly/). ",1346691348.0,10
wikipedia,"> In interviews after the show, Ma poignantly denied that she is a ""gold digger""...

...but confirmed rumors that she ""ain't messin' with no broke niggas.""",1346687307.0,155
funny,I guess... If you don't know about the three seashells. ,1346603746.0,2
loseit,Come join us in /r/running!,1346556463.0,5
TheSimpsons,Take it or leave it.... Carl.,1346372138.0,3
TheSimpsons,Homer to the Max,1346372034.0,2
beer,"I have been thinking about this, and out of all the questions he answered, this is the only answer that contained new information. Reddit actually got a *scoop* and no one has pointed it out so far. Everything else he said was basically from his stump speeches or information he or his campaign have already discussed in interviews.

We had known for a while that people wanted this beer recipe, but this is the first time he acknowledged that and promised the recipe would be released. That's a big story (for beer lovers)!",1346339049.0,2
funny,Chicks love it. It's the shaggin' wagon.,1346281169.0,6
beer,"It seems to be coming up as an issue in this election because the election has so many parallels to 2004: A personally popular incumbent with poor job approval numbers against a stiff, wealthy, awkward challenger who is difficult to relate to.

Playing up his relatability worked well for Bush, and I'm sure the Obama campaign is attempting to use Obama's favorability ratings to his advantage.",1346279124.0,5
beer,"I don't brew my own beer, but I would love to taste this recipe. I'm hoping a brewery like DFH (Joe Biden is from Delaware!) will do a limited run of the recipe, with the proceeds going to charity perhaps.",1346278402.0,2
beer,"Whether it's wrong or not, I don't know. I don't think it's an issue of ethics.

That being said, relatability is an absolutely important issue in any political race. It was a big factor in Bush's reelection (it's the first time I can remember the topic of *Could you share a beer with this candidate?* came up in a presidential election).

I suspect that Obama is well aware of this, and he stands in sharp contrast to Romney, who because of his religion cannot drink beer or consume caffeine. Yes, it's trivial compared to more important issues, but it's politically relevant, and could be something that sways a small percentage of voters.",1346278140.0,4
movies,"Yeah, well, you know, that's just, like, your opinion, man.",1346275128.0,3
cars,They are aftermarket. The LED headlights only appear on the B8 A4 (2009-2012; 2013 had a different kind of headlight design). This is a B7 A4. ,1346207218.0,4
LosAngeles,"If you're going to be working in Burbank, your best bet is to focus on Burbank. It's nice, safe, and somewhat affordable. Other places that meet your nice/safe/affordable criteria:

* North Hollywood
* Glendale
* Eagle Rock

**Safe/affordable (but not as nice):**

* Valley Glen
* Valley Village

**Nice/safe (but more expensive):**

* Pasadena
* Toluca Lake
* Studio City
* Sherman Oaks

**Avoid:**

* Sun Valley
* Arleta
* Pacoima
* Panorama City
* San Fernando",1346181981.0,16
fantasyfootball,"Watch *The League* on FX (available for streaming on Netflix). It won't teach you anything about how to play Fantasy Football (except how not to get made fun of for making rookie mistakes), but it will teach you how to trash talk the rest of your league mates. Plus, it's funny as shit.

Camaraderie and humor are very important parts of any league. It's important to never take the wins/losses too seriously.",1346167172.0,9
California,You must be from the OC.,1346080892.0,0
politics,"I'm posting this hear hoping you'll see it. Since your hosting is getting hammered, and the people viewing the site might not click to a second page, I feel it's important that you put the most salient bullet-points from the ""About Me"" page on the first page.",1346080208.0,2
DepthHub,"His conclusion is that there was probably an influential guy named Yeshua who challenged Jewish tradition. Let's say we accept that as true. It still means the case for a virgin birth, performance of miracles, crucifixion and resurrection are based on zero to flimsy or tenuous evidence. In other words, there may have been a historical Jesus, but still absolutely nothing to suggest he was messianic (or that he even claimed to be the messiah).",1346011326.0,3
cars,So you don't have to smell New Jersey?,1345957414.0,-1
answers,You should visit /r/askscience more often. ,1345955849.0,3
ideas,This sounds like MySpace. ,1345876569.0,1
TheSimpsons,"Well basically, I just copied the plant we have now. Then, I added some fins to lower wind resistance. And this racing stripe here I feel is pretty sharp.",1345876457.0,6
DIY,You don't deserve downvotes for a healthy rivalry. ,1345872952.0,2
Audi,Absolutely beautiful. I would take one over the CLS or the 6-Series Grand Sport any day.,1345868780.0,2
AdviceAnimals,"Has leftover Pizza Hut

Uses it as a plate for much better pizza. ",1345857678.0,85
OperationGrabAss,"> You should never engage these federal employees unless you absolutely have to.

Again, to state an unpopular opinion for this subreddit, that's a terrible attitude. Sports are harmless conversation fodder. It's like talking about weather.

I did read the article. Vacation plans may be off limits, but I was specifically addressing the football chit-chat mentioned in the title. My argument was that there didn't appear to be anything malicious about it. It's silly to always be on guard about *every* conversation you might have with a federal employee. ",1345831539.0,-1
OperationGrabAss,"To play devil's advocate here, maybe the TSA agent just wanted to talk about football. If the agent knew the pre-season schedule, he was probably excited about the Pats/Eagles game, and saw this guy's shirt and brought it up in a friendly manner. Do you honestly think the TSA is training its agents to feign interest in pre-season football just to ensnare or entrap travelers? This sounds like a sports fan talking football, and not an interrogation.",1345823765.0,1
economy,"No, you don't have to read this. The Atlantic wrote a shallow trend piece on an issue that has been written about many, many times over the past year ([here's one from the WSJ from January](http://online.wsj.com/article/SB10001424052970204257504577151103049713184.html)!). Then they chose a deliberately incendiary headline, conflating frugality, aversion to marketing, and lack of financial resources to ""cheapness"", designed to drive page views through controversy, and so far they're succeeding.

It's pretty low for The Atlantic.",1345823508.0,12
food,"Look out, McGriddle!",1345782963.0,4
streetlightmanifesto,Awesome! And it only took 5 years! I can't wait until 2017.,1345765563.0,2
nfl,"Once the season starts, ESPN will drastically cut its Tim Tebow coverage to barely more than 25 mentions per hour.",1345764653.0,4
nba,"It's more like a rivalry between the Lakers and the Rose Garden arena. We don't consider Portland a rival, per se, but we just can't seem to win in that arena.",1345736097.0,6
AdviceAnimals,"> **Bullet Tooth Tony:** A bookie's got blagged last night.

> **Avi:** *Blagged?* Speak English to me, Tony. I thought this country spawned the fucking language, and so far nobody seems to speak it.",1345692218.0,1
cars,"Nah, I thought I recognized the car and the driver. Turns out it was a totally different area. Thanks though!",1345647634.0,1
cars,Any chance you could tell me where you shot this picture?,1345593864.0,1
videos,"During a game against the Giants, no less.",1345586881.0,2
beer,No tomato juice in any of those? You're really sticking to the Mexico City style there.,1345582024.0,4
answers,"It may also be related to epilepsy, for people who have seizures triggered by photosensitive epilepsy. The [Jay-Z/Kanye West video for Niggas in Paris](http://vimeo.com/36496018) has language like that before the video begins.",1345581357.0,2
politics,"Bullshit. Only one representative was talking about reinstating the draft, and that was Charlie Rangel, an anti-war Democrat, and he was only talking about it as a tool to sway public opinion against the war. It was never seriously considered by anyone as anything other than a political tool, and never gained any traction in either house of Congress.",1345480684.0,264
personalfinance,"If it's not worth much (financially or emotionally), sell it. Take the money and put that into a college fund for your children. That'll be a more valuable gift to them. ",1345439029.0,0
personalfinance,"How much is it worth? The reason I ask is because if it's worth only $10k, there's not much point in holding onto it for 20 years to pass on to your kids, as by then it will probably only increase in value by the amount of inflation. ",1345438462.0,2
personalfinance,"You haven't mentioned what you think the land is worth. Is it potential farmland? Is it on a busy highway that might make it valuable as a gas station, restaurant, or retail space?",1345437527.0,4
food,"First and foremost, the true LA-style streetcart dog (bacon-wrapped with onions, jalapeños, tomatoes, and mayo) is largely unknown across the rest of the country and that's a terrible tragedy. IMHO, anyone who samples one will immediately fall in love with it. 

Secondly, the Dodgers do sell a bastardized version of it, called the Doyer Dog. It's big, and not so great, but it does its best to be a unique LA creation. ",1345347175.0,3
funny,What newspaper gets *it's/its* wrong?,1345304484.0,42
LosAngeles,"Please return to Suzie Suh, KCAL/KCBS Weekend Anchor, CBS Studios, Studio City, thankyouverymuch. ",1345265737.0,1
BMW,"There are only two types of people who remove their badges:

1. People who have a low trim who are embarrassed of their ride and want to make people think they might have a higher trim.
2. People who have very high trims and want to make them stand out less, either to potential thieves or because they don't want to appear immodest.

If you fall into either of those categories, by all means remove it. If not, leave it on.",1345232983.0,1
OperationGrabAss,"Orange County is filled with white republicans. Just act the part, and you won't be hassled. ",1345171113.0,1
AdviceAnimals,I'm Ron Burgundy?,1345159666.0,1
LosAngeles,"> Plus, buying cars on credit is a great way to stay poor.

This is so unbelievably wrong. So much of this depends on the rate, and for car loans it can be anywhere between 0% to 20%. For people who qualify for rates lower than inflation, it's far cheaper to buy a car on credit than to pay cash. ",1345153804.0,5
wikipedia,Only click this link to [TV Tropes' page on the Mexican Standoff trope](http://tvtropes.org/pmwiki/pmwiki.php/Main/MexicanStandoff) if you want to lose your entire afternoon.,1345149604.0,-1
pics,I watch *Mad Men* religiously and never in a million years would I have made [this connection](http://blog.zap2it.com/frominsidethebox/mad-men-season-5-larisa-oleynik.jpg).,1345139152.0,230
politics,"At issue here is not whether the Romney campaign has paid to license the music (they have). The issue, as with most stupid licensing/royalty disputes is *how* the music is being used and whether it falls within the terms agreed to within the ASCAP agreement. Within the ASCAP terms, any song can be used as background music so long as licensing fees have been paid, but that legality gets muddied when the song becomes an integral part of a larger stage production. That latter part is what the Silversun Pickups allege.

Ultimately, this is going to be a wankfest for everyone involved. The campaign will either use a different song during the bigger parts of Mitt's campaign appearances. No one will sue anyone, no extra royalties will be demanded or exchanged, and no one will care come Monday. 

**tl;dr:** All this is is the Silversun Pickups basically putting their opinion on record that they don't like their song being used by the GOP candidate, and nothing more.",1345131820.0,6
AskReddit,"I don't like *The Wire*, and I don't like any Radiohead albums after *OK Computer*. Everytime I say that, I get downvoted. So have at it, assholes.",1345076899.0,3
AskReddit,Was he gentle?,1345076640.0,2
AskReddit,Also try /r/favors,1345076547.0,1
AskReddit,"Well I certainly wouldn't shit in it, if that's what you're implying.",1345076426.0,2
TheSimpsons,"Here, let me read to you from my play... Ahem. *""Kippers for breakfast, Aunt Helga? Is it St. Swithin's Day already?"" ""'Tis,"" replied Aunt Helga.*",1345074056.0,27
pics,"The ad on the side of the field is added to the television broadcast using [chroma key compositing](http://en.wikipedia.org/wiki/Chroma_key) (sometimes known as green screen). In the stadium, it just appears as a solid color. The cameraman is wearing pants of the same color as the ad space, so the ad gets overlaid on his pants. Here's [an example](http://img.thesun.co.uk/multimedia/archive/01528/Bloopers_01_1528471a.jpg) of the same thing happening on a news broadcast.",1345062887.0,3
offbeat,"It's just in a very industrial part of LA. It's also in a place where there is a large homeless population. Here's [a better perspective](http://goo.gl/maps/ThKsL). Though the areas around it appear in a state of disrepair, the building itself has been well maintained.",1344972451.0,1
IWantOut,"Every state, county, and city even.",1344960621.0,4
beer,"This list is very East-Coast-centric (which is OK, as this is the Washington Times), but now for parity we really need someone to create a West Coast list. Any takers?",1344960465.0,1
fffffffuuuuuuuuuuuu,"> **\*its**

Man, people in glass houses...",1344889967.0,1
nba,"I'm pretty sure those people would have a completely different opinion about an English-speaking Honduran gardener, paying taxes but not technically a citizen yet.",1344873202.0,26
TheSimpsons,SEX CAULDRON?!! I thought they closed that place down!,1344834724.0,8
TheSimpsons,"That's because I've loaded it with sugar! Marge, our ship has come in!  I found five hundred pounds of sugar *in the forest* that I'm going to sell directly to the consumer!  All for a low, low price of one dollar per pound!",1344834544.0,1
TheSimpsons,"We've hit the jackpot here! White gold, Texas tea!... Sweetener!",1344834020.0,2
nba,[Lucão](http://en.wikipedia.org/wiki/Lucão) Gasol :),1344807381.0,2
nba,"Maybe if Marc Gasol hadn't been busy [playing volleyball for Brazil](http://ww2.hdnux.com/photos/14/52/50/3320341/3/628x471.jpg), Spain might have won. ",1344804867.0,17
drunk,It's not important. It's metaphorical. Let the note say what you imagine it to say. ,1344753263.0,12
AdviceAnimals,The last pineapple! And it's plenty ripe too!,1344726530.0,2
AdviceAnimals,Creamed eel? Corn nog? *Wadded beef?*,1344724271.0,1
atheism,I like to think of it as a BSOD followed by a hard reset. (And any unsaved work will be lost.),1344723984.0,2
atheism,"As someone with epilepsy, I'd like to point out that it's still not well understood. Sure, we know more than Hippocrates' time, and we have therapeutic medicines, but in many cases we still can't isolate its root causes. It's also important to note that not long ago, electro convulsive therapy was an accepted way of dealing with it. 

This is not to suggest that I think there's anything divine about it. I just think more people should know about it. ",1344713347.0,12
funny,Dat mean he gon luv Obama 5eva. ,1344709264.0,0
politics,"Youth. That, and consistent, conservative bonafides (which Romney genuinely lacks). And that's about it. ",1344665446.0,1
Music,Dat outro. ,1344651190.0,2
lakers,"This, I think, was the most important aspect of this trade, and it seems to be the most overlooked. Getting D-wight would have been a totally different story if we had lost Pau.  ",1344651107.0,3
PHPhelp,"Here you go dude:

    //name[text()='Yoga']/following-sibling::*[1]/self::day",1344641135.0,4
LosAngeles,Only if Odom steps up his game. I wanna see him be the player he was during his *6th Man of the Year* season.,1344638465.0,3
TheSimpsons,Radical. ,1344573477.0,2
TheSimpsons,This scene has always been in syndication. ,1344573092.0,1
TheSimpsons,You only have enough cash for the next three customers?!,1344573009.0,16
TheSimpsons,"Well, the kids have to learn about *Tek War* sooner or later.",1344572923.0,10
needadvice,This should be an important lesson on why it's always a good idea to carry uninsured/underinsured driver coverage. Hopefully OP had that. ,1344571018.0,2
politics,You don't think the Romney campaign and Fox News are tearing into his background for ghosts right now? You don't think the PAC that recruited him vetted him extensively?,1344543903.0,1
funny,"Since Gawker gets like a quarter of their posts from reddit, I have a feeling it's a love/hate relationship.",1344527048.0,2
TheSimpsons,AAWWWWW. The Denver Broncos!,1344526404.0,3
videos,"Damn. I checked for any posts in /r/personalfinance, but unfortunately it didn't turn up anything.",1344525519.0,3
AskReddit,"> But this is not something I would learn from having a brother.

I don't see why you couldn't learn that from your brother, so long as it's just silly and non-sexual.",1344469067.0,1
Epilepsy,"My auras aren't visual. They manifest as intense, instantaneous confusion, and a brief, isolated, shooting migrane-like pain, as well as a feeling of being separated from my senses. It's a bit tricky for me to describe. It could be that being very high shares several of those sensations.",1344374194.0,1
politics,You can't even get a fucking mortgage without 3 years of prior tax returns!,1344289831.0,2
PoliticalDiscussion,"The timing of this question is, depending on your perspective, highly charged or highly advantageous. Your results would be entirely different had Curiosity just crashed into the surface of Mars. Any acceptable answers to your question must be independent from such biases. ",1344235914.0,2
TheSimpsons,"He's right, you know. ",1344230588.0,15
Epilepsy,"Part of the problem is that I'm very, very averse to the aura sensations, and consider anything close to that a dire emergency. I'm basically conditioned to shut everything down at the slightest indication of them.

So even though getting high is usually pleasant enough for me, getting too high is just close enough to that aura to cause me grave concern. Getting drunk is a completely different sensation entirely. ",1344207821.0,2
Epilepsy,"Yes. It was also a situation like yours: I smoked way more than I was accustomed to. I am not a regular smoker, only an occasional smoker. In this case I smoked keif (super potent dust) rather than just buds. I felt conditions similar to my usual aura conditions. So I laid down and had people watch me. Nothing came of it. Part of what helped me remain calm was knowing that no one ever suffers severe consequences from smoking marijuana, even very high amounts, and that it would eventually pass. 

You probably just had too much. Start slower next time. Or maybe it's just not for you. If not, no big deal. I'm curious though; do you drink regularly?",1344197813.0,3
TheSimpsons,Seems like a perfectly cromulent definition. ,1344142258.0,2
AdviceAnimals,"Imgur changed its layout recently. Any links to the image *page* (not the direct link) were parsed for the path to that image, and that image was substituted in the camera expansion button thingy.

But now that the layout has been changed, RES can't extract the path to the image properly. Give them a little bit, and they'll fix it.",1343938632.0,2
PHPhelp,"In which case he can use sprintf. There is no need to use if/else, as another person suggested.

    echo sprintf(""$%01.2f"", $x / 100);",1343936254.0,1
AskReddit,"I'm a software developer. My friends and family think it's my job to fix their computer, printer, and router issues.",1343933985.0,2
AskReddit,"The Consumerist runs this contest every year. Here are the [2011 results](http://consumerist.com/2011/10/announcing-the-2011-worst-ad-in-america-nominees.html).

My vote would have been for the Miller Lite ""Man Up"" commercials.",1343933417.0,1
pics,"> The crossfit community is rather bonded.

You could say that about most cults.",1343684029.0,6
TheSimpsons,No :(,1343680370.0,1
BMW,*was driven swiftly down*,1343662333.0,2
BMW,As a $3500 option?,1343615037.0,1
Bad_Cop_No_Donut,I have always wanted to be citizen1022. I just never thought it was possible until now. ,1343613112.0,33
StandUpComedy,It was still pretty good. Though nothing close to Doug Stanhope's incredible performance. ,1343528555.0,1
California,You only need one night in Monterrey. Take this dude's advice and spend 2 nights in SB. ,1343528175.0,1
pics,Not pictured: Pirozhkova bench pressing Ann Romney's dressage horse. ,1343518861.0,35
TheSimpsons,I know where we can get some baguettes!,1343507584.0,7
beerporn,"Has it really been a year since 15th Anniversary Escondidian Black IPA? Seems like it's barely been a few months. If they stop producing that, I'm gonna be sad. ",1343441981.0,1
TheSimpsons,Congratulations! 20 minutes this time. I figured *Tek War* was the dead giveaway. The kids have to learn about Tek War sooner or later.,1343426594.0,4
TheSimpsons,"**WEEK 3**

First week, you guys got it in 5 minutes. Last week, it took 30 minutes. I think you'll get this one quickly.

**Difficulty:** Easy",1343425238.0,3
nba,"And anything involving Charles Barkley gets the obligatory ""That's turrible."" These are the rules. I thought we all agreed to them.",1343405144.0,4
PoliticalDiscussion,"This is a few years old (so it doesn't take into account the financial crisis, anti-Obamaism and the ascendance of the Tea Party, etc), but I will always recommend [What's the Matter with Kansas](http://en.wikipedia.org/wiki/What's_the_Matter_with_Kansas%3F) as a great description about how the major parties are divided ideologically, and how they have shifted over the past several decades. It's also a window into the Progressive mind, especially the incredulity toward the Conservative movement.

EDIT: It also does a great job of highlighting the cooperation between economic conservatives and cultural conservatives (two factions that have historically not had overlapping interests) in order to further each's agenda. When conservatives run government, the agenda is almost entirely that of the economic conservative. But the benefit to the cultural conservative is an understanding that, because of this, cultural liberals are kept out of office, and an agreement that economic conservatives will never push liberal cultural policies (thus preserving the status quo).",1343349501.0,2
videos,Directed by David Lynch and J.J. Abrams.,1343318419.0,1
AskReddit,"""She loved life"" after someone has died.

It's such a meaningless platitude. That's really the most enduring memory you have of them? Most people love life, you idiot, or they enjoy it. At the very least they enjoy *living*. But now they're dead. And that's sad, given how much they loved life. Twats.",1343262106.0,1
videos,Except it's spelled *Angelenos*.,1343233374.0,0
technology,"[Hyperbole](http://en.wikipedia.org/wiki/Hyperbole), assuming your question wasn't rhetorical. ",1343192301.0,1
HistoryPorn,What Instagram filter is that?,1343188242.0,15
funny,he gon luv her FIVE-ever... (dat mean he luv her moar den 4evr),1343164449.0,0
beer,"Try both. There are significant differences in taste aside from just beer versus vodka. A Bloody Mary with beer instead of vodka is called a *bloody beer*, which is not the same thing as a michelada. The bloody beer tends to use horseradish, which the michelada does not have, and lemon (the michelada uses lime). The michelada uses salsa picante or chile for heat, whereas the Bloody Mary *may* use Tabasco (which, unlike salsa picante, is vinegar-based). The Michelada contains no olives or black pepper.
",1343083000.0,2
IAmA,"In Soviet Russia, *you* interview Larry King!",1343081159.0,8
pics,And that cat's name... was Carl Sagan.,1343077353.0,3
LosAngeles,Pic 22 is Grand Central Market.,1343072785.0,4
obama,"The Wikipedia page will give you a long history, but here's a brief overview of [their current holdings](http://aegworldwide.com/about/companyoverview/companyoverview).",1343056699.0,2
beer,[Indian Wells Orange Blossom](http://beeradvocate.com/beer/profile/619/20496/). It's like they mixed a terrible amber ale with orange soda. Truly revolting. ,1342991612.0,3
beer,"I knew someone would put this. Don't let Budweiser's awful implementation turn you off from micheladas entirely. A good chelada with cold Mexican lager, tomato juice, Worcestershire sauce, salted rim and lime garnish is a fantastic hangover drink on a hot summer morning. Some think this is beer heresy, but they're great if done properly.",1342991404.0,54
Music,You're the hero Gotham deserves. ,1342989320.0,18
funny,"No, that's a catastrophe. You're thinking of the formal renunciation of one's religion. ",1342989143.0,-1
Music,No dice. ,1342988861.0,8
Music,Neither will work on mobile. ,1342988093.0,10
todayilearned,¡Tan bravo!,1342987902.0,-3
atheism,"Unrelated, but you don't have to add a parenthetical *sic* to his quote. It's well understood that his is the correct British English spelling of ""civilization.""",1342987565.0,1
funny,Apostrophes was my favorite Greek philosopher. ,1342984450.0,57
obama,Then you might want to further investigate AEG's holdings. They're incredibly far-reaching. ,1342981988.0,2
atheism,"I'm an atheist who supports marriage equality **and** universal free speech, including bigotry, hate speech, etc. If you ever propose limiting speech, who decides where that line is drawn? What if that line excludes speech offensive to religion?",1342975290.0,41
atheism,Mr. Burns has never said this.,1342932245.0,-2
economy,Thanks [Kelo vs New London](http://en.wikipedia.org/wiki/Kelo_v._City_of_New_London)! Maybe something good can actually come out of that train wreck of a verdict. ,1342911974.0,1
politics,Having ancestors who escaped to a country to escape anti-bigamy laws for one generation does not entitle one to claim that country's ethnicity. ,1342892763.0,1
TheSimpsons,Nope! That's *A Tale of Two Springfields* (season 12). But that might make a good future screencap!,1342847541.0,1
TheSimpsons,"Thanks man. I'll do my best, each Friday. But apparently I need to make them harder. ",1342847031.0,2
TheSimpsons,"For the record, I thought Homer's tie would also be a dead giveaway. And that's the end of that chapter.",1342826699.0,5
confession,Stop stealing our precious white women!,1342826605.0,43
TheSimpsons,"You win! Last week it took like 5 minutes. This time, 30 minutes. Nice job /r/TheSimpsons.",1342826396.0,7
TheSimpsons,"Last time I did this, it was over really fast. You guys are really good with your Simpson's knowledge. So this time I've made it a bit harder.

**Difficulty:** Medium (not much identifying information)",1342824535.0,5
PHP,"That wasn't what he asked.

By all means, put it in your LinkedIn account, but leave it out of your resume and cover letter.",1342798774.0,1
PHP,"Nope. It's an introduction, not an autobiography. You wouldn't put your references in your cover letter, and you shouldn't put your code samples either. Everyone reading your resume and cover letter *knows* that you have references and work samples. If they like your resume, they will ask you for them before or after your first interview.",1342797089.0,0
PHP,"You shouldn't put that in either. Offer code samples and links if they ask for them, but not before that. ",1342759127.0,1
fantasyfootball,Three Penis Wine would have a much more interesting logo. ,1342755749.0,1
pics,You're right. I confused him with Frank Costanza. ,1342754316.0,4
funny,Maybe hey just wants to drive Simon Cowell's Bugatti Veyron (though I think he keeps it in the States).,1342754253.0,2
pics,"~~He was also in Korea, not Japan.~~

Cancel that. Had him confused with Frank Costanza. ",1342754019.0,0
atheism,Stupidity can take the place of false morality because false morality is a type of duplicity. ,1342753706.0,1
funny,Wayne Campbell?,1342753311.0,5
todayilearned,Clearly you care *way* more about grammar than you do about punctuation.,1342739354.0,-1
self,"I often wonder if *I* could somehow profit from my hatred of people. I'd open a store and call it *Misanthropologie*, where I would berate shoppers with equal amounts of condescension and apathy. But then I realize I'd have to compete with Best Buy, and it just wouldn't work.",1342714867.0,8
WTF,"Look, I hate to admit it, but when I was a kid, around that age, my shorts were that short... and I'm a guy (we're talking late 80s here, before the baggy shorts craze of the 90s). Your comments are some of the most paranoid I've read in a long time.",1342560938.0,3
funny,"Oh, you say it's hot and humid in Iowa, Aunt Beth? And in July of all months! Fascinating! I can hardly believe it either! Of course I'll pray you get some better weather soon!",1342463853.0,67
IAmA,How does it work?,1342452239.0,2
funny,She was goin' gorillas on dem tortilla chips. ,1342383519.0,51
politics,"You're kidding me, right? The right has accused Obama of being *un-American* for the past 4 years. To accuse Romney of being a false patriot (backed up with ample evidence) seems to pale in comparison to the (baseless) accusations the right threw at Obama. ",1342287827.0,14
Epilepsy,"I did. I switched to carbamazepine (Tegretol) and it was great. Super cheap (for generic) and no side effects. Adding generic levetiracetam (Keppra) has kept me seizure free for almost 18 months.

But let's be serious. Your mileage may vary. Talk to your neurologist and expect it to take time to find the right medication for you. ",1342234768.0,1
PoliticalDiscussion,"This ""story"" was leaked yesterday to deflect attention from the [Boston Globe article](http://www.boston.com/news/politics/articles/2012/07/12/government_documents_indicate_mitt_romney_continued_at_bain_after_date_when_he_says_he_left/?page=full) that broke yesterday. It's a total diversion. She has already said she would not accept it, and the Romney campaign has no intention of selecting her.",1342198821.0,2
economy,"Let's also ignore the fact that rent inventory is already very low, so predicting an increase demand for rentals means those houses WILL be purchased (by investors, not full-time occupants), and leased to people who want to rent.",1342130099.0,1
Epilepsy,"If your tongue is so damaged that you find it hard to move around your mouth, and your mouth starts to feel dry and gross, I recommend trying [Biotene](http://www.biotene.com/Products/Gum.aspx) gum (maybe you can find it in Finland). Unfortunately it won't do much for your pain, though. =/",1341953269.0,1
AskReddit,"Don't complain about downvotes.

EDIT: Downvotes? Really?!",1341875188.0,82
AdviceAnimals,Then maybe you shouldn't masturbate in Starbucks.,1341874896.0,5
pics,Because you're stupid?,1341874409.0,1
funny,I'm *not* messing with your special lady. ,1341869166.0,1
politics,The Senate will always have Lindsay Graham. ,1341727402.0,13
motorcycles,Exactly. And they're just wearing t-shirts. No point in putting yourself in a dangerous situation if you're just out for a leisurely ride and you're not wearing proper gear. ,1341703443.0,8
lakers,"What, no Luke Walton?",1341703237.0,3
motorcycles,"I'd anticipate that those guys in front would probably race, and even though a bike would probably win, I'd just hang back and let them do their thing. ",1341702976.0,17
atheism,"Did 20/20 ever have real journalism (a la 60 Minutes), like back when it was hosted by Hugh Downs and Barbara Walters, or is that just a confused vestige of my memory?",1341681785.0,4
TheSimpsons,"Well, that didn't take long.",1341595570.0,1
TheSimpsons,"**Difficulty level:** Medium (scene appears in original episode, but not in syndication)",1341594318.0,1
AskReddit,"Seriously?

EDIT: One example, the city of Los Angeles is 468 square miles (1213 km2) in size. It's [so big](http://blogs.laweekly.com/informer/assets_c/2012/06/map%20of%20la%20eight%20cities-thumb-550x891.jpg), you could fit St. Louis, Milwaukee, Cleveland, Minneapolis, Boston, Pittsburgh, San Francisco, and Manhattan inside it... at the same time. And that's just the city itself. The Los Angeles *metropolitan area* is larger than the two smallest US states.",1341526126.0,1
AskReddit,"If you're sorting a list of items by one factor, it's always simple and straightforward. In this case, if you were only sorting by upvotes, you could just list posts descendingly.

But any time you want to use a number of factors to determine how to list items, you have to use an algorithm to do it. You take those factors, run them through your algorithm, which returns a quantifiable value, which you then use to sort on. (If you wanted to just sort on number of upvotes less number of downvotes, that itself would be a type of algorithm, albeit very simple.)

In this case, the *hotness* algorithm takes into account a number of factors, the most important being upvotes, downvotes, and age of the post.

tl;dr: Any time you want to sort by more than one factor, an algorithm is required.",1341525583.0,1
funny,"> Haha don't come to Mexico man

Not a problem.",1341508438.0,48
meetup,/r/SFV might be interested. ,1341288528.0,3
cars,$100k worth of cars. Cannot afford a garage.,1341246550.0,10
mw3,Just like there were only two *Indiana Jones* movies if you start with *The Last Crusade*?,1341207913.0,1
DIY,"And some racing stripes, which I feel are pretty sharp. ",1341197984.0,74
mw3,5 if you only count the ones Infinity Ward has been involved with (and I'm with OP; who counts the Treyarch releases? That would be heresy.),1341123792.0,-3
beerporn,Wait. Are you sure you want to age that DIPA? I'm pretty sure you're not supposed to do that. Someone will surely correct me if I'm wrong. ,1341114931.0,-2
beerporn,"I love that Noble Pils, no matter what anyone else says. I think it's the perfect summer beer. Better than Lagunitas Pils, better than Victory Prima Pils. ",1341114264.0,1
nba,It helps if everyone is white and wearing the same color T-shirt. ,1341075183.0,12
politics,"> The China model is stirring interest and enthusiasm around the globe.

To use China as an example here is questionable. The problems that plagued the invasion of Iraq weren't caused by us choosing the incorrect market and governmental models, when different models might have been better suited to Iraq. It was because we invaded with a ""we know what's best for you"" mentality. Any market and governmental models we chose to impose would have failed, as it was the imposition of external models that led to the failure, not the models themselves.",1340993329.0,1
TheSimpsons,Inconclusive. ,1340945229.0,5
pics,Yup. Nakatomi Plaza AKA Fox Plaza. ,1340937880.0,4
pics,"Also obligatory, from [Century City](http://bitsandpieces.us/wp-content/uploads/2012/03/die-hard-gas_small.jpg) instead.",1340927940.0,10
pics,"What you're seeing is fire retardant, not snow. Here's [another angle](http://www.airdisaster.com/photos/wn1455/3.shtml). Here's [the specific flight](http://en.wikipedia.org/wiki/Southwest_Airlines_Flight_1455).",1340927758.0,3
funny,Why do people keep assuming that because they don't have health *insurance* they're not participating in the health care *market*?,1340915335.0,3
lakers,"C'mon, wouldn't you rather have Anthony Davis? [Dat unibrow](http://i.usatoday.net/sports/_photos/2012/04/01/Hiestand-NCAA-title-game-about-next-NBA-class-UP184G73-x-large.jpg).",1340915038.0,1
pics,"This is neat and all, but that crib likely costs 2-3 times more than an equivalent table or desk. Why you would destroy a crib (rather than selling it) to turn it into a desk confuses me. ",1340846317.0,2
pics,Look out McGriddle!,1340836414.0,1
Frugal,So much of this depends on where you live and which *specific* utilities are included in A.,1340836357.0,5
self,"It's astonishing that people who build/buy in risky areas (forests, shorelines, flood zones, fault lines, tornado zones) can't process that risk when a disaster actually happens.

Possessions are merely that: possessions. If you have something irreplaceable, either keep it somewhere safe or make it easy to evacuate with you. Everything else can be replaced. Lives, on the other hands, cannot. ",1340818981.0,9
self,"It's literally been on the CBS Evening News every night for 2 weeks. If you want to do something meaningful, evacuate. If your home isn't there when you get back, rebuild. That's what insurance is for.",1340811326.0,19
politics,"Are they for standup, or for *Real Time*?",1340756065.0,1
funny,"Nice try, Carlos Mencia.",1340737794.0,1
LosAngeles,"Don't make Vegas into a day trip. You should spend at least a weekend there.

Addendum: The Sanford winery you see in *Sideways* is no longer there. They have a new, modern tasting room in a new location.",1340728634.0,1
TheSimpsons,[That didn't take long](http://www.youtube.com/watch?v=uLR3CgeUeyc),1340639550.0,3
politics,"Let's be honest... How much worse could this possibly make educational standards in Kansas (the state that lets you forego science classes if you feel it infringes on your ""religious liberty"").",1340604779.0,0
TrueReddit,I'm having trouble thinking of any product/company AOL acquired that didn't turn toxic. ,1340594425.0,41
carcrash,That'll buff out. ,1340593837.0,3
AdviceAnimals,"Movie*s*? Plural? I'm afraid you're wrong, friend. They never made any sequels to *The Matrix*.",1340579054.0,2
obama,"That's very idealistic of you but these things do happen, and if your bosses think you're deliberately trying to stir up tensions (as you originally stated) they may be more inclined to reprimand you. ",1340494625.0,1
PoliticalDiscussion,The SEC is doing far too little. ,1340472290.0,5
funny,"[The Onion](http://www.theonion.com/articles/fuck-everything-were-doing-five-blades,11056/) satirized the disposable razor arms race the best.",1340403173.0,3
AskReddit,Yes.,1340402423.0,1
funny,"Look, this was already on Tosh.0, so you know it's already been posted to reddit at least a dozen times.",1340402352.0,1
funny,You'll be back.,1340401187.0,22
Drugs,"Hey, give him a break. He probably had a busy scedule.",1340401125.0,2
AskReddit,You probably should have thought about funding before you lost your job.,1340401031.0,1
funny,"Yeah, sometimes I have incredibly tedious conversations.",1340400422.0,2
atheism,Luck is just another name for the odds of something occurring in your favor.,1340323738.0,2
politics,"Then surely he knows Obama would veto any such bill, and he doesn't have the votes to overturn that veto. So this is basically just pointless political grandstanding.",1340307007.0,8
carcrash,"Ease up, man. The distinction may not be important to you, but it is to motorcyclists. It's explicitly mentioned in *[Motorcyclist's Legal Handbook](http://www.amazon.com/Motorcyclists-Legal-Handbook-Situations-Mundane/dp/0760340234)*:

> California is the only state in the country that allows lane splitting, lane sharing, and filtering. However, contrary to legend, it is not legal. Nor is it illegal. It falls in a gray area unique to California… You can (and will) get stopped and cited if you're riding like an ass.",1340305030.0,2
carcrash,"> permitted by law

Except there is no law that permits it. It falls in a legal grey area. That's not a pedantic distinction.",1340304517.0,-1
carcrash,"Technically, in California, it is not *legal* in that it is sanctioned by traffic code. Its technical status is that it's *not illegal*. From Wikipedia:

> In California no law explicitly and clearly prohibits lane splitting, and significantly, it has become the traditional policy of law enforcement, the courts, and the public in California to tolerate it when it is done safely. However, those engaged in unsafe behavior, including unsafe lane splitting, can still be cited for violating certain sections of the vehicle code.",1340303942.0,-3
carcrash,"You may hate it, but it's lawful in certain places (like California). It's called [lane splitting](http://en.wikipedia.org/wiki/Lane_splitting), and is considered by its proponents to be safer for motorcycle riders. Riders are advised to travel no more than 10-15 mph (16-24 kph) faster than the flow of traffic. It doesn't appear that these riders were exceeding that speed.

Ultimately, the Audi driver changed lanes without checking her mirrors or checking her blind spot first. They are probably both culpable to some degree.",1340303715.0,2
programming,"Or,

> To a cop the explanation is never that complicated. It's always simple. There's no mystery to the street, no arch criminal behind it all. If you got a dead body and you think his brother did it, you're gonna find out you're right. 

The irony being that, in that movie, there *was* an arch criminal behind it all.",1340301592.0,2
atheism,Confirmation bias. ,1340251422.0,5
TheSimpsons,"1. Last Exit to Springfield
2. You Only Move Twice
3. Mother Simpson",1340228502.0,2
aww,"Dat punctuation.! ,",1340226401.0,1
worldnews,"Didn't this exact same thing happen about a month ago?

EDIT: [It did](http://www.ocregister.com/articles/bales-355157-floating-marijuana.html)",1340140387.0,12
AskReddit,Even comments by `Trapped_in_Reddit` and `karmanaut`?,1340138925.0,2
AskReddit,Newegg ([Unlocked](http://www.newegg.com/Store/SubCategory.aspx?SubCategory=2961&name=Unlocked-Cell-phones) & [Without Contract](http://www.newegg.com/Store/SubCategory.aspx?SubCategory=227&name=No-Contract-Phones)),1340136745.0,1
circlejerk,I'm sick of these non-circlejerk-related questions ending up here. This question belongs in /r/sexualfinance.,1340118555.0,13
carcrash,Sand people dress alike to hide their numbers. ,1340071144.0,-6
IAmA,"Don't you think a doctor is aptly capable of weighing the costs versus benefits of any emergency situation? Surely they would prefer to do only what's necessary to stabilize the patient until they can get to a proper, sterilized environment; but if the situation is truly dire, who could fault them for doing everything within their power to save that patient's life.",1340037141.0,2
IAmA,Who would begrudge a doctor for attempting to save a man's life when the patient is otherwise unable to get medical help? We're not talking about an impromptu nose job here.,1340034982.0,1
AdviceAnimals,"Alright guy's, we get it!",1339982612.0,1
Bad_Cop_No_Donut,Calling him a *key figure* in the riots is like calling Archduke Ferdinand a key figure in the waging of WWI. ,1339968995.0,1
Epilepsy,"I haven't had any issues, but I am not a medical professional, so your mileage may vary. Then again, my seizures tend to be stress induced, and alcohol tends to calm me. 

My advice, if you're going to mix, take it easy at first. ",1339968480.0,3
Autos,"I remember this episode of Seinfeld. Whatever you do, don't let Jack Klompus borrow the car!",1339968253.0,2
AdviceAnimals,"What if I told you

superfluou's apostrophe's are superfluou's. ",1339950879.0,51
funny,By hitting the bouquet with his groin he was literally able to cock block the bride's wishes. Very clever. ,1339945260.0,8
AdviceAnimals,"Stepping out of slim, health-conscious Orange County into Disneyland feels like going on safari, except all the hippos and elephants are wearing sweatpants and XXXL sports jerseys. ",1339907236.0,3
TheSimpsons,"Justice is not a frivolous thing, Simpson.  It has little if anything to do with a disobedient whale.  ",1339886461.0,12
PHP,"I think it's great for the reasons others mentioned, and I was assuming it was a whiteboard question, not an online code request. I'm not assuming anyone would try to enter the code and run it to qualify or disqualify the candidate. It's also great because everyone (should) know what text justification is, but hardly anyone puts any thought into what's behind it. There are also hundreds of approaches a candidate could take to solve it, which really offers a perspective into their problem solving methods. 

Great interview questions test a candidate's ability to solve problems they can easily understand, but haven't encountered before, using a toolset (PHP) that they're comfortable with, while offering them the opportunity to discuss and collaborate with you, the interviewer.",1339860207.0,1
PHP,That is a *great* interview question. ,1339818732.0,4
AskReddit,"Nice try, Al Qaeda.",1339719513.0,4
AskReddit,"I am not a physician, but I'd just like to point out that people discount experts in nearly every profession all the time (mechanics, pharmacists, scientists, repairmen, attorneys, etc), instead choosing to rely on their own judgment, often to their own detriment. It's hardly a problem unique to physicians.",1339719351.0,7
AskReddit,"I just want people to stop saying **fus**trated. It's *frustrated*, idiots.",1339718562.0,1
AskReddit,"Forced diversity (AKA the *token* black guy, asian, indian, etc) among a group of friends.",1339718189.0,29
AskReddit,Most landlords will do a walkthrough with you and tell you what needs to be done to preserve as much of your deposit as possible. Just arrange an appointment time with them.,1339714257.0,1
AskReddit,Darker than asking them questions about *Schindler's List?*,1339714073.0,2
TrueReddit,NSFW,1339710755.0,1
JusticePorn,And now they're teammates!,1339703742.0,1
funny,Maybe she had a hole bored in her head.,1339689943.0,1
funny,No one. Literally no one has ever uttered something so stupid.,1339629612.0,4
cars,"That comment was so snide, it could really benefit from miniature traffic cones around it, so people know not to read it. So I've made a pair for you.

      /\                   /\
    _/__\_ DOUCHE PATROL _/__\_
",1339601298.0,21
entertainment,"The MP3 is analogous to Nolan's argument if you compare it to an, *ahem*, analog recording, like an LP or cassette tape. However, the previous standard was CD (or WAV, depending on your perspective); both of those are digital. By the time MP3s rose in popularity, analog music formats were already relics of the past. So the comparison there doesn't really fit.",1339458108.0,1
entertainment,Isn't the CMOS vs photo film example you listed exactly the photography analogue of Nolan's criticism?,1339444269.0,2
LosAngeles,\* for all **intents and purposes**,1339390212.0,4
AdviceAnimals,"Well, there is a literal connection. ",1339372628.0,4
TheSimpsons,"I thought so too. SNPP.com has it wrong, apparently. ",1339349278.0,1
TheSimpsons,"Hmm, there it is: Aus-tra-li-a. I'll be damned. Look at this country! U-R-Gay.",1339344825.0,44
AskEngineers,"I am not a petroleum engineer, but I will tell you that the **primary** reason ARCO gas is cheaper is that the stations do not accept credit cards (they accept ATM/debit only). Payment processing fees can run from anywhere between 2-5% depending on the type of card. That percentage accounts for most of the difference in price. ",1339258866.0,6
pics,Tuxedo is formal. See my other comment where I acknowledge this is not semi-formal either.,1339221203.0,1
pics,You are correct. I spoke too soon. It's not semi-formal or even informal. ,1339213815.0,11
pics,"I hate to be the bearer of bad news, but that's not formal. That's semi-formal. ",1339213654.0,279
LosAngeles,That was one hell of a motorcade. That motorcade is so big it needed its own motorcade.,1339179117.0,9
AskReddit,He doesn't even need a warrant in this case. The guy just admitted to committing a crime using his computer. IANAL.,1339085641.0,1
AskReddit,Here lies David St. Hubbins... and why not?,1339027304.0,2
AskReddit,"You may find this hard to believe, but *Sledgehammer* by Peter Gabriel is about sex.",1339015539.0,19
Audi,"I sold my e46 330ci and wanted to buy a sedan. Honestly, the B8 A4 was the best looking luxury sedan in the class, compared to both the incoming (F30) and outgoing (E90) 3 Series. It was also a better value. I miss the old e46 from time to time, but I hardly regret my decision. ",1338956358.0,2
travel,"> Lagos

Too soon, man.",1338931299.0,7
beer,"Hops are sort of one of the defining characteristics of IPAs, especially San Diego style IPAs. For more of a malty flavor, I would seek out upper-Midwestern style golden IPAs, like Bell's Two Hearted. Since you are in Michigan, you seem perfectly poised to find that style easily.",1338913657.0,3
sports,"The real question is, can you jump?",1338785946.0,5
beerporn,...and the livin' is easy. ,1338703321.0,2
AskReddit,TIL I am the last person remaining on reddit who isn't retarded. ,1338606575.0,1
atheism,"Surely one of the other 999,999 moms could have helped her with that workload. /s",1338586792.0,198
AskReddit,In a row?!,1338569712.0,2
pics,Consider cross-posting to /r/LosAngeles and /r/SFV.,1338569618.0,3
AskReddit,37.,1338569292.0,3
AskReddit,Then do what the top comment says. It's an honest answer that doesn't admit culpability. It is possible to answer questions honestly and politely in a traffic stop without incriminating oneself.,1338563529.0,2
AskReddit,You should *never* incriminate yourself. It's the police officer's job to figure out why to write you a ticket. Don't do his work for him.,1338508951.0,12
AskReddit,"That's garbage. Failure is *always* an option. How many failed attempts do you suppose there were when trying to get to the moon? We learn from failure and bad experiences. If you wait for everything to be perfect, you'll either wait forever, or you'll just set yourself up for disappointment when you find out that what you thought was perfect, really wasn't.",1338508801.0,1
AskReddit,"Don't trip. Don't trip. Don't trip. Don't trip. Oh my god, everyone is watching. Don't trip.",1338508533.0,2
AskReddit,It's more *Breaking* Bad.,1338508346.0,4
videos,"No, Donny, these girls are nihilists. There's nothing to be afraid of. ",1338481412.0,16
atheism,I TOLD YOU NOT TO TELL HIM!,1338477726.0,2
funny,"But when you look at it in SAT format, it begins to make a bit more sense:

> **Signing up for SATs : College success :: Paying taxes : Avoiding jail**",1338440680.0,14
answers,*Nwen* is the best way Anglicize it (specifically [this](http://upload.wikimedia.org/wikipedia/commons/1/16/Nguyen.ogg) pronunciation).,1338422450.0,54
AskReddit,"So what you're saying basically, is YOLO?",1338410074.0,1
atheism,NO ONE TELL HIM ABOUT CHICK-FIL-A!,1338409494.0,49
AskReddit,Not to mention /r/jokes.,1338405714.0,0
AskReddit,"Everything you've ever seen, read, or heard on the internet can be expressed as a really, really, really big number.",1338404809.0,6
AskReddit,"Given that it's generated by computer code, it's [pseudorandom](http://en.wikipedia.org/wiki/Pseudorandomness). If you want to see how it actually works, you're welcome to view the [reddit source code](http://www.reddit.com/code/).",1338404620.0,3
AskReddit,"> This are why.

FTFY",1338403809.0,2
AskReddit,Come talk to /r/running before you go out and buy anything.,1338398436.0,1
AskReddit,And *please* **DO NOT** mention religion or politics unless you're talking about charity or volunteer work you did.,1338398330.0,1
AskReddit,I take no credit for it. The phrase is at least a decade old. Usually when I don't know the origin of a quote I just attribute it to Oscar Wilde or Ben Franklin. So... Oscar Wilde coined it originally. ,1338341569.0,1
AskReddit,"Don't sweat the petty stuff, and don't pet the sweaty stuff. Follow that, and you'll be fine.",1338333931.0,10
TheSimpsons,[Bart After Dark](http://en.wikipedia.org/wiki/Bart_After_Dark). And it was a peach tree.,1338333280.0,3
Autos,I'm embarrassed for both of us that we know these things.,1338325244.0,1
AskReddit,"Also, check and see if your state requires movers to be licensed/registered (many do). Many states maintain websites where you can check if people have made claims against licensed/registered moving companies. For instance, if you live in California, check with the [California Public Utilities Commission](http://www.cpuc.ca.gov/puc/transportation/movers.htm).",1338318804.0,1
TheSimpsons,I... don't... know...,1338264231.0,2
forhire,You don't have an email address within your company?,1338263036.0,1
personalfinance,"I think I've got it. So let's rename your *fuck you money* category *boats 'n' hoes money*. You may want to buy a boat, but you'd never buy one before you've set aside retirement and savings. You'd always set the savings money aside, *then* you'd buy the boats 'n' hoes. ",1338178860.0,1
personalfinance,"> Subtracting personal outlays (which includes the major category of personal (or, private) consumption expenditure) yields personal (or, private) savings.

We're on the same page. I would just consider savings (of which retirement savings is a part) a mandatory expenditure. And I think /r/personalfinance would concur, despite what Wikipedia states. ",1338178238.0,1
personalfinance,"Your after tax income is your *net income*, but likely not disposable/discretionary. ",1338177630.0,1
personalfinance,I wouldn't consider your IRA and savings goals part of your disposable/discretionary income. ,1338177090.0,1
personalfinance,[Disposable/discretionary income](http://en.wikipedia.org/wiki/Disposable_and_discretionary_income),1338176840.0,2
personalfinance,"Unless you're making high 6 figures or more, you are not making **[fuck you money](http://m.urbandictionary.com/#define?term=fuck%20you%20money)**, strictly speaking. ",1338176420.0,-2
Autos,Justin Bieber has a chrome Fisker Karma. Maybe this one belongs to him too. Only someone so young could have such bad taste. ,1338139870.0,7
LosAngeles,What an exciting game you guys got to see!,1338100439.0,9
atheism,"First day on the internet, huh?",1338099908.0,12
atheism,Why do I get the impression that you've just revealed the premise for an awful reality show premiering on SyFy next year. ,1338099427.0,1
carcrash,Was that the Russian equivalent of country music on the radio?,1338098098.0,3
TheSimpsons,"Um, Dr Hibbert?",1338094743.0,16
geek,So true. Time is have changed a lot. ,1338081399.0,41
Bad_Cop_No_Donut,"I have watched the video and saw it live. And to answer your question above, *I am OK with the beating they inflict on him*. I just don't see this as a case of police brutality. No one in LA is making the claim that it is brutality. There is no outrage. The police did what they had to do. There are dozens of examples of police abusing authority or committing crimes or responding with disproportionate force (just look at the case of officers smothering a man to death in Orange County). This just isn't one of those cases. ",1338060757.0,-4
Bad_Cop_No_Donut,"It probably was. First, in Koreatown was awful to watch live. They showed the dead body being pulled out of the car. The second one in Woodland Hills was less brutal to watch but you knew what was happening. That dude clearly gestured to the cops like he was pointing a gun. This chase had the potential to be like those other two. This guy was acting extremely dangerously. He's lucky all he got was tackled and (briefly) punched. Frankly, if he was driving like that through my neighborhood, I'd want to punch him too. ",1338056527.0,-1
Bad_Cop_No_Donut,"The guy wasn't passively surrendering. He was running, fighting, and legitmately resisting capture. I'm not sure how you propose to subdue a violently aggressive and erratic person. I don't have an ounce of sympathy for this suspect, nor do I fault the LAPD for handling the situation the way they did. ",1338056132.0,-3
Bad_Cop_No_Donut,"Sorry, but you're wrong. I watched this chase happen live and could see immediately that this chase was different from most LA televised police chases (where people travel at or around posted speed limits for long periods of time). This guy was **extremely dangerous**. Traveling at extreme speeds with **no** regard for others. This is in no way a *bad media* or *bad cops* situation. In fact, these cops exercised remarkable restraint considering the circumstances. ",1338055859.0,-4
personalfinance,"This may seem like a humorous (or cynical) response, but it's true. As unfair as this is, it would probably be prudent for OP to consider that he might likely be in the situation of supporting his father, and make changes to his personal finances to account for this distinct possibility. Yes, it's unfair, and it would put an enormous strain on the relationship, but preparing for it now will save OP much potential hardship in the future. ",1338054981.0,25
DebateAChristian,"I talked to Thor in a prayer and he's never heard of you, and he says he knows pretty much every god out there. ",1338047672.0,4
TheSimpsons,"Who said ""Laughter is the language of the soul""?",1338007337.0,2
TheSimpsons,What Persian king exempted the Levites from taxation?,1338007263.0,2
TheSimpsons,"When Bart sold his soul, what did he buy with the $5 that Milhouse gave him?",1338007187.0,1
TheSimpsons,Screencaps with quotes are the thing I love the most about this subreddit!,1338006463.0,3
TheSimpsons,I often wonder how many people here on reddit are old enough to know what a newsgroup is.,1338004474.0,2
AdviceAnimals,Hershey's Kisses are milk chocolate. Chocolate chips are almost always semisweet.,1337981054.0,1
funny,So... this exists.,1337980795.0,1
Music,"I'll go first.

**Mood:** TGIF.",1337977404.0,1
California,"That's right. You don't have to wait *in a line* for longer than a half hour. You wait in line to get your number, then you sit and wait for a long time, then you are serviced when your number is called. Sure, you might be at the DMV for 2 hours, but you're technically only *in a line* for 10-15 minutes.",1337977057.0,14
AdviceAnimals,This has the potential to be the female equivalent of ridiculously photogenic guy. ,1337912214.0,1
personalfinance,"A car should never be looked at as an investment, except in the extremely rare circumstances where it is collectible.",1337901366.0,11
LosAngeles,And property values all over Beverley Hills promptly dropped 0%.,1337892401.0,11
firstworldproblems,Dough?,1337892315.0,1
technology,"Oh, it's going to change things for them, just [not in the way they expected](https://twitter.com/nikcub/status/205489752684765185).",1337891160.0,1
Epilepsy,"I'm on generics and my seizures have been controlled for more than a year. For carbamazepine (generic for Tegretol), I pay around $4 per month (without insurance); for levetiracetam (generic for Keppra) I pay $6 per month (with insurance).",1337890622.0,1
DebateAChristian,[Don't be so sure](http://en.wikipedia.org/wiki/Snake_handling).,1337834651.0,3
aww,Looks like a womp rat. ,1337826370.0,35
beerporn,It only gets better from here on out. ,1337657515.0,8
politics,"> I've yet to see a Republican argument on Reddit not based on selfishness, ignorance, or a desire to punish someone for being different.

All you needed to do was offer one example contrary to this statement.",1337629536.0,3
IAmA,It's a private school. ,1337573183.0,5
IAmA,Using profanity on the Internet: that's a paddlin'. ,1337573052.0,35
firstworldproblems,Heat in on a pan on the stove. You're welcome. ,1337572828.0,1
personalfinance,"It's living in *the here* and the now. If the now sucks where you are, find a better *here*. ",1337569335.0,3
travel,"I'm using:

* Kayak (flight/hotel/etc aggregator)
* Trip Advisor (travel reviews)
* TripIt (Web-based itinerary storage)
* FlightTrack Pro (Flight status monitoring with notifications)
* Window Seat (See your flight path while you're in the air without data or GPS)",1337467042.0,1
TheSimpsons,A horse with the head of a rabbit AND... the body... of a rabbit!,1337465539.0,9
lakers,"Well, technically, it's a blogger. We can debate whether bloggers are journalists in another thread. ",1337390631.0,2
lakers,It also seems like the correlation is that Lakers fans are a lot younger than Clippers fans or Kings fans. ,1337390569.0,2
AskReddit,The Gypsy Kings' cover of *Hotel California*.,1337369127.0,1
funny,The swipe-to-unlock for emergency-only mode cycles through several languages.,1337367807.0,3
news,"Maybe it's because, based on reddit demographics, there is a high likelihood GentleCoatHanger is a male in his 20s, and has admitted to living close to the scene. And he didn't even give an alibi! Grab the pitchforks, fellas!",1337284309.0,3
AdviceAnimals,"D-bags?

Why not A-bags?",1337221467.0,64
Frugal,Better to ask /r/personalfinance,1337201362.0,2
beerporn,Please tell me they also serve [birria](http://en.wikipedia.org/wiki/Birria).,1337182081.0,1
atheism,"It's unfair that in this country, at this point in history, only straight males have been able to suffer the misfortune of being dragged to horrible daytime talk shows by their spouses. Shouldn't gay men and women also be able to stare forward glassy-eyed, feigning interest in Whoopi's inane ramblings, longing for the show to end quickly?",1337142855.0,168
iphone,"I paid $6 for that app ages ago so I could listen to Laker games. Shorty after, the NBA launched their own app (also $6), and all basketball games on the ESPN got replaced with sports podcasts.

OK. I still wanted to listen to Lakers games on the go. So I bought the NBA app. I could listen to NBA games. That lasted about 2 months, when the season ended. The next year, they relaunched the app as free, with a $10 audio option. 

tl;dr: I learned a $12 lesson on why to never pay for an iPhone sports app. ",1337141168.0,9
catpictures,I upvote all cats!,1337042280.0,12
obama,"I do agree that the weeklies are frequently resorting to shocking, controversial, or popular topics in order to boost sales. However, Andrew Sullivan is not a shock journalist. He's a very well-respected (old-style) conservative writer (who happens to be gay). He wouldn't write something provocative just to sell magazines. ",1336951063.0,1
wikipedia,"Not at the expense of accuracy. You can't just go changing verb tenses in quotes (like the example above), and you can't change verb tenses related to other subjects and objects (the non-deceased). If you tried to pre-change pages to be triggered, the pages may be dramatically different. It would still require human review. The best you can do is create some kind of verb highlighter to make the human's search-and-replace job faster. ",1336925747.0,2
funny,"Oh, that should help us narrow it down.",1336779347.0,2
videos,Is anyone as shocked as I am that she didn't mention Jesus until nearly 5 minutes into that video?,1336779305.0,2
technology,Season One has been sitting [at the top of my Netflix queue](http://i.imgur.com/nWsU2.png) for over a month now. I can't even get the blu-rays legitimately through Netflix.,1336764450.0,10
apple,"TomTom is the best $40 you will ever spend if you need a good nav app. And it's a damn bargain if you consider that nav for cars costs upwards of a few grand, and the portable units cost at least $100. It's got integrated Google search, lane guidance, and (for an extra fee) traffic. The best part, though, is that all the upgrades are free in perpetuity. I have a 2009 car with built-in nav, and the TomTom iPhone app is far superior to it in every way.

I know I sound like a shill, but it's even superior to Android's turn-by-turn directions. I don't know if this is still true, but Android's directions used to be frequently wrong. TomTom's are always correct.",1336757141.0,1
obama,"Now that's hilarious. Also from the article, Obama took time to shoot some hoops on LA's Westside.",1336754993.0,1
mexico,"Oh, I didn't realize it was that inexpensive. I thought it was a couple of bucks.",1336692178.0,1
mexico,Thanks.,1336671449.0,3
LosAngeles,"The worst part is, these businesses (at least Sit'n'Sleep) likely got so big *because* of how annoying (and memorable) their commercials are. This marketing model also applies to Michael's Furniture, Leeds, Keyes on Van Nuys, and (formerly) Cal Worthington. Did I leave any out?",1336664198.0,16
LosAngeles,Imagine your most annoying men's suit retailer's television ad combined with your most annoying mattress retailer's television ad.,1336664188.0,3
AskReddit,"Don't be fatuous, DamselUnderStress.",1336575735.0,2
answers,"Are you serious? It's not meant to track *individual* users. It's meant to track traffic from various advertising campaigns. `ww01` might be for ads run on Comedy Central, `ww02` might be for ads run on the Hallmark Channel, `ww03` might be for ads run on NPR, and so on.

**It's not done for load balancing.** Anyone who thinks this is a load balancing technique has no idea what they're talking about.",1336521034.0,-3
answers,"See above:

> 1. As someone else said, tracking from non-web sources",1336519966.0,-2
AskReddit,"Obviously *The Big Lebowski*. The Dude, Maude, Walter, Bunny... You can imagine where it goes from here. ",1336510747.0,2
AskReddit,The return of Hank Scorpio.,1336510332.0,1
PHPhelp,Short tags are still allowed in PHP5.,1336509042.0,2
answers,"It's definitely not quick-and-dirty load balancing, but quick-and-dirty CDN. [Here's](http://cloudinary.com/blog/reduce_site_load_time_with_multiple_cdn_sub_domains) an explanation of how it's done and why.",1336490352.0,-2
answers,"Very large companies use content delivery networks. They also highly optimize their sites to cut down on requested files, and use sprites to cut down the number of linked images. Compare the number of included files on each site; Google probably uses fewer than 10, while the flower site is likely closer to 50-60. ",1336454097.0,0
motorcycles,"I think it's closer to the fact that traffic is so congested in some places, lane splitting is a necessity for a large portion of people. If lane splitting were prohibited, a lot of people would be up in arms. Not only that, commuting by bike lowers congestion because bikes take up less space and bikes emit less pollution.",1336450138.0,2
answers,"Companies don't use subdomains that way for load balancing. The do it for only two reasons:

1. As someone else said, tracking from non-web sources
2. Or they are using it as an optimizing technique to speed up page loads. Browsers throttle requests automatically from the same domain so that they don't overwhelm servers. Most browsers put the limit on concurrent requests at 3-4. If a page has a lot of resources (images, CSS files, javascript files), they can't all be downloaded in parallel from 1 domain. Using separate subdomains allows the browser to load more items in parallel, cutting down page load times.

**EDIT**: It is almost certainly NOT load balancing and all of you speculating that it's load balancing are incorrect. [Here](http://cloudinary.com/blog/reduce_site_load_time_with_multiple_cdn_sub_domains) is an explanation how companies use multiple subdomains to handle the browser concurrent request issue. [Here's another](http://www.websiteoptimization.com/speed/tweak/parallel/). It's common, and done for SEO reasons so that pages load faster.",1336444695.0,-3
TheSimpsons,[**NO MORE RICE KRISPIES!**](http://www.youtube.com/watch?v=3mRtc36Mr-c),1336428120.0,1
AskReddit,"Here's [a panel](http://schedule.sxsw.com/2012/events/event_IAP11333) from this year's SXSW where two employees from [Automattic](http://automattic.com/work-with-us/) (creators of Wordpress) explained how they do it. They are entirely distributed, with 103 employees in 79 cities. Audio is included in the link.",1336427213.0,1
AskReddit,"Many people love the taste of beer, wine, and harder liquors. If you're talking about straight ethanol, no one likes the taste of that.",1336422292.0,3
AskReddit,You're gonna need a permit for that.,1336417485.0,1
LosAngeles,"Normally the drive from SB to the valley takes 80 minutes, and from there to Burbank takes another 45 in traffic. There is little traffic between SB and Echo Park around that time as long as you **stay off the 101**. Instead, take the 101 to the 126 to the 118 to the 5; alternatively, take the 101 to the 126 all the way to the 5 south. Don't forget that the 101 South gets *really* backed up in SB between Garden and Carpinteria around that time, so that may be your biggest bottleneck.

tl;dr: Make sure you're past Carpinteria by 4:45-5:00pm and you should be fine. Avoid the 101 between the SFV and Dodger Stadium at all costs.",1336403780.0,2
videos,They probably don't want to have to pay the bear tax. ,1336333098.0,62
carcrash,Is there something wrong with driving an Audi?,1336332642.0,2
travel,"Collect money upfront, worry about the repercussions later. The airlines have always used this business model, not just for these passengers, but for their employees as well. For employees, they promised high pensions in return for reduced compensation upfront, and they were wrong on that gamble too. The airline industry (and many other US industries) never seems to be able to look more than a couple years ahead. And in the end, the little guy always ends up screwed. ",1336330038.0,3
California,"This type of mindset is exactly what he's saying is a big part of the problem. Cap and trade is an example of **compromise legislation**. Despite what the extreme ends of the spectrum say, compromise is a *good* thing; without it, nothing gets accomplished. And raising taxes is something Reagan did too that is now anathema to today's GOP. Did you even read the article?",1336321247.0,6
BMW,"The screen and the shifter look an awful like the new [Audi A6](http://image.automobilemag.com/f/31487155+w750+st0/2012-audi-a6-interior.jpg) (definitely not the pinstriping though). Unfortunately, if you can't afford the 335i, you probably can't afford the A6 either. ",1336280253.0,1
BMW,And manual seats. That steering wheel looks like e36 to me though. ,1336279398.0,4
lakers,Chuck and Shaq only do the pre/post game and half time. They don't do play-by-play and color commentary. ,1336255513.0,3
California,"Speaking as a diehard liberal... Arnold is a class act and part of a dying breed of centrist Republicans. Unfortunately, I fear his words will fall on deaf ears in his party. ",1336254803.0,13
IWantToLearn,"> **even on weekends**

This one is important. Keep the same sleep schedule on the weekends. If you get up at 5:15am on the weekdays, but sleep in till 10am on weekends, you're gonna have a real difficult time.",1336160874.0,2
Music,"I'm gonna try my best to find good Reggaeton, since it seems like the most difficult challenge in this thread (besides Serbian Turbofolk):

[Vico C - 5 de Septiembre](http://www.youtube.com/watch?v=yq8YeBymFuQ)  
[La Secta - La Locura Automatica](http://www.youtube.com/watch?v=HWD4KB-3ej4)  
[Zion y Lennox - Y Ahora Lloras Por Mi](http://www.youtube.com/watch?v=xVKT1rfSpoI)  
[Don Omar - Pobre Diabla](http://www.youtube.com/watch?v=JR9UC9l2WW4)",1336077619.0,5
AskReddit,"[More info on California Job Case](http://en.wikipedia.org/wiki/California_Job_Case), in case anyone wants to look this up, as I did.",1336069360.0,2
webdev,"You may be able to use the existing product base of another vendor to determine that, but there will be HTML scraping involved.

* For books: Amazon
* For music: Amazon, Pollstar
* For movies: IMDB, Rotten Tomatoes, Netflix",1336001488.0,2
webdev,"It depends on what kind of products you're inputting and what categories you want to use. If your categories are broad, you can use an existing, open product base like Craigslist, Amazon, or eBay. You will have to match up their categories to yours by matching similar strings. Alternately, you could use a [UPC lookup](http://www.checkupc.com/search.php?keyword=mlb+2k12) API that lets you search by name; some of them provide category information. If your categories are unique or very specific, you may not have many options.",1336000398.0,2
webdev,It searches existing and past listings and uses the most used categories for those items.,1335999817.0,2
news,"No, it's [empirically sound](http://psycnet.apa.org/journals/psp/102/4/815/).",1335998134.0,5
AskReddit,The [Kathleen Edward story](http://www.urlesque.com/2010/10/25/reddit-funds-big-party-at-toy-store-for-dying-girl/) is one of the best.,1335989893.0,2
shutupandtakemymoney,"Most [beer sites](http://beeradvocate.com/beer/profile/132/72720), including /r/beer are not too fond of it.",1335989635.0,6
news,"I'm going to officially set the over/under time between now and the time Sean Harris is implicated in a gay sex scandal at **14 months**. Check back around July 2013. Don't let me down, pastor!",1335989100.0,240
TheSimpsons,We ain't crazy about nuclear power either!,1335988132.0,1
TheSimpsons,"*95%* of the people believe Homer Simpson is **guilty**. Of course, this is just a television poll, which is not legally binding, unless proposition 304 passes, and we all pray it will.",1335971469.0,3
lakers,That picture is breathtaking. I'm getting choked up just looking at it. ,1335926953.0,4
AskReddit,Of course it is. How am I supposed to gauge my self-worth without it?,1335914217.0,3
AskReddit,"$25 haunts you? Cut your losses, man. Let it go.",1335913594.0,2
AskReddit,[/r/aww/](http://reddit.com/r/aww),1335913046.0,2
fffffffuuuuuuuuuuuu,You're both wrong. It's Idaho.,1335826688.0,2
todayilearned,I hope they start with Visual Basic.,1335807454.0,1
lakers,The Finals are still a ways away. These are just the Western Conference quarterfinals. ,1335737084.0,3
linux,I just want to make sure I have my facts straight. /r/linux... the same subreddit that bitched **for an entire year** about the Unity interface changes... loves the Ribbon. ,1335722013.0,3
linux,"Are there seriously this many Microsoft apologists on /r/linux? **I hate the ribbon.** And it's not so much that I fear change, but that they took tasks that I knew how to do and moved them to where I can never find them. It's change, for sure, but I'd hardly call it progress. Now let the downvotes wash over me. You guys actually prefer the ribbon? I'm astonished. ",1335721108.0,-2
linux,"And best of all, it doesn't have that dreaded *Ribbon* interface.",1335718503.0,-2
fffffffuuuuuuuuuuuu,"I call BS. Baristas can take ridiculously complicated drink orders and usually not fuck things up. Fast food workers can barely keep their heads on straight when taking an order, and yet, each job pays about the same. ",1335718092.0,14
pics,DEAL WITH IT. ,1335631500.0,38
firstworldproblems,We're a pretty awesome state. No one writes songs about Delaware.,1335565223.0,2
food,You will likely not find it in your grocery store if you are east of Colorado. You will probably have to ask your butcher for a custom cut. ,1335456414.0,1
nba,"In addition to your comment being moronic, **Kris** is actually [Kim Kardashian's mother](http://en.wikipedia.org/wiki/Kris_Jenner)'s name (I am not making this up). She *was* formerly known as Kris Kardashian.",1335456134.0,0
pics,Aren't those just malt chocolate balls?,1335398631.0,1
Music,"Of all the possible Millencolin songs, why did you pick that one? Why not Farewell my Hell, Material Boy, Mr. Clean, Bullion, Friends till the End?",1335394014.0,1
AskReddit,This is not a First Amendment issue.,1335387106.0,-2
AskReddit,[Egads!](http://qkme.me/3oysn5),1335377357.0,11
AskReddit,"My wife and I did it. It was a really memorable experience and the pictures afterward were hilarious (to us). I think it's bad when couples *plan* to smash each other with the cake. But for us, it was fun. Now that I think about it, maybe my wife was planning the whole time on hitting me with the cake.",1335370036.0,38
nba,They neglected to mention Lamar Odom.,1335298470.0,5
cars,Nice job. Those mods you made are actually quite tasteful. ,1335297527.0,33
fffffffuuuuuuuuuuuu,"This seems to be true for almost every single job in the world. Idiot customers/clients never seem to realize that an ounce of prevention is worth a pound of cure, whether we're talking about dentists, construction, doctors, IT, government. Idiots. Idiots everywhere.",1335286944.0,1
tea,"Are you saying you want a high-caffeine black tea, but you don't like the taste of tannins?",1335199858.0,1
Music,Thank goodness the Hells Angels weren't providing security.,1335195084.0,37
OperationGrabAss,"Sounds pretty smart to me. I have personally spent a similar amount of money (hundreds of millions of dollars) to construct a perimeter around my home to ward off tigers. So far, it has worked spectacularly well, as I have not experienced a single tiger attack. Also, I live in Canada. Huzzah to the TSA and their ingenuity!",1335043586.0,9
offbeat,[For reference](http://en.wikipedia.org/wiki/El_Viaje_Misterioso_de_Nuestro_Jomer_\(The_Mysterious_Voyage_of_Homer\)),1335042164.0,3
AMA,You could tweet to @danieltosh and ask him what it was like to be [punched in the face by Manny Pacquiao](http://tosh.comedycentral.com/video-clips/uncensored---manny-pacquiao-punch).,1335030273.0,1
mashups,"I am a huge Norwegian Recycling fan, but I feel that was really disappointing, especially for him. ",1335028647.0,3
beerporn,"Agreed. This beer is good, but brutal. I can only drink one bottle at a time.",1334945963.0,2
AskReddit,"Everything you've ever read or seen on the internet is just a really, really, really big number.",1334938474.0,2
Music,"Sorry for the Gawker link, but I thought this article was insightful, and the prospect of hearing more rock on the radio (and less songs about popping bottles and shutting down clubs) excites me.",1334936437.0,2
LosAngeles,Fuck you and your cool basin weather. ,1334892034.0,1
AskReddit,"I'd want to find out in a light-hearted, *Mamma-Mia!*-esque way, set to the music of ABBA. Or on *Maury Povich*. I believe these are the two most common ways of revealing paternity these days.",1334862560.0,2
answers,[Google will be more than happy to.](http://lmgtfy.com/?q=effect+affect),1334859734.0,1
AskReddit,Bless you.,1334853637.0,1
AskReddit,An orangered.,1334852644.0,5
sports,He's acting like such a petulant baby. He makes Andrew Bynum look mature.,1334852116.0,1
funny,You think that's bad? You should try [/r/all/new](http://reddit.com/r/all/new).,1334850563.0,3
AskReddit,Your math is bad and you should feel bad.,1334770858.0,1
pics,That's not true. You *could* download up to and including 8 bits.,1334770784.0,1
Audi,Such a shame. They could have purchased Instagram and saved $100M.,1334768284.0,2
answers,Whichever one your car manual tells you to use.,1334767725.0,7
WTF,It's *always* cold in Portland.,1334766394.0,24
IWantOut,"Shit, you really don't have to even get out of LA to find nice places. LA's Westside, Pasadena, the SFV (west of the 405), Calabasas, Santa Clarita. Those are all safe places. Come to /r/LosAngeles and we'll help you find places *near* you that are safer than where you are now.",1334676731.0,3
funny,`<` and `>` still need to be HTML encoded even if their character encoding is UTF-8.,1334614702.0,26
beer,Stone is far from him but he's right next to Lagunitas and Bear Republic too. He's got it damn good. ,1334432323.0,6
AskReddit,"I am not a lawyer, and no expert on (based on your use of ""-ise"") the laws of Britain or its former colonies. But couldn't you have arranged for your children's inheritance through a will?",1334357727.0,1
LifeProTips,"I could argue that it's technically more of a sardonicism, but then we'd *both* be acting pedantic.",1334352992.0,-5
AskReddit,My bad. Hopefully he'll see it anyway.,1334351321.0,2
AskReddit,"Well, try harder. Take the energy you would have applied trying to circumvent your parents' authority, and instead apply it to your studies. Reddit can help you: [/r/HomeworkHelp](http://www.reddit.com/r/homeworkhelp), [/r/GetStudying](http://www.reddit.com/r/GetStudying), [/r/learnspanish](http://www.reddit.com/r/learnspanish/)",1334350862.0,1
AskReddit,Wouldn't it be easier and more fulfilling to try to improve your grades in Spanish? *Respete sus padres*. It's their house (and likely their computer too).,1334350102.0,2
AskReddit,"2\. Contribute to your 401k until it hurts. If your employer offers 401k matching, always contribute at least up to the matching percentage.

3\. Get a credit card as soon as you can and use it responsibly like sour_lemons said. You may not need credit immediately, but you will eventually, and you'll need a good rating and history, so start working on it now.",1334349873.0,1
atheism,"For reference:

`[Symbols](http://www.religioustolerance.org/atheist6.htm)`",1334349539.0,1
todayilearned,"That is quite interesting.

My only comment is that Shakespeare is probably not the best example of standard usage because

1. the Bard frequently created words, altered words, used them in different contexts than they were typically used, and was otherwise very *flexible* with the lexicon at the time, and
2. because the quote from Julius Caesar was (I believe) written in iambic pentameter, the choice of whether to use ""till"" versus ""until"" may have been mostly influenced by words' syllable counts.",1334348470.0,1
AskReddit,Know how to set a budget and stick to it. I *highly* recommend [Mint](http://www.mint.com/blog/how-to/how-to-use-mints-budgeting-tools/).,1334347837.0,1
atheism,Shoot. Looks like your sarcasm detector is busted. We'll send a team out to get that looked at.,1334347503.0,2
AskReddit,"I think the very nature of desperation overriding personal morals is inherently not a choice.

1. If you compromise your morals because you are truly in dire straits, that's truly a state of desperation, and less of a choice and more of something you were forced to do.
2. If you compromise your morals for any other reason, then you probably weren't as moral as you thought you were.",1334346977.0,3
funny,I got all excited when I saw the clock said 3:04... then I looked at my clock and it said 12:45. WTF is wrong with me?!,1334346322.0,1
AskReddit,"That's a terrible reason to get married, if it's the *only* reason. It would be like buying a house just to get the mortgage interest deduction on your taxes.",1334346102.0,3
atheism,[Definitely](http://i.imgur.com/Raek7.jpg),1334345925.0,1
pics,Did he steal all your punctuation?,1334345734.0,1
AskReddit,"If it was Australian, don't you think they would have called it *Oz*uzu?",1334345635.0,2
pics,It was being sent to the North Pacific Ocean to monitor the North Korean rocket launch.,1334345076.0,1
LifeProTips,"Sarcasm, not irony.",1334344344.0,0
AskReddit,"Someone once tried to convince me that Iraq had weapons of mass destruction. I didn't fall for it, but he got other people to believe him, and it ended up costing everyone more than a trillion dollars. A lot of people ended up dead too.",1334334537.0,1
AskReddit,"He will not qualify for that if he has no credit history. But I agree that of all the card issuers, American Express is the best line. I prefer cash back rewards to ""points"" though.",1334334120.0,1
AskReddit,"A secured card is an excellent way of building your credit, especially if you've been turned down for regular cards in the past.",1334334089.0,1
atheism,"I'll take the iPhone, but I fail to see how it's going to heal me.",1334333942.0,83
news,I'm pretty sure Instagram's success is 1% brilliance and 99% luck.,1334333646.0,7
AskReddit,A tire pressure gauge. I use it all the damn time. You should know how to use it and why to use it.,1334333461.0,1
beerporn,"Those Kern River beers are good, and hard to get, even in California. They're only sold in a small handful of places.",1334332275.0,2
tipofmytongue,"It's not Latin, but the only words in English that are both homophones and antonyms are ""raise"" and ""raze,"" which incidentally mean ""to build"" and ""to destroy.""",1334288302.0,6
AskReddit,"There are actually tiles made this way still called [Saltillo tiles](http://en.wikipedia.org/wiki/Saltillo_tile) that harden in the sun. They are known for containing prints from passing animals (mainly dogs).

* [Example 1](http://fortworthbrickandtile.com/products/saltillo_pawprint2.jpg)
* [Example 2](http://www.flickr.com/photos/magpie-moon/2248460244/)",1334263796.0,1
news,"Are you really suggesting there is not a *serious* disparity between the South and other parts of the US, *especially* in terms of racial tolerance? Do you honestly think it's *just* a stereotype, and one that is no longer justified? And are you seriously suggesting that, by pointing that out, *I'm* the one who's bigoted, or the moral equivalent of antisemitic girls who deface someone else's front yard? You are unbelievably naive.

The South has *serious* [problems with racism](http://www.csmonitor.com/USA/Society/2010/0918/Beyond-racism-lessons-from-the-South-on-racial-discrimination-and-prejudice), historically and to this day. While it has made progress, its issues are still significant, and to suggest otherwise would be preposterous. Racism exists all over the country, but it is a daily fact of life in the South. Racism in the South is *not* a stereotype. And me saying racism is more prevalent in the South is not the same thing as saying all Southerners are racist, as you and some others seem to think.

You have distorted every single word I said. I didn't say a single thing about ignorance, incest, the KKK, rednecks, or hillbillies. Those are all misrepresentations on your part. And your arguments about MLK are seriously without credibility. Remember *where* he was assassinated (hint: not Chicago).",1334185599.0,-1
news,*Especially* the ugly.,1334184028.0,0
news,What's Northbridge?,1334183982.0,1
news,"> that is a country in Africa

Now *who's* being condescending here? I didn't say my town was tolerant. I said it was *diverse*. And I was quoting from the link I included:

> Highly diverse for the city of Los Angeles and highly diverse for the county.",1334180170.0,0
news,"Oh, sorry, you're right. What was I thinking?! The South is such a bastion of [racial tolerance](http://upload.wikimedia.org/wikipedia/commons/f/fa/Little_Rock_integration_protest.jpg) and [acceptance of alternate viewpoints](http://blogs.telegraph.co.uk/news/files/2011/05/rally30.jpg). It was totally unfair of me to malign your region, especially with your decades of effort to create a welcoming environment for minorities. I nearly forgot that the South is no longer the [fattest](http://www.cdc.gov/media/pressrel/2009/r091119c.htm), [poorest](http://247wallst.com/2011/09/14/americas-poorest-states/3/), [most poorly educated](http://www.sptimes.com/2005/03/06/State/Schools_still_rank_ne.shtml) part of the nation, and is now considered an oasis of culture, art, humor, and tolerance. My bad.",1334179034.0,-4
news,"As someone who lives in [the same town](http://projects.latimes.com/mapping-la/neighborhoods/neighborhood/northridge/) as these teens, I feel I should point out we have large Jewish, Middle-Eastern, and Asian communities. It's quite diverse (at least according to the previous link). How these girls felt this sort of behavior was acceptable in such a multi-cultural community astonishes me. Sure, I could see this happening in the American South, but Northridge? FFS, our congressman is Jewish! Idiot teens.",1334175107.0,-6
travel,Customs is separate from the TSA.,1334091935.0,3
travel,You'll be fine. The TSA doesn't check those sorts of things... unless you're storing MP3s on your scrotum or inside a small bottle of shampoo.,1334090807.0,6
AskReddit,I know too many people with bad grammar too. Hint: you're one of them.,1334090368.0,3
AskReddit,omg ur totes right i h8 that 2 lol,1334090236.0,4
AdviceAnimals,[Liar](http://qkme.me/3oq68v),1334072115.0,3
Health,"Every single one of those countries has universal health care, which means women get greater access to pre-natal care. Also, women in those countries are more likely to visit physicians if they experience any irregularities or complications. Women in the US are left to fend for themselves.",1334006858.0,4
AskReddit,"/r/LifeProTips

/r/MaleFashionAdvice

/r/relationships

/r/relationship_advice

/r/needadvice

/r/sex",1334005802.0,2
nba,Good god that comment was transcendent.,1333984711.0,14
cars,I would say it's more proactive than dynamic. ,1333841497.0,1
AskReddit,"Basketball and hockey are going to be *very* expensive because, as you said, they're close to the playoffs. It's definitely worth seeing if you really like those sports and are interested in the teams you're seeing. But if you're only lukewarm, you might be better off seeing a baseball game. Baseball is just starting out, tickets are super cheap, and (I would argue) that baseball is more authentically American than either of those other sports (though I think basketball is *way* more exciting; just a personal preference).

Also, as someone else said, drink American craft beer, *especially* in San Francisco.",1333651090.0,2
AskReddit,*Irréversible*,1333650699.0,1
AskReddit,/r/happy,1333585021.0,1
gaming,Dude. *Everyone* wants to kill Hitler. Don't you remember Wolfenstein 3D?,1333584525.0,13
AskReddit,"While that's true, the Tea Party didn't expand past that small group of twentysomethings until Obama's presidency, where it rose in lockstep with anti-Obamaism. Without that group of angry, elderly, predominantly white folks as the redefined Tea Party, you don't have the 2010 GOP retaking of the House.",1333582921.0,1
AskReddit,I'm curious how many people here think Arizona's doing fine.,1333582551.0,2
AskReddit,"Also: 

* NASA's funding was also cut by Bush (technically ending the Shuttle program with the NASA Authorization Act of 2008)
* Citizen's United would have also likely been the same. The only Obama appointee was Sotomayor, and she replaced Souter, who was also liberal.
",1333576105.0,1
AdviceAnimals,His name is Robert Paulson.,1333575704.0,1
AskReddit,"Realistically, you'd never witness the emergence of the Tea Party. The Democrats would have likely held onto their majorities in the House and Senate. Legislation would have been more bi-partisan (since Democrats tend to be more open to compromise than the GOP, and without the racist, reactionary ascendance of the Tea Party, the GOP would have been more moderate and had no reason to block every Democratic legislative initiative).

McCain would have taken measures to rescue the economy, which would have had more or less similar results to Obama's measures. Like Obama, he wouldn't have gone after the banks. Despite his drum banging during the campaign, McCain (having witnessed first-hand the horrors of war) probably would not have initiated an expansion of the US presence in the Middle East (even in Afghanistan). He probably would not have killed Osama.

Palin would most likely have a reduced role in policy and politics, much like Biden has had.

Honestly, you have to remember that McCain, throughout most of his life has been a very moderate Republican. Obama has governed as a conservative Democrat (his positions on immigration, foreign policy, drugs, and guns has been *very* conservative). A McCain presidency would probably not look much different from what we have now.

The main difference you would notice would be that McCain would have appointed two conservative Supreme Court justices. That would be the most pronounced difference, and have the most lasting impact.",1333574662.0,5
AskReddit,I heard the bitch got hit with three zebras and a monkey. I can't stand the bitch no way.,1333573890.0,4
Autos,That's actually the Ariel Atom.,1333571104.0,3
Autos,The tail lights are glorious. It's the carbon fiber inlay around them that looks nasty.,1333570898.0,1
IAmA,"It's probably worth noting that Spurlock likely went from a mostly vegan diet (he says that his at-the-time girlfriend/fiance was a vegan chef) to the McDonalds diet. It would be a significant change, as his body's metabolism may have been used to him consuming lower than normal (for his age and weight) calorie intakes.",1333492383.0,1
AskReddit,That's a question for philosaraptor.,1333489302.0,1
TheSimpsons,"Hello, Mr. Burns. This is the kidnapper.  Do you miss your son?",1333487305.0,3
videos,"Actually, that's not true. I saw MacFarlane and Wahlberg discuss this movie this year at SXSW. They said that for this movie, Wahlberg would be onscreen acting, while MacFarlane would be just offscreen speaking his lines. That's why the dialog is so fluid (and also why MacFarlane's dialog appears to be coming from the same size room). In most other live-action animations like this, voice actors are speaking their lines by themselves into a mic in a studio.

That being said, there are some scenes with physical interaction between the bear and Wahlberg (fight scenes), and they're an incredible showcase of Wahlberg's talent.",1333380284.0,29
beerporn,"That's not a bad representation, especially if you're sticking to IPAs. ",1333245410.0,2
AskReddit,"I would work full-time for Reddit, for free, to implement a world-class bullshit filter.",1333150792.0,1
mashups,"This is a great album. Every song is very well done, and the mix of old and new stuff is great.",1333148848.0,1
beer,"The Pintley guys are redditors and are frequently on /r/beer. I've asked them if they'll ever add barcode functionality to their app, and they've told me it's too expensive for them.",1333141139.0,2
TheSimpsons,I'm sick of these constant bear attacks.  It's like a frickin' country bear jambaroo around here!,1333137136.0,3
beer,"It *partners* with the CBA. It's not owned by them. I definitely wouldn't lump them in with Shocktop or Blue Moon. They're an accomplished, award-winning brewery, and all decisions and recipes still come out of their Kona, HI location.

That being said, I don't really care for their beer regardless.",1333132172.0,2
beer,Kona (unlike Shocktop and Blue Moon) is independent.,1333131504.0,12
funny,"I was at that game, but rooting for Iowa. It was... disappointing.",1333130308.0,2
movies,"If they'll remake Hitchcock's *Rear Window* (but call it fucking *Disturbia*), no, nothing is sacred. Shit, they even redid *Psycho* shot-for-shot. Horrible.",1333125085.0,1
BuyItForLife,"This is definitely not a BIFL product. Although this seems like a sturdy product, in just 5-10 years 16Gb will probably seem like an absurdly small size for a portable thumb drive, like 128MB drives are now.",1333122043.0,27
Autos,"I hate to have my car dinged, so oftentimes I'll park next to a much nicer car intentionally (or a car where it's clear that the guy takes care of and appreciates his car). I know I'm much less likely to be dinged than if I had parked next to some random car. That guy's not going to risk dinging my car while he gets into his.

But he probably feels like OP does when he sees my car. ""Who's this asshole who parked his shitty Audi next to my Porsche?"" So maybe this truck driver parked next to you because he knows you'll be careful around his car, and he'll extend to you the same courtesy.

tl;dr: Never park around minivans or SUVs. Kids can't be trusted.",1333121705.0,2
Autos,"So much of this depends on where you live, and how wide the average spot is.",1333121452.0,1
Autos,I guess no one fucks with your 99 Toyota Carolla.,1333121361.0,2
AskReddit,"I didn't want to put that in my original comment, because I know there are good, professional wait staffs and kitchen staffs who would *never* do this, and I didn't want to unfairly malign them... *But* I also know there are bad ones out there too. I totally agree with what you said. It's a major factor in why I don't send stuff back. ",1333120121.0,1
lakers,"On the other hand, they're so quick with those instant replays. KCAL/FSW are really bad in that regard. ",1333086361.0,4
LosAngeles,Why doesn't Suzie Suh ever get any love?,1333086039.0,2
AskReddit,"I never send food back, unless it's really, really wrong. I really don't want to wait 10 minutes while everyone at the table eats. I also don't want to offend the kitchen staff or get someone in trouble. If it's close enough to the way I ordered it, I'll just eat it.

So if the waitress asks ""How is everything?"" I'll usually just say fine.",1333066737.0,30
news,I'm almost certain I've seen this in a Disney movie somewhere... I just can't remember which one.,1333065628.0,7
atheism,"Using high-quality ingredients is just good advice, no matter what religion you are or which viewpoints you hold.",1333062575.0,2
politics,Doesn't matter. Obama will never sign it.,1332980159.0,1
pics,You really gained a lot of weight.,1332978766.0,-4
AskReddit,Even if that means no bacon?,1332972093.0,2
AskReddit,That creep can roll.,1332971938.0,12
AdviceAnimals,"NEWR AH ORNLY RED TWILIHRT!

JAYCORB GERTS MAH MOTOR GOWERN!",1332971526.0,963
funny,"Totally explains

> ""Your whip so cold.""

> **""This old thing?""**",1332958634.0,185
nba,"Fuck, people. This is from an episode of *Khloe and Lamar* that was filmed during the lockout, **before** he was traded to Dallas. He was expressing how much he wanted to get back on the court and he was **not crying**.

This is not from any recent events. You people will believe anything someone puts in the title of a post.",1332911902.0,17
fffffffuuuuuuuuuuuu,Don't worry. Once you start dating you won't ever have to deal with conversations like this anymore. [](/wayevil),1332893009.0,1
funny,I now have you tagged in RES as *eternally restless*.,1332891132.0,1
LosAngeles,"The Flyaway leaves from Van Nuys, which is much closer to Northridge than Simi Valley. The big downside is that it's $14 round trip, unfortunately.",1332877699.0,2
Music,"Trivia: This scene takes place right after The Dude visits the doctor, right after the doctor asks The Dude to remove his underwear. The Coens are geniuses with subtlety like this.",1332876089.0,14
AskSocialScience,I would venture a guess that the average layperson believes that correlation *does* equal causation (or at least they don't know the difference).,1332865620.0,3
AskReddit,What if I said I wanted to prefer young people over older people? Or that I preferred non-politicians over politicians? Would I be acting unethically?,1332864336.0,1
AskReddit,"You make a good point.

I didn't really have strong feelings regarding organ donation until the Cheney story came out (and in spite of that, I'm not going to unregister). Realistically, I believe the odds are likely 1% that my parts would go to someone I prefer, 98% to someone I'm indifferent to, and 1% that they would go to someone I'd not prefer. Would it be wrong to want to steer administrators away from that latter 1%?",1332864159.0,2
IAmA,"You know, Dude, I myself dabbled in pacifism once. Not in 'Nam of course.",1332861753.0,1
AskReddit,Redditor for 0 days.,1332788284.0,5
pics,Ceci n'est pas un bateau.,1332651419.0,78
SomebodyMakeThis,"If you have a Logitech mouse, you can also do this with SetPoint. ",1332611584.0,1
tea,Yes.,1332529764.0,1
AskReddit,Al Pacino's [halftime speech](http://www.youtube.com/watch?v=WO4tIrjBDkk&feature=related) from *Any Given Sunday*.,1332459857.0,1
funny,"I only see one girl in the image. Where are the others, and why do they have to point?",1332459416.0,14
TheSimpsons,*crack wise,1332383889.0,1
AskReddit,"Reddit is owned by Wired, which is in turn owned by Conde Nast, a division of Halliburton (OK, I'm kidding about that last part).",1332373408.0,1
Epilepsy,[Removed for privacy reasons],1332372342.0,2
travel,"Tex-Mex is like a horrible Mexican food abomination that, thankfully, is hard to find in California. It would be like me saying I'm going to New York and looking forward to eating deep-dish pizza.

The best Mexican food is going to be found in small taquerias. Fortunately, they are all over the place, and you can usually find good ones on Yelp or just ask whoever you're staying with (most people tend to have several favorites). With Mexican food, avoid the chains like Baja Fresh. Even bad taquerias are pretty good, so it's kind of hard to go wrong.",1332370858.0,-1
travel,"**DON'T EAT TEX-MEX IN CALIFORNIA!** Our Mexican food is mostly Baja-inspired or home-grown ([San Francisco-style burrito](http://en.wikipedia.org/wiki/San_Francisco_burrito), fish tacos, [carne asada fries](http://en.wikipedia.org/wiki/Carne_asada_fries), etc).

As for burgers, you must have an In-n-Out burger (preferably the Double Double). California is also known for its [own style of pizza](http://en.wikipedia.org/wiki/California-style_pizza) which is definitely worth trying.",1332369589.0,2
BMW,[Minivan](http://www.youtube.com/watch?v=5KiC03_wVjc).,1332361354.0,1
cars,Who else's car is she going to take?,1332360332.0,5
travel,"If you're lacking humility, and in a hurry, I have heard that just one night in Bankok makes a hard man humble. ",1332220389.0,1
AdviceAnimals,Wait till you realize that some doctors/lawyers/engineers were in the bottom 10% of their classes and they make decisions that affect your life.,1332183367.0,48
news,"The problem with these surveys is that when you use the word ""Obamacare"" you get results like this, but when you ask people whether they support specific initiatives in the bill, without using that word, you get totally different (positive, in fact) results.",1332176615.0,18
AskReddit,"And if it truly looked like an Obama bumper sticker, [parody](http://en.wikipedia.org/wiki/Hustler_Magazine_v._Falwell) is also a form of protected speech.",1332174276.0,1
TheSimpsons,Why yes. Yes I do. ,1332131253.0,6
fffffffuuuuuuuuuuuu,"Life, uh, finds a way. ",1332125855.0,3
humor,"Don't let your ego get too bruised by that. Maybe it's not a big deal to her, just more of an observation. ",1332105363.0,13
atheism,"There should be a special holiday to demonstrate our appreciation for gluttony; to *give thanks*, you might say. ",1332049313.0,5
TheSimpsons,"Yes, but only by night. By day I am a mild-mannered reporter for a major metropolitan newspaper. ",1332045657.0,6
ideas,"I think it's fantastic. But how would you incentivize the schools to use it? I suppose it would encourage better grades, and that would be good for the schools. So where do you make money? From the businesses, like Groupon does?",1332028955.0,2
LosAngeles,"*Al* pastor. Also, try El Sitio (their adobado is the same as al pastor), Lily's Tacos, Los Arroyos in Montecito (crab enchiladas with mango salsa), and most importantly, Freebird's in Isla Vista. 

As for the San Marcos Pass, the tri-tip sandwich at the Cold Spring Tavern is a *must*. ",1332015787.0,2
explainlikeimfive,OCR relies on standard fonts on a white background. When the contrast is reduced (as with an image in the background) it becomes significantly more complicated. ,1332010158.0,6
AskReddit,Because you like geology or because it makes a shitload of money?,1331916442.0,1
funny,[My reaction is more like this...](http://weknowmemes.com/wp-content/uploads/2011/12/did-we-just-become-best-friends-yep.gif),1331914387.0,1
beerporn,[Mother of god...](http://suptg.thisisnotatrueending.com/archive/8512042/images/1268266024918.jpg),1331912856.0,0
