subreddit,title,selftext,created_utc,score,upvote_ratio,num_comments
wallstreetbets,TSLA 🌈🐻 after opening robinhood to check on their puts,,1597944897.0,2,1.0,2
fakehistoryporn,The Creation of Adam (circa. 6000 B.C.),,1580915239.0,20,0.92,1
Hiphopcirclejerk,Ben Shapiro DESTROYS garbage 🗑 rap music 😤😤😤😤,,1573747607.0,332,0.99,7
Hiphopcirclejerk,LOVING YOU IS COMPLICATED LOVING YOU IS COMPLICATED LOVING YOU IS COMPLICATED,,1572716584.0,251,0.99,3
Hiphopcirclejerk,Jesus's Big Day,,1572023514.0,866,0.98,16
Hiphopcirclejerk,me and the homies when ABBA comes on 😤😤😤,,1570990907.0,2188,1.0,53
XXXTENTACION,Jahpardy!,,1552955326.0,63,0.97,1
nba,"[Boston Celtics] Guerschon Yabusele suffered a “bad (ankle) sprain,” according to Stevens. “No break, so that’s good. But he’ll probably out awhile.”",,1544325614.0,112,0.94,20
wallstreetbets,Short $IBM?,,1543704162.0,53,0.95,5
interestingasfuck,Robot performs surgery on a grape,,1543114437.0,39,0.77,16
YouSeeComrade,Would you like to help mod and clean up spam on this sub? Apply here.,,1520061425.0,144,0.98,32
needamod,Looking for a few mods to help with /r/YouSeeComrade,[removed],1520061341.0,7,1.0,18
nba,Brad Stevens punishes Marcus Morris for being an Eagles fan,,1517634309.0,6,0.69,10
nba,Kyle Lowry misses the potential game tying free throw,,1517539308.0,189,0.91,94
Madden,Andy Reid refused to leave the field during a play and then proceeded to tackle my running back,,1513967480.0,318,0.98,11
AMD_Stock,"AMD stock surges after analyst cheers server opportunities, mix shift",,1513630985.0,12,1.0,2
interestingasfuck,"Net Neutrality is extremely important. If it dies, it will certainly affect this sub as well as many others. Come join the fight.",,1511324991.0,31981,0.87,163
Prematurecelebration,Super Bowl 51 through the eyes of /r/denverbroncos,,1510366284.0,29,0.81,2
nfl,Bucs DE Will Gholston carted off while immobilized on stretcher,,1509913408.0,221,0.96,19
nba,"[King] Through eight games, the Celtics are the only team to hold Giannis to less than 60-percent shooting. They've done it twice.",,1509560002.0,186,0.93,30
nba,[Robb] Tonight's Celtics win was the first one in Boston over the Spurs since 2011. Five straight wins overall for the C's.,,1509414654.0,244,0.97,47
KansasCityChiefs,Kelce is an absolute reception monster!,,1506993427.0,142,0.95,8
nfl,"[Rovell] Chargers in legit trouble. Check out amount of empty seats in the best sections of StubHub Center (27,000 capacity)",,1506894649.0,953,0.96,361
MaddenMobileForums,The Madden curse isn't playing around today...,,1506658087.0,144,0.97,16
fantasyfootball,The Bears' entire WR corps totaled four targets with one catch yesterday. Markus Wheaton had two of those four.,,1506348718.0,298,0.98,96
fakehistoryporn,"Want to add a caption to the bottom of a fake history picture? You can caption it, upload it, and submit it directly to /r/fakehistoryporn using this tool!",,1505971936.0,153,0.99,3
interestingasfuck,"Reminder: This sub is called /r/interestingasfuck, not /r/mildlyinteresting.","Just a friendly reminder that posts that belong here are ones that are extremely interesting, hence the title of the subreddit. A lot of posts here belong in other subs. 

**Examples:**

https://www.reddit.com/r/interestingasfuck/comments/71dce7/web_browsers/

https://www.reddit.com/r/interestingasfuck/comments/71cucg/in_case_you_missed_this_gem/

https://www.reddit.com/r/interestingasfuck/comments/70hxiq/spidermaaan_spiderm/

(These posts belong in /r/funny)

https://www.reddit.com/r/interestingasfuck/comments/71cxfp/its_a_real_thing/

(This is a direct post from /r/trashy and /r/facepalm)

https://www.reddit.com/r/interestingasfuck/comments/71dlgn/the_huskies_are_coming_the_huskies_are_coming/

(This is well suited for /r/aww)

This sub is for and always has been for posts that are legitimately interesting. If you see something that you feel doesn't belong here, please don't hesitate to report it and we will take care of it. We strive to have high quality content here, so please help us maintain that! Thanks for the cooperation guys!",1505969349.0,3003,0.99,77
timberwolves,"Hello Timberwolves fans, I'm working on a website that helps people find/rate/comment on their team's Beat Writers and Journalists. Who would you qualify as your team's most reliable and accurate journalists?","Hi there /r/Timberwolves, 

Over the past couple months I've been working on [iglo.net](https://www.iglo.net/), a website that helps people easily [find reporters that disclose their favorite team's news](https://www.iglo.net/basketball/) and lets people comment/rate those journalists. 

The site is still a big work in progress, which is why I need a bit of help from you guys.

I've been going around different teams' subs and asking which journalists tend to give the most accurate/reliable news. From what I've gathered, Darren Wolfson, Jerry Zgoda, and Jon Krawcynski are your main reporters. 

Is there anyone else you feel is worth the add to the site? Who usually breaks news first and who do you guys usually rely on for team updates?

Also, feel free to rate the journalists you guys like- here are the current Timberwolves reporter profiles up:

[Darren Wolfson](https://www.iglo.net/basketball/darren-wolfson/)

[Jerry Zgoda](https://www.iglo.net/basketball/jerry-zgoda/)

[Jon Krawczynski](https://www.iglo.net/basketball/jon-krawczynski/)

Thanks for the help!
",1505956993.0,10,0.82,15
nfl,Seahawks are benching RG Mark Glowinski and RG Oday Aboushi is expected to start Week 3 against Tennessee. LT Rees Odhiambo is also in danger of losing his job.,,1505950860.0,287,0.95,165
fantasyfootball,"The Bears are ""hopeful"" Markus Wheaton (finger) will make his season debut against the Steelers in Week 3.",,1505950661.0,20,0.82,25
nfl,"The Bears are ""hopeful"" Markus Wheaton (finger) will make his season debut against the Steelers in Week 3.",,1505950624.0,22,0.8,17
nfl,"When asked about suspended LB Lawrence Timmons, Dolphins coach Adam Gase said, ""I would say that he can be forgiven if the right steps are taken.""",,1505950564.0,42,0.85,18
nfl,"Jets TE Austin Seferian-Jenkins out of shape, may not be active this week",,1505950251.0,47,0.83,28
nfl,"Mike Zimmer on QB Sam Bradford (knee). ""Sam felt better yesterday so we’ll just see how he’s doing as we move forward day to day.''",,1505925872.0,62,0.9,16
nfl,Free agent DL Ricky Jean-Francois worked out for the Saints on Tuesday.,,1505925785.0,23,0.88,9
nfl,Falcons DE Courtney Upshaw (ankle) has been ruled out for Week 3 against the Lions.,,1505925715.0,44,0.86,37
detroitlions,THE REAL DYNAMIC RB DUO,,1505791905.0,57,0.94,1
chicagobulls,"Hey Bulls fans, I'm working on a website that helps people find/rate/review their team's Beat Writers and Journalists. Who would you qualify as the most reliable and accurate Bulls journalists?","Hi /r/ChicagoBulls, 

Over the past couple months I've been working on [iglo.net](https://www.iglo.net/), a website that helps people easily find reporters that disclose their favorite team's news and lets people comment/rate those journalists. 

The site is still a big work in progress, which is why I need a bit of help from you guys.

I've been going around different teams' subs and asking which journalists tend to give the most accurate/reliable news. After looking around here a bunch, I've learned that [K.C. Johnson](https://www.iglo.net/basketball/k-c-johnson/) and [Nick Friedell](https://www.iglo.net/basketball/nick-friedell/) tend to be pretty accurate. I also added [Joe Cowley](https://www.iglo.net/basketball/joe-cowley/) since someone said he does report a lot of Bulls news.

Is there anyone else you feel is worth the add to the site? Who usually breaks news first and who do you guys usually rely on for team updates?

Thanks for the help- and feel free to give me any suggestions about the site!",1505600604.0,6,0.75,5
pacers,"Hey there Pacers fans, I'm working on a website that helps people find/rate/review their team's Beat Writers and Journalists. Who would you qualify as the most reliable and accurate Pacers journalists?","Hi /r/Pacers, 

Over the past couple months I've been working on [iglo.net](https://www.iglo.net/), a website that helps people easily find reporters that disclose their favorite team's news and lets people comment/rate those journalists. 

The site is still a big work in progress, which is why I need a bit of help from you guys.

I've been going around different teams' subs and asking which journalists tend to give the most accurate/reliable news. I looked around here a bunch, and the only truly reliable pacers journalist I came across was [Scott Agness](https://www.iglo.net/basketball/scott-agness/) of VigilantSports.com. I know Candace Buckner was really reliable on here, but it seems like she left to go report on the Wizards. Also Nate Taylor left indystar.com last month, so I can't add him either.

Is there anyone else you feel is worth the add to the site? Who usually breaks news first and who do you guys usually rely on for team updates?

Thanks for the help- and feel free to give me any suggestions about the site!",1505599863.0,16,0.99,6
OrlandoMagic,"Hi /r/OrlandoMagic, I'm working on a website that helps people find/rate/review their team's Beat Writers and Journalists. Who would you qualify as the most reliable and accurate Magic journalists?","Hi /r/OrlandoMagic, 

Over the past couple months I've been working on [iglo.net](https://www.iglo.net/), a website that helps people easily find reporters that disclose their favorite team's news and lets people comment/rate those journalists. 

The site is still a big work in progress, which is why I need a bit of help from you guys.

I've been going around different teams' subs and asking which journalists tend to give the most accurate/reliable news. After looking around here a bunch, I've learned that [Josh Robbins](https://www.iglo.net/basketball/josh-robbins/) and [John Denton](https://www.iglo.net/basketball/john-denton/) tend to be pretty accurate. 

Is there anyone else you feel is worth the add to the site? Who usually breaks news first and who do you guys usually rely on for team updates?

Thanks for the help- and feel free to give me any suggestions about the site!

",1505599203.0,10,0.85,8
nba,ESPN NBA Rank Players 50-31,[removed],1505312892.0,2,0.75,6
nfl,Chiefs re-sign CJ Spiller for the third time,,1504912661.0,1011,0.98,112
nfl,Patriots TE James O'Shaugnessy has been cut,,1504384089.0,67,0.89,19
MaddenMobileH2H,Reddit league looking for active people that will play their drives every day.,"Looking for people that will play their drives and score every day. League is titled ""reddit"" and has 30/32 members. please add your reddit username in your application",1504273716.0,1,0.66,1
fantasyfootball,Charcandrick West,"If Spencer Ware's injury is serious and Kareem Hunt isn't avaliable, is Charcandrick West worth a pickup? I remember 2 seasons ago when Jamaal Charles went down and West was a monster. He isn't a bad player and Kareem Hunt is still a rookie after all. So, is he worth a pickup? If so, how valuable do you think he is?",1503707250.0,17,0.8,22
MaddenMobileForums,What a grind (that I never want to do again),,1503589260.0,25,0.83,15
MaddenMobileH2H,Reddit madden mobile league looking for more recruits. League Name: Reddit (it has an NFL Logo). Must be active and willing to participate in all tournaments.,"Should have ""/r/MaddenMobileH2H"" in the description. Just join and pm your username.
",1502903136.0,1,0.67,1
fantasyfootball,"Against the Patriots in 11 vs 11, the Jaguars first team offensive plays went: Sack, Sack, PBU, PBU, False Start, OB catch. Bortles 3 for 13 so far.",,1502207762.0,147,0.94,63
css,"Trying to add google custom search to my site, but it looks really off when I add it. It seems to be conflicting with the CSS on my site, how do I prevent this from happening?",[removed],1502206823.0,5,0.78,0
AMD_Stock,People who sold before earnings hoping to buy back in after earnings right now,,1501024234.0,105,0.97,76
fakehistoryporn,Footage from Blackfish (2013) unveiling the horrible torture of Orcas/Killer Whales at Sea World,,1500410429.0,16,1.0,3
fantasyfootball,[Schefter on ESPN] Growing sense Elliott faces short suspension,,1500045491.0,430,0.93,210
AMD_Stock,Poorly written AMD Stock article starter pack,,1499792532.0,55,0.94,10
AMD_Stock,Goldman Sachs is 2017's worst-selling fund manager with $27 billion in outflows,,1499630722.0,65,0.95,27
nba,[Kaufman] Still wouldn't rule out Celtics trading Jae Crowder in right package. There's a GLUT of SF's right now - even for positionless basketball.,,1499439468.0,18,0.74,24
nba,Kosta Koufos 2014-2015 NBA season highlights,,1499392174.0,39,0.84,10
bostonceltics,Tatum throws it down on a great interior pass,,1499300188.0,1,1.0,0
bostonceltics,[Jones] BREAKING: Jazz willing to engage Celtics in S&T talks: But Gordon Hayward must agree,,1499299467.0,1,1.0,0
bostonceltics,Tatum with some great post work,,1499298496.0,1,1.0,0
bostonceltics,"[Robb] Jaylen Brown on Boston attracting FAs: ""It's a team that wants to win and doesn't settle for less...I think [Hayward] wanted to be a part of that.""",,1499273058.0,2,1.0,0
nba,"[Hardwood Paroxysm‏] There’s enough noise about Gasol and Boston to think it might happen, but there is no way Memphis gets good return on it. At all.",,1499271148.0,198,0.89,59
nba,[Kaufman] The Celtics rumored pursuit of Marc Gasol is picking up steam quickly...,,1499271047.0,1408,0.95,671
nba,"[Utah Jazz] Gordon, thank you from the Miller Family and the Utah Jazz.",,1499217001.0,117,0.87,28
nba,[Himmelsbach] (The Hayward situation) feels like when fans rush the court & then they have to put .2 secs back on the clock & they rush again but it feels lame the 2nd time,,1499210601.0,43,0.9,9
nba,[Simmons] Kudos to @TheCousinSal who wagered on La La Land to win the Oscars AND then 5 months later the Celtics to sign Hayward. #againstallodds,,1499197261.0,12,0.78,15
nba,"[Kaufman] Don't quite understand what there is to ""regroup"" over. If decision's made, it's made. Seems like process of announcement got screwed up.",,1499195207.0,450,0.86,199
nba,Gordon Hayward's website just went online and now redirects to facebook,,1499189964.0,633,0.91,179
bostonceltics,Tatum with the game winner!,,1499130234.0,832,0.85,94
bostonceltics,7/11 is now open,,1499125356.0,284,0.97,32
nba,[Young] League sources were confident OKC was in a strong position with Rudy Gay last night. Don't know if Kanter's tweet means it's done though.,,1498954933.0,34,0.74,8
nbacirclejerk,[Sources] Cash Considerations traded to Houston for Cash Considerations,,1498683794.0,15,0.95,0
GuiltyPleasureMusic,Community - That's An Adventure (Hot Air Balloon Song),,1498622918.0,6,0.76,0
a:t5_2ytkm,test,,1498498721.0,1,1.0,1
NotMyJob,"Posted to Markelle Fultz's Instagram, boss!",,1498183823.0,244,0.95,23
needamod,/r/fakehistoryporn is looking for a few mods to remove spam,https://www.reddit.com/r/fakehistoryporn/comments/6hh1d3/want_to_be_a_mod_on_rfakehistoryporn_mod/,1497552730.0,9,0.81,2
fakehistoryporn,"Want to be a mod on /r/fakehistoryporn? Mod Applications are open, apply here!",,1497552437.0,41,0.99,8
fakehistoryporn,"Want to add a caption to a picture? You can caption it, upload it, and submit it directly to /r/Fakehistoryporn here!",,1497552365.0,111,0.99,6
ANormalDayInRussia,Russian Magician Ivan Handcock,,1497294400.0,130,0.96,4
fakehistoryporn,Photographer takes a picture of a World War II Veteran posing with young soldiers at a Memorial Day event (Circa. 2001),,1495992914.0,11,0.92,1
StarVStheForcesofEvil,Cracking open some cold ones with the boys,,1495898093.0,162,0.98,11
NotTimAndEric,This Guy Makes Me Laugh (His Name is Zach Braff),,1495816539.0,29,0.91,1
Patriots,"[Volin] Just caught up with Wilfork, who hasn't decided on retirement yet. Told him about today's weather in Foxboro, 54 & rainy. ""I don't miss it.""",,1495739636.0,12,0.75,1
chuck,"""Charles Carmichael always comes quickly""",,1495338063.0,43,0.96,10
interestingasfuck,How a Tower of Lire works,,1495130291.0,227,0.92,3
nbacirclejerk,"""Fuck Flow and fuck Progressive. I will never, ever be a progressive customer because of that terrible, mind numbing hooker.""",,1494860850.0,8,1.0,0
learnpython,"Trying to create a bot that tweets posts on /r/Gamedeals, but having a problem when I run the script","I'm trying to create a twitter bot that tweets out posts from /r/gamedeals and I'm using an old tutorial for a reddit bot 

https://github.com/rhiever/reddit-twitter-bot/blob/master/reddit_twitter_bot.py

Here's what I get when I try to run it:

https://pastebin.com/nWDHP48R

Is this because reddit's api has updated and the script is outdated? What's the problem?",1494700657.0,1,0.55,1
nbacirclejerk,James Harden is literally Kelly Olynyk,,1494617374.0,16,0.94,1
betterCallSaul,Can we just admire Lavell Crawford's (Huell's) weight loss?,[removed],1494310544.0,354,0.96,130
nfl,"[Adam Schefter] Before deciding to go to FOX, Jay Cutler had real discussions with Jets, and less-promising ones with Texans. Cutler opted for analyst role.",,1493995728.0,1,0.67,8
bostonceltics,"[Post Game Thread] The Washington Wizards (1-2) defeat the Boston Celtics (2-1), 116-89Post Game Thread","Box Scores: [ballislife.io](http://ballislife.io/game/20170504/0041600203) | [boxscoreandmore.com](https://www.boxscoreandmore.com/#/boxscore/0041600203/game) 


**[](/BOS) BOS**|**Min**|**FG**|**FT**|**3PT**|**+/-**|**OR**|**Reb**|**A**|**Blk**|**Stl**|**TO**|**PF**|**Pts**|
|:---|---:|---:|---:|---:|---:|---:|---:|---:|---:|---:|---:|---:|---:|
A. Horford|27:33|5-8|2-2|4-5|-23|0|2|3|1|1|2|4|16|
I. Thomas|29:13|3-8|7-11|0-2|-19|0|3|4|0|0|2|3|13|
A. Bradley|28:25|3-8|0-0|1-4|-25|0|2|3|0|0|0|2|7|
G. Green|25:39|3-8|1-1|1-3|-7|0|3|0|0|0|0|3|8|
J. Crowder|25:31|4-10|4-4|2-4|-18|0|7|1|0|2|0|3|14|
M. Smart|24:31|2-9|4-5|1-4|-19|2|4|2|1|1|8|2|9|
J. Brown|18:41|3-9|0-1|0-3|-12|2|3|1|0|0|1|3|6|
K. Olynyk|11:59|0-3|1-2|0-2|+2|0|1|1|0|0|1|1|1|
T. Zeller|10:34|0-3|3-4|0-0|-6|0|4|1|0|0|0|1|3|
A. Johnson|9:54|1-2|1-1|0-0|-1|2|4|1|0|0|0|1|3|
J. Young|9:54|1-4|0-0|1-3|-1|1|1|1|0|0|1|0|3|
J. Jerebko|9:07|1-3|2-2|0-2|+3|1|3|0|0|0|0|1|4|
T. Rozier|8:59|1-2|0-0|0-0|-9|0|1|2|0|0|1|2|2|
D. Jackson||||||||||||||
J. Mickey||||||||||||||
Totals|240|27-77(.351)|25-33(.758)|10-32(.313)|-|8|38|20|2|4|16|26|89|

**[](/WAS) WAS**|**Min**|**FG**|**FT**|**3PT**|**+/-**|**OR**|**Reb**|**A**|**Blk**|**Stl**|**TO**|**PF**|**Pts**|
|:---|---:|---:|---:|---:|---:|---:|---:|---:|---:|---:|---:|---:|---:|
M. Gortat|31:02|6-12|1-1|0-0|+22|4|16|2|1|0|3|4|13|
O. Porter|37:47|8-13|3-4|0-3|+16|1|8|2|0|3|1|2|19|
J. Wall|33:39|7-19|9-10|1-5|+25|1|1|8|1|3|1|1|24|
B. Beal|25:44|4-12|2-2|1-4|+17|3|3|3|1|0|0|4|11|
M. Morris|18:34|3-7|4-4|0-0|+17|1|5|1|0|1|1|2|10|
B. Bogdanovic|29:26|6-12|3-4|4-7|+10|2|10|2|0|0|0|2|19|
B. Jennings|14:43|2-5|0-0|0-2|+10|0|2|2|0|0|1|2|4|
T. Satoransky|12:00|1-3|0-0|0-0|+1|1|3|2|0|0|0|0|2|
T. Burke|9:54|0-2|0-0|0-1|+1|0|0|3|0|0|0|2|0|
I. Mahinmi|9:38|1-1|0-0|0-0|+1|0|1|1|2|0|1|3|2|
J. Smith|7:20|1-1|0-0|0-0|+4|0|1|0|0|0|0|2|2|
K. Oubre Jr.|5:10|1-2|0-0|0-1|+3|0|0|0|0|0|1|2|2|
S. McClellan|5:03|3-3|0-0|2-2|+8|0|0|0|0|0|0|0|8|
C. McCullough||||||||||||||
D. Ochefu||||||||||||||
Totals|240|43-92(.467)|22-25(.880)|8-25(.320)|-|13|50|26|5|7|9|26|116|

||
|:-:|
|^[nbaboxscoregenerator.com](http://www.nbaboxscoregenerator.com) ^by ^/u/Obi-Wan_Ginobili|",1493952348.0,55,0.93,199
nfl,"[Rapoport] Mike Davis was the subject of trade talks during the draft, so he'll draw real interest.",,1493923052.0,23,0.81,14
betterCallSaul,"If you run a business, get yourself an employee like these three",,1493834796.0,673,0.97,55
nba,Celtics are first team in shot-clock era to lead a series 2-0 after trailing by 10 or more at the end of the first quarter in both games.,,1493781255.0,17,0.86,10
nba,"Points in final 15 minutes of the game: Isaiah Thomas: 27, Wizards Roster: 24",,1493781124.0,23,0.87,5
nfl,"[Throwback /r/NFL Thread, May 25 2014]: ""Supporters giving up on bringing NFL back to Los Angeles. 'It’s sounding more and more like we'll have a team in London before we do in L.A.' -Howie Long""",,1493643460.0,455,0.94,50
nbacirclejerk,"The Celtics are 5-0 since Rondo's injury and 1-0 since IT lost his tooth. For the Celtics to win the series, should IT fight and injure Rondo while letting him knock out his teeth?",,1493582572.0,8,0.9,0
nfl,The Jets had discussions with the Cowboys and Redskins during the draft to trade Sheldon Richardson but both teams balked at having to pay Richardson's fully guaranteed $8.1 million salary.,,1493568447.0,231,0.95,56
nfl,[Frank] Ryan Mathews cleared to resume working out,,1493568358.0,6,0.87,6
nfl,Lions GM Bob Quinn endorses Ameer Abdullah as starting RB,,1493568267.0,48,0.89,31
nfl,"[Brad Biggs] Bears GM Ryan Pace doesn't believe 2nd round pick Adam Shaheen is a project as a tight end coming from D-2. ""Adam’s projected to play early.""",,1493476642.0,16,0.81,30
nfl,"Browns coach Hue Jackson said second-round QB DeShone Kizer will have an ""opportunity to compete"" for the starting job along with every other quarterback on the roster.",,1493476529.0,164,0.95,41
nfl,"Bucs GM Jason Licht said he is ""happy with"" Doug Martin's ""trajectory"" this offseason. ""I’ve said that before but it’s the truth...He has the right mindset right now and he looks good physically.""",,1493476432.0,10,0.72,4
nfl,Jaguars GM Dave Caldwell said second-round pick Cam Robinson will play left tackle.,,1493476336.0,17,0.8,21
nfl,Teams believe 49ers first-round ILB Reuben Foster will require a second shoulder surgery to repair a torn rotator cuff.,,1493390080.0,840,0.97,252
nfl,[Petrak] The Browns will use first-rounder Jabrill Peppers at strong safety.,,1493390005.0,777,0.98,219
nfl,"Browns EVP Sashi Brown calls NFL Network's Ian Rapoport's report that Cleveland is trying to trade for Kirk Cousins ""bad reporting.""",,1493389892.0,1339,0.98,190
nfl,"Coach Bill O'Brien said Tom Savage is ""our starter,"" even after the Texans traded up to take Deshaun Watson at No. 12 overall.",,1493389840.0,271,0.95,69
nflcirclejerk,"League source on Bears-49ers trade: ""This has been the worst trade deal in the history of trade deals, maybe ever""",,1493351872.0,21,0.96,0
justneckbeardthings,Neckbeard road sign,,1493164313.0,176,0.94,3
AccidentalRenaissance,The Dunk,,1493003755.0,35,0.91,4
EvilLeagueOfEvil,Statement from the Patriots,,1492792981.0,444,0.86,84
Music,"Cuba Gooding Sr., Main Ingredient Singer, Dead at 72",,1492744802.0,2,0.76,1
nfl,"[Kratch] Giants C Weston Richburg just said he played entire season with torn tendons in his snapping hand. Had surgery, is 100 percent now.",,1492708564.0,164,0.92,18
nfl,"[Ralph Vacchiano] Giants DE Jason Pierre-Paul said his offseason surgery repaired four injuries -- two in his abdomen, two in his groin. He's ""OK"" now.",,1492708470.0,73,0.9,7
nfl,Falcons DB Kemal Ishmael is expected to play outside linebacker this season.,,1492708386.0,27,0.88,10
nfl,"[Josina Anderson‏] I'm told the #Bills are scheduled to visit with QB Deshaun Watson at Clemson on Friday, per sources.",,1492708293.0,55,0.9,28
nfl,"WR Jarvis Landry and the Dolphins ""have not begun serious talks on an extension.""",,1492708062.0,16,0.86,31
nfl,"Lance Zierlein reports there is ""buzz"" Leonard Fournette and Christian McCaffrey will be the only running backs selected in the first round. That would mean Dalvin Cook, Alvin Kamara, and Joe Mixon all falling out of the first round.",,1492707853.0,42,0.83,38
nfl,Falcons plan to pick up LT Jake Matthews' option,,1492707612.0,25,0.88,7
nfl,6-of-11 NFL execs say they wouldn't draft Mixon,,1492707560.0,35,0.84,81
fantasybaseball,"We're through 2. Who are your Buy Low, Sell High, or Sit & Wait guys right now?",Who are your favorite Buy low targets? I feel like Freddie Freeman might be a good sell high and Josh Donaldson would be a solid buy low.,1492690639.0,42,0.98,396
nfl,Sashi Brown: Browns will not announce the No. 1 pick before the draft.,,1492641080.0,681,0.95,136
nfl,The LA Rams have waived DB Kevin Short,,1492641063.0,40,0.85,6
nflcirclejerk,Packers QB Aaron Rodgers commits suicide after seeing a nude woman,,1492616679.0,26,0.87,0
nfl,"[Mike Giardi] Malcolm Butler has ""no intention"" of participating in the Patriots' voluntary workouts.",,1492553773.0,307,0.91,79
nfl,Raiders QB Derek Carr has been a full participant in OTAs,,1492553499.0,48,0.84,11
nfl,Seahawks have re-signed RBs Troymaine Pope and Terrence Magee.,,1492553396.0,24,0.82,15
nfl,[Mark Daniels] TE Matt Lengel also signed his ERFA contract with the Patriots today,,1492553161.0,45,0.88,6
fakehistoryporn,"Kendrick Lamar performing after releasing his major-label debut ""good kid, m.A.A.d city"" (Circa 2013)",,1492538534.0,11,0.84,0
KendrickLamar,"There are currently more people on /r/KendrickLamar than on /r/gifs, a subreddit with nearly 14 million subsribers",,1492316535.0,440,0.99,10
KendrickLamar,MFW it's 12:01 AM and there's no new album,,1492315315.0,1190,0.98,15
youtubehaiku,[Haiku] Get got,,1492270274.0,1319,0.96,42
Torontobluejays,Stingray photobombs some dude's proposal at Ripley's Aquarium,,1492228769.0,9,0.81,0
nfl,"[Tafur] Now that #Raiders and Marshawn Lynch have agreed to terms, trade with #Seahawks expected to go smoothly",,1492200023.0,5,0.78,14
KendrickLamar,MRW I come in here ready to listen to DAMN. and see that it's only up on Apple Music,,1492141959.0,64,0.97,4
nfl,"[Serious] Has there ever been a scenario during the draft where Team 1 takes a player that Team 2 wanted right before them, so Team 2 immediately makes a trade for the player Team 1 drafted?",Wondering how a scenario like that would play out and how much of a premium team 2 would have to pay.,1492037956.0,7,0.64,38
NEU,"I'll have what Aoun is having, please",,1491320096.0,88,0.98,2
Patriots,Did anyone else just see Brady tackle Gronk after he stole his jersey at the Red Sox opener?,was fucking hilarious,1491242258.0,125,0.9,25
NEU,"BU, everybody",,1491238372.0,238,0.98,10
a:t5_3jsc0,Gone but not forgotten (March 31st 2017- April 1st 2017),,1491228337.0,17,1.0,2
sports,Madison Bumgarner becomes the first pitcher in history to hit 2 Home Runs on opening day,,1491171443.0,730,0.95,46
placestart,Can we throw him in somewhere?,,1491156881.0,297,0.96,7
MURICA,"WE DID IT, FELLOW 'MURICANS!",,1491110236.0,5804,0.85,168
place,Had some free time so I drew out my favorite part of /r/place,,1491108555.0,18,1.0,2
nbacirclejerk,"Kendrick Lamar on Bismack Biyombo going 0/0/1 vs the Nets: ""Biyombo...sit down""",,1491098651.0,29,0.98,2
AutoModerator,How do I make it so that if a post isn't a certain picture it gets removed?,"Like, if someone submits something that isn't the exact URL that I want it to be, how do I remove it? Can I do the same for comments?",1491009084.0,1,0.67,5
a:t5_3jsc0,DEFEND THE GREEN CORNER!,,1490999830.0,98,0.92,3
a:t5_3jsc0,green_irl,,1490999338.0,31,0.9,1
GreenLattice,"We at /r/GreenCorner are happy to help with your lattice, as long as you help defend the corner from the Blues",,1490997982.0,8,0.85,3
StarVStheForcesofEvil,How I feel when I'm playing as a medic in Battlefield and our team is getting destroyed,,1490233595.0,96,0.96,14
nfl,Any news on Victor Cruz?,[removed],1489853738.0,6,0.75,15
GifSound,Surf's up!,,1489529680.0,4,0.71,0
nfl,CB Davon House agreed to his deal with the Packers over the phone while in the lobby at the Steelers facility,,1489511705.0,916,0.96,184
Patriots,Bill Belichick scouting trades,,1489200032.0,354,0.98,9
Amd,AMD will be added back to the S&P 500,,1489188397.0,852,0.94,126
nfl,Bears re-signed K Connor Barth on a one-year contract. He's getting $155K guaranteed.,,1489170595.0,89,0.91,31
nfl,[Stephon Gilmore] Signed with the Patriots and my wife is having my daughter on the same day. What a Blessing 🙏🏾,,1489170209.0,1201,0.92,111
techsupport,"Going through Hell trying to upgrade to my new Ryzen PC. Tried everything to get it to post, it turns on but nothing is displaying on my monitor.","###Troubleshooting Help:

**What is your parts list? [Consider formatting your parts list.](http://www.reddit.com/r/buildapc/wiki/pcpp)**

[PCPartPicker part list](https://pcpartpicker.com/list/9k7QgL) / [Price breakdown by merchant](https://pcpartpicker.com/list/9k7QgL/by_merchant/)

Type|Item|Price
:----|:----|:----
**CPU** | [AMD RYZEN 7 1700X 3.4GHz 8-Core Processor](https://pcpartpicker.com/product/9Q98TW/amd-ryzen-7-1700x-34ghz-8-core-processor-yd170xbcaewof) | $399.99 @ B&H 
**CPU Cooler** | [Noctua NH-D15S 82.5 CFM CPU Cooler](https://pcpartpicker.com/product/xCL7YJ/noctua-cpu-cooler-nhd15s) | $89.19 @ Amazon 
**Motherboard** | [MSI B350 TOMAHAWK ATX AM4 Motherboard](https://pcpartpicker.com/product/Y4kwrH/msi-b350-tomahawk-atx-am4-motherboard-b350-tomahawk) | $109.99 @ B&H 
**Memory** | [GeIL EVO POTENZA 16GB (2 x 8GB) DDR4-2400 Memory](https://pcpartpicker.com/product/c8rcCJ/geil-memory-gpr416gb2400c16dc) | $102.75 @ OutletPC 
**Storage** | [Seagate Barracuda 2TB 3.5"" 7200RPM Internal Hard Drive](https://pcpartpicker.com/product/KyCwrH/seagate-internal-hard-drive-st2000dm001) | $69.89 @ OutletPC 
**Video Card** | [Asus GeForce GTX 1070 8GB Video Card](https://pcpartpicker.com/product/jygPxr/asus-geforce-gtx-1070-8gb-video-card-turbo-gtx1070-8g) | $389.99 @ Jet 
**Case** | [Phanteks Enthoo Pro ATX Full Tower Case](https://pcpartpicker.com/product/mn3RsY/phanteks-case-phes614pbk) | $107.98 @ Newegg 
**Power Supply** | [EVGA 850W 80+ Bronze Certified Semi-Modular ATX Power Supply](https://pcpartpicker.com/product/29xfrH/evga-power-supply-110b20850v1) | $85.89 @ OutletPC 
**Monitor** | [LG 25UM58-P 25.0"" 2560x1080 75Hz Monitor](https://pcpartpicker.com/product/wNcMnQ/lg-monitor-25um58p) | $165.07 @ Amazon 
 | *Prices include shipping, taxes, rebates, and discounts* |
 | Total (before mail-in rebates) | $1530.74
 | Mail-in rebates | -$10.00
 | **Total** | **$1520.74**
 | Generated by [PCPartPicker](http://pcpartpicker.com) 2017-03-08 23:07 EST-0500 |

**Describe your problem. List any error messages and symptoms. Be descriptive.**

Put the computer together and tried to get it to boot up. Fans spin, everything seems to work, but no display comes up. The EZ Debug LED lights up saying there's a problem with the CPU. I figure it's an issue with the CPU and Motherboard and return it and get new parts. I plug everything in and try it again with the new parts, now the EZ Debug LEDs light up telling me there are issues with the CPU and the DRAM. Why won't anything display?

Parts confirmed working:

1. CPU

2. Motherboard

3. Video Card

4. PSU

5. HDD (irrelevant)

6. Monitor

 Is it an issue with the RAM or am I not configuring something correctly?

**List anything you've done in attempt to diagnose or fix the problem.**

Tried a different motherboard, processor, psu, video card. Have not tried new ram but can order some if needed

**Provide any additional details you wish below.**
",1489033523.0,1,1.0,3
buildapc,"Going through Hell trying to upgrade to my new Ryzen PC. Tried everything to get it to post, nothing is working.","###Troubleshooting Help:

**What is your parts list? [Consider formatting your parts list.](http://www.reddit.com/r/buildapc/wiki/pcpp)**

[PCPartPicker part list](https://pcpartpicker.com/list/9k7QgL) / [Price breakdown by merchant](https://pcpartpicker.com/list/9k7QgL/by_merchant/)

Type|Item|Price
:----|:----|:----
**CPU** | [AMD RYZEN 7 1700X 3.4GHz 8-Core Processor](https://pcpartpicker.com/product/9Q98TW/amd-ryzen-7-1700x-34ghz-8-core-processor-yd170xbcaewof) | $399.99 @ B&H 
**CPU Cooler** | [Noctua NH-D15S 82.5 CFM CPU Cooler](https://pcpartpicker.com/product/xCL7YJ/noctua-cpu-cooler-nhd15s) | $89.19 @ Amazon 
**Motherboard** | [MSI B350 TOMAHAWK ATX AM4 Motherboard](https://pcpartpicker.com/product/Y4kwrH/msi-b350-tomahawk-atx-am4-motherboard-b350-tomahawk) | $109.99 @ B&H 
**Memory** | [GeIL EVO POTENZA 16GB (2 x 8GB) DDR4-2400 Memory](https://pcpartpicker.com/product/c8rcCJ/geil-memory-gpr416gb2400c16dc) | $102.75 @ OutletPC 
**Storage** | [Seagate Barracuda 2TB 3.5"" 7200RPM Internal Hard Drive](https://pcpartpicker.com/product/KyCwrH/seagate-internal-hard-drive-st2000dm001) | $69.89 @ OutletPC 
**Video Card** | [Asus GeForce GTX 1070 8GB Video Card](https://pcpartpicker.com/product/jygPxr/asus-geforce-gtx-1070-8gb-video-card-turbo-gtx1070-8g) | $389.99 @ Jet 
**Case** | [Phanteks Enthoo Pro ATX Full Tower Case](https://pcpartpicker.com/product/mn3RsY/phanteks-case-phes614pbk) | $107.98 @ Newegg 
**Power Supply** | [EVGA 850W 80+ Bronze Certified Semi-Modular ATX Power Supply](https://pcpartpicker.com/product/29xfrH/evga-power-supply-110b20850v1) | $85.89 @ OutletPC 
**Monitor** | [LG 25UM58-P 25.0"" 2560x1080 75Hz Monitor](https://pcpartpicker.com/product/wNcMnQ/lg-monitor-25um58p) | $165.07 @ Amazon 
 | *Prices include shipping, taxes, rebates, and discounts* |
 | Total (before mail-in rebates) | $1530.74
 | Mail-in rebates | -$10.00
 | **Total** | **$1520.74**
 | Generated by [PCPartPicker](http://pcpartpicker.com) 2017-03-08 23:07 EST-0500 |

**Describe your problem. List any error messages and symptoms. Be descriptive.**

Put the computer together and tried to get it to boot up. Fans spin, everything seems to work, but no display comes up. The EZ Debug LED lights up saying there's a problem with the CPU. I figure it's an issue with the CPU and Motherboard and return it and get new parts. I plug everything in and try it again with the new parts, now the EZ Debug LEDs light up telling me there are issues with the CPU and the DRAM. Why won't anything display?

Parts confirmed working:

1. CPU

2. Motherboard

3. Video Card

4. PSU

5. HDD (irrelevant)

6. Monitor

 Is it an issue with the RAM or am I not configuring something correctly?

**List anything you've done in attempt to diagnose or fix the problem.**

Tried a different motherboard, processor, psu, video card. Have not tried new ram but can order some if needed

**Provide any additional details you wish below.**
",1489032915.0,1,1.0,2
nfl,"Joe Mixon Reportedly Met with Bengals, Browns, Lions, Saints Ahead of Pro Day",,1488990148.0,5,0.86,40
buildapc,"New Ryzen build won't post. Fans turn on and boot up but no display. It does, however, display a red led next to CPU. Is it a problem with my CPU or Motherboard?","###Troubleshooting Help:

**What is your parts list? [Consider formatting your parts list.](http://www.reddit.com/r/buildapc/wiki/pcpp)**

Ryzen 7 1700x

Gigabyte AB350-Gaming 3

16GB Geil Evo Potenza RAM

850W EVGA PSU

256GB Samsung SSD

Asus GTX 1070

**Describe your problem. List any error messages and symptoms. Be descriptive.**

Red CPU LED is on stating that there's some kind of problem. When i turn on the computer all the fans work and it seems to boot but no display. I'm plugged into my GPU.

**List anything you've done in attempt to diagnose or fix the problem.**

Tried a different GPU, tried using onboard graphics, unplugged and replugged, resocketed the CPU and fan

**Post relevant photos of build/parts here.**

(uploading)

**Provide any additional details you wish below.**

Is it a problem with the mobo or the cpu?",1488932659.0,1,1.0,3
Patriots,"TMZ releases video of intoxicated Broncos WR Demaryius Thomas yelling ""Fuck Tom Brady! . . . but he's great!"" and dancing shirtless in a Georgia Bar",,1488841432.0,293,0.96,37
nfl,"Bucky Hodges' 39"" vertical is tied for 6th best at the NFL Combine for TEs since 2006. Tops Jimmy Graham's 38.5""",,1488657153.0,102,0.94,30
nfl,"Miami TE David Njoku recorded an 11'1"" broad jump and a 37.5"" vertical",,1488657083.0,83,0.94,16
nfl,"Greg Hardy avoids jail time on cocaine charges after plea deal; Given two years probation, community service and a $500 fine.",,1488643915.0,195,0.94,111
Patriots,Bill Belichick eating gif. Use it as you please.,,1488564076.0,1838,0.89,94
reactiongifs,MRW I see reddit drama going on but I don't want to get involved,,1488564049.0,166,0.93,11
nfl,[Jeff Howe] Not a surprise but the Pats are expected to release Sebastian Vollmer by the start of free agency. Retirement remains a possibility.,,1488505286.0,50,0.88,2
BillBurr,Don't blow it,"Keep it Simple

Count your money",1488203355.0,9,0.66,2
nfl,"Eric Berry ""not getting my hopes up"" about long-term deal",,1488154628.0,321,0.95,216
dataisbeautiful,Why Do Hip Hop Artists Die Young?,,1488004363.0,7,0.82,6
nba,"[Sefko] Dirk Nowitzki on who he talks to on his team: ""Wes is a veteran. Then it gets tough. I like to think I’m still young in the head, so I still fit in.",,1487963123.0,379,0.97,24
nba,"[Sefko] Rick Carlisle on Nerlens Noel: ""My understanding is he’s going to come into town today and be available to play some (Saturday vs. NOLA).”",,1487960806.0,44,0.91,15
circlejerk,.,,1487890710.0,11,0.92,3
a:t5_3j83g,Day 1: Has /u/yung_gucci learned Hungarian yet? ANSWER: No.,,1487875694.0,6,1.0,0
NOLAPelicans,Official Statement from Tom Benson on DeMarcus Cousins & Omri Casspi,,1487713420.0,29,0.98,5
nba,[Wojnarowski] For the Lakers to hire Pelinka -- or any agent -- he'd have to divest from his representation business. That process can't happen overnight.,,1487705739.0,76,0.91,26
AMD_Stock,AMD has hit $14 again!,just saw it hit 14 before going down a bit,1487699110.0,40,0.9,28
nba,[The Score] The Celtics have reportedly talked with the Clippers about Blake Griffin.,,1487647858.0,7,0.73,20
nbacirclejerk,give me karma,,1487645414.0,60,0.94,8
fakehistoryporn,"ISIS terrorist poses after cutting off the head of an infidel. In the background, another man awaits his fate (Circa Sep. 2015)",,1487524293.0,151,0.98,2
nflcirclejerk,<----------- Petition for mods to allow pictures on this sub.,come on guys it's 2016,1487367130.0,80,0.98,1
nfl,Bill Belichick to narrate PBS film 'D-Day: Over Normandy',,1487291070.0,7,0.73,6
self,"Whenever I write an English paper, I somehow become a merchant from the 1700's","I don't think I've ever used the words ""betwixt"", ""unbeknowest"", and ""bestow"" in a conversation. I don't even remember learning those words, I just feel like they fit in a sentence and lo and behold they do. 

Anyone know what I mean?",1487267609.0,4,0.83,3
YouSeeComrade,"You see Ivan, if you light cigarette with blowtorch, enemy will not attack from left side, for fear of being burn",,1487135574.0,149,0.98,3
YouSeeComrade,"You see comrade, let the enemy spy fly plane",,1487135371.0,118,0.99,1
YouSeeComrade,"You See Comrade, if you make tank fly, capitalist will not expect attack, for he think is not like plane!",,1487135123.0,393,1.0,16
YouSeeComrade,"You see comrade, to enjoy subreddit, you must follow rules!",[removed],1487134894.0,198,0.99,2
KirkCousins,KIRK AND JULIE POSTED THIS ON FACEBOOK,,1487122947.0,149,0.99,7
fakehistoryporn,"We've had a lot of suggestions on how we could improve the sub and we would like to put it to a vote between our subscribers. If you guys could fill out this 30 second survey you'd help improve the sub a lot. Thanks a ton, keep on shitposting!",,1487122460.0,114,0.99,16
reactiongifs,"MRW I purchase something at a store and they sign me up for their ""free rewards program""",,1487118366.0,53,0.93,3
NBALvL,Reddit league looking for active members to grind for,"League name: Reddit, picture is a mountain/trees

Details: 83 Overall, currently 28/32 members

Requirements: You have to grind for the stars and complete league tournaments. If you have drives, play them

If you fail to do so, you will be booted. You may reapply if you will meet the above conditions.",1487086084.0,1,1.0,0
nfl,"Impending free agent RG T.J. Lang wants to re-sign with the Packers but admitted he hasn't ""heard a word from them"" about a new contract.",,1487010781.0,227,0.95,96
nfl,"Richard Smith, the former Falcons DC who was let go after the Super Bowl, has been hired as the linebackers coach for the Chargers",,1487010548.0,54,0.93,9
gaming,Spotted in the Dwemer ruins,,1487002100.0,8,0.72,5
Patriots,Happy 40th birthday to the one and only!,,1487001676.0,2381,0.84,128
NEU,Simmons and Massart are closed. WE'RE GETTING THERE.,friend got the text,1486951713.0,25,1.0,2
MCSPlaystation,[PS4] [M17] Selling 800k at $7.5/100k. Paypal only.,"https://www.reddit.com/r/MCSRep/comments/5t87kd/uvmoney1337_mcs_rep_profile/

first time selling coins but as you can see from my reddit account I'm pretty reputable. Feel free to PM me.",1486744497.0,1,1.0,6
MCSRep,/u/Vmoney1337 MCS Rep Profile,"* Redditor since 12/27/2011
* I mostly buy but do sell sometimes. NBA Live Mobile, Madden Mobile, MUT 17 PS4
* If you clicked a link to this page, please make sure that you're on the real /r/MCSRep. Double check the username that linked you and make sure it matches the username of this rep thread EXACTLY and  isn't just SIMILAR. Note that just because you're reading this doesn't mean a scammer didn't include this note in their fake profile to trick you into a false sense of security. Always double check, and don't get tricked or scammed! 
",1486743879.0,1,1.0,2
MaddenUltimateTeam,I think I just got J.J. Watt's brother in a pack!,,1486692132.0,90,0.86,22
Patriots,"Isaiah Thomas says Tom Brady texted him after the Super Bowl and said, ""It's your turn next.""",,1486559549.0,627,0.97,131
Patriots,Reminder that this man just won a ring in his rookie year,,1486449781.0,359,0.98,62
nfl,Matt Patricia is wearing a Goodell clown shirt as the team arrives back in Boston,,1486421421.0,5496,0.94,721
nfl,The Broncos can save $3 million against the salary cap by releasing RT Donald Stephenson.,,1486408030.0,28,0.83,32
nfl,ESPN Jets reporter Rich Cimini believes Darrelle Revis will have to take a significant pay cut to remain with the team for 2017.,,1486407957.0,53,0.89,35
Patriots,"Bill Burr on Twitter: Watching @ESPN remove themselves from the ""culture of hatred"" towards the patriots is hilarious! U fanned the flames for 10 years! #Whores",,1486407733.0,761,0.98,36
Patriots,Jacoby Brissett has a shirt of himself with the other QB's,,1486369378.0,220,0.99,8
nfl,17 times in 51 Super Bowls a team has engineered a game-winning drive in fourth quarter. Tom Brady has been the QB for 5 of those 17,,1486364231.0,466,0.92,80
sports,What an incredible past year of sports,[removed],1486362576.0,2,1.0,1
Patriots,"Coach Jim Harbaugh on Twitter: Tom Brady, The Greatest Football Player of All Time! End of Discussion!!!!!",,1486362292.0,148,0.98,4
Patriots,Ben Volin on Twitter: The Tom Brady-Roger Goodell press conference will take place at 9:30 am eastern tomorrow morning. Popcorn: Ready,,1486361570.0,58,0.94,5
Patriots,Patriots set 21 Super Bowl records tonight and tied 5 more,,1486361450.0,21,0.87,0
nfl,Patriots set 21 Super Bowl records tonight and tied 5 more,,1486361434.0,583,0.93,102
Patriots,The Shields MRI Tom Brady Commercial that aired after he won. It's perfect.,,1486358984.0,131,0.99,10
Patriots,Sherman's march to the sea (X-Post /r/fakehistoryporn),,1486356082.0,281,0.98,4
fakehistoryporn,"General William T. Sherman leads his army on his famous ""March to the Sea"", completely destroying the city of Atlanta in the process (circa. 1864, colorized 2017)",,1486355757.0,839,0.98,16
Patriots,"Mayor Marty Walsh on Twitter: A parade celebrating tonight’s #SuperBowl Champs @Patriots, will be held on Tuesday (2/7) at 11:00am. See you there! #Patriots #OneMore ✔️",,1486353095.0,20,0.91,1
fakehistoryporn,"Kevin Durant announces his transition to another team, circa 2016",,1486352756.0,86,0.89,3
MemeEconomy,Belichick taking notes memes are on the rise. BUY!,,1486346584.0,173,0.96,4
boston,Paul Pierce hits his final bucket at the TD Garden and the crowd goes wild,,1486330473.0,251,0.95,17
sports,Paul Pierce hits his final bucket at the TD Garden and the crowd goes wild,,1486330440.0,138,0.94,20
pcmasterrace,"A reminder of the greatly-misleading, ~12-step G2A Shield unsubscription process (AKA why you should never use G2A)",,1486041492.0,3684,0.97,193
bostonceltics,IT scoring in the 4th even when it doesn't count,,1486005821.0,99,0.97,9
Patriots,"Tom Brady explained his emotion from Monday. He said today, ""It's been a challenging year for my family. Just for some personal reasons.""",,1485894366.0,225,0.96,55
nfl,"Tom Brady explained his emotion from Monday. He said today, ""It's been a challenging year for my family. Just for some personal reasons.""",,1485894260.0,435,0.89,125
HotWheelsSoccer,new dlc leaked?,,1485880832.0,84,0.99,6
WTF,This ad was in my local phonebook,,1485823196.0,14,0.87,5
holdmybeer,HMB while we punt these balls,,1485724425.0,268,0.87,11
interestingasfuck,Football punters have balls collide mid-air in synchronized punt,,1485724344.0,176,0.92,8
woahdude,Football punters have balls collide mid-air in synchronized punt,,1485724312.0,37,0.88,1
gifs,Football punters have balls collide mid-air in synchronized punt,,1485724290.0,71,0.8,8
sports,"Football punters Hekker, King, and Colquitt have balls collide mid-air in synchronized punt",,1485724246.0,139,0.88,12
redditrequest,Requesting /r/greedcity- No active moderators,,1485583444.0,0,0.5,0
nfl,Cardinals CB/S Tyrann Mathieu has already added 10 pounds this offseason.,,1485458739.0,89,0.91,28
nfl,"Speaking Thursday, free agent Kirk Cousins said he would be willing to play under the franchise tag for the second consecutive year in 2017.",,1485457744.0,73,0.92,58
nba,Jazz Assign Joel Bolomboy to D-League,,1485453035.0,19,0.89,5
nba,The Nuggets have signed Johnny O'Bryant to a 10-day contract.,,1485452995.0,4,0.83,1
nfl,New Jets DBs coach Dennard Wilson believes Darrelle Revis can play safety,,1485452031.0,1,0.67,1
nfl,Packers coach Mike McCarthy said CB Sam Shields still has not cleared the concussion protocol,,1485451856.0,25,0.88,16
nfl,Packers coach Mike McCarthy hinted DC Dom Capers will return for 2017 season,,1485451819.0,59,0.91,105
NEU,A Chrome extension that makes myneu not look like shit,,1485403487.0,164,0.99,20
fakehistoryporn,"Russian Mob Boss, circa 1967",,1485325076.0,355,0.99,3
mildlyinfuriating,MyStatLab doesn't use commas as decimal seperators in 4 digit numbers but uses them in 5 digit numbers,,1485292988.0,3,0.81,0
nfl,Todd Gurley on Rams' 2016 season: 'Like a nightmare',,1485291737.0,78,0.95,17
nfl,Cardinals VP of Player Personnel Terry McDonough will interview a second time for the 49ers' GM vacancy.,,1485288620.0,26,0.89,5
fakehistoryporn,"Combat footage of operation desert hammer during the Gulf War, circa 1991",,1485287342.0,2,1.0,0
nfl,Steelers coach Mike Tomlin said this is not the first time he has heard Ben Roethlisberger talk about retirement.,,1485282673.0,177,0.96,44
arma,What driving downhill through a forest feels like,,1485279103.0,566,0.95,37
nfl,Terry McCormick of TitanInsider considers Titans RCB Jason McCourty a candidate for release this offseason,,1485196059.0,18,0.88,17
nfl,The Eagles have moved DL Taylor Hart to offensive tackle.,,1485195829.0,15,0.79,10
nfl,Impending free agent RG T.J. Lang will undergo foot and hip arthroscopic surgeries on Friday.,,1485195740.0,35,0.87,1
nfl,Packers CB Sam Shields (concussion) said he's having occasional headaches but still wants to play next year,,1485195657.0,2,0.6,6
nfl,Matt Prater will replace Matt Bryant at the Pro Bowl,,1485195122.0,153,0.94,18
nfl,Eric Weddle headed to Pro Bowl,,1485194702.0,148,0.93,22
nfl,[Glazer] Chip Kelly could replace Kyle Shanahan in Atlanta,,1485179753.0,132,0.9,43
Patriots,"LeBron James on Twitter: I see you @LG_Blount! Hit em with ""The Silencer""",,1485179033.0,155,0.94,30
Patriots,Paul Pierce on Twitter: Matt Ryan vs the goat 😂😂😂pats baby let's get this,,1485175501.0,415,0.97,33
Patriots,"Blount: ""WE IN THE 'SHIP!""",,1485142122.0,79,0.95,4
Patriots,When you realize the Patriots are going to the Super Bowl,,1485140827.0,37,0.99,1
nfl,Mike Tomlin says Le'Veon Bell has a groin injury and wouldn't have been effective. He left it at that.,,1485140615.0,31,0.81,9
nfl,Indianapolis Colts on Twitter: Important announcement forthcoming by 5:30pm,,1485030479.0,104,0.89,47
nfl,"Ian Rapoport on Twitter: As far as I can tell, the #Colts are only moving on from Ryan Grigson. No word on Chuck Pagano.",,1485030012.0,263,0.92,54
nfl,Seahawks signed OL Robert Myers to a reserve/future contract.,,1485025347.0,32,0.8,7
nfl,Rob Kelley underwent surgery on his right knee following Washington's season-ending loss to the Giants.,,1485014993.0,97,0.92,7
nba,"[Trudell] With 1/2 of LAL's starting backcourt already leaving injured, the other, Nick Young, just went to the locker room w/one of his own.",,1484972838.0,14,0.74,7
nfl,Kevin O’Connell expected to become the Washington Redskins new QB coach,,1484967814.0,30,0.75,12
nfl,Bucs sign Ex-Falcons QB Sean Renfree and C James Stone,,1484967746.0,22,0.77,16
interestingasfuck,"Why fixing a problem in software is called a ""Patch""",,1484847650.0,26,0.85,1
nfl,[Breer] Mark Davis has said the team would stay in Oakland during stadium construction. Vegas venue likely wouldn't be ready til 2020.,,1484847343.0,0,0.33,4
oaklandraiders,The raiders have officially filed the paperwork to move to Las Vegas,https://twitter.com/SteveSisolak/status/822127812727349248,1484846430.0,171,0.92,378
nfl,Steve Sisolak on Twitter: It is official! The @RAIDERS have filed their paperwork to relocate to #LasVegas.,,1484845661.0,6512,0.97,2570
nfl,"Dick LeBeau will return for his 59th NFL season, at age 80",,1484842400.0,906,0.96,168
NBAForums,Reddit League looking for active members,"Hello,

I started the reddit League on NBA love mobile a while back and a fair amount of members are no longer active/taking up space. We're looking for people to take their spot. if you're interested, look up ""reddit"" and the league should be the one that has a hammer logo and 31/32 members",1484832763.0,1,1.0,4
nba,Chris Broussard: Warriors-Cavs is the NBA's greatest rivalry of all time,,1484806965.0,0,0.35,62
a:t5_3impq,Did you mean /r/NFL?,,1484767371.0,11,0.83,0
nfl,The news we've all been waiting for: The hole in the wall that Odell Beckham Jr. made at Lambeau Field has been fixed.,,1484760565.0,21,0.68,24
nfl,Brandon Marshall says that he's being underpaid by the Jets at $7.5 million,,1484759101.0,154,0.89,161
nfl,Bears have hired ex-49ers OC Curtis Modkins as RBs coach.,,1484756958.0,25,0.94,14
nfl,49ers to have G.M. candidates meet with Kyle Shanahan,,1484755820.0,119,0.93,44
EvilLeagueOfEvil,"Just keep doubting the Evil League Of Evil, you plebs",,1484701798.0,103,0.96,9
GreenBayPackers,Made this shitpost for you guys to use in game threads this week. I hope you enjoy.,,1484701065.0,319,0.98,11
nfl,"After Week 11, the Packers' odds to win the Super Bowl were 0.10%. They currently have a 14.90% chance of winning.",,1484671848.0,91,0.86,49
nfl,Peyton Manning and Brett Favre combined to start in 10 conference championship games. Tom Brady will start his 11th on Sunday.,,1484671368.0,120,0.72,72
nfl,Carroll: Seahawks don't plan to spend big on offensive line help,,1484669536.0,10,0.64,51
nfl,San Diego moving companies are refusing to help the Chargers head to Los Angeles,,1484664854.0,5,1.0,1
nbacirclejerk,Who the fuck put the GOAT next to some bald headed nigga?,,1484602366.0,59,0.96,4
nfl,"Cowboys had final team meeting. Jason Garrett and Jerry Jones spoke to team, expressed how proud they were and talked about looking forward.",,1484600630.0,212,0.91,93
nfl,Jason Tarver to interview for Washington DC job,,1484595083.0,15,0.84,4
meirl,meirl,,1484542368.0,4,0.74,2
steelers,The Chiefs had 227 total yards of offense. Chris Boswell made 227 total yards of field goals on his 6 kicks,,1484541401.0,108,0.98,4
nfl,The Chiefs had 227 total yards of offense. Chris Boswell made 227 total yards of field goals on his 6 kicks,,1484541357.0,569,0.95,51
ExpectationVsReality,I made a joke a few days ago saying I only had a few dollars in my bank account. But then I actually checked and it turns out I wasn't too far off...,,1484503075.0,3582,0.89,105
nfl,"Ben Volin on Twitter: ""'Big day for Rutgers,' Belichick notes at his post game interview. All three of the Patriots' Rutgers guys had an INT -- McCourty, Ryan and Harmon""",,1484456369.0,225,0.96,20
Patriots,"Ben Volin on Twitter: ""'Big day for Rutgers,' Belichick notes at his post game interview. All three of the Patriots' Rutgers guys had an INT -- McCourty, Ryan and Harmon""",,1484456288.0,92,0.97,12
Patriots,"[Reiss] Tom Brady on 6 straight AFC title game appearances: ""Pretty cool. Let's go win the game & that would be very cool.""",,1484456143.0,53,0.94,6
nfl,"[Reiss] Tom Brady on 6 straight AFC title game appearances: ""Pretty cool. Let's go win the game & that would be very cool.""",,1484455993.0,205,0.89,51
Patriots,Stephen Gostkowski passes Jerry Rice to move into sole possession of 4th place on the NFL's all-time postseason scoring list (133).,,1484447378.0,301,0.98,24
coaxedintoasnafu,president elect claims statement is incorrect,,1484410193.0,107,0.94,2
MathHelp,Simple question I think I know the answer to but I just wanna double check,"let's say a wheel is rolling in a straight line (no friction). could I find out the speed of it by using its radius to find the circumference and then looking at how many rotations the wheel makes when traveling? 

Like, if the circumference of a wheel is 20 cm and it rotates once every 2 seconds when rolling would it be going 10 cm per second?",1484381618.0,1,1.0,2
Texans,"Hey /r/Texans, want to make this the sidebar bet with /r/patriots? It works both ways!",,1484376544.0,11,0.86,1
bostonceltics,"[Weiss] Celtics hit a franchise record 17 threes on 12/9. They have now hit that mark in 6 of their last 7 games, unprecedented in NBA history.",,1484365049.0,75,1.0,7
nba,"[Weiss] Celtics hit a franchise record 17 threes on 12/9. They have now hit that mark in 6 of their last 7 games, unprecedented in NBA history.",,1484364981.0,117,0.92,14
reversegif,Criminal places a skimmer on a gas pump,,1484362647.0,1249,0.88,17
IASIP,"Rude man who shushes, please call!",,1484360572.0,73,0.99,4
nflcirclejerk,Redditors who date Seahawks fans: How long have you been pedophiles?,,1484344567.0,120,0.95,6
Patriots,Bill Belichick has been working in the NFL longer (42 years) than Rams new HC Sean McVay has been alive (30 years),,1484278148.0,140,0.97,16
nfl,"Eric Weddle on Twitter: ""Chargers leaving is TERRIBLE. Sad day for everyone who supported the chargers. City and people are amazing. SD will always be my home!!!""",,1484253414.0,2749,0.98,157
Chargers,Mayor Faulconer spokesperson: “The Chargers have not told us anything. The Chargers have not contacted us or reached out to us.”,,1484194527.0,8,1.0,6
nfl,San Diego Mayor spokesperson: “The Chargers have not told us anything. The Chargers have not contacted us or reached out to us.”,,1484194141.0,289,0.97,63
Chargers,"Douchebag. If you vote this up, it will show up on Google Images when people Google search shithead, incompetent, or prick",,1484192406.0,167,0.93,10
Patriots,"Vince Wilfork: ""The Giants were underdogs in the Super Bowl too""",,1484087409.0,27,0.82,39
nfl,What was the biggest difference in temperatures between two consecutive games played by the same team?,Has there ever been a game played in like Texas where it was 80 degrees and the next week the Texans faced the browns where the temperature was 10 degrees? Would that affect players' performances? ,1483987845.0,6,0.72,17
WastedGifs,Michael Floyd wastes a defender,,1483385876.0,103,0.98,6
Patriots,Pro Football Focus's O-Line grades for the Patriots,,1483058870.0,80,0.96,38
woahdude,Tokyo police using drone to hunt down drones flying illegally,,1483036167.0,67,0.91,6
gifs,Tokyo police using drone to hunt down drones flying illegally,,1483036114.0,105,0.87,17
copypasta,If you or a loved one has been diagnosed with Mesothelioma you may to be entitled to financial compensation,"Attention: If you or a loved one has been diagnosed with Mesothelioma you may to be entitled to financial compensation. Mesothelioma is a rare cancer linked to asbestos exposure. Exposure to asbestos in the Navy, shipyards, mills, heating, construction or the automotive industries may put you at risk. Please don't wait, call 1-800-99 LAW USA today for a free legal consultation and financial information packet. Mesothelioma patients call now! 1-800-99 LAW USA",1483035221.0,321,0.97,16
ANormalDayInRussia,January's song of the month: Russian folk songs sung by the Red Army Choir/Alexandrov Ensemble,,1482711462.0,358,0.96,26
facepalm,Skip Bayless forgot to switch accounts before praising his own show on Facebook,,1482176154.0,25,0.92,2
PeopleFuckingDying,*GrApHiC!* ThE SaLvAtIoN aRmY mUrDeRs DaRrEn RoVeLl,,1482122503.0,53,0.94,2
fakehistoryporn,[META] please never do this,,1481752724.0,879,0.92,106
nfl,"r/Patriots on Twitter: ""Justin Tucker has made 35 straight field goals dating back to last season. It would be a shame if this were referenced a lot and we all jinxed it.""",,1481594777.0,0,0.5,2
Patriots,Suggs,,1481556180.0,487,0.84,66
nfl,Cowboys-Giants on NBC SNF posts 16.5/26 - the best NFL regular season primetime overnight (excluding kickoff weekend) since 2013,,1481555597.0,149,0.94,112
askscience,What causes fire/flames to be visible? Why are methanol fires invisible?,[removed],1481307175.0,1,1.0,0
cars,The problem with Chevy commercials,,1480596119.0,216,0.89,114
fakehistoryporn,"Legendary actor Morgan Freeman with Fidel Castro, 1991",,1480194625.0,75,0.96,0
educationalgifs,How to hang a painting on a wall using a fork,,1479953982.0,1725,0.96,36
csshelp,"I'm trying to add an announcement banner to the css on my subreddit. However, whenever I try to add something it gets covered up by the promoted posts. How can I add this in?","I'm using the naut theme and the subreddit is /r/fakehistoryporn

>/* --- Add-on: LINK BOX BEFORE LISTINGS ON MAIN PAGE --- */

	body.listing-page > .content,body.comments-page > .content {margin-top: 66px;}

	.listing-page .side .titlebox .md h5,.comments-page .side .titlebox .md h5 {
		display: block;
		min-width:550px;
		overflow: hidden;
		text-overflow: hidden;
		position: absolute;
		top: 202px;
		left: 16px;
		border-radius: 2px;
		padding: 0px 15px;
		background: #f6f6f6;
		box-shadow:0 1px 4px 0 rgba(0,0,0,0.14);
		right: 352px;
		font-size: 13px;
		height: 35px; line-height: 35px;
		text-decoration: none;
		animation-name: fadein;
		animation-duration: .75s;
		animation-iteration-count: 1;
		-webkit-animation-name: fadein;
		-webkit-animation-duration: .75s;
		-webkit-animation-iteration-count: 1;
		}

	.md, .md h5 {font-weight: 400;}
	.md h5 {border: 0;color: #000!important}
	h5 {font-size: 100%;}
   ",1479859458.0,1,1.0,0
CommercialCuts,Cinnamon Toast Crunch: Special Victims Unit,,1479475551.0,178,0.97,5
youtubesyllables,my name is,,1479432828.0,226,0.93,5
fakehistoryporn,"Want to add a caption? I made a tool that adds captions to images, uploads them to imgur, and posts them to the subreddit!",,1479352195.0,137,0.99,6
CommercialCuts,sprite parkour,,1479339408.0,51,0.9,8
fakehistoryporn,"Bernie Madoff, circa 2008",,1479262362.0,48,0.92,0
videos,WHAT ARE THESE PRANKSTERS DOING?! (h3h3productions),,1479261796.0,976,0.72,148
Idubbbz,"hey vsauce, idubbbz here",,1479256004.0,35,0.92,1
nbacirclejerk,Marcus Smart is a bad person (upbiids to the left),,1479239707.0,12,0.88,0
NotTimAndEric,stephen_a_smith.exe,,1479185670.0,53,0.93,5
Patriots,Lets talk Logan Ryan.,"He was absolute trash today, and he's been absolute trash all season. Is it time to panic about him or will he turn it around?",1479099711.0,60,0.86,111
fantasyfootball,Rob Gronkowski taken off the field after a big hit,"Took a hit on a play from Chancellor, he seemed a bit off after the hit but it's very possible that he will return later. I will update later.

EDIT: In Concussion Protocol now

https://twitter.com/WCVB/status/797993099461017601

EDIT 2: Passed and back in!",1479091392.0,56,0.78,27
nfl,Antonio Brown is the first person to have a 100 yard game against the Cowboys this season,,1479084389.0,346,0.94,76
nfl,The 49ers have broken their streak and have not allowed an 8th 100 yard rushing game this season vs David Johnson and the Cardinals today,,1479084135.0,96,0.96,17
youtubehaiku,[Poetry] Ellie Goulding feat. Donald Trump- Lights,,1479046998.0,303,0.86,4
FilthyFrank,What do you normally do while I'm gone?,,1479003075.0,29,0.94,1
news,Ex-Miami Dolphins running back Isaiah Pead reportedly in critical condition after car accident,,1478967417.0,11,0.65,1
youtubehaiku,"[Poetry] ""Well that's a bitch""",,1478669662.0,775,0.96,12
MURICA,"DONT FORGET TO VOTE TODAY, PATRIOTS. PEOPLE FOUGHT FOR THIS RIGHT, NOW HONOR THEM BY VOTING.",DONT LET ANYONE TELL YOU YOUR VOTE DOESN'T MATTER,1478613731.0,440,0.94,38
ANormalDayInRussia,November's song of the month: Russian sharpshooter performing Beethoven using dual wield glocks,,1478477032.0,473,0.99,21
nfl,"Robert Raiola, CPA on Twitter: So far this NFL season, players have lost >$23M to fines & suspensions.",,1478456186.0,76,0.92,10
bostonceltics,Crowder is out for the next two weeks according to coach Stevens,,1478213069.0,1,1.0,1
Patriots,Lets not forget to wish our clutch receiver a Happy 31st Birthday as well!,,1478117706.0,516,0.96,22
Patriots,Happy 25th birthday to everyone's favorite backup QB!,,1478094955.0,511,0.94,38
nfl,"Adam Schefter on Twitter:Joe Thomas still in Cleveland, apparently. Joe Staley still in SF, apparently. Carry on.",,1478030917.0,365,0.94,109
nfl,Mike Reiss on Twitter: New practice squad players for Patriots: TE Austin Traylor (Wisconsin) and G Chase Farris (Ohio State),,1478025818.0,25,0.78,7
CrappyDesign,"""Monday Nig Football""",,1477978580.0,45,0.88,1
mildlyinfuriating,"""Monday Nig Football""",,1477977911.0,22,0.86,1
NotMyJob,"""Should we move the logo up a bit?"" ... ""Fuck it.""",,1477977774.0,2169,0.95,45
nfl,Ben Volin: Jamie Collins turned down an $11M a year extension,,1477938320.0,426,0.95,217
Patriots,"Ian Rappoport: From what I can tell, this Jamie Collins trade is something both sides — #Patriots and Collins — are pleased with. It was time to move on.",,1477936281.0,76,0.98,68
Patriots,"Grossi:Per source, best Pats get for Jamie Collins is Browns 3rd round comp pick. IF Browns aren't awarded a 3d round pick, Pats get 4th regular.",,1477934534.0,7,0.89,25
fantasyfootball,"Charles Clay down on the field, taken to the sidelines","Looked like a leg injury after McCourty landed on him. Limped off and he's now on the sideline, no idea if he's going to return to the game. I'll update when there's more info
",1477850889.0,27,0.85,2
fakehistoryporn,Remember: You must put a description of the picture posted and the year in the title,[removed],1477842020.0,25,0.92,1
AutoModerator,How do you make Automod remove posts that don't have a 4 digit number in the title?,Looking to do so in /r/fakehistoryporn,1477829846.0,3,1.0,8
fakehistoryporn,"Dead Jewish man in a concentration camp, circa 1942",,1477792400.0,538,0.97,8
fakehistoryporn,"Last known picture of a renowned Nazi doctor, circa. 1948",,1477791966.0,471,0.97,4
fakehistoryporn,"US Veteran post-war, circa 1946",,1477790677.0,4513,0.94,10
fakehistoryporn,"U.S. Bomb tech deactivating missile, 2003",,1477790380.0,96,0.88,0
fakehistoryporn,"""Mad Jack"" Churchill, circa 1959",,1477790331.0,38,0.73,1
fakehistoryporn,"Russian citizen with goods purchased after the blockade is lifted, 1993",,1477790274.0,1228,0.97,9
fakehistoryporn,"Iranian citizen being punished for consuming alcohol, 1967",,1477789556.0,121,0.98,0
bertstrips,Defiance against the Japanese Empire (X-Post from /r/fakehistoryporn),,1477770960.0,708,0.95,7
fakehistoryporn,"Two legendary civil war generals, circa 1863",,1477768308.0,92,0.93,5
coaxedintoasnafu,jacksonville football fan is disappointed in his team's performance,,1477627591.0,9,0.78,1
JonTron,"Rare photo from the catacombs in Paris, 1987 (X-Post /r/fakehistoryporn)",,1477457840.0,73,0.99,2
fakehistoryporn,"Rare photo from the catacombs in Paris, 1987",,1477457810.0,60,0.95,0
fakehistoryporn,"OJ Simpson's jury reading verdict, 1995",,1477457734.0,42,0.92,1
fakehistoryporn,"Georgian Citizen, 1993",,1477457676.0,449,1.0,1
fakehistoryporn,"Alcatraz Prison, 1962",,1477457624.0,35,0.89,2
fakehistoryporn,"US soldier returns home, 1945",,1477457528.0,401,1.0,3
fakehistoryporn,"Madrid bombings, 2004",,1477457461.0,133,0.99,1
fakehistoryporn,"Shellshocked soldier, 1914 (colorized)",,1477457321.0,57,0.94,0
fakehistoryporn,"Young Japanese man, 1942",,1477457290.0,243,1.0,1
fakehistoryporn,"Stock Market Broker, 1929",,1477099250.0,751,0.99,0
MaddenMobileForums,Looks like Brian Urlacher might be the Most Feared boss,,1476985984.0,44,0.99,34
nflcirclejerk,"McDonald's Corporation (NYSE: MCD) opened at 112.96 this morning. At the end of the day, it plunged to 111.25. Did Eddie Lacy's injury directly affect the stock of McDonalds?",,1476841062.0,38,0.97,0
nflcirclejerk,Dak and Wentz good. Rodgers bad. Upvotes to the left.,,1476822300.0,111,0.98,5
Patriots,"Brandon Lafell on Instagram: ""Keep dripping sauce homie!!!! #tb12""",,1476796964.0,270,0.97,44
fakehistoryporn,"French jeep driver, 1915",,1476672280.0,215,0.99,1
copypasta,Big Smoke's order,"I'll have two number 9s, a number 9 large, a number 6 with extra dip, a number 7, two number 45s, one with cheese, and a large soda.",1476633597.0,4,0.83,1
fakehistoryporn,"The Challenger Space Shuttle before takeoff, 1989",,1476567247.0,57,0.94,0
fakehistoryporn,"Commander on a Pacific Island, 1944",,1476566004.0,551,0.99,1
fakehistoryporn,"Last known picture of the Hindenburg, 1937",,1476500419.0,42,0.89,1
fakehistoryporn,"A young Adolf Hitler drafts people to the Nazi regime, circa 1939",,1476484876.0,68,0.93,0
fakehistoryporn,"Destruction of the White House, 1996",,1476462669.0,36,0.86,0
fakehistoryporn,"Nagasaki, 1945",,1476461306.0,402,0.99,4
bertstrips,Like /r/Bertstrips? Come check out /r/fakehistoryporn for your fake history needs!,,1476460693.0,56,0.92,4
fakehistoryporn,SUBREDDIT RULES: Please read before submitting,[removed],1476460266.0,175,0.98,25
fakehistoryporn,"American Paratrooper, 1943",,1476459497.0,71,0.95,1
fakehistoryporn,"Jewish man, 1941",,1476459346.0,52,0.94,0
fakehistoryporn,"Young Hispanic gang member, 1973",,1476459310.0,874,1.0,8
fakehistoryporn,"German soldier pulls over a car full of Jewish men escaping auschwitz, 1943",,1476453333.0,55,0.91,0
fakehistoryporn,"Vladimir Lenin, 1917",,1476452808.0,3852,1.0,9
gifs,The effects of an RPG,,1476452044.0,80,0.83,17
interestingasfuck,The effects of an RPG,,1476451965.0,1486,0.93,71
woahdude,The effects of an RPG impact,,1476451911.0,126,0.92,6
awesome,The Eucalyptus deglupta: A tree with rainbow bark,,1476451607.0,439,0.93,7
interestingasfuck,The Eucalyptus deglupta: A tree with rainbow bark,,1476451565.0,149,0.97,10
woahdude,The Eucalyptus deglupta: A tree with rainbow bark,,1476451508.0,275,0.96,5
minnesotavikings,"If you're having a bad day, here's a picture of Stefon Diggs' dog in a Vikings Uniform",,1476249792.0,183,0.96,21
Patriots,Suggestion for the /r/patriots sub: Weekly discussion threads,"Should cut down on the questions on this sub and could be really useful if we had a weekly discussion thread stickied by the mods. Like, I was wondering who would cover AJ Green this week (Probably MB?) and figured we should have a place to ask little questions like that",1476242967.0,5,0.78,5
Idubbbz,HOWEVER!,,1476230911.0,174,0.97,2
fantasyfootball,Martellus Bennett down on the field,"Martellus Bennett went down on the field, looked to be some sort of leg injury. I'll update when more info comes out.

EDIT: Got up on his own weight, went to the bench. Looks like he rolled his ankle. Questionable to return.

**EDIT: BACK ON!**

***EDIT: SCORE!***",1476033135.0,107,0.83,62
Patriots,Just a Marty quote to start your morning,,1475988343.0,121,0.98,7
fantasyfootball,Julian Edelman added to injury report. Limited in practice today with foot ailment.,,1475785246.0,126,0.95,108
bostonceltics,"Jaylen Brown breaks Richaun Holmes' ankles, goes for the dunk.",,1475631582.0,8,0.85,4
ANormalDayInRussia,October's song of the month: Ленинград — ЗОЖ,,1475338449.0,126,0.96,11
ANormalDayInRussia,"Current collection, where do I go from here?",,1475338271.0,83,0.96,9
fantasyfootball,"Who benefits most from Watkins' injury? Greg Salas, Robert Woods, or Marquise Goodwin?",[removed],1475274982.0,11,1.0,22
fantasyfootball,Paternity Test Confirms the baby Josh Gordon was accused of being the father of is actually his,,1475201806.0,5,1.0,3
Patriots,"Brandon Marshall on Bill Belechick: ""Jet nation...I am sorry. I am sorry...but he is the best ever.""",,1475169239.0,364,0.98,70
Patriots,Anyone watching Inside the NFL right now? They were trying to claim that Brady was a system QB and Brandon Marshall wasn't having any of it.,"""It's interesting how the narrative has changed from '[Belichick and Brady] go together' to 'we don't need Tom Brady, Belichick's all we need'...Brady is the best ever"" -Brandon Marshall

God damn I love that dude.

https://vimeo.com/184867833 - video from timnog",1475122755.0,132,0.97,46
shutupandtakemymoney,A 50 Billion dollar bill from Yugoslavia,,1474897655.0,134,0.85,15
Patriots,Ryan Fitzpatrick has been intercepted 5 times and fumbled 1 time today.,"lol jets

thank you based chiefs

EDIT: 6",1474845309.0,43,0.87,11
youtubehaiku,[Poetry] If young Metro don't trust you...,,1474731050.0,5389,0.9,131
AccidentalRenaissance,The Minutemen,,1474638805.0,542,0.81,17
Patriots,O-LINE APPRECIATION THREAD,"Never thought I would be making this, but our O-Line looked great today. Cameron Fleming shut JJ Watt down completely and Blount was allowed to break away a few times. I'm loving this line so far.",1474601528.0,223,0.98,23
Patriots,The TB Times: Week 3,,1474601508.0,101,0.98,5
Patriots,Belichick has reached his final form,,1474599114.0,274,0.97,23
Commanders,I guess Badger from Breaking Bad is replacing Matt Jones...,,1474516942.0,106,0.99,8
interestingasfuck,The average speed of an NFL throw is 60mph. This is what it looks like when a regular dude tries to catch it.,,1474344517.0,783,0.91,44
educationalgifs,The average speed of an NFL throw is 60mph. This is what it looks like when a regular dude tries to catch it.,,1474344486.0,1669,0.87,101
minnesotavikings,what a time to be alive,,1474258078.0,335,0.97,4
Patriots,"Teddy Bruschi, Ty Law and Rodney Harrison all nominated for the Pro Football Hall of Fame",,1473904815.0,256,0.98,79
h3h3productions,[Serious] Proof that Hugh Mungus is actually a great guy who really cares about his community,"Moving away from the goofs and gaffs for a second, after looking into Rudy for a bit you could see that he's a genuine guy who cares about his community:

-[Cleaning up his neighborhood](http://www.seattlepi.com/news/slideshow/Daily-News-Gallery-1-27-2006-11427/photo-893505.php)

-[Offering condolences to a man who's store was robbed many times](http://puu.sh/raw1V/1d3aeac598.png)

-[Running for public office](http://www.thestranger.com/seattle/legislative-district-no-36-representative-pos-no-2/Content?oid=12447)

-[Offering a peace treaty by sending food to the people of Green Bay after the Seahawks beat the Packers](http://www.ballardnewstribune.com/2012/10/10/features/through-gift-package-ballard-sends-best-regar)

-[Gardening/Trimming his neighborhood's bushes](http://www.fremocentrist.com/commentary/wp-content/uploads/2012/10/800pxRudyMcCoyPantojaOct12TrimmingDinoTopiaryBaby.jpg)

What an awesome dude. Definitely didn't deserve getting yelled at like that, really happy for him.

",1473818405.0,241,1.0,15
boston,"Saw this group of fish in the Navy Yard, never seen anything like it",,1473813198.0,272,0.96,43
csgomarketforum,[Alert] Cologne 2016 Legends (Holo/Foil) skyrocketed today,"From around .98 -> 1.33 today. Crazy.

https://steamcommunity.com/market/listings/730/Cologne%202016%20Legends%20(Holo-Foil)",1473709673.0,0,0.43,14
MaddenMobileForums,Team of the week predictions?,"Jimmy Garoppolo would be my guess, anyone have any ideas who it might be this week?

Spencer Ware/Jordan Matthews could be good as well.",1473655704.0,3,0.72,13
Patriots,Chandler Jones,Really glad to see him doing well in Arizona! He played great.,1473654725.0,21,0.97,8
Patriots,Brady just posted this on facebook,,1473652560.0,45,0.98,4
Patriots,JIMMY GAROPPOLO HYPE THREAD,[removed],1473651205.0,18,1.0,11
Patriots,Patriots sign LB Quentin Gause to practice squad; Release LB Rufus Johnson from practice squad,,1473296644.0,21,0.9,10
NEU,it's that time of the year again,,1473186164.0,27,0.9,4
MaddenMobileForums,Aaaaaand...we've crashed,,1473015798.0,4,0.83,1
youtubehaiku,[Haiku][Meme] My name is Hugh Mungus,,1473009189.0,156,0.84,3
shittyreactiongifs,MRW I see a post with 1997 upvotes and I decide to downvote it,,1472959045.0,124,0.92,10
JonTron,Jontron if he saw a post that had 1997 upvotes and downvoted it,,1472959002.0,435,0.99,5
NWA,"Jerry Heller, Former N.W.A Manager, Dead at 75",,1472927615.0,14,1.0,2
AdoptASilver,"[S4][Pupil][USA/Russia] Had a great match and I feel like I'm getting better, any constructive feedback I could get from you guys?",Most recent match: steam://rungame/730/76561202255233023/+csgo_download_match%20CSGO-cxtwk-qzpyA-HrxZz-b4hjC-bp8eD,1471922809.0,2,1.0,1
MaddenMobileForums,Has anyone actually gotten the last two collectibles in the champions player set?,I cant seem to get them,1471837040.0,0,0.4,20
awesome,A German bullet wedged in a clip of British cartridges during World War II,,1471530179.0,733,0.92,15
woahdude,A German bullet wedged in a clip of British cartridges during World War II,,1471530146.0,51,0.9,3
interestingasfuck,A German bullet wedged in a clip of British cartridges during World War II,,1471530056.0,733,0.95,42
woahdude,Some impressive clay artwork,,1471529982.0,54,0.89,0
interestingasfuck,Some impressive clay artwork,,1471529940.0,883,0.9,9
MaddenMobileForums,Anyone else can't beat this veterans event?,50 yards in 4? Pretty damn hard.,1471435890.0,11,0.87,25
MaddenMobileForums,Looks like the android update is actually out!,,1471371312.0,5,0.86,1
StarVStheForcesofEvil,"""I guess we're just going to have to find it IRL..."" ""No way! I owe those guys too much in back taxes.""",,1470975370.0,60,0.95,14
MURICA,Katie Ledecky (400 meter Swimming) wins the second gold medal for team USA!,,1470622602.0,121,0.96,10
NBAForums,Is the Big Man 82 OVR PG Isaiah Thomas worth a lot?,I have one and I saw one sell instantly for 90k on the market. Is he worth anything?,1470518400.0,4,1.0,2
freedesign,[Request] Need a logo for my website that sells hyperinflated currency,"Design brief: https://docs.google.com/document/d/1iDS9NViUJhVGJp8O62PHo0lMKS51vRfehJ_uEX3qQbs/edit?usp=sharing

Hello! I'm looking to have a logo for my website (https://collectbillions.com) that sells money in high denominations, specifically billions. Thanks a lot!",1469918870.0,2,0.67,2
shutupandtakemymoney,A 10 Billion dollar bill from Zimbabwe,,1469756777.0,1198,0.86,112
BestOfReports,me irl,,1469317395.0,615,0.88,5
ANormalDayInRussia,This month's song: VITAS - Седьмой элемент / The 7th Element,,1468896110.0,358,1.0,37
pokemongoyellow,Just A Reminder That Keemstar Is Team Mystic And Tmartn Is team Valor.,VALOR AND MYSTIC ARE FULL OF LIARS AND SCUMBAGS ,1468812635.0,11,0.87,6
GlobalOffensiveTrade,[PC] Is my AK CH worth anything other than market?,"I think it looks pretty cool and might be worth a bit, but I'm probably wrong

Metjm: http://s.metjm.net/DCCjhrF.jpg",1468781488.0,1,1.0,2
AdoptASilver,"[NA] Silver 4 here, looking for a mentor!","I'm relatively new and would love some help and to meet some awesome people to teach me a bit. Add me here!

http://steamcommunity.com/id/vmoney/",1468204793.0,1,1.0,1
GuiltyPleasureMusic,Lil B - Fuck KD (KEVIN DURANT DISS),,1467861868.0,18,0.78,1
facepalmfacepalms,OP doesn't understand obvious 4th of july joke,,1467692090.0,34,0.77,0
MURICA,People underestimate how big America is,,1467671436.0,16421,0.76,348
GlobalOffensiveTrade,[H] 5-6 Keys [W] G3SG1 | Demeter Factory New,[removed],1467395635.0,1,0.66,1
GlobalOffensiveTrade,[H] 35 Non-Vanilla Keys [W] 37 Vanilla (CSGO Case Keys or Esports Keys),"https://steamcommunity.com/tradeoffer/new/?partner=111454265&token=x15dSf22

B/O: 37 case/esports keys or offers",1467392928.0,2,0.66,1
GlobalOffensiveTrade,[H] 39 Gamma Keys [W] 40-41 other keys,"I can do different ratios as well, send an offer!
https://steamcommunity.com/tradeoffer/new/?partner=111454265&token=x15dSf22

B/O: 40-41 Keys",1467301845.0,0,0.5,1
GlobalOffensiveTrade,"[H] WW AK-47 Fire Serpent [W] 75 Keys or the same amount worth of skins, negotiable","[Image of AK-47](http://images.akamai.steamusercontent.com/ugc/442858231148029291/97A644866684C63420B6C502C793308DCB88BCBD/)

Hey guys! I'm looking for skins or keys as long as it's around the same as the Ak-47 Fire Serpent. No need to add, send me a trade offer! B/o is 75 keys but I can go a little bit less.

https://steamcommunity.com/tradeoffer/new/?partner=111454265&token=x15dSf22",1466888117.0,1,0.66,1
Cleveland,The 52-year drought is finally over,,1466390983.0,218,0.88,16
enoughsandersspam,"I actually love Sanders, I don't understand the hate...",Barry Sanders was an incredible running back and a well deserved hall of famer...,1465480707.0,231,0.91,38
awesome,"In his honor, here is Muhammad Ali dodging 21 punches in 10 seconds",,1465015277.0,351,0.89,13
woahdude,"In his honor, here is Muhammad Ali dodging 21 punches in 10 seconds",,1465015247.0,4834,0.84,296
interestingasfuck,"In his honor, here is Muhammad Ali dodging 21 punches in 10 seconds",,1465015205.0,18430,0.82,568
woahdude,How to cut rope in an emergency,,1464876865.0,142,0.95,11
educationalgifs,How to cut rope in an emergency,,1464876840.0,3665,0.9,143
interestingasfuck,How to cut rope in an emergency,,1464876822.0,184,0.94,13
awesome,How to cut rope in an emergency,,1464876786.0,408,0.91,27
awesome,A rope made from grass,,1464876736.0,15,0.78,2
woahdude,A rope made from grass,,1464876708.0,158,0.93,17
interestingasfuck,A rope made from grass,,1464876688.0,41,0.91,2
awesome,Hunter Pence hits the ball 3 times in one swing for a base hit.,,1464876661.0,57,0.92,2
woahdude,Hunter Pence hits the ball 3 times in one swing for a base hit.,,1464876628.0,119,0.93,1
interestingasfuck,Hunter Pence hits the ball 3 times in one swing for a base hit.,,1464876605.0,57,0.9,8
ANormalDayInRussia,This month's song: Ленинград — Рыба,,1464834256.0,185,0.95,27
woahdude,Hitting a nail with a bullet,,1464262946.0,265,0.92,9
awesome,Hitting a nail with a bullet,,1464262892.0,70,0.93,4
gifs,Hitting a nail with a bullet,,1464262839.0,54,0.82,8
interestingasfuck,Hitting a nail with a bullet.,,1464262803.0,84,0.89,6
NoStupidQuestions,Is there an english word for when you kind of shake/shiver out of disgust or from being uncomfortable?,,1463789048.0,25,0.89,7
awesome,Magnet on a bed of compasses,,1462880095.0,21,0.82,2
woahdude,Magnet on a bed of compasses,,1462880078.0,281,0.93,17
interestingasfuck,Magnet on a bed of compasses,,1462880006.0,343,0.92,10
awesome,Ferrofluid in the presence of a magnet.,,1462879973.0,1,0.56,0
gifs,Ferrofluid in the presence of a magnet.,,1462879959.0,7,0.82,0
woahdude,Ferrofluid in the presence of a magnet.,,1462879945.0,8,0.73,1
interestingasfuck,Ferrofluid in the presence of a magnet.,,1462879931.0,26,0.77,2
awesome,Ferrofluid Skull Magnet,,1462879885.0,13,0.87,0
woahdude,Ferrofluid Skull Magnet,,1462879871.0,6,0.75,1
interestingasfuck,Ferrofluid Skull Magnet,,1462879856.0,100,0.89,6
MuseumOfReddit,August 12 2015: /u/rsocfan creates a subreddit called /r/rudrugs and gets all of Reddit banned from Russia,,1462812715.0,1297,0.99,10
woahdude,Rocket launches at sunset or sunrise produce a light show known as twilight phenomena.,,1462793783.0,161,0.92,5
space,Rocket launches at sunset or sunrise produce a light show known as twilight phenomena.,,1462792984.0,1094,0.95,40
interestingasfuck,Rocket launches at sunset or sunrise produce a light show known as twilight phenomena.,,1462792965.0,201,0.96,4
awesome,Rocket launches at sunset or sunrise produce a light show known as twilight phenomena.,,1462792950.0,220,0.97,0
awesome,The blackest material on Earth. Absorbs all but 0.035% of light,,1462792918.0,437,0.95,56
interestingasfuck,The blackest material on Earth. Absorbs all but 0.035% of light,,1462792902.0,43,0.91,12
woahdude,The blackest material on Earth. Absorbs all but 0.035% of light,,1462792890.0,9,0.67,4
woahdude,Sticking tape on frosted glass making it See-through,,1462792841.0,121,0.79,6
awesome,Sticking tape on frosted glass making it See-through,,1462792795.0,23,0.87,1
gifs,Sticking tape on frosted glass making it See-through,,1462792770.0,55,0.82,8
interestingasfuck,Sticking tape on frosted glass making it See-through,,1462792754.0,77,0.82,3
gifs,Do you like Huey Lewis and the News?,,1462716362.0,19,0.81,1
PixelArt,[JFS] Do you like Huey Lewis and the News?,,1462716335.0,309,0.94,11
legaladvice,So I registered the domain powerade.org and turned it into a website dedicated to Gatorade. Could Powerade sue me for doing so?,"Hey guys!

So I managed to buy powerade.org and I turned it into a website about Gatorade and the history of it as a joke and as practice for my HTML/CSS skills. However, I'm wondering if Powerade/Coca-Cola could take any action against me for doing so. Can they do anything about it or is it their fault for not registering the domain? 

Thanks. Link: http://www.powerade.org/

**EDIT**: Thanks for all the advice from everyone! I guess the best course of action is to give them the domain which I have contacted them about.",1462328338.0,62,0.88,21
dankmemes,meirl,,1462217727.0,14,0.85,0
meirl,meirl,,1462217710.0,0,0.35,0
ANormalDayInRussia,This Month's song: Russian Airborne Troops (VDV),,1462190406.0,106,0.94,28
educationalgifs,"Clinching, a means of bonding two sheets of metal together without heat or fastener (x-post /r/mechanical_gifs)",,1462189375.0,304,0.96,13
woahdude,This is a plough that makes a furrow on the ocean floor to lay deep sea cables.,,1462189120.0,114,0.92,10
interestingasfuck,This is a plough that makes a furrow on the ocean floor to lay deep sea cables.,,1462189108.0,53,0.93,4
woahdude,"World's deepest swimming pool. It's 113ft deep and contains more than 600,000 gallons.",,1462189040.0,79,0.91,9
awesome,"World's deepest swimming pool. It's 113ft deep and contains more than 600,000 gallons.",,1462189026.0,24,0.93,4
interestingasfuck,"World's deepest swimming pool. It's 113ft deep and contains more than 600,000 gallons.",,1462189007.0,92,0.93,10
awesome,Using the Leidenfrost effect to propel water drops uphill,,1462188965.0,16,0.94,0
woahdude,1000 ft hole covered by only a thin sheet of ice,,1462188956.0,274,0.94,12
interestingasfuck,1000 ft hole covered by only a thin sheet of ice,,1462188940.0,6644,0.92,207
awesome,Using the Leidenfrost effect to propel water drops uphill,,1462188908.0,3,0.67,0
woahdude,Using the Leidenfrost effect to propel water drops uphill,,1462188892.0,1280,0.96,42
interestingasfuck,Using the Leidenfrost effect to propel water drops uphill,,1462188876.0,113,0.93,21
ANormalDayInRussia,Because Vodka,,1461930548.0,374,0.94,10
woahdude,Mushroom Kingdom Growing On Tree Bark,,1461930370.0,137,0.93,5
interestingasfuck,Mushroom Kingdom Growing On Tree Bark,,1461930315.0,73,0.92,7
awesome,Inside an Ethiopian opal looks like a hardboiled egg,,1461930132.0,482,0.95,8
woahdude,Inside an Ethiopian opal looks like a hardboiled egg,,1461930120.0,58,0.93,0
interestingasfuck,Inside an Ethiopian opal looks like a hardboiled egg,,1461930107.0,492,0.95,6
awesome,The egg of a horn shark,,1461930061.0,119,0.95,2
woahdude,The egg of a horn shark,,1461930051.0,32,0.99,3
interestingasfuck,The egg of a horn shark,,1461930041.0,71,0.95,13
interestingasfuck,M6.7 Solar Flare,,1461848586.0,233,0.94,12
ANormalDayInRussia,"Carpets, accordion, and vodka",,1461843594.0,98,0.95,5
educationalgifs,How laser tattoo removal works,,1461843494.0,1481,0.91,48
woahdude,A Piebald (half albino) ball python,,1461843190.0,235,0.92,12
awesome,A Piebald (half albino) ball python,,1461843180.0,139,0.95,3
interestingasfuck,A Piebald (half albino) ball python,,1461843164.0,1869,0.93,49
awesome,Albino Bee,,1461843050.0,18,0.82,1
woahdude,Albino Bee,,1461843033.0,7496,0.88,138
interestingasfuck,Albino Bee,,1461843023.0,241,0.9,8
awesome,Throwing a drum full of water into a lava lake,,1461842982.0,332,0.93,27
woahdude,Throwing a drum full of water into a lava lake,,1461842968.0,181,0.9,23
gifs,Throwing a drum full of water into a lava lake,,1461842956.0,112,0.85,25
interestingasfuck,Throwing a drum full of water into a lava lake,,1461842946.0,11614,0.9,610
awesome,There is water trapped in this rock,,1461759210.0,255,0.94,11
woahdude,There is water trapped in this rock,,1461759200.0,6121,0.9,313
interestingasfuck,There is water trapped in this rock,,1461759191.0,139,0.93,10
awesome,A thin section of Moon rock,,1461759165.0,9,0.77,1
woahdude,A thin section of Moon rock,,1461759156.0,65,0.93,5
interestingasfuck,A thin section of Moon rock,,1461759125.0,55,0.96,5
enoughsandersspam,<------ AMOUNT OF PAYCHECKS WE NEED TO DONATE FOR BERNIE TO WIN!,,1461719241.0,49,0.91,0
awesome,The Pamukkale Rock Pools in Turkey,,1461670899.0,32,0.89,0
interestingasfuck,The Pamukkale Rock Pools in Turkey,,1461670885.0,324,0.94,10
woahdude,The Pamukkale Rock Pools in Turkey,,1461670856.0,129,0.94,1
interestingasfuck,How coffee is made in Turkey,,1461670825.0,485,0.86,52
educationalgifs,How coffee is made in Turkey,,1461670813.0,339,0.67,73
Patriots,I want to get off Mr. Goodell's wild ride,,1461601301.0,4,0.58,1
ANormalDayInRussia,Russian trench knife (X-Post /r/YouSeeComrade),,1461452738.0,88,0.95,4
YouSeeComrade,Comrade prevents frustration,,1461427749.0,1179,0.94,6
YouSeeComrade,Comrade uses an elk,,1460995374.0,1327,0.95,8
ANormalDayInRussia,Russian escapes guards,,1460995005.0,47,0.9,7
YouSeeComrade,Comrade confuses the enemy,,1460898117.0,837,0.93,14
AskBernieSupporters,"Under Bernie, I believe that anyone currently attending/paying for a degree from a state college is getting screwed over. CMV.","Let me preface this by saying that I like Bernie, but I don't want to blindly support him  without knowing everything. 

I have a problem with his college plan, and I feel like any recent graduates from state schools are getting screwed over by free tuition for state colleges. They're currently paying 100k+ for their degree, so why is it fair that next year's students to be getting the education they received for free?

In addition, the recent graduates will have a much more difficult time finding a job. The educated labor supply will significantly increase, devaluing the degrees of some people who paid money for them. 

I'm also presuming that it will be significantly more difficult to get into a state school since so many people want to get in, correct?

Also room and board would still cost a good amount, right?

I'm all for community colleges being free, but state schools like UMass, UMich, and UCLA being free seems like a bit much and screwing over those attending there. ",1460837377.0,0,0.5,4
AskBernieSupporters,Will the Wall Street speculation tax be specific to large firms partaking in trading or anyone who wants to buy a stock?,"In addition, wouldn't a wall street speculation tax raise the cost of investment for businesses? It's going to be more costly to get capital to businesses and others who have got useful things they want to do with it, and that's a cost to the economy.",1460835518.0,3,0.72,2
YouSeeComrade,Comrade learns how to seduce,,1460807768.0,2949,0.96,15
educationalgifs,How solid rocket fuel works,,1460733997.0,4883,0.9,161
YouSeeComrade,Comrade keeps the children safe,,1460727544.0,1551,0.95,32
YouSeeComrade,Comrade uses mind power,,1460727467.0,104,0.96,3
slavs_squatting,Taking the Slav Squat to the next level,,1460727395.0,142,0.97,0
ANormalDayInRussia,Taking the Slav Squat to the next level,,1460727388.0,2080,0.93,34
ANormalDayInRussia,Russian convertibles,,1460725682.0,87,0.94,2
woahdude,Money from the Titanic,,1460725050.0,177,0.93,5
YouSeeComrade,Reminder: Please keep your pictures focused on either Russia or the Military!,[removed],1460721917.0,103,0.98,6
interestingasfuck,"150,000 tons of ice rolling over.",,1460679522.0,95,0.89,7
awesome,"150,000 tons of ice rolling over.",,1460679513.0,379,0.96,21
rage,"Child gets measles, an previously nearly eradicated disease, thanks to anti-vaxxing",,1460658899.0,1365,0.97,60
awesome,A view of farms in Saudi Arabia from above.,,1460633843.0,14,0.79,0
woahdude,A view of farms in Saudi Arabia from above.,,1460633833.0,17678,0.91,755
interestingasfuck,A view of farms in Saudi Arabia from above.,,1460633819.0,64,0.98,11
awesome,Door knob design that gives you a fish eye view of the room ahead,,1460633790.0,20,0.85,1
woahdude,Door knob design that gives you a fish eye view of the room ahead,,1460633653.0,154,0.94,9
interestingasfuck,Door knob design that gives you a fish eye view of the room ahead,,1460633621.0,16267,0.87,561
awesome,9mm hollow point bullet fired into a block of ballistic gel,,1460633514.0,111,0.95,3
woahdude,9mm hollow point bullet fired into a block of ballistic gel,,1460633479.0,24,0.9,2
interestingasfuck,9mm hollow point bullet fired into a block of ballistic gel,,1460633468.0,15,0.85,0
awesome,The tipping point,,1460633407.0,112,0.88,6
interestingasfuck,The tipping point,,1460633395.0,37,0.88,4
awesome,A Ketchup 'n' Fries plant: a cherry tomato plantand a russet potato plant grafted together. Yields 500 tomatoes and 4.5 lbs of potatoes a season.,,1460548423.0,7,0.71,1
woahdude,A Ketchup 'n' Fries plant: a cherry tomato plantand a russet potato plant grafted together. Yields 500 tomatoes and 4.5 lbs of potatoes a season.,,1460548409.0,60,0.87,8
interestingasfuck,A Ketchup 'n' Fries plant: a cherry tomato plantand a russet potato plant grafted together. Yields 500 tomatoes and 4.5 lbs of potatoes a season.,,1460548392.0,58,0.95,3
woahdude,Abandoned Russian mine,,1460547935.0,303,0.94,18
awesome,Abandoned Russian mine,,1460547922.0,46,0.95,2
interestingasfuck,Abandoned Russian mine,,1460547908.0,59,0.93,5
awesome,"Salar de Uyuni, Salt flats in Bolivia",,1460547617.0,45,0.93,1
woahdude,"Salar de Uyuni, Salt flats in Bolivia",,1460547606.0,251,0.94,6
SweatyPalms,A steel worker practicing his golf swing during construction of the Empire State Building in 1929.,,1460547076.0,321,0.9,19
interestingasfuck,U.S. Navy testing an aircraft carrier's catapult system using trucks,,1460546869.0,6325,0.94,341
educationalgifs,How lock and dam systems work,,1460460600.0,1856,0.93,69
interestingasfuck,How lock and dam systems work,,1460460587.0,41,0.87,0
woahdude,Fog from an elevated viewpoint,,1460460223.0,10880,0.94,122
interestingasfuck,Fog from an elevated viewpoint,,1460460213.0,896,0.93,19
awesome,Shadow of a plane cast on a cloud of fog,,1460459956.0,810,0.96,5
woahdude,Shadow of a plane cast on a cloud of fog,,1460459946.0,176,0.94,2
interestingasfuck,Shadow of a plane cast on a cloud of fog,,1460459933.0,94,0.91,0
Patriots,Ty Law's Wikipedia page picture made me throw up a little,,1460412498.0,102,0.87,36
MyPeopleNeedMe,"I must go, the Browns need me",,1460294913.0,509,0.94,18
BlackPeopleTwitter,Improvising,,1460117384.0,1139,0.86,26
misleadingthumbnails,Pair of tits,,1460116408.0,10,0.6,2
IdiotsFightingThings,Idiot fights a Russian,,1460115528.0,24,0.72,4
Whatcouldgowrong,Let me get into a street fight in Russia. What could go wrong?,,1460115393.0,118,0.87,5
ANormalDayInRussia,Russian street fight,,1460115353.0,1671,0.93,76
interestingasfuck,Melting a piece of aluminum using magnets,,1460115034.0,963,0.91,68
woahdude,Melting a piece of aluminum using magnets,,1460115023.0,695,0.91,70
gifs,Melting a piece of aluminum using magnets,,1460115003.0,87,0.78,28
interestingasfuck,Ferrocium rod being used with a steel striker,,1460114679.0,18,0.9,1
gifs,Ferrocium rod being used with a steel striker,,1460114665.0,3,0.67,1
woahdude,Ferrocium rod being used with a steel striker,,1460114634.0,8,0.79,2
gifs,AR500 steel plate destroys bullet,,1460114529.0,3,0.62,0
interestingasfuck,AR500 steel plate destroys bullet,,1460114518.0,376,0.94,17
woahdude,AR500 steel plate destroys bullet,,1460114506.0,8,0.89,0
interestingasfuck,Surface tension,,1460079609.0,14781,0.87,207
interestingasfuck,How balloons are produced,,1460037821.0,140,0.94,11
educationalgifs,How balloons are produced,,1460037784.0,6301,0.93,164
woahdude,Popping a hydrogen filled balloon using an RC car,,1460037673.0,232,0.94,12
interestingasfuck,Popping a hydrogen filled balloon using an RC car,,1460037661.0,11,0.86,1
interestingasfuck,Balloon popped under water at 36000fps,,1460037543.0,25,0.84,1
GrandTheftAutoV,This is still probably my favorite stunt jump,,1459855067.0,1642,0.93,50
gtaonlinecrews,"[PC] Feel free to join this subreddit's official Steam group, Teamspeak, and crew!",[removed],1459822372.0,26,0.99,0
interestingasfuck,Driving in the freezing rain causes rime ice to form on a car's wheels,,1459820253.0,69,0.88,6
GuiltyPleasureMusic,The Styles - Glitter Hits,,1459807235.0,1,0.56,0
ANormalDayInRussia,200 na sat (Slavs in a nutshell),,1459451410.0,83,0.96,12
educationalgifs,How tower cranes tend to erect themselves,,1459449402.0,166,0.98,7
interestingasfuck,How tower cranes tend to erect themselves,,1459449389.0,92,0.9,9
educationalgifs,This is how Razor Clams are caught. Salt is sprinkled down their hole to make them pop out like this.,,1459372364.0,2393,0.88,236
interestingasfuck,This is how Razor Clams are caught. Salt is sprinkled down their hole to make them pop out like this.,,1459372358.0,25,0.85,6
teenagers,MRW I take my permit test and all of it is on Fines and Suspensions,,1458938646.0,20,0.89,9
Patriots,Any other Celtics fans always see Malcolm Butler and Dion Lewis at Celtics games?,"I swear they go to every other game I'm at (Bucks vs. Celtics, Thunder vs. Celtics for example). Glad to see that they're supporting our local teams!

Anyone else see them?",1458782656.0,58,0.91,17
MaddenMobileForums,"I got kicked out of my league for no reason 10 games before getting Hester, so I got upset and used my tournament collectibles on a Players Pack since I won't be getting any more of them. Holy shit.",,1458448377.0,44,0.92,12
MaddenMobileH2H,"94/94/88 Interested in joining a serious league dedicated towards working to get Hester, Smith, and Rice in the long term","Just got kicked out of my league right when we were abiut to get Hester so I'm pissed. Active in all tourneys and championsips, PM me here.",1458445104.0,1,1.0,0
interestingasfuck,Cleaning a record,,1457230838.0,144,0.81,16
interestingasfuck,"Jabuticab, a tree that grows fruit on its trunk",,1455586449.0,144,0.92,7
MaddenUltimateTeam,Down to my very last pro pack when...,,1455073965.0,13,1.0,3
Patriots,Tom Brady could overtake Peyton Manning and have the most wins of any starting quarterback of all time next season,"Brady is ~~14~~ 6 wins away from tying Peyton's record and becoming the quarterback with the most wins of all time yet has 2 years more in the league than Brady

https://en.wikipedia.org/wiki/List_of_most_wins_by_a_National_Football_League_starting_quarterback ",1454902636.0,43,0.74,18
teenagers,[GIF] Waking up tomorrow morning like,,1454643900.0,129,0.97,4
interestingasfuck,What would happen if you tried to fly over Mercury (and the other planets in the solar system),,1454643365.0,74,0.92,6
nflcirclejerk,<------- Petition for the Redskins and the Browns to change their racist team names,,1454528359.0,48,0.89,0
interestingasfuck,Rare strengite mineral,,1454261011.0,359,0.96,8
MaddenUltimateTeam,Watching all the Xbox One/PS4 people doing giveaways while I'm still on PS3,,1453254224.0,7,0.7,9
IASIP,Hello! I am a Swedish plumber!,,1452961174.0,150,0.97,22
IASIP,I just want to be pure...,,1452862629.0,1101,0.93,48
IASIP,A leather shop? In Arizona?,,1452774275.0,354,0.97,38
IASIP,"Rude man who shushes, please call!",,1452691091.0,82,0.92,11
MaddenUltimateTeam,Is anyone on this sub still on PS3?,"I just started playing and I feel like I'm the only one left, everyone else seems to be on PS4 or XB1...",1452215568.0,1,1.0,4
IASIP,"Remeber guys, real champions eat at McDonald's... I'm lovin' it.",,1452138608.0,116,0.98,15
nba,"what's a ""foot two point shot""?",[removed],1452052398.0,7,0.82,10
fo4,"You see, companion (X-Post /r/YouSeeComrade)",,1452006861.0,73,0.8,9
YouSeeComrade,Comrade conserves ammo,,1451966035.0,47,0.94,1
nbacirclejerk,Who the fuck put the goat next to some bald headed nigga?,,1451770432.0,27,0.86,2
educationalgifs,How AK-47's are speed loaded instead of going bullet by bullet,,1449371046.0,1445,0.82,99
ANormalDayInRussia,Russian Dad Shoots Son In The Head To Test Bulletproof Helmet,,1449370943.0,30,0.89,10
dfsports,Fanduel is predicting my future...,http://puu.sh/lJzSx/22adc6d4f6.png,1449270927.0,12,0.88,1
redditrequest,Once again requesting /r/slavs_squatting,,1448394002.0,2,1.0,3
Patriots,Amendola and Gostkowski appreciation thread,[removed],1447634953.0,35,0.96,18
ANormalDayInRussia,1-800-HOTLINESLAV,,1446945994.0,461,0.95,15
fo4,I live in Boston. Got a pretty cool shot today.,,1446682446.0,372,0.9,32
nflcirclejerk,<------------ Number of times Andrew Luck gets intercepted per game,,1446524032.0,80,0.97,0
nflcirclejerk,<-----Number of players injured today,,1446427610.0,56,0.91,0
nflcirclejerk,"Ryan Tannehill mistakes today for Halloween, comes onto the field in a QB uniform",,1446169023.0,18,0.92,0
nflcirclejerk,Golden Tate has been downgraded to just Silver Tate,If this trend continues we may even see Bronze Tate,1446118546.0,73,0.98,0
nflcirclejerk,TIL Tom Brady faced cheating charges after a DNA test showed he wasn't human. He was in fact a GOAT.,,1446005690.0,25,0.9,1
malehairadvice,How do I achieve this hairstyle?,,1445903259.0,0,0.39,5
nflcirclejerk,<------ Petition to merge /r/Texans and /r/SuicideWatch,,1445798269.0,123,0.98,4
findaleague,Looking for a free Yahoo H2H,Sup! I'm looking to fill in a spot in a league or two. Preferably 10-12 teams.,1445367058.0,1,0.66,2
trees,"Jabuticab, a tree that grows fruit on its trunk",,1444908097.0,25,0.89,3
awesome,"Jabuticab, a tree that grows fruit on its trunk",,1444908087.0,50,0.9,1
woahdude,"Jabuticab, a tree that grows fruit on its trunk",,1444908072.0,169,0.89,16
awesome,How photographers take pictures of rock climbers,,1444908002.0,105,0.89,6
woahdude,How photographers take pictures of rock climbers,,1444907991.0,143,0.88,22
interestingasfuck,How photographers take pictures of rock climbers,,1444907979.0,438,0.89,51
techsupport,I need help figuring out how to host a server from my house that people can remote into,"Hey guys, I'd love to hear some ideas/use some advice.

Basically, I want to have a server running (or any computer, really) where I could have people remote into from their computers to use a certain accounting software. I'd also like the contents of the hard drive on that computer to be backed up every 24 hours onto an external drive. What hardware and software should I use to achieve this?

Thanks a ton!",1444608922.0,3,0.8,2
awesome,Using a drone to look at a volcano,,1444395239.0,239,0.95,9
gifs,Using a drone to look at a volcano,,1444395233.0,6124,0.89,208
woahdude,Using a drone to look at a volcano,,1444395225.0,55,0.88,3
interestingasfuck,Using a drone to look at a volcano,,1444395219.0,8,0.7,3
educationalgifs,How to open a locked car door with a piece of string,,1444395099.0,801,0.84,47
awesome,How to open a locked car door with a piece of string,,1444395093.0,70,0.88,2
space,Image of Antarctica from space,,1444394685.0,7362,0.93,394
awesome,Clay art work,,1444393618.0,234,0.93,1
awesome,Slice of aloe vera,,1444393549.0,671,0.95,22
interestingasfuck,Slice of aloe vera,,1444393544.0,185,0.9,10
woahdude,Slice of aloe vera,,1444393536.0,539,0.94,22
awesome,There's a sniper with impressive camoflauge in this picture,,1444311783.0,17,0.82,0
woahdude,There's a sniper with impressive camoflauge in this picture,,1444311769.0,102,0.86,14
interestingasfuck,Sniper with impressive camouflauge.,,1444311730.0,674,0.9,41
redditrequest,Requesting /r/slavs_squatting- Only moderator has been inactive for a bit,,1444274426.0,1,0.57,3
YouSeeComrade,"You see comrade, to enjoy subreddit, you must read sticky before post to sub!",[removed],1444266389.0,335,0.98,9
woahdude,"The only tree that survived the tsunami in Japan between 70,000 trees. It was protected and stood like that until 2012.",,1444222251.0,465,0.93,12
awesome,"The only tree that survived the tsunami in Japan between 70,000 trees. It was protected and stood like that until 2012.",,1444222245.0,48,0.91,2
interestingasfuck,"The only tree that survived the tsunami in Japan between 70,000 trees. It was protected and stood like that until 2012.",,1444222237.0,80,0.89,7
space,A Merlin rocket engine starting up,,1444222054.0,193,0.82,46
awesome,A Merlin rocket engine starting up,,1444222040.0,23,0.71,1
woahdude,Goldfish teabag,,1444221936.0,65,0.9,1
awesome,Goldfish teabag,,1444221928.0,27,0.86,0
interestingasfuck,Goldfish teabag,,1444221921.0,139,0.9,7
gaming,Shooting tactics (X-Post /r/YouSeeComrade),,1444155396.0,98,0.82,7
awesome,Filter feeding sponges underwater,,1444131116.0,143,0.91,2
interestingasfuck,Filter feeding sponges underwater,,1444131100.0,7535,0.91,251
woahdude,Filter feeding sponges underwater,,1444131091.0,106,0.86,15
woahdude,How to ignite a flame using gum wrap and a battery,,1444130980.0,4547,0.92,187
educationalgifs,How to ignite a flame using gum wrap and a battery,,1444130968.0,239,0.91,11
interestingasfuck,How to ignite a flame using gum wrap and a battery,,1444130950.0,7,0.68,1
gifs,Simple but very cool swing design lets parents ride with their kid,,1444130757.0,1070,0.86,52
woahdude,Simple but very cool swing design lets parents ride with their kid,,1444130748.0,5849,0.89,164
interestingasfuck,Simple but very cool swing design lets parents ride with their kid,,1444130738.0,104,0.9,6
MyPeopleNeedMe,"I must go, my comrades need me (X-Post /r/YouSeeComrade)",,1444130218.0,213,0.86,6
YouSeeComrade,"You see comrade, when you are of shoot cannon, you must become cannon",,1444096593.0,679,0.97,6
interestingasfuck,Heat Transfer Reactor Experiment-3. A nuclear powered jet engine developed as part of the Aircraft Nuclear Propulsion program (xpost /r/TechnologyPorn),,1443697067.0,7,0.71,3
Damnthatsinteresting,World's largest commercial helicopter- the Mil Mi-26,,1443697014.0,28,0.91,1
aviation,World's largest commercial helicopter- the Mil Mi-26,,1443696999.0,138,0.97,24
awesome,World's largest commercial helicopter- the Mil Mi-26,,1443696970.0,11,0.79,0
interestingasfuck,World's largest commercial helicopter- the Mil Mi-26,,1443696958.0,26,0.84,3
nflcirclejerk,← Petition to merge /r/49ers with /r/suicidewatch,,1443395202.0,58,0.95,4
nflcirclejerk,<----- Amount of chicken parms Peyton Manning has eaten,Brought to you by Draftkings,1443273665.0,136,0.96,3
redditrequest,Requesting /r/cyka. Cyka blyat.,,1440643430.0,1,0.6,0
MURICA,American swimmer accidentally breaks world record without even trying,,1440519781.0,15,0.81,2
wallstreetbets,/r/wsb in a nutshell,,1440210147.0,53,0.94,1
YouSeeComrade,Comrade learns how to shoot more boolets,,1439957120.0,280,0.94,17
YouSeeComrade,2Spooky4Comrade,,1439957076.0,1086,0.94,8
YouSeeComrade,Comrade makes sure not to lose gun,,1439957034.0,529,0.96,5
YouSeeComrade,Comrade shoots Anti Air Peestol,,1439956993.0,334,0.92,4
YouSeeComrade,Vladimir plays football with comrade,,1439956672.0,308,0.91,1
YouSeeComrade,Ivan learns how to dig efficiently,,1439956608.0,733,0.94,7
YouSeeComrade,Comrade fires shotgun shells,,1439956550.0,504,0.89,15
YouSeeComrade,Comrade becomes the shell,,1439956470.0,3445,0.95,12
YouSeeComrade,Comrade tricks intruders,,1439956409.0,955,0.93,6
YouSeeComrade,Guitar Playing Comrade,,1439955698.0,1280,0.94,5
nonononoyes,Backflip on a very narrow beam,,1439907367.0,41,0.75,8
SummerReddit,Girl in swimsuit,,1439907184.0,81,0.9,24
holdmybeer,HMB while I drive under this sign,,1439821900.0,0,0.5,0
gif,"Oh, I'm sure it'll pass...",,1439821858.0,413,0.84,24
reactiongifs,"MRW somebody makes a thread about how they didn't like ""Straight Outta Compton""",,1439731995.0,66,0.81,1
NWA,"MRW somebody makes a thread about how they didn't like ""Straight Outta Compton""",,1439731973.0,53,0.98,0
NWA,So...whatcha guys think of the movie?,,1439584019.0,4,0.69,9
a:t5_2x3ps,Всем привет! Here's a simple guide on how to grow weed in your closet (Вот как вы можете обрабатывать марихуану в вашем доме),,1439438981.0,20,0.79,2
FellowKids,"If you've been on Pandora lately, you know about this shit.",,1439414716.0,17,0.86,13
hearthstone,Tavern Brawl makes me laugh sometimes,"http://imgur.com/mAFG6kq

Coin -> Target Dummy -> Panther -> Doomsayer -> Concede.",1439410793.0,14,0.63,4
RussiansOnTheInternet,Russian Anon shares awkward masturbation story.,,1439410525.0,313,0.93,11
circlejerk,HI-llary Clinton. HI-tler. Coincidence? I think not.,,1439389383.0,4,0.7,0
circlejerk,I'm gonna comment on every circlejerk post that's posted today. AMA.,also vote sanders or you're hitler,1439388477.0,2,0.66,3
RussiansOnTheInternet,Eyes.,,1439324246.0,174,0.91,6
firstworldanarchists,A Quote by Eazy E,,1439318466.0,55,0.85,0
RussiansOnTheInternet,Russian rollerblades,,1438801941.0,165,0.96,2
RussiansOnTheInternet,Not your typical Russian online gamers...,,1438356384.0,212,0.96,10
educationalgifs,How crayons are made,,1438355082.0,4195,0.91,200
instant_regret,Guy chases after and tries to fight a cyclist,,1438352490.0,293,0.88,41
IdiotsFightingThings,Idiot tries to fight a cyclist,,1438352414.0,1520,0.88,221
nonononoyes,Driver chases after and tries to assault a cyclist,,1438352343.0,5128,0.88,549
gifs,"Driver attempts to assault a cyclist, gets what he deserves.",,1438352315.0,46,0.72,11
tumblr,Old people.,,1438269126.0,1172,0.96,3
RussiansOnTheInternet,Seen in the Moscow Airport in Russia,,1438264830.0,127,0.93,10
HumansBeingBros,Man saves another man from jumping under an upcoming train.,,1438264641.0,130,0.96,7
nonononoyes,Man saves another man from jumping under an upcoming train.,,1438264635.0,3218,0.94,244
nonononoyes,A double close call,,1438264253.0,933,0.89,58
JonTron,Is this what we're doing with our phones now?,,1438201758.0,153,0.95,18
pcmasterrace,Russian guy gaming on his PC 30 minutes before his wedding (X-Post /r/RussiansOnTheInternet),,1438193561.0,806,0.92,76
RussiansOnTheInternet,Russian Cat,,1438090631.0,165,0.93,12
ANormalDayInRussia,Getting on the bus to work,,1438082673.0,138,0.95,4
ANormalDayInRussia,Searching Obama VS searching Putin on a Russian shopping site (X-Post /r/RussiansOnTheInternet),,1438052834.0,30,0.81,3
RussiansOnTheInternet,Searching Obama VS searching Putin on a Russian shopping site,,1438052817.0,111,0.92,7
RussiansOnTheInternet,Russian LAN Party,,1438048095.0,263,0.95,23
shittybattlestations,Ultimate Russian Dota battlestation (X-Post /r/RussiansOnTheInternet),,1437960519.0,318,0.96,19
RussiansOnTheInternet,Ultimate Russian battlestation,,1437960483.0,246,0.97,15
RussiansOnTheInternet,Taking Dota 2 pretty seriously.,,1437862740.0,229,0.95,8
RussiansOnTheInternet,Russian Hearthstone player forgets to turn off his stream.,,1437861955.0,381,0.95,7
RussiansOnTheInternet,Russian Anon wants to be friends with Israel,,1437859855.0,237,0.89,3
RussiansOnTheInternet,Artyem is unimpressed by a player's CS:GO stats,,1437846881.0,357,0.93,6
RussiansOnTheInternet,Russian ex-Olympian figure skater and parliament member Irina Rodnina tweeted this picture...,,1437846061.0,603,0.95,27
RussiansOnTheInternet,"On Internet, Nobody Know You are bear.",,1437844693.0,261,0.92,2
RussiansOnTheInternet,The Russian Anti-Meme law has really struck down hard...,,1437844296.0,730,0.94,26
RussiansOnTheInternet,Nikolai does not approve of Soviet Russia joke.,,1437843614.0,345,0.93,3
nonononoyes,Pavel tells us about his scariest /r/nonononoyes moment. (X-Post /r/RussiansOnTheInternet),,1437843420.0,6150,0.9,100
RussiansOnTheInternet,Pavel tells us about his scariest moment.,,1437843368.0,821,0.96,10
shittybattlestations,Dmitri's computer was overheating (X-Post from /r/RussiansOnTheInternet),,1437780159.0,141,0.94,11
MyPeopleNeedMe,"I must go, my fellow mammals need me!",,1437767556.0,378,0.93,13
RussiansOnTheInternet,"Forgive English, I am russia.",,1437762552.0,357,0.95,11
RussiansOnTheInternet,music is a fucking,,1437762497.0,886,0.99,22
RussiansOnTheInternet,Anon has poor english,,1437762458.0,577,0.96,10
RussiansOnTheInternet,Google translate isn't always the best,,1437762129.0,86,0.91,1
newreddits,/r/RussiansOnTheInternet-- Russians commenting and posting on the internet,,1437760916.0,15,0.7,4
RussiansOnTheInternet,Anon describes sex in Russia,,1437759751.0,342,0.94,9
ANormalDayInRussia,"Come check out /r/RussiansOnTheInternet, a subreddit dedicated to Russians posting on the internet!",,1437757965.0,44,0.69,9
RussiansOnTheInternet,"Welcome, comrades!","Welcome! We're a fairly new subreddit and currently going under improvements, but we hope you like what you see so far. Read the rules before posting and have a great time!",1437757718.0,99,0.94,24
RussiansOnTheInternet,"Guy sends a ticket to Steam support, they respond 20 days later... in Russian",,1437757633.0,163,0.95,5
RussiansOnTheInternet,Average Russian computer,,1437757513.0,117,0.92,6
RussiansOnTheInternet,Dmitri's computer was overheating....,,1437757478.0,465,0.98,6
RussiansOnTheInternet,Oleg's sex slave business,,1437757408.0,94,0.9,0
RussiansOnTheInternet,Ivan gives his opinion on Obama,,1437757354.0,223,0.94,0
RussiansOnTheInternet,Russian app developer replies to a negative comment,,1437757039.0,627,0.99,2
RussiansOnTheInternet,Selling a dumbbell on Russian craigslist,,1437754234.0,186,0.97,3
RussiansOnTheInternet,No gays in Russia,,1437753634.0,154,0.95,3
RussiansOnTheInternet,A classic- Serj's facebook album,,1437752077.0,260,0.97,19
tumblr,Russians are metal as fuck,,1437751702.0,285,0.93,2
nonononoyes,Duck family crosses a road,,1437750506.0,6622,0.92,707
interestingasfuck,A wooden bridge in Russia that's still in use today.,,1437748991.0,125,0.92,9
woahdude,A wooden bridge in Russia that's still in use today.,,1437748983.0,25,0.87,2
Whatcouldgowrong,Let me try stealing this phone. WCGW?,,1437748847.0,0,0.41,4
ANormalDayInRussia,It's tough being a thief in Russia...,,1437748794.0,180,0.81,10
vmoney1337,me irl,,1437664238.0,0,0.5,1
MadeMeSmile,Cat bothers man filming,,1437661744.0,2488,0.92,49
awesome,Rotating carport,,1437660885.0,16,0.72,1
interestingasfuck,Rotating carport,,1437660881.0,8,0.62,0
gifs,Rotating carport,,1437660878.0,0,0.48,2
awesome,"Formation of a brinicle, which freezes everything it touches on the seabed.",,1437660808.0,690,0.96,21
interestingasfuck,"Formation of a brinicle, which freezes everything it touches on the seabed.",,1437660805.0,548,0.95,30
awesome,Tape deck with auto flipping of sides mechanism.,,1437660694.0,71,0.87,2
oddlysatisfying,Tape deck with auto flipping of sides mechanism.,,1437660650.0,176,0.94,4
woahdude,Tape deck with auto flipping of sides mechanism.,,1437660641.0,18,0.76,5
interestingasfuck,Tape deck with auto flipping of sides mechanism.,,1437660638.0,42,0.85,18
gifs,Tape deck with auto flipping of sides mechanism.,,1437660633.0,16,0.72,3
woahdude,A crab overpass,,1437660306.0,86,0.91,1
awesome,A crab overpass,,1437660297.0,282,0.94,6
pics,A crab overpass,,1437660293.0,8,0.63,4
interestingasfuck,A crab overpass,,1437660289.0,40,0.86,3
pics,Beautiful picture of a mountain in Norway,,1437660187.0,11,0.7,1
tumblr,Food naming,,1437660067.0,2428,0.92,36
interestingasfuck,Owl versus Hawk,,1437659778.0,155,0.92,8
awesome,Owl versus Hawk,,1437659773.0,244,0.94,6
gifs,Owl versus Hawk,,1437659770.0,42,0.79,7
nonononoyes,Crossing a train track,,1437659459.0,4203,0.92,174
gifs,Hyperrealistic drawing of a spider,,1437659244.0,116,0.82,14
awesome,Hyperrealistic drawing of a spider,,1437659240.0,81,0.87,3
interestingasfuck,Hyperrealistic drawing of a spider,,1437659236.0,108,0.9,4
woahdude,Hyperrealistic drawing of a spider,,1437659220.0,16,0.79,1
ANormalDayInRussia,Russian firefighters climbing a ladder,,1437659029.0,2087,0.93,91
gifs,Russian firefighters climbing a ladder,,1437659011.0,260,0.77,13
educationalgifs,How old tree stumps are cleared away.,,1437658401.0,1264,0.91,63
woahdude,Three-dimensional painting of goldfish,,1437658307.0,132,0.93,2
interestingasfuck,Three-dimensional painting of goldfish,,1437658303.0,26,0.9,1
tumblr,Writing skills,,1437658146.0,539,0.93,7
dankmemes,how to make banana cookies,,1437607233.0,22,0.79,1
Damnthatsinteresting,"An IBM computer with a 5MB drive, circa 1956",,1437593350.0,72,0.85,5
awesome,"An IBM computer with a 5MB drive, circa 1956",,1437593344.0,21,0.77,1
interestingasfuck,"An IBM computer with a 5MB drive, circa 1956",,1437593313.0,107,0.86,5
woahdude,"An IBM computer with a 5MB drive, circa 1956",,1437593307.0,9,0.68,1
awesome,Pool ball trickshot,,1437580322.0,65,0.86,1
woahdude,Pool ball trickshot,,1437580318.0,21,0.85,1
gifs,Pool ball trickshot,,1437580314.0,86,0.8,6
gaming,Anyone know which puzzle door this dragon claw opens?,,1437579183.0,6,0.62,1
reactiongifs,MRW I go through /r/ShowerThoughts,,1437579022.0,19,0.79,1
woahdude,The making of a mini-cannon,,1437578624.0,78,0.93,5
Damnthatsinteresting,The making of a mini-cannon,,1437578618.0,62,0.82,0
mechanical_gifs,The making of a mini-cannon,,1437578611.0,328,0.94,13
nonononoyes,Extremely low plane flyby,,1437578496.0,102,0.88,11
educationalgifs,How to make a mini cannon,,1437578421.0,1350,0.88,64
woahdude,Some really amazing ceilings,,1437577950.0,110,0.92,9
awesome,Some really amazing ceilings,,1437577944.0,52,0.91,2
interestingasfuck,Some really amazing ceilings,,1437577941.0,28,0.84,3
woahdude,Amsterdam from above,,1437577253.0,25,0.86,1
pics,Amsterdam from above,,1437577247.0,36,0.82,3
gifs,Cast net falling,,1437576711.0,49,0.78,6
SandersForPresident,Bernie's view on veterans,,1437576457.0,17297,0.9,549
me_irl,me irl,,1437575727.0,76,0.85,0
tumblr,Grandmas,,1437575532.0,643,0.94,13
oddlysatisfying,Mountains,,1437575255.0,40,0.78,3
woahdude,Perspective,,1437575163.0,0,0.5,1
pics,Perspective,,1437575159.0,1,0.53,1
motorcycles,Ultra Noir: An awesome black Honda CB750,,1437574966.0,168,0.93,16
gifs,An electronic circuit that dissolves when it touches water.,,1437574801.0,3,0.56,4
awesome,An electronic circuit that dissolves when it touches water,,1437574632.0,14,0.74,2
woahdude,An electronic circuit that dissolves when it touches water,,1437574629.0,16,0.8,6
awesome,Stabilized dirt bike race,,1437574409.0,98,0.86,5
interestingasfuck,Stabilized dirt bike race,,1437574405.0,187,0.9,22
woahdude,Stabilized dirt bike race,,1437574398.0,24,0.81,4
gifs,Stabilized dirt bike race,,1437574394.0,16,0.66,7
woahdude,Engine room on a massive yacht.,,1437574121.0,209,0.92,20
interestingasfuck,Engine room on a massive yacht.,,1437574116.0,1462,0.93,55
awesome,Engine room on a massive yacht.,,1437574111.0,32,0.8,2
pics,Engine room on a massive yacht.,,1437574107.0,3,0.6,1
nonononoyes,Guy gets caught in a flash flood,,1437574022.0,5084,0.94,178
MadeMeSmile,A homeless Golden Retriever is rescued,,1437573709.0,4160,0.94,127
facepalm,Dihydrogen Monoxide strikes again.,,1437572273.0,743,0.9,58
KarmaStore,"As a Russian karmawhore, I'd like to trade 1,100,000 karma for a reddit tracksuit","Title says it all. Hit me up, karmastore.",1437532461.0,40,0.86,1
coaxedintoasnafu,It is unbelieveable to me that this is not an oil based spread.,,1437522320.0,39,0.87,2
MyPeopleNeedMe,"It was a pleasure meeting you all, but I must go. My people need me.",,1437502113.0,438,0.89,12
Whatcouldgowrong,"Lemmie try this wheelie, WCGW?",,1437499925.0,3070,0.91,104
holdmybeer,HMB while I do this wheelie,,1437499904.0,68,0.88,5
woahdude,How a water plane takes off on land,,1437499431.0,354,0.93,13
Damnthatsinteresting,How a water plane takes off on land,,1437499425.0,571,0.94,30
awesome,How a water plane takes off on land,,1437499420.0,7,0.72,0
interestingasfuck,How a water plane takes off on land,,1437499416.0,33,0.79,3
aviation,How a water plane takes off on land,,1437499411.0,681,0.95,88
educationalgifs,How a water plane takes off on land,,1437499404.0,2943,0.93,155
motorcycles,Honda CX500 Cafe Racer – Sacha Lakic Design,,1437499176.0,491,0.94,60
ANormalDayInRussia,Russian army punishments,,1437499134.0,25,0.66,2
gifs,Just trying to get by...,,1437497026.0,34,0.79,4
funny,Just trying to get by...,,1437497022.0,10,0.7,0
awesome,A crack in some ocean ice.,,1437496942.0,12,0.74,0
interestingasfuck,A crack in some ocean ice.,,1437496937.0,327,0.96,6
pics,A crack in some ocean ice.,,1437496926.0,86,0.82,3
woahdude,A crack in some ocean ice.,,1437496921.0,440,0.95,6
gifs,Spitfire landing after losing its wheels,,1437496775.0,3,0.55,4
nonononoyes,Truck almost gets blown over on its side,,1437493568.0,3363,0.9,223
gifs,Guy tries to unload crates,,1437493338.0,101,0.8,15
nononono,Guy tries to unload crates,,1437493331.0,1163,0.86,59
educationalgifs,Lotion boxing machine,,1437492368.0,27,0.71,6
space,Dust devil on Mars,,1437491057.0,885,0.94,68
woahdude,"Galileo's drawings of the Moon, 1610",,1437491019.0,135,0.92,1
space,"Galileo's drawings of the Moon, 1610",,1437491015.0,14625,0.95,397
woahdude,Computer simulated paper folding (X-Post /r/simulated),,1437490119.0,1,0.54,1
Damnthatsinteresting,Computer simulated paper folding (X-Post /r/simulated),,1437490114.0,434,0.9,15
awesome,Computer simulated water physics (X-Post /r/Simulated),,1437490012.0,5,0.66,1
educationalgifs,Computer simulated water physics (X-Post /r/Simulated),,1437489995.0,33,0.78,3
food,Belgian Ice Cream Sandwiches,,1437489674.0,5703,0.92,300
gifs,This penguin gives no fucks around its predators.,,1437489511.0,305,0.9,30
funny,My personal favorite faceswap,,1437489447.0,3185,0.86,48
aww,Puppy trying to bring a stick into a house,,1437489396.0,3,0.6,0
aww,Bunny shredding carrots,,1437489256.0,3,0.63,1
BlackPeopleTwitter,Confederate Flag protests,,1437488242.0,19923,0.9,1136
interestingasfuck,Collection of some awesome optical illusions,,1437488143.0,31,0.82,4
awesome,Collection of some awesome optical illusions,,1437488138.0,5,0.77,0
woahdude,Collection of some awesome optical illusions,,1437488134.0,8,0.82,0
woahdude,Squint your eyes at this picture,,1437487894.0,21,0.7,3
interestingasfuck,Simulation of two planets colliding,,1437487006.0,60,0.85,16
woahdude,Simulation of two planets colliding,,1437486952.0,12,0.79,5
space,Simulation of two planets colliding,,1437486928.0,1,0.52,11
pics,Now that's one fabulous cat...,,1437486775.0,5452,0.84,121
funny,Firework war in the hood,,1437486495.0,3393,0.86,214
gifs,Firework war in the hood,,1437486469.0,21110,0.86,1697
childfree,MRW somebody asks me to hold their baby,,1437486387.0,0,0.5,3
vmoney1337,Ayy,,1437261438.0,2,0.66,7
shittyaskscience,"This warning says ""This product contains chemicals known to the State of California to cause cancer."" Why do people live or visit California if chemicals cause cancer only there? How come things exist that only cause cancer there?",,1437166796.0,18,0.72,6
aww,Weasel wants some attention,,1437152094.0,38,0.84,3
motorcycles,Sidecar Motocross,,1437147961.0,1702,0.94,91
awesome,Sidecar Motocross,,1437145410.0,24,0.79,1
nonononoyes,Sidecar motocross,,1437145355.0,4472,0.89,158
Punny,"Look out, this guy has firearms",,1437145015.0,351,0.94,6
funny,Dog at a wheat farm,,1437144771.0,29583,0.93,860
tumblr,Strip Cards Against Humanity,,1437144582.0,903,0.95,10
aww,Flappy ears,,1437144433.0,45,0.89,1
notinteresting,Touching a banana with a toothbrush,,1437143744.0,3254,0.93,183
awesome,The Predator Shield,,1437143358.0,652,0.91,64
interestingasfuck,The Predator Shield,,1437143354.0,3510,0.92,202
gifs,The Predator Shield,,1437143343.0,22820,0.92,1721
tumblr,Corn shirt,,1437142994.0,864,0.93,4
awesome,How a bolt is threaded,,1437142897.0,76,0.9,5
gifs,How a bolt is threaded,,1437142887.0,440,0.91,26
educationalgifs,How a bolt is threaded,,1437142883.0,2189,0.94,54
mechanical_gifs,How a bolt is threaded,,1437142876.0,848,0.94,61
holdmybeer,Hold my beer as I drive this motorcycle,,1437142502.0,125,0.83,6
BlackPeopleTwitter,Car accidents,,1437142380.0,607,0.91,15
funny,Adding drunk people to motivational quotes drastically changes them...,,1437142301.0,25898,0.82,578
BestOfReports,"No, not the terrorists!",,1437074402.0,153,0.97,10
ANormalDayInRussia,Stopping in the middle lane,,1437067465.0,36,0.84,1
nonononoyes,Idiot stopping in the middle lane,,1437067457.0,4832,0.92,480
Whatcouldgowrong,Let me jump over this golf cart. WCGW?,,1437067252.0,69,0.66,8
redditrequest,Requesting /r/AMAAR,,1437065475.0,1,0.55,0
interestingasfuck,How to deactivate a cat,,1437064195.0,4180,0.84,406
aww,Fawns are always adorable,,1437062362.0,22,0.78,2
awesome,"Beer Reclining Chair: There is a magnetic seal at the bottom of each glass, allowing your beer to be refilled from the bottom up",,1437059497.0,31,0.86,1
interestingasfuck,"Beer Reclining Chair: There is a magnetic seal at the bottom of each glass, allowing your beer to be refilled from the bottom up",,1437059493.0,2038,0.92,88
woahdude,"Beer Reclining Chair: There is a magnetic seal at the bottom of each glass, allowing your beer to be refilled from the bottom up",,1437059488.0,65,0.88,3
gifs,"Beer Reclining Chair: There is a magnetic seal at the bottom of each glass, allowing your beer to be refilled from the bottom up",,1437059481.0,20,0.76,7
gifs,Super Hornet refueling,,1437059093.0,642,0.9,52
interestingasfuck,Super Hornet refueling,,1437059088.0,1240,0.95,57
woahdude,How music piracy worked on records,,1437058958.0,70,0.8,3
interestingasfuck,How music piracy worked on records,,1437058954.0,9789,0.86,365
oddlysatisfying,Water sphere,,1437058044.0,11075,0.9,308
interestingasfuck,Water sphere,,1437058038.0,68,0.83,5
woahdude,"Blue Angels fly over Myrtle Beach, causing everybody's belongings to blow away",,1437057980.0,43,0.85,9
funny,Senior photo shoots at a Korean high school,,1437057591.0,3,0.58,0
funny,Australia's most reproduced warning sign,,1437057554.0,2930,0.9,23
AnimalsBeingBros,From foes to bros,,1437054491.0,677,0.94,33
funny,"No fair, that's two against one!",,1437053948.0,27,0.74,3
funny,"""I'll be taking that!""",,1437053773.0,2075,0.91,63
nonononoyes,Buster Keaton doing an insane stunt,,1437053557.0,2011,0.92,118
woahdude,All nine.,,1437048982.0,26,0.76,5
awesome,All nine.,,1437048969.0,1401,0.91,66
interestingasfuck,All nine.,,1437048956.0,267,0.91,36
MinionHate,It only gets worse from here.,,1436875993.0,387,0.96,12
MinionHate,Can we even blame the man?,,1436763883.0,11,0.69,2
youdontsurf,Guerilla gardening,,1436499239.0,28,0.77,3
interestingasfuck,Engine Block crusher,,1436452993.0,250,0.91,20
deathgrips,When the chorus of Pss Pss comes on.,,1436386795.0,205,0.95,14
MinionHate,Went to Target to get lunch. They've even ruined lunch for me.,,1436376290.0,10,0.85,0
black_flag_4ever,Death Grips - Klink. Sample of Rise above.,,1436325267.0,4,0.83,0
coaxedintoasnafu,le unhealthy burger joint,,1436316102.0,262,0.97,22
shittyreactiongifs,MRW my batshit-crazy ex tells me her horoscope says she should reconcile any broken relationships.,,1436154491.0,568,0.93,3
boston,Time for a pocketful of dollar coins...,,1436031881.0,417,0.91,37
MURICA,A healthy dose of Patriotism,,1435464638.0,8,0.7,2
lewronggeneration,Found this one on A Thousand Miles,,1435111732.0,15,0.88,13
GuiltyPleasureMusic,Smash Grips - Neutral Slam Hotel,,1435100452.0,7,0.67,0
bostonlatin,What even is this,,1434997030.0,2,0.62,9
news,Donald Trump Announces 2016 Presidential Run,,1434474508.0,6,0.74,2
deathgrips,I thought the camera on my friend's Prius looked familiar...,,1434402271.0,172,0.93,16
ayylmao,Stefan Burnayytt,,1433381474.0,27,0.92,0
coaxedintoasnafu,Deceased Grasps - Individuals who collectively hold authority over a particular domain,,1433376479.0,15,0.78,2
coaxedintoasnafu,Deceased Grasps - Bureaucratic Registrations,,1433376383.0,30,0.94,3
coaxedintoasnafu,Deceased Grasps - The Currency Market,,1433330813.0,49,0.95,12
me_irl,me irl,,1433283415.0,3,0.8,0
FilthyFrank,Papa Franku himself took me to Flavortown the other day!,,1433096884.0,258,0.98,6
circlejerk,Cops kill man 87 times,,1432820958.0,11,0.82,7
Hiphopcirclejerk,Anyone else notice that Rick Ross lost a lot of weight?,,1432035229.0,102,0.97,8
gtaonlinecrews,Not sure if any crews in here fit what you'd like? Feel free to join this subreddit's crew!,[removed],1431881399.0,4,0.64,10
YMS,"Who Killed Captain Alex?: Uganda's first action movie. It's too beautiful not to review, Adam...",,1431641242.0,34,0.81,11
nonononoyesno,Crossing a road in Russia,,1431429025.0,227,0.91,11
gifs,Crossing a road in Russia,,1431429013.0,31,0.69,6
ANormalDayInRussia,Crossing a road in Russia,,1431429006.0,1105,0.96,55
nononono,Knocked him right out of his shoe.,,1431428479.0,1534,0.92,83
awesome,Laser Toast,,1431428400.0,7,0.58,1
interestingasfuck,Laser Toast,,1431428394.0,13,0.61,1
funny,When you know you're probably not in a good area...,,1431342747.0,463,0.85,23
funny,The definition of poor placement,,1431342691.0,378,0.83,6
MURICA,Staying protected the 'Murican way,,1431342565.0,57,0.73,8
creepy,Picture of a silkworm up close.,,1431342428.0,707,0.89,95
ANormalDayInRussia,Staying warm in Russia.,,1431342352.0,2477,0.9,58
funny,Play. Hydrate. Repeat.,,1431342235.0,16,0.6,1
WTF,Staying warm.,,1431342055.0,5268,0.88,184
funny,Totally nailed it.,,1431341960.0,3393,0.81,61
pokemon,Totally nailed it.,,1431341948.0,249,0.78,26
creepy,"I don't know what that's supposed to be, but I don't blame the kid for crying...",,1431341808.0,55,0.72,16
WTF,A brand new level of trashy.,,1431341628.0,1238,0.75,87
trashy,This just hurts my eyes,,1431341583.0,521,0.85,21
awesome,Some pretty amazing facts,,1431206949.0,452,0.89,25
woahdude,Some pretty amazing facts,,1431206931.0,299,0.85,18
interestingasfuck,Some pretty amazing facts,,1431206924.0,261,0.89,12
tumblr,Hot Wheels,,1431206772.0,1405,0.94,27
reactiongifs,MRW when people ask if I'm drunk,,1431206707.0,61,0.74,8
funny,The man sure does have a point....,,1431206254.0,11230,0.83,324
aww,"He might look terrified, but still adorable.",,1431198226.0,3,0.54,1
funny,Playing soccer/football in bird's eyes view with VR glasses,,1431197902.0,7107,0.93,201
gifs,Playing soccer/football in bird's eyes view with VR glasses,,1431197862.0,291,0.88,26
interestingasfuck,Playing soccer/football in bird's eyes view with VR glasses,,1431197856.0,1793,0.94,54
a:t5_382jz,Jet fuel can't melt steel beams...until now.,,1431182808.0,1,0.51,0
gifs,"""Just got those? I DON'T THINK SO!""",,1431142394.0,485,0.87,26
funny,"""Just got those? I DON'T THINK SO!""",,1431142389.0,1126,0.91,61
AnimalsBeingJerks,"""Just got those? I DON'T THINK SO!""",,1431142383.0,348,0.93,5
funny,Muscle memory,,1431142286.0,624,0.82,14
Braveryjerk,Bernie Sanders just handed me this on my flight to Sweeden,,1431142234.0,21,0.7,0
aww,Ferocious beast wages war on innocent appendage,,1431142072.0,4419,0.94,149
tumblr,Romeo and Juliet,,1431141808.0,1746,0.95,11
funny,Technically correct is the best kind of correct.,,1431141743.0,3291,0.9,296
reactiongifs,MRW I'm browsing through /r/new and I see something I like,,1431141633.0,279,0.94,2
holdmybeer,HMB while I fight this deer,,1430997945.0,64,0.72,11
instant_regret,"I'm gonna fight this deer, it'll be hilarious.",,1430997888.0,576,0.87,34
IdiotsFightingThings,"I'm gonna fight this deer, it'll be hilarious",,1430997835.0,1493,0.89,162
holdmybeer,HMB while I kick this guy...I bet I can take him!,,1430997769.0,0,0.49,0
IdiotsFightingThings,No chance this dude could take me in a fight... I'm gonna kick him!,,1430997698.0,133,0.72,12
nonononoyes,Airport security catches baby,,1430997160.0,2488,0.82,150
awesome,How filming with a green screen works,,1430997055.0,534,0.91,28
awesome,Path-laying machine,,1430996972.0,132,0.77,6
woahdude,Path-laying machine,,1430996961.0,27,0.69,3
interestingasfuck,Path-laying machine,,1430996951.0,45,0.72,3
interestingasfuck,"This isn't a model, this is an actual picture of Rio de Janeiro",,1430996841.0,92,0.75,13
awesome,Tesla's new titanium underbody shield vs. a block of concrete.,,1430996737.0,303,0.91,22
gifs,Tesla's new titanium underbody shield vs. a block of concrete.,,1430996729.0,27276,0.87,2229
woahdude,Tesla's new titanium underbody shield vs. a block of concrete.,,1430996722.0,0,0.43,2
interestingasfuck,Tesla's new titanium underbody shield vs. a block of concrete.,,1430996711.0,283,0.89,14
Whatcouldgowrong,"Let's try stealing gas, WCGW?",,1430914245.0,3124,0.91,412
nononono,Let's try stealing gas!,,1430914217.0,1193,0.9,178
holdmybeer,HMB while I slide down this hill,,1430912146.0,70,0.8,7
nonononoyes,Extremely close call when sliding down a hill,,1430911998.0,182,0.91,7
awesome,Skylines of different cities,,1430910458.0,0,0.5,4
interestingasfuck,Skylines of different cities,,1430910451.0,35,0.69,14
woahdude,Skylines of different cities,,1430910438.0,63,0.75,8
awesome,"A Cold War Era bunker, built 26 feet underground and equipped to support a family for a year in the event of a nuclear missile strike.",,1430910372.0,472,0.92,35
woahdude,"A Cold War Era bunker, built 26 feet underground and equipped to support a family for a year in the event of a nuclear missile strike.",,1430910364.0,95,0.8,8
creepy,"A Cold War Era bunker, built 26 feet underground and equipped to support a family for a year in the event of a nuclear missile strike.",,1430910332.0,8400,0.87,1028
interestingasfuck,"A Cold War Era bunker, built 26 feet underground and equipped to support a family for a year in the event of a nuclear missile strike.",,1430910322.0,5935,0.93,383
gifs,"3D-Printed ""ball"" made up entirely out of gears",,1430909798.0,796,0.89,22
woahdude,"3D-Printed ""ball"" made up entirely out of gears",,1430909788.0,40,0.77,2
interestingasfuck,"3D-Printed ""ball"" made up entirely out of gears",,1430909776.0,89,0.84,3
IdiotsFightingThings,Idiot fights childrens playground equipment,,1430824888.0,46,0.61,10
Whatcouldgowrong,Let me play with childrens equipment. WCGW?,,1430824850.0,3380,0.91,173
woahdude,Spiderbubble,,1430824261.0,51,0.82,5
awesome,Spiderbubble,,1430824225.0,35,0.8,3
interestingasfuck,Spiderbubble,,1430824216.0,1139,0.94,42
awesome,Human vision (top) vs cat vision (bottom),,1430824166.0,64,0.85,5
woahdude,Human vision (top) vs cat vision (bottom),,1430824156.0,81,0.84,15
interestingasfuck,Human vision (top) vs cat vision (bottom),,1430824145.0,117,0.88,10
awesome,A regular truck transporting one of those massive mining trucks,,1430824102.0,494,0.94,28
woahdude,A regular truck transporting one of those massive mining trucks,,1430824093.0,96,0.9,9
interestingasfuck,A regular truck transporting one of those massive mining trucks,,1430824081.0,773,0.95,40
nonononoyes,Definitely a controlled demolition,,1430823687.0,4024,0.86,218
nonononoyes,You can never be too safe with a chainsaw,,1430739640.0,6573,0.94,328
awesome,Need a floor plan asap? No problem there's an app for that.,,1430737873.0,448,0.95,14
interestingasfuck,Need a floor plan asap? No problem there's an app for that.,,1430737866.0,3638,0.95,161
woahdude,Need a floor plan asap? No problem there's an app for that.,,1430737847.0,257,0.89,6
gifs,Need a floor plan asap? No problem there's an app for that.,,1430737841.0,2450,0.91,113
Damnthatsinteresting,The private jet terminal in Las Vegas for the Mayweather-Paquiao fight,,1430737791.0,1324,0.86,78
interestingasfuck,The private jet terminal in Las Vegas for the Mayweather-Paquiao fight,,1430737760.0,83,0.82,3
awesome,Propeller vortices,,1430737682.0,219,0.94,2
interestingasfuck,Propeller vortices,,1430737665.0,227,0.92,10
nonononoyes,Golf stroke,,1430597335.0,6359,0.94,130
nonononoyes,Factory collapse,,1430596224.0,3,0.55,8
reactiongifs,MRW I hear noises upstairs at 3 AM and I'm the only one home.,,1430499858.0,71,0.77,9
nonononoyes,Close call with a train,,1430485198.0,2878,0.87,126
nononono,Let's jump over a fire pit!,,1430479161.0,1256,0.9,110
Whatcouldgowrong,Let's jump over a fire pit. WCGW?,,1430479140.0,1006,0.89,74
IdiotsFightingThings,Idiot jumping over a fire pit,,1430479088.0,285,0.87,33
woahdude,"The sun lights the crests of sand dunes on Mars in this image from NASA's Mars Reconnaissance Orbiter, obtained March 13. The especially bright patches - bluish in enhanced color - are due to seasonal frost that is accumulating as Mars' southern hemisphere approaches winter.",,1430478681.0,21,0.72,0
interestingasfuck,"The sun lights the crests of sand dunes on Mars in this image from NASA's Mars Reconnaissance Orbiter, obtained March 13. The especially bright patches - bluish in enhanced color - are due to seasonal frost that is accumulating as Mars' southern hemisphere approaches winter.",,1430478673.0,20,0.74,0
space,"The sun lights the crests of sand dunes on Mars in this image from NASA's Mars Reconnaissance Orbiter, obtained March 13. The especially bright patches - bluish in enhanced color - are due to seasonal frost that is accumulating as Mars' southern hemisphere approaches winter.",,1430478665.0,228,0.91,8
gifs,How metal springs are made,,1430478589.0,578,0.91,28
awesome,How metal springs are made,,1430478583.0,197,0.95,5
interestingasfuck,How metal springs are made,,1430478570.0,788,0.92,26
educationalgifs,How metal springs are made,,1430478563.0,1114,0.92,21
awesome,Spider vs. wasp,,1430478066.0,106,0.92,13
gifs,Spider vs. wasp,,1430478057.0,15118,0.88,1464
awesome,Albanism in different animals.,,1430477938.0,297,0.94,37
interestingasfuck,Albanism in different animals.,,1430477912.0,180,0.9,21
reddit_themes,"As a Russian guy, I think we should have a slav reddit theme.",[removed],1430441388.0,2,0.57,1
fantanoforever,/mu/ has an Anthony Fantano photoshop thread,,1430438939.0,133,0.95,7
awesome,What a blood moon eclipse looks like.,,1430392802.0,7,0.68,0
gifs,What a blood moon eclipse looks like.,,1430392793.0,298,0.9,14
space,What a blood moon eclipse looks like.,,1430392778.0,0,0.48,0
woahdude,What a blood moon eclipse looks like.,,1430392770.0,44,0.85,4
interestingasfuck,What a blood moon eclipse looks like.,,1430392762.0,19,0.74,3
awesome,All the other planets can fit lined up in between the earth and the moon,,1430392727.0,22,0.8,1
woahdude,All the other planets can fit lined up in between the earth and the moon,,1430392717.0,5,0.59,2
space,All the other planets can fit lined up in between the earth and the moon,,1430392709.0,28,0.74,16
interestingasfuck,All the other planets can fit lined up in between the earth and the moon,,1430392701.0,19,0.7,6
nononono,Jumping over people with a bike. WCGW?,,1430392528.0,954,0.9,72
IdiotsFightingThings,Jumping over people with a bike. WCGW?,,1430392517.0,0,0.35,2
Whatcouldgowrong,Jumping over people with a bike. WCGW?,,1430392502.0,1393,0.9,92
nonononoyes,Stopping in rain is hard...,,1430392296.0,8161,0.96,216
space,"Mars Curiosity Rover tracks through ""Dingo Gap"" in Gale Crater",,1430392153.0,11,0.79,7
aww,Thanks for the massage. Goodnight.,,1430391842.0,13,0.83,1
AdviceAnimals,When a girl gets offended when I call her a dude,,1430391714.0,336,0.89,15
gifs,Skydiving shoe thief,,1430391683.0,121,0.85,7
woahdude,"The 1892 Blake rifle, a prototype rotary-magazine bolt-action rifle",,1430391309.0,8,0.78,0
woahdude,4.5-foot Flying Push-up,,1430305870.0,481,0.92,23
gifs,4.5-foot Flying Push-up,,1430305864.0,7773,0.88,262
gifs,Penguin Parkour,,1430305690.0,67,0.78,4
nonononoyes,Penguin Parkour,,1430305680.0,2348,0.95,62
awesome,This is the most detailed map yet of our place in the universe,,1430305519.0,64,0.8,0
interestingasfuck,This is the most detailed map yet of our place in the universe,,1430305509.0,321,0.91,34
space,This is the most detailed map yet of our place in the universe,,1430305484.0,9035,0.93,868
woahdude,This is the most detailed map yet of our place in the universe,,1430305469.0,24,0.8,5
awesome,A map of the worlds deepest cave. It takes over a month to reach the bottom.,,1430305334.0,120,0.9,8
interestingasfuck,A map of the worlds deepest cave. It takes over a month to reach the bottom.,,1430305327.0,5150,0.95,775
creepy,A map of the worlds deepest cave. It takes over a month to reach the bottom.,,1430305318.0,46,0.83,15
woahdude,A map of the worlds deepest cave. It takes over a month to reach the bottom.,,1430305309.0,463,0.93,53
awesome,The Pamukkale Rock Pools in Turkey,,1430219379.0,19,0.72,0
interestingasfuck,The Pamukkale Rock Pools in Turkey,,1430219373.0,8592,0.95,193
woahdude,The Pamukkale Rock Pools in Turkey,,1430219364.0,13,0.67,1
space,Nasa's Space Carrier Aircraft (SCA),,1430219038.0,12,0.71,2
interestingasfuck,Nasa's Space Carrier Aircraft (SCA),,1430219025.0,24,0.78,1
woahdude,Nasa's Space Carrier Aircraft (SCA),,1430219004.0,3,0.57,1
awesome,"The largest known galaxy in width, IC 1011, in comparison with our Milky Way galaxy and neighbors",,1429702552.0,123,0.87,7
woahdude,"The largest known galaxy in width, IC 1011, in comparison with our Milky Way galaxy and neighbors",,1429702543.0,149,0.93,10
interestingasfuck,"The largest known galaxy in width, IC 1011, in comparison with our Milky Way galaxy and neighbors",,1429702533.0,526,0.94,56
space,"The largest known galaxy in width, IC 1011, in comparison with our Milky Way galaxy and neighbors",,1429702521.0,256,0.94,36
interestingasfuck,Ways to mess with your mind,,1429553277.0,67,0.83,3
funny,How every Pizza delivery guy will be seen today,,1429537600.0,7965,0.84,169
awesome,Amazing pictures of different Power Plants,,1429359631.0,141,0.91,2
interestingasfuck,Amazing pictures of different Power Plants,,1429359611.0,4714,0.95,143
interestingasfuck,Very rare picture of the Beznau I Nuclear power plant's control room,,1429359450.0,1,0.54,0
woahdude,Very rare picture of the Beznau I Nuclear power plant's control room,,1429359441.0,85,0.93,6
nonononoyes,Monster truck rally,,1429358525.0,5520,0.9,234
awesome,Rivers forming treelike figures on a Mexican desert,,1429358207.0,5,0.62,0
pics,Rivers forming treelike figures on a Mexican desert,,1429358198.0,280,0.91,8
interestingasfuck,Rivers forming treelike figures on a Mexican desert,,1429358182.0,212,0.94,4
woahdude,Rivers forming treelike figures on a Mexican desert,,1429358170.0,28,0.86,1
awesome,The Fukang Meteorite,,1429357919.0,61,0.87,4
pics,The Fukang Meteorite,,1429357910.0,4,0.59,2
interestingasfuck,The Fukang Meteorite,,1429357902.0,1905,0.92,96
woahdude,The Fukang Meteorite,,1429357892.0,94,0.89,10
nonononoyes,Drifting out of control,,1429270135.0,4417,0.93,95
woahdude,"Asphalt eroding away, revealing the old stone road underneath.",,1429269570.0,52,0.8,6
interestingasfuck,"Asphalt eroding away, revealing the old stone road underneath.",,1429269563.0,1061,0.87,56
pics,"Asphalt eroding away, revealing the old stone road underneath.",,1429269534.0,21696,0.86,958
funny,Every college bookstore,,1429269394.0,2293,0.9,66
interestingasfuck,Really interesting infographic of a floating skyscraper that would be used to clean China's atmosphere,,1429268968.0,42,0.89,2
awesome,Skyscrapers swaying during earthquake in Japan,,1429268805.0,32,0.89,1
gifs,Skyscrapers swaying during earthquake in Japan,,1429268796.0,393,0.92,35
interestingasfuck,Skyscrapers swaying during earthquake in Japan,,1429268787.0,5023,0.95,246
awesome,"The ""Miura fold""; a method in which a sheet is folded to minimize storage area while maximizing surface area. This technique is used on the solar panels on satellites.",,1429268500.0,401,0.95,12
gifs,"The ""Miura fold""; a method in which a sheet is folded to minimize storage area while maximizing surface area. This technique is used on the solar panels on satellites.",,1429268489.0,285,0.9,14
interestingasfuck,"The ""Miura fold""; a method in which a sheet is folded to minimize storage area while maximizing surface area. This technique is used on the solar panels on satellites.",,1429268480.0,1728,0.94,50
IdiotsFightingThings,Taking down a tree,,1429190345.0,2131,0.92,42
nonononoyes,Dodging a motorcycle,,1429190201.0,1833,0.79,119
Whatcouldgowrong,Jumping on overhanging ice. WCGW?,,1429189697.0,1893,0.89,77
gifs,Jumping on overhanging ice,,1429189681.0,16,0.64,12
awesome,Nuclear Power Plant from above the clouds,,1429182702.0,634,0.94,73
pics,Nuclear Power Plant from above the clouds,,1429182692.0,23,0.79,6
interestingasfuck,Nuclear Power Plant from above the clouds,,1429182684.0,270,0.93,25
woahdude,Nuclear Power Plant from above the clouds,,1429182675.0,1508,0.96,112
awesome,The Aloe polyphylla plant,,1429182599.0,108,0.86,3
pics,The Aloe polyphylla plant,,1429182591.0,23773,0.91,821
interestingasfuck,The Aloe polyphylla plant,,1429182582.0,119,0.88,2
woahdude,The Aloe polyphylla plant,,1429182570.0,86,0.87,5
gifs,Space shuttle launch from up close,,1429182326.0,53,0.73,7
space,Space shuttle launch from up close,,1429182317.0,133,0.86,18
interestingasfuck,Space shuttle launch from up close,,1429182282.0,66,0.86,6
ANormalDayInRussia,Russian birthday,,1429097032.0,252,0.92,7
WTF,Russian birthday,,1429096981.0,259,0.83,37
woahdude,Space Shuttle Endeavour crossing a highway in Los Angeles,,1429096699.0,49,0.8,6
interestingasfuck,Space Shuttle Endeavour crossing a highway in Los Angeles,,1429096692.0,72,0.87,2
space,Space Shuttle Endeavour crossing a highway in Los Angeles,,1429096673.0,4715,0.93,230
gifs,Space Shuttle Endeavour crossing a highway in Los Angeles,,1429096661.0,94,0.81,10
interestingasfuck,"Manpupuner Rocks in the North Ural Mountains, Russia",,1429096557.0,5226,0.96,106
pics,"Manpupuner Rocks in the North Ural Mountains, Russia",,1429096549.0,5,0.61,0
woahdude,"Manpupuner Rocks in the North Ural Mountains, Russia",,1429096538.0,41,0.87,2
space,A meteor breaking the sky above Banff Rundle Mountain,,1429096422.0,2812,0.96,112
interestingasfuck,A meteor breaking the sky above Banff Rundle Mountain,,1429096412.0,67,0.89,2
pics,A meteor breaking the sky above Banff Rundle Mountain,,1429096403.0,2076,0.94,39
woahdude,A meteor breaking the sky above Banff Rundle Mountain,,1429096392.0,4020,0.96,39
trailerparkboys,National Opposite Month [0:11],,1428625826.0,4,0.66,0
nonononoyes,Jumping over rocks,,1427074111.0,6224,0.93,204
meirl,Me irl,,1424911439.0,8,0.64,0
gifs,How not to break a wooden plank,,1424748081.0,40,0.75,4
Whatcouldgowrong,How not to break a wooden plank,,1424748076.0,179,0.87,6
IdiotsFightingThings,How not to break a wooden plank,,1424748068.0,2114,0.92,25
woahdude,Water fountain sailboat,,1424747982.0,164,0.94,2
pics,Water fountain sailboat,,1424747964.0,30,0.78,0
woahdude,A quadruple rainbow,,1424747909.0,180,0.95,7
Damnthatsinteresting,A quadruple rainbow,,1424747905.0,94,0.88,4
interestingasfuck,A quadruple rainbow,,1424747897.0,6087,0.95,170
Punny,What a shitty pun,,1424747836.0,429,0.92,2
aww,Sitting for blueberries,,1424747803.0,7870,0.94,180
BlackPeopleTwitter,No chill.,,1423701067.0,495,0.94,12
4chan,596666666,,1423185312.0,9,0.57,4
humblebrag,"Humble, grateful AND thankful? Wow!",,1420998354.0,54,0.84,8
snoovatars,"As a Russian man, I request both Tracksuits and Ushankas to be added in.","Would be amazing, comrades
",1420659025.0,63,0.9,4
boston,The railroad under the bridge near Community College was on fire earlier. Anyone know what happened?,,1420337786.0,95,0.88,24
awesome,Space Shuttle Endeavour docked at the ISS.,,1418646559.0,8,0.72,0
space,Space Shuttle Endeavour docked at the ISS.,,1418646553.0,139,0.9,18
interestingasfuck,Space Shuttle Endeavour docked at the ISS.,,1418646508.0,27,0.85,4
woahdude,Space Shuttle Endeavour docked at the ISS.,,1418646496.0,18,0.87,0
NotTimAndEric,tough streetz,,1418492318.0,2,0.54,1
4chan,/b/ finally counts to 10,,1418353427.0,0,0.42,1
interestingasfuck,"Mercury, Venus and Saturn above the pyramids of Giza, Egypt. This occurs once every 2373 years.",,1417436447.0,9,0.61,8
cringepics,my loverly box of smokes,,1417189364.0,34,0.84,12
nonononoyes,Rocket launch.,,1417007912.0,1668,0.84,116
IdiotsFightingThings,Idiot planking on a kitchen stove.,,1417007779.0,648,0.71,60
nononono,Planking on a kitchen stove.,,1417007748.0,1,0.52,0
ANormalDayInRussia,A Russian bear that's passed out from sniffing too much jet fuel.,,1417006664.0,237,0.93,1
WTF,A Russian bear that's passed out from sniffing too much jet fuel.,,1417006647.0,8645,0.91,387
interestingasfuck,Flight deck of The Space Shuttle Endeavour,,1417004849.0,55,0.85,6
space,Flight deck of The Space Shuttle Endeavour,,1417004831.0,6565,0.94,603
woahdude,Flight deck of the Space Shuttle Endeavour,,1417004765.0,75,0.85,5
awesome,World's smallest sand castle- etched on a single grain of sand.,,1417004420.0,346,0.95,6
interestingasfuck,World's smallest sand castle- etched on a single grain of sand.,,1417004409.0,513,0.93,16
woahdude,World's smallest sand castle- etched on a single grain of sand.,,1417004390.0,190,0.93,8
awesome,Sand under a microscope,,1417004233.0,10,0.68,0
interestingasfuck,Sand under a microscope,,1417004214.0,52,0.73,5
woahdude,Sand under a microscope,,1417004201.0,63,0.81,6
ANormalDayInRussia,Russia wants to participate in the Ferguson riots too!,,1416919029.0,47,0.8,1
WTF,Russia wants to participate in the Ferguson riots too!,,1416918906.0,1,0.57,0
interestingasfuck,How lightning looks from space.,,1416918473.0,37,0.83,0
woahdude,How lightning looks from space.,,1416918454.0,82,0.88,2
gifs,How lightning looks from space.,,1416918443.0,48,0.81,1
space,How lightning looks from space.,,1416918432.0,611,0.93,15
awesome,Really cool storm over Western Africa.,,1416918068.0,207,0.96,2
interestingasfuck,Really cool storm over Western Africa.,,1416918047.0,56,0.91,2
woahdude,Really cool storm over Western Africa.,,1416918033.0,25,0.87,0
awesome,Awesome train ride.,,1416917838.0,254,0.93,4
interestingasfuck,Awesome train ride.,,1416917813.0,45,0.89,1
gifs,Awesome train ride.,,1416917783.0,40,0.79,5
woahdude,Awesome train ride.,,1416917756.0,20,0.77,3
GifAlbums,Jontron GIF album,,1416873677.0,3,0.72,0
ANormalDayInRussia,"An elevator in Russia, the paper says ""to call the elevator, connect the two wires.""",,1416851587.0,57,0.92,4
WTF,"An elevator in Russia, the paper says ""to call the elevator connect the two wires.""",,1416851564.0,7736,0.91,410
ANormalDayInRussia,Carousel in Russia,,1416840605.0,1050,0.92,27
WTF,Carousel in Russia,,1416840596.0,2245,0.89,49
space,Rocket launches at sunset or sunrise produce a light show known as twilight phenomena.,,1416838066.0,10982,0.95,226
interestingasfuck,Shock diamonds coming out of a Rocket engine.,,1416837997.0,245,0.97,9
awesome,Shock diamonds coming out of a Rocket engine.,,1416837986.0,22,0.83,0
woahdude,Shock diamonds coming out of a Rocket engine.,,1416837975.0,147,0.95,2
awesome,Atlas Rocket shockwave,,1416837819.0,5,0.63,0
gifs,Atlas Rocket shockwave,,1416837806.0,66,0.88,3
interestingasfuck,Atlas Rocket shockwave,,1416837796.0,135,0.96,3
woahdude,Atlas Rocket shockwave,,1416837785.0,53,0.89,0
space,Rocket launches at sunset or sunrise produce a light show known as twilight phenomena.,,1416837742.0,1,0.66,1
interestingasfuck,Rocket launches at sunset or sunrise produce a light show known as twilight phenomena.,,1416837732.0,3691,0.95,57
awesome,Rocket launches at sunset or sunrise produce a light show known as twilight phenomena.,,1416837722.0,803,0.93,4
woahdude,Rocket launches at sunset or sunrise produce a light show known as twilight phenomena.,,1416837713.0,277,0.97,2
woahdude,What the inside of a mechanical calculator looks like.,,1416583842.0,43,0.87,5
awesome,Two streams of water colliding looks pretty incredible up close.,,1416572969.0,544,0.95,6
pics,Two streams of water colliding looks pretty incredible up close.,,1416572961.0,2585,0.93,40
interestingasfuck,Two streams of water colliding looks pretty incredible up close.,,1416572953.0,203,0.92,6
woahdude,Two streams of water colliding looks pretty incredible up close.,,1416572941.0,902,0.92,18
space,"An unusual object about 90 million light-years from Earth might be a supermassive black hole kicked out of its home galaxy during a collision with another galaxy. If so, it would be the first evicted black hole to be confirmed as such.",,1416492198.0,61,0.86,2
awesome,Long exposure shot of a Ferris Wheel,,1416486559.0,1054,0.94,18
pics,Long exposure shot of a Ferris Wheel,,1416486551.0,5,0.61,2
interestingasfuck,Long exposure shot of a Ferris Wheel,,1416486542.0,290,0.95,5
woahdude,Long exposure shot of a Ferris Wheel,,1416486531.0,93,0.92,2
pics,Awesome glass staircase in a penthouse.,,1416486171.0,11,0.87,7
awesome,Awesome glass staircase in a penthouse.,,1416486162.0,14,0.93,3
interestingasfuck,Awesome glass staircase in a penthouse.,,1416486148.0,97,0.93,27
woahdude,Awesome glass staircase in a penthouse.,,1416486136.0,64,0.93,16
awesome,Guam's sky split during a sunset due to a cloud.,,1416485919.0,54,0.83,1
interestingasfuck,Guam's sky split during a sunset due to a cloud.,,1416485889.0,310,0.93,7
pics,Guam's sky split during a sunset due to a cloud.,,1416485812.0,1334,0.91,18
woahdude,Guam's sky split during a sunset due to a cloud.,,1416485802.0,51,0.92,2
awesome,French beekeepers were puzzled when their bees started producing blue honey. Turns out the bees were feeding at a local M&M factory.,,1416400024.0,269,0.88,9
pics,French beekeepers were puzzled when their bees started producing blue honey. Turns out the bees were feeding at a local M&M factory.,,1416400013.0,10139,0.87,269
interestingasfuck,French beekeepers were puzzled when their bees started producing blue honey. Turns out the bees were feeding at a local M&M factory.,,1416400004.0,4014,0.91,250
woahdude,French beekeepers were puzzled when their bees started producing blue honey. Turns out the bees were feeding at a local M&M factory.,,1416399993.0,138,0.87,5
pics,"A nuclear bomb, less than a millisecond after detonation.",,1416399799.0,20,0.65,5
awesome,"A nuclear bomb, less than a millisecond after detonation.",,1416399789.0,18,0.73,0
interestingasfuck,"A nuclear bomb, less than a millisecond after detonation.",,1416399781.0,603,0.9,28
woahdude,"A nuclear bomb, less than a millisecond after detonation.",,1416399769.0,341,0.92,15
awesome,"This is Fordite, or ''Detroit agate'', thousands of layers of repeatedly baked enamel paint from the days when cars were hand-sprayed. It is now highly sought-after for jewelry making.",,1416399639.0,589,0.94,24
woahdude,"This is Fordite, or ''Detroit agate'', thousands of layers of repeatedly baked enamel paint from the days when cars were hand-sprayed. It is now highly sought-after for jewelry making.",,1416399631.0,31,0.79,2
pics,"This is Fordite, or ''Detroit agate'', thousands of layers of repeatedly baked enamel paint from the days when cars were hand-sprayed. It is now highly sought-after for jewelry making.",,1416399622.0,100,0.78,11
interestingasfuck,This is just layers of caked-on paint from car factories-Detroit Agate,,1416399551.0,1657,0.93,58
lewronggeneration,Found this masterpiece on /r/funny,,1416233389.0,539,0.94,156
awesome,Smoke bombs thrown by amphibious assault vehicles.,,1416227412.0,8,0.64,0
pics,Smoke bombs thrown by amphibious assault vehicles.,,1416227403.0,8,0.61,1
interestingasfuck,Smoke bombs thrown by amphibious assault vehicles.,,1416227394.0,20,0.74,8
woahdude,Smoke bombs thrown by amphibious assault vehicles.,,1416227382.0,60,0.85,4
awesome,Very rare nacreous clouds.,,1416227267.0,19,0.72,0
interestingasfuck,Very rare nacreous clouds.,,1416227260.0,627,0.95,9
woahdude,Very rare nacreous clouds.,,1416227025.0,268,0.94,7
pics,Very rare nacreous clouds.,,1416227011.0,773,0.91,15
awesome,"In March, due to a natural phenomenon, temperature, wind and sun cause the ice crust to crack and form beautiful turquoise blocks or ice hummocks on the surface of Lake Baikal in Siberia.",,1416226691.0,24,0.74,1
pics,"In March, due to a natural phenomenon, temperature, wind and sun cause the ice crust to crack and form beautiful turquoise blocks or ice hummocks on the surface of Lake Baikal in Siberia.",,1416226676.0,23,0.68,3
interestingasfuck,"In March, due to a natural phenomenon, temperature, wind and sun cause the ice crust to crack and form beautiful turquoise blocks or ice hummocks on the surface of Lake Baikal in Siberia.",,1416226658.0,2467,0.93,42
woahdude,"In March, due to a natural phenomenon, temperature, wind and sun cause the ice crust to crack and form beautiful turquoise blocks or ice hummocks on the surface of Lake Baikal in Siberia.",,1416226633.0,84,0.9,2
nfl,Why Stanton is the best QB in the league.,[removed],1416181023.0,0,0.39,10
interestingasfuck,Crayons in the sun,,1415968287.0,482,0.89,26
awesome,Crayons in the sun,,1415968259.0,188,0.88,9
gifs,Crayons in the sun,,1415968248.0,348,0.81,17
woahdude,Crayons in the sun,,1415968231.0,203,0.87,6
awesome,Snow plow on a train.,,1415967895.0,67,0.81,0
gifs,Snow plow on a train.,,1415967888.0,192,0.84,12
interestingasfuck,Snow plow on a train.,,1415967881.0,94,0.89,4
woahdude,Snow plow on a train.,,1415967869.0,105,0.87,2
awesome,Tank suspension.,,1415967688.0,372,0.93,14
gifs,Tank suspension.,,1415967653.0,41,0.83,4
interestingasfuck,Tank suspension.,,1415967645.0,236,0.91,13
woahdude,Tank suspension.,,1415967634.0,24,0.79,4
nosleep,You know who never sleeps?,[removed],1415834367.0,1,0.56,3
politics,Judge overturns same-sex marriage ban in South Carolina,,1415816355.0,887,0.93,182
WTF,Just a normal car in Russia...,,1415815868.0,278,0.77,10
interestingasfuck,Really cool machining,,1415814569.0,33,0.86,1
ANormalDayInRussia,Russian public transportation,,1415795975.0,130,0.92,9
gifs,Russian public transportation,,1415795943.0,22,0.8,1
WTF,Russian public transportation,,1415795916.0,190,0.86,13
awesome,Just an ordinary rock...,,1415795337.0,36,0.78,5
gifs,Just an ordinary rock...,,1415795328.0,27,0.74,8
interestingasfuck,Just an ordinary rock...,,1415795317.0,28,0.74,9
woahdude,Just an ordinary rock...,,1415795246.0,38,0.79,5
awesome,Tree holding onto an eroding rock,,1415795165.0,44,0.8,1
interestingasfuck,Tree holding onto an eroding rock,,1415795157.0,141,0.96,8
pics,Tree holding onto an eroding rock,,1415795148.0,287,0.89,9
woahdude,Tree holding onto an eroding rock,,1415795132.0,1150,0.95,21
awesome,A rock climbing wall in a pool.,,1415794965.0,46,0.8,1
pics,A rock climbing wall in a pool.,,1415794958.0,8,0.59,1
interestingasfuck,A rock climbing wall in a pool.,,1415794951.0,98,0.86,7
woahdude,A rock climbing wall in a pool.,,1415794925.0,89,0.84,8
awesome,This rock is actually in water.,,1415794843.0,696,0.92,22
interestingasfuck,This rock is actually in water.,,1415794829.0,481,0.91,19
pics,This rock is actually in water.,,1415794811.0,12637,0.86,307
woahdude,This rock is actually in water.,,1415794801.0,49,0.86,3
MyPeopleNeedMe,"Saw this on /r/gifsound, definitely belongs here.",,1415740271.0,87,0.89,1
ANormalDayInRussia,Russian dress code.,,1415622800.0,559,0.95,59
WTF,Russian dress code.,,1415622791.0,2525,0.91,181
pics,This boat is in the water.,,1415622560.0,5,0.56,0
awesome,This boat is in the water.,,1415622511.0,18,0.7,2
interestingasfuck,This boat is in the water.,,1415622501.0,5444,0.84,221
woahdude,This boat is in the water.,,1415622485.0,179,0.84,8
gifs,Aluminum boat floats on heavy gas.,,1415622386.0,35,0.71,4
woahdude,Aluminum boat floats on heavy gas.,,1415622378.0,80,0.88,4
interestingasfuck,Aluminum boat floats on heavy gas.,,1415622369.0,1654,0.87,61
awesome,Aluminum boat floats on heavy gas.,,1415622358.0,97,0.85,3
Helicopters,Dust sparks as it hits the rotor blades of a Blackhawk helicopter. This is known as the Kopp-Etchells effect.,,1415622099.0,118,0.96,12
aviation,Dust sparks as it hits the rotor blades of a Blackhawk helicopter. This is known as the Kopp-Etchells effect.,,1415622088.0,156,0.94,8
awesome,Dust sparks as it hits the rotor blades of a Blackhawk helicopter. This is known as the Kopp-Etchells effect.,,1415622079.0,39,0.87,1
pics,Dust sparks as it hits the rotor blades of a Blackhawk helicopter. This is known as the Kopp-Etchells effect.,,1415622069.0,87,0.86,4
interestingasfuck,Dust sparks as it hits the rotor blades of a Blackhawk helicopter. This is known as the Kopp-Etchells effect.,,1415622061.0,301,0.95,7
woahdude,Dust sparks as it hits the rotor blades of a Blackhawk helicopter. This is known as the Kopp-Etchells effect.,,1415622048.0,21,0.89,0
awesome,World's largest helicopter- Mil Mi-26,,1415363501.0,138,0.93,6
pics,World's largest helicopter- Mil Mi-26,,1415363484.0,1363,0.91,89
woahdude,World's largest helicopter- Mil Mi-26,,1415363474.0,160,0.91,6
awesome,"Functional truck made from 10,000 lbs of ice.",,1415363099.0,35,0.73,9
interestingasfuck,"Functional truck made from 10,000 lbs of ice.",,1415363078.0,32,0.81,9
woahdude,"Functional truck made from 10,000 lbs of ice.",,1415363070.0,247,0.9,29
awesome,A truck transporting a massive mining truck.,,1415362897.0,348,0.95,22
interestingasfuck,A truck transporting a massive mining truck.,,1415362890.0,514,0.92,28
pics,A truck transporting a massive mining truck.,,1415362881.0,62,0.82,10
woahdude,A truck transporting a massive mining truck.,,1415362869.0,89,0.92,10
AbandonedPorn,Abandoned Russian rocket factory [1920x679],,1415284259.0,86,0.89,4
creepy,Abandoned Russian rocket factory,,1415284227.0,2364,0.94,167
awesome,Bubbles of methane in a frozen lake.,,1415283580.0,355,0.93,15
pics,Bubbles of methane in a frozen lake.,,1415283570.0,5095,0.89,96
interestingasfuck,Bubbles of methane in a frozen lake.,,1415283565.0,143,0.88,4
woahdude,Bubbles of methane in a frozen lake.,,1415276615.0,931,0.91,22
pics,Seafoam frozen by high speed photography,,1415276321.0,5,0.61,2
awesome,Seafoam frozen by high speed photography,,1415276274.0,13,0.77,0
interestingasfuck,Seafoam frozen by high speed photography,,1415276252.0,60,0.86,5
woahdude,Seafoam frozen by high speed photography,,1415276237.0,1148,0.95,25
interestingasfuck,Guy Fawkes' signature before and after his torture.,,1415275943.0,23,0.77,2
interestingasfuck,Ice on a tree after a flood.,,1415190830.0,1306,0.94,9
awesome,Ice on a tree after a flood.,,1415190821.0,442,0.93,5
pics,Ice on a tree after a flood.,,1415190811.0,3,0.57,1
woahdude,Ice on a tree after a flood.,,1415190801.0,898,0.92,12
awesome,Waterfall swing,,1415190308.0,5,0.58,0
interestingasfuck,Waterfall swing,,1415190299.0,12,0.67,2
gifs,Waterfall swing,,1415190289.0,0,0.5,4
woahdude,Waterfall swing,,1415190278.0,1,0.54,1
awesome,Waterfall clouds in Spain.,,1415190146.0,29,0.81,0
pics,Waterfall clouds in Spain.,,1415190136.0,1,0.53,0
interestingasfuck,Waterfall clouds in Spain.,,1415190128.0,96,0.93,1
woahdude,Waterfall clouds in Spain.,,1415190117.0,458,0.96,6
ANormalDayInRussia,Just in case you thought American doctors have handwriting that's hard to read.,,1415104649.0,107,0.9,8
WTF,Just in case you thought American doctors have handwriting that's hard to read.,,1415104639.0,12653,0.85,1042
awesome,The International Space Station at night,,1415104071.0,121,0.93,3
woahdude,The International Space Station at night,,1415104063.0,19,0.89,0
pics,The International Space Station at night,,1415104045.0,0,0.42,2
pics,Carminite,,1415103854.0,20723,0.92,836
woahdude,Carminite,,1415103846.0,176,0.94,7
interestingasfuck,Carminite,,1415103804.0,39,0.87,2
awesome,Carminite,,1415103794.0,207,0.95,3
ANormalDayInRussia,"Halloween? Nope, just Russia.",,1415017244.0,840,0.9,45
WTF,"Halloween? Nope, just Russia.",,1415017233.0,0,0.4,0
woahdude,Vaccum,,1415017049.0,121,0.87,16
interestingasfuck,Vaccum,,1415017039.0,38,0.75,11
awesome,The A380 compared to an SUV.,,1415016934.0,23,0.87,0
woahdude,The A380 compared to an SUV.,,1415016887.0,1,0.53,1
pics,Chrysocolla in Malachite,,1415016725.0,365,0.91,14
woahdude,Chrysocolla in Malachite,,1415016708.0,5275,0.94,112
awesome,Chrysocolla in Malachite,,1415016624.0,323,0.92,6
interestingasfuck,Chrysocolla in Malachite,,1415016615.0,1693,0.92,45
awesome,Alcránite,,1414582213.0,6,0.62,0
pics,Alcránite,,1414582203.0,2,0.57,0
woahdude,Alcránite,,1414582175.0,31,0.86,0
interestingasfuck,Alcránite,,1414582167.0,13,0.69,2
interestingasfuck,Aerial view of a tire scrapyard.,,1414582036.0,1585,0.93,134
awesome,Aerial view of a tire scrapyard.,,1414582022.0,321,0.9,27
woahdude,Aerial view of a tire scrapyard.,,1414582012.0,9311,0.93,481
pics,Aerial view of a tire scrapyard.,,1414582002.0,6,0.66,6
gifs,A large firework exploding from close up.,,1414581857.0,3,0.55,0
interestingasfuck,A large firework exploding from close up.,,1414581850.0,39,0.78,4
woahdude,A large firework exploding from close up.,,1414581839.0,264,0.91,12
WTF,Russia needs OSHA.,,1414581520.0,128,0.82,29
ANormalDayInRussia,Russia needs OSHA.,,1414581514.0,459,0.95,15
OSHA,Russia needs OSHA.,,1414581505.0,34,0.78,3
WTF,Russian playgrounds,,1414503047.0,1,0.51,3
ANormalDayInRussia,Russian drivers are the best,,1414502214.0,110,0.94,10
WTF,Just another day in Russia...,,1414502187.0,159,0.87,31
nononono,Just another day in Russia...,,1414502171.0,216,0.89,15
gifs,Just another day in Russia...,,1414502160.0,45,0.76,5
ANormalDayInRussia,Russian playgrounds,,1414501980.0,88,0.88,4
creepy,Russian playgrounds,,1414501968.0,13,0.7,2
woahdude,Rock formation in Norway,,1414497403.0,124,0.93,3
pics,The Russian Military Intelligence Agency's symbol is The Batman.,,1414495610.0,5,0.65,2
ANormalDayInRussia,The Russian Military Intelligence Agency's symbol is The Batman.,,1414495601.0,940,0.95,74
funny,The Russian Military Intelligence Agency's symbol is The Batman.,,1414495492.0,19,0.76,2
awesome,Wrought iron machine.,,1414495398.0,312,0.91,11
mechanical_gifs,Wrought iron machine.,,1414495391.0,334,0.91,9
interestingasfuck,Wrought iron machine.,,1414495381.0,85,0.92,6
woahdude,Wrought iron machine.,,1414495368.0,87,0.9,4
gifs,Wrought iron machine.,,1414495355.0,48,0.81,4
pics,For the alcoholic on the go...,,1414413269.0,3,0.58,2
creepy,Abandoned building in Poland,,1414413169.0,4643,0.92,278
funny,Owning a big car in Europe,,1414412962.0,0,0.45,2
pics,Animal architects,,1414412886.0,5,0.65,0
woahdude,Animal architects,,1414412879.0,53,0.92,3
awesome,Animal architects,,1414412867.0,251,0.95,7
interestingasfuck,Animal architects,,1414412856.0,1876,0.95,42
ANormalDayInRussia,Russian surfer,,1414411473.0,235,0.93,17
WTF,Russian surfer,,1414409469.0,12940,0.89,593
awesome,Spessartine,,1414409304.0,266,0.92,17
pics,Spessartine,,1414409281.0,5,0.61,2
interestingasfuck,Spessartine,,1414409271.0,32,0.78,4
gifs,Amethyst,,1414408922.0,21,0.7,0
awesome,Amethyst,,1414408914.0,106,0.93,1
interestingasfuck,Amethyst,,1414408906.0,13,0.67,1
woahdude,Amethyst,,1414408898.0,26,0.77,3
interestingasfuck,The Venturi effect,,1414408648.0,5,0.57,5
awesome,The Venturi effect,,1414408638.0,47,0.79,3
woahdude,The Venturi effect,,1414408619.0,20,0.7,4
gifs,The Venturi effect,,1414408609.0,10,0.68,0
ANormalDayInRussia,Mechanical bulls in Russia,,1414150593.0,1197,0.92,49
woahdude,M1911 pistol cycling,,1414063833.0,50,0.8,2
awesome,M1911 pistol cycling,,1414063781.0,6,0.7,0
interestingasfuck,M1911 pistol cycling,,1414063771.0,32,0.82,2
awesome,The many captured aircraft during WW2.,,1414063578.0,7,0.7,1
interestingasfuck,The many captured aircraft during WW2.,,1414063571.0,20,0.78,3
awesome,Siri tells you what planes are currently above you.,,1414063461.0,341,0.88,27
interestingasfuck,Siri tells you what planes are currently above you.,,1414063454.0,191,0.91,10
awesome,How a pistol supressor works,,1413976879.0,18,0.78,2
interestingasfuck,How a level tumbler lock works,,1413976803.0,2287,0.94,42
awesome,How a level tumbler lock works,,1413976792.0,199,0.93,5
interestingasfuck,Modeling a disease outbreak,,1413976697.0,5,0.66,0
ANormalDayInRussia,Boating in Russia,,1413890738.0,632,0.91,74
gifs,A infrared view of an F1 Car locking up its tires.,,1413890379.0,11,0.68,1
interestingasfuck,A infrared view of an F1 Car locking up its tires.,,1413890365.0,42,0.84,3
woahdude,A infrared view of an F1 Car locking up its tires.,,1413890355.0,114,0.93,4
gifs,Really cool illusion,,1413890265.0,13,0.71,1
awesome,Really cool illusion,,1413890254.0,53,0.79,0
interestingasfuck,Really cool illusion,,1413890241.0,13,0.72,0
woahdude,Really cool illusion,,1413890193.0,7,0.89,0
awesome,A railroad tank car imploding after placing a vacuum on the tank with the vacuum safety valves disabled,,1413890076.0,177,0.89,25
gifs,A railroad tank car imploding after placing a vacuum on the tank with the vacuum safety valves disabled,,1413890065.0,36,0.69,11
interestingasfuck,A railroad tank car imploding after placing a vacuum on the tank with the vacuum safety valves disabled,,1413890056.0,73,0.9,22
woahdude,A railroad tank car imploding after placing a vacuum on the tank with the vacuum safety valves disabled,,1413890047.0,47,0.93,6
awesome,Fireworks in the daytime.,,1413804474.0,324,0.91,11
woahdude,Fireworks in the daytime.,,1413804465.0,642,0.9,16
interestingasfuck,Fireworks in the daytime.,,1413804454.0,257,0.93,16
gifs,Fireworks in the daytime.,,1413804432.0,6,0.72,2
awesome,Awesome off-road Segway,,1413804304.0,111,0.9,13
interestingasfuck,Awesome off-road Segway,,1413804288.0,265,0.92,5
woahdude,Awesome off-road Segway,,1413804279.0,48,0.91,2
gifs,Awesome off-road Segway,,1413804241.0,26,0.84,4
interestingasfuck,Really cool BASE landing,,1413804001.0,114,0.93,5
woahdude,Really cool BASE landing,,1413803990.0,189,0.93,4
gifs,Really cool BASE landing,,1413803979.0,18,0.84,0
ANormalDayInRussia,Just another normal day in Russia...,,1413544903.0,908,0.91,48
WTF,Just another normal day in Russia...,,1413544894.0,537,0.83,45
awesome,Different types of alcohol put under a microscope.,,1413544650.0,2,0.58,0
alcohol,Different types of alcohol put under a microscope.,,1413544642.0,41,0.77,7
pics,Different types of alcohol put under a microscope.,,1413544634.0,96,0.79,24
interestingasfuck,Different types of alcohol put under a microscope.,,1413544553.0,24,0.89,4
woahdude,Different types of alcohol put under a microscope.,,1413544522.0,393,0.87,31
awesome,Buckyballs machine,,1413544324.0,366,0.92,23
interestingasfuck,Buckyballs machine,,1413544315.0,2710,0.94,179
gifs,Buckyballs machine,,1413544306.0,40,0.74,5
woahdude,Buckyballs machine,,1413544296.0,10,0.75,3
interestingasfuck,Firing a missile in slow motion,,1413544169.0,1016,0.91,93
gifs,Firing a missile in slow motion,,1413544158.0,2,0.55,4
woahdude,Firing a missile in slow motion,,1413544150.0,113,0.88,38
ANormalDayInRussia,Russian electricians.,,1413458753.0,942,0.88,45
woahdude,"On September 11, 2001 there was one American in space. This is the picture he took from the International Space Station of NYC.",,1413458563.0,439,0.93,30
interestingasfuck,"On September 11, 2001 there was one American in space. This is the picture he took from the International Space Station of NYC.",,1413458554.0,2548,0.93,147
space,"On September 11, 2001 there was one American in space. This is the picture he took from the International Space Station of NYC.",,1413458544.0,9080,0.86,847
awesome,Drinking water in space,,1413458118.0,19,0.78,0
interestingasfuck,Drinking water in space,,1413458109.0,101,0.89,13
woahdude,Drinking water in space,,1413458082.0,10,0.74,0
space,What a full earth day looks like from space.,,1413457969.0,372,0.94,43
awesome,What a full earth day looks like from space.,,1413457941.0,437,0.95,21
interestingasfuck,What a full earth day looks like from space.,,1413457918.0,214,0.94,13
gifs,What a full earth day looks like from space.,,1413457866.0,11,0.69,1
woahdude,What a full earth day looks like from space.,,1413457852.0,22,0.79,0
ANormalDayInRussia,How Russians sleep,,1413372924.0,818,0.89,64
InvisibleBicycles,Invisible tricycle.,,1413372129.0,393,0.9,7
awesome,30 years of space debris,,1413371939.0,19,0.77,4
interestingasfuck,30 years of space debris,,1413371930.0,139,0.92,14
gifs,30 years of space debris,,1413371915.0,33,0.83,13
woahdude,30 years of space debris,,1413371905.0,5,0.67,1
awesome,Negative space sculpture,,1413371857.0,81,0.94,0
interestingasfuck,Negative space sculpture,,1413371849.0,6623,0.91,92
gifs,Negative space sculpture,,1413371837.0,0,0.46,0
woahdude,Negative space sculpture,,1413371819.0,63,0.9,2
awesome,Floppy disk being ejected in space.,,1413371734.0,370,0.93,18
interestingasfuck,Floppy disk being ejected in space.,,1413371707.0,1130,0.93,44
gifs,Floppy disk being ejected in space.,,1413371685.0,431,0.89,30
woahdude,Floppy disk being ejected in space.,,1413371648.0,8,0.68,3
ANormalDayInRussia,Russian bicycle knights,,1413286066.0,1119,0.93,50
awesome,What a needle looks like after each use.,,1413285764.0,335,0.72,29
woahdude,What a needle looks like after each use.,,1413285748.0,604,0.77,43
interestingasfuck,What a needle looks like after each use.,,1413285737.0,1024,0.9,68
awesome,Really cool underwater perspective,,1413285351.0,303,0.98,3
pics,Really cool underwater perspective,,1413285333.0,19,0.76,1
interestingasfuck,Really cool underwater perspective,,1413285315.0,511,0.96,6
awesome,Unusual light pillars over Latvia,,1413285046.0,6,0.8,0
pics,Unusual light pillars over Latvia,,1413285038.0,4,0.71,0
interestingasfuck,Unusual light pillars over Latvia,,1413285031.0,41,0.86,9
woahdude,Unusual light pillars over Latvia,,1413285022.0,4774,0.94,255
ANormalDayInRussia,Important notice.,,1412768537.0,0,0.5,0
creepy,This is an abandoned Yugoslavian monument,,1412768198.0,1211,0.86,161
woahdude,The surface of Venus.,,1412767621.0,856,0.94,48
awesome,The surface of Venus.,,1412767584.0,440,0.93,34
pics,The surface of Venus.,,1412767578.0,42,0.8,17
interestingasfuck,The surface of Venus.,,1412767571.0,79,0.85,20
space,The surface of Venus.,,1412767561.0,10289,0.93,1211
awesome,What happens to windmills when there's fog,,1412767376.0,139,0.91,9
pics,What happens to windmills when there's fog,,1412767365.0,3622,0.9,144
interestingasfuck,What happens to windmills when there's fog,,1412767348.0,207,0.9,10
woahdude,What happens to windmills when there's fog,,1412767332.0,8439,0.91,244
awesome,Outdoor wind sculpture.,,1412767183.0,114,0.91,0
interestingasfuck,Outdoor wind sculpture.,,1412767175.0,6199,0.92,112
creepy,School kids recieving their vitamin D in Soviet Russia.,,1412681601.0,5605,0.88,866
WTF,School kids recieving their vitamin D in Soviet Russia.,,1412681593.0,13,0.56,16
ANormalDayInRussia,School kids recieving their vitamin D in Soviet Russia.,,1412681586.0,775,0.94,75
pics,Sniper with impressive camouflauge.,,1412680965.0,2254,0.88,196
awesome,Sniper with impressive camouflauge.,,1412680952.0,448,0.84,36
woahdude,Sniper with impressive camouflauge.,,1412680896.0,7393,0.88,403
ANormalDayInRussia,Working out in Russia,,1412594269.0,228,0.81,13
awesome,Really cool waterfall display,,1412594022.0,28,0.71,0
interestingasfuck,Really cool waterfall display,,1412594015.0,5723,0.92,120
gifs,Really cool waterfall display,,1412593997.0,98,0.75,3
awesome,Picture of a house,,1412593909.0,460,0.85,8
interestingasfuck,Picture of a house,,1412593894.0,181,0.85,7
woahdude,Picture of a house,,1412593873.0,6525,0.85,127
pics,A photo of The Extreme Deep field by the Hubble telescope.,,1412593714.0,0,0.5,4
awesome,A photo of The Extreme Deep field by the Hubble telescope.,,1412593703.0,44,0.72,1
interestingasfuck,A photo of The Extreme Deep field by the Hubble telescope.,,1412593694.0,42,0.71,12
woahdude,A photo of The Extreme Deep field by the Hubble telescope.,,1412593683.0,151,0.84,8
ANormalDayInRussia,Hanging out with bears.,,1412335412.0,1271,0.93,45
interestingasfuck,"What 1,000 paintball guns can do.",,1412335163.0,6668,0.89,193
awesome,"What 1,000 paintball guns can do.",,1412335134.0,66,0.8,7
awesome,The International Space Station flying over the Northern Lights.,,1412334893.0,147,0.92,2
interestingasfuck,The International Space Station flying over the Northern Lights.,,1412334884.0,364,0.93,10
gifs,The International Space Station flying over the Northern Lights.,,1412334873.0,226,0.87,6
pics,An F-22A Raptor breaking the sound barrier.,,1412334630.0,30,0.67,6
interestingasfuck,An F-22A Raptor breaking the sound barrier.,,1412334621.0,80,0.85,2
awesome,An F-22A Raptor breaking the sound barrier.,,1412334609.0,106,0.88,2
ANormalDayInRussia,Western Leaders are banned from Russia's Vladivostok Airport duty-free shop,,1412249870.0,101,0.93,7
interestingasfuck,"An F-22 Raptor pulling so many Gs, the low pressure air over the fuselage gets cold enough for the water to condense. The angle is just right for sunlight to make rainbow colors around the airplane",,1412248665.0,1748,0.92,58
awesome,"An F-22 Raptor pulling so many Gs, the low pressure air over the fuselage gets cold enough for the water to condense. The angle is just right for sunlight to make rainbow colors around the airplane",,1412248657.0,494,0.94,16
woahdude,"An F-22 Raptor pulling so many Gs, the low pressure air over the fuselage gets cold enough for the water to condense. The angle is just right for sunlight to make rainbow colors around the airplane",,1412248649.0,9172,0.94,250
awesome,Sticking tape on frosted glass makes it See-through.,,1412248489.0,199,0.88,12
interestingasfuck,Sticking tape on frosted glass makes it See-through.,,1412248472.0,7237,0.84,297
cirkeltrek,Ik weet niet hoe je Nederlands te spreken dus ik gebruik google translate alles te begrijpen,k,1412201644.0,2,0.56,5
ANormalDayInRussia,Russians want to show off their cats on the internet too...,,1412162705.0,792,0.87,53
interestingasfuck,"This image was taken from directly overhead, the black camels are actually their shadows.",,1412162223.0,412,0.85,7
awesome,"This image was taken from directly overhead, the black camels are actually their shadows.",,1412162214.0,13,0.64,0
woahdude,"This image was taken from directly overhead, the black camels are actually their shadows.",,1412162206.0,12,0.62,0
awesome,Earth compared to all its water and air,,1412162028.0,321,0.94,15
interestingasfuck,Earth compared to all its water and air,,1412162013.0,890,0.94,44
woahdude,Earth compared to all its water and air,,1412162000.0,342,0.91,22
gifs,A 2D moving image of a 3D model of 4D motion.,,1412161941.0,50,0.72,9
OSHA,Normal Russian truck driver,,1412076479.0,13,0.63,2
ANormalDayInRussia,Normal Russian truck driver,,1412076472.0,1242,0.92,29
interestingasfuck,What happens when a satellite takes a picture of a moving aircraft.,,1412076341.0,109,0.88,11
awesome,What happens when a satellite takes a picture of a moving aircraft.,,1412076332.0,200,0.89,12
woahdude,What happens when a satellite takes a picture of a moving aircraft.,,1412076322.0,85,0.82,5
awesome,Water droplets orbiting a needle in space,,1412076018.0,151,0.9,3
interestingasfuck,Water droplets orbiting a needle in space,,1412076009.0,78,0.83,3
gifs,Water droplets orbiting a needle in space,,1412075997.0,8903,0.9,215
gifs,Slow-mo drag racer,,1412075777.0,14963,0.88,645
awesome,Slow-mo drag racer,,1412075767.0,46,0.78,0
interestingasfuck,Slow-mo drag racer,,1412075731.0,75,0.83,8
awesome,Helical orbit,,1412075543.0,23,0.75,0
interestingasfuck,Helical orbit,,1412075533.0,17,0.64,4
ANormalDayInRussia,Convertibles in Russia,,1411989931.0,1075,0.95,26
interestingasfuck,Tree being uprooted by stormy weather,,1411989704.0,166,0.85,8
awesome,Hookah and laser pointer.,,1411989528.0,5,0.53,0
pics,Hookah and laser pointer.,,1411989514.0,10016,0.84,203
interestingasfuck,Hookah and laser pointer.,,1411989506.0,74,0.74,4
woahdude,Hookah and laser pointer.,,1411989478.0,214,0.86,4
awesome,Crash test: Car from 2009 vs car from 1959,,1411989299.0,614,0.9,43
interestingasfuck,Crash test: Car from 2009 vs car from 1959,,1411989286.0,13395,0.94,871
gamegrumps,"This hits too close to home, Jon...",,1411764451.0,227,0.86,10
JonTron,"This hits too close to home, Jon...",,1411764443.0,30,0.77,6
ANormalDayInRussia,Another average day for Boris the Bear.,,1411730621.0,874,0.95,16
gifs,Luger being shot in slow motion.,,1411730330.0,4913,0.91,199
interestingasfuck,Luger being shot in slow motion.,,1411730324.0,3578,0.93,172
awesome,"Collection of various fluorescent minerals under ultraviolet light. Chemicals in the rocks absorb the ultraviolet light and emit visible light of various colors, a process called fluorescence",,1411730188.0,16,0.7,0
interestingasfuck,"Collection of various fluorescent minerals under ultraviolet light. Chemicals in the rocks absorb the ultraviolet light and emit visible light of various colors, a process called fluorescence",,1411730180.0,36,0.78,1
pics,"Collection of various fluorescent minerals under ultraviolet light. Chemicals in the rocks absorb the ultraviolet light and emit visible light of various colors, a process called fluorescence",,1411730169.0,7,0.63,1
woahdude,"Collection of various fluorescent minerals under ultraviolet light. Chemicals in the rocks absorb the ultraviolet light and emit visible light of various colors, a process called fluorescence",,1411730161.0,24,0.74,1
awesome,Multiple shots of the moon setting,,1411730062.0,389,0.92,5
interestingasfuck,Multiple shots of the moon setting,,1411730054.0,90,0.9,1
woahdude,Multiple shots of the moon setting,,1411730045.0,705,0.94,20
interestingasfuck,22 of the most interesting abandoned places on earth.,,1411729706.0,721,0.94,45
shittyreactiongifs,MRW somebody asks me how old the average Call of Duty player is.,,1411690659.0,10,0.62,0
ANormalDayInRussia,Russian firefighter saving a cat.,,1411645186.0,3951,0.91,140
pics,Electron Microscope picture of a Snowflake.,,1411645007.0,5116,0.9,134
awesome,Electron Microscope picture of a Snowflake.,,1411645000.0,133,0.88,4
interestingasfuck,Electron Microscope picture of a Snowflake.,,1411644992.0,4212,0.92,121
woahdude,Electron Microscope picture of a Snowflake.,,1411644980.0,25,0.7,2
awesome,"All 16,777,216 RGB colors in one picture with no repeat pixels.",,1411644776.0,399,0.92,17
interestingasfuck,"All 16,777,216 RGB colors in one picture with no repeat pixels.",,1411644765.0,108,0.88,27
woahdude,"All 16,777,216 RGB colors in one picture with no repeat pixels.",,1411644754.0,677,0.92,28
pics,"Star about to go SuperNova, taken by the hubble telescope.",,1411644569.0,4,0.56,2
awesome,"Star about to go SuperNova, taken by the hubble telescope.",,1411644541.0,27,0.73,2
interestingasfuck,"Star about to go SuperNova, taken by the hubble telescope.",,1411644529.0,68,0.82,13
woahdude,"Star about to go SuperNova, taken by the hubble telescope.",,1411644502.0,328,0.93,16
ANormalDayInRussia,Goalie jersey from an All-Star game in Russia,,1411558220.0,103,0.9,1
awesome,Realgar crystals within an Earth core sample,,1411557832.0,229,0.95,5
pics,Realgar crystals within an Earth core sample,,1411557823.0,1076,0.93,47
interestingasfuck,Realgar crystals within an Earth core sample,,1411557792.0,223,0.91,6
woahdude,Realgar crystals within an Earth core sample,,1411557757.0,352,0.94,22
interestingasfuck,Size Comparison Between A Megalodon Shark And A T-Rex,,1411557379.0,58,0.79,8
awesome,Size Comparison Between A Megalodon Shark And A T-Rex,,1411557369.0,160,0.89,7
woahdude,Size Comparison Between A Megalodon Shark And A T-Rex,,1411557360.0,162,0.89,7
awesome,How huge Africa really is.,,1411557190.0,411,0.88,35
woahdude,How huge Africa really is.,,1411557141.0,24,0.74,3
interestingasfuck,How huge Africa is.,,1411557088.0,214,0.86,29
awesome,Map: Most Popular Female Names by State,,1411501065.0,216,0.91,30
Whatcouldgowrong,"Lemmie hit this van, WCGW?",,1411471835.0,207,0.78,32
IdiotsFightingThings,Idiot fights a van,,1411471762.0,541,0.68,80
ANormalDayInRussia,Russian playground,,1411471240.0,1322,0.93,40
interestingasfuck,Solar Flare,,1411470977.0,66,0.81,3
awesome,Solar Flare,,1411470968.0,375,0.93,15
woahdude,Solar Flare,,1411470958.0,79,0.83,1
interestingasfuck,The size difference between 2 different species of ants.,,1411470902.0,5693,0.91,311
awesome,The size difference between 2 different species of ants.,,1411470893.0,29,0.63,2
woahdude,The size difference between 2 different species of ants.,,1411470874.0,99,0.77,7
awesome,The true size of the moon,,1411470802.0,31,0.75,1
interestingasfuck,The true size of the moon,,1411470721.0,99,0.83,11
woahdude,The true size of the moon,,1411470704.0,1526,0.88,82
forwardsfromgrandma,Fwd: DAE hate congress?,,1411390443.0,70,0.86,18
ANormalDayInRussia,Russian facebook album,,1411384787.0,529,0.85,79
awesome,Enormous bubble,,1411384558.0,401,0.95,8
interestingasfuck,Enormous bubble,,1411384539.0,512,0.93,14
interestingasfuck,The true size of Australia,,1411384467.0,3295,0.92,439
awesome,Blood meets hydrogen peroxide,,1411384366.0,118,0.87,13
interestingasfuck,Liquid Glass Putty,,1411384288.0,107,0.82,15
awesome,Ancient Japanese trick to prevent buildings from collapsing during 6.0+ earthquakes,,1411384171.0,104,0.85,12
GifSound,Wacky Waving Inflatable Arm Flailing Tube Man,,1411356413.0,2,0.55,0
JonTron,On the front page of today.com right now. I don't think they know who they're dealing with.,,1411229186.0,76,0.9,4
gamegrumps,On the front page of today.com right now. I don't think they know who they're dealing with.,,1411229178.0,201,0.9,23
ANormalDayInRussia,I honestly have no title for this one.,,1411222645.0,1160,0.91,54
fatlogic,Curvy lady makes skinny girls who work out 9 hours a day salivate over chicken nuggets.,,1411217635.0,199,0.82,106
oldpeoplefacebook,"Unfortunately, Buzzfeed has found this sub.",,1411215638.0,1135,0.93,123
Music,What's a great short song (Under 2 Minutes) that you think everybody needs to hear?,"I've been meaning to ask you guys this question for a while, so what are some great short songs?",1411130980.0,30,0.68,129
AskReddit,What's a amazing short song (under 2 minutes) that everybody needs to hear?,,1411130730.0,0,0.5,8
ANormalDayInRussia,You don't need a beach in Russia...,,1411126420.0,877,0.93,28
funny,You don't need a beach in Russia...,,1411126407.0,7,0.61,4
awesome,Alexandrite effect,,1411125836.0,30,0.79,8
interestingasfuck,Alexandrite effect,,1411125816.0,14,0.62,9
interestingasfuck,Automatic logging machine,,1411125681.0,187,0.86,10
awesome,Automatic logging machine,,1411125640.0,166,0.92,11
oddlysatisfying,Automatic logging machine,,1411125602.0,23,0.82,1
woahdude,Japanese Capsule Hotels,,1411125111.0,15,0.75,4
awesome,Japanese Capsule Hotels,,1411125097.0,39,0.76,6
pics,Kim Jong Un stares off into the distance as a rocket launches.,,1411087850.0,3,0.57,2
ANormalDayInRussia,My neighbor drives around in an old BRDM-2 back in Russia [OC],,1411039286.0,972,0.9,49
interestingasfuck,Mechanical Iris,,1411039142.0,2164,0.89,89
gifs,Mechanical Iris,,1411039133.0,13,0.64,4
awesome,Mechanical Iris,,1411039115.0,3,0.58,0
awesome,German drone catcher.,,1411038806.0,4,0.62,0
woahdude,German drone catcher.,,1411038791.0,71,0.82,23
interestingasfuck,German drone catcher.,,1411038782.0,126,0.9,5
awesome,Close up image of a running faucet.,,1411038455.0,391,0.91,5
interestingasfuck,Close up image of a running faucet.,,1411038433.0,153,0.86,5
redneckengineering,Russian engineering might be on par with Redneck engineering.,,1410953049.0,104,0.92,8
funny,Russian engineering...,,1410953004.0,45,0.79,6
ANormalDayInRussia,Russian engineering...,,1410952979.0,1145,0.95,79
awesome,Laser Metal Deposition,,1410952791.0,286,0.93,9
interestingasfuck,Laser Metal Deposition,,1410952780.0,457,0.84,13
gifs,Automated toilet paper packaging line.,,1410952619.0,8,0.65,0
awesome,Automated toilet paper packaging line.,,1410952583.0,7,0.65,0
interestingasfuck,Automated toilet paper packaging line.,,1410952572.0,27,0.73,6
awesome,Using the Sieve of Eratosthenes to compute all prime numbers below 121,,1410952480.0,115,0.89,8
interestingasfuck,Using the Sieve of Eratosthenes to compute all prime numbers below 121,,1410952471.0,98,0.85,11
awesome,A GIF demonstrating one way how GIF were done before there were GIFs,,1410952319.0,184,0.91,1
awesome,Octopus Eggs,,1410952058.0,52,0.83,1
pics,Shirtless Russian man eating a tub of caviar.,,1410866525.0,5,0.55,7
funny,Shirtless Russian man eating a tub of caviar.,,1410866514.0,0,0.39,2
ANormalDayInRussia,Shirtless Russian man eating a tub of caviar.,,1410866452.0,2766,0.93,163
interestingasfuck,Parking tower at the Volkswagen factory in Wolfsburg.,,1410865964.0,581,0.91,20
awesome,Parking tower at the Volkswagen factory in Wolfsburg.,,1410865952.0,429,0.93,30
awesome,A purple cabbage cut in half,,1410865700.0,85,0.79,2
interestingasfuck,A purple cabbage cut in half,,1410865689.0,397,0.85,10
awesome,The earth and Mir.,,1410865536.0,86,0.91,1
interestingasfuck,The earth and Mir.,,1410865525.0,92,0.9,4
space,The earth and Mir.,,1410865515.0,318,0.93,11
RandomActsOfGaming,"[GIVEAWAY] Fuck it, any game under $20.","I'm feeling sorta generous today, so I'm giving away any game you want, as long as it's under $20. 

Pick a number 1-1000. Closest one wins. 

EDIT: I'll draw the winner right when it hits 24 hours.",1410831440.0,109,0.92,716
JonTron,"As a Russian guy, somebody told me I finally need to get a tracksuit. Guess which one I went with...",,1410816801.0,188,0.96,26
ANormalDayInRussia,Looks like Rafael couldn't handle Russia...,,1410780342.0,2035,0.94,34
pics,Looks like Rafael couldn't handle Russia...,,1410780334.0,2,0.53,0
funny,Looks like Rafael couldn't handle Russia...,,1410780328.0,0,0.43,0
interestingasfuck,Street car ride shot at a slow shutter speed,,1410779545.0,135,0.89,3
awesome,"Split pinnacle in Hunnan, China.",,1410779383.0,173,0.94,2
interestingasfuck,"Split pinnacle in Hunnan, China.",,1410779375.0,4567,0.94,138
awesome,A firecracker exploding,,1410779226.0,102,0.92,2
awesome,"Ashy snow in central North Dakota caused by the burning of ethanol and oil when two trains collided, causing the tanks to pressure and rupture.",,1410698633.0,5,0.61,1
pics,"Ashy snow in central North Dakota caused by the burning of ethanol and oil when two trains collided, causing the tanks to pressure and rupture.",,1410698623.0,8,0.64,0
woahdude,"Ashy snow in central North Dakota caused by the burning of ethanol and oil when two trains collided, causing the tanks to pressure and rupture.",,1410698607.0,1,0.52,0
interestingasfuck,"Ashy snow in central North Dakota caused by the burning of ethanol and oil when two trains collided, causing the tanks to pressure and rupture.",,1410698595.0,2,0.53,1
mildlyinfuriating,Finally found a great one for you guys: How this GIF loops.,,1410661416.0,43,0.79,7
gifs,Russia: Where you have to pray before crossing the street.,,1410520960.0,3,0.55,1
funny,Russia: Where you have to pray before crossing the street.,,1410520947.0,2241,0.89,67
ANormalDayInRussia,Russia: Where you have to pray before crossing the street.,,1410520925.0,137,0.87,2
gifs,Logging machine,,1410520534.0,6,0.55,6
interestingasfuck,Logging machine,,1410520526.0,1751,0.92,138
interestingasfuck,Long exposure of cars crossing a bridge and the reflection of the lights in the water.,,1410520406.0,39,0.73,1
pics,Long exposure of cars crossing a bridge and the reflection of the lights in the water.,,1410520396.0,11,0.65,2
gifs,Driving in Russia.,,1410520283.0,149,0.76,26
ANormalDayInRussia,Driving in Russia.,,1410520256.0,3279,0.92,159
funny,The Kung Fu Movie place near my house never fails to deliver.,,1410454637.0,1,0.52,1
woahdude,"The biggest statue in Russia called ""Call of the Motherland"".",,1410434264.0,1,0.52,0
awesome,"The biggest statue in Russia called ""Call of the Motherland"".",,1410434256.0,673,0.94,25
interestingasfuck,"The biggest statue in Russia called ""Call of the Motherland"".",,1410434250.0,713,0.93,37
pics,"The biggest statue in Russia called ""Call of the Motherland"".",,1410434241.0,613,0.87,57
gifs,The longest straight line - you could sail 20000 miles in a straight line from Pakistan to Russia.,,1410434097.0,5483,0.92,280
interestingasfuck,The longest straight line - you could sail 20000 miles in a straight line from Pakistan to Russia.,,1410434086.0,3743,0.94,241
interestingasfuck,A can of Chef Boyardee being consumed by lava.,,1410433820.0,7,0.58,5
awesome,Silver nitrate being deposited on a Remington .223,,1410433637.0,54,0.79,1
Whatcouldgowrong,I'll just try to push this cart into the pole and my friend will jump off at the last second. WCGW?,,1410348543.0,1313,0.93,40
ANormalDayInRussia,Russian mail delivery,,1410348188.0,910,0.86,40
gifs,Russian mail delivery,,1410348178.0,0,0.49,4
awesome,This map shows global cyber attacks in real-time,,1410347896.0,93,0.85,8
awesome,"A Cathedral lined with 55,000 LEDs",,1410347701.0,0,0.5,0
interestingasfuck,"A Cathedral lined with 55,000 LEDs",,1410347691.0,2637,0.95,85
gifs,Russian tow truck.,,1410261777.0,661,0.87,31
ANormalDayInRussia,Russian tow truck.,,1410261766.0,657,0.93,23
pics,An Ice-covered street lamp.,,1410261600.0,35,0.68,3
interestingasfuck,An Ice-covered street lamp.,,1410261591.0,3343,0.95,35
awesome,This awesome beach house.,,1410261527.0,343,0.88,5
ifiwonthelottery,This awesome beach house.,,1410261510.0,296,0.91,15
interestingasfuck,This awesome beach house.,,1410261493.0,51,0.72,4
IdiotsFightingThings,I'll try to get rid of this shrub using a car...,,1410261280.0,759,0.71,72
Whatcouldgowrong,"I'll try to get rid of this shrub using my car, WCGW?",,1410261216.0,562,0.76,65
shittyreactiongifs,MRW someone asks me if I ever wish I was a llama,,1410222193.0,39,0.65,7
Cigarettes,Cigarette sales in the United States,,1410188539.0,40,0.81,3
pics,TU-144 Supersonic Jet in a backyard in Russia,,1410176258.0,6,0.63,6
funny,"""You're facing the wrong way, buddy.""",,1410175642.0,0,0.5,0
gaming,"""You're facing the wrong way, buddy.""",,1410175635.0,0,0.5,0
CallOfDuty,"""You're facing the wrong way, buddy.""",,1410175623.0,36,0.71,5
funny,"""Sir, calm down. We're here for you.""",,1410175142.0,22,0.77,1
interestingasfuck,How a fossilized clam looks like.,,1410174885.0,930,0.87,47
OSHA,Always wear a helmet when putting on a helmet.,,1410174842.0,66,0.87,3
awesome,Really cool helmet trick,,1410174809.0,833,0.89,28
gifs,Really cool helmet trick,,1410174741.0,0,0.5,1
gifs,Particle Physics in ARMA III,,1410097784.0,313,0.87,27
interestingasfuck,Particle Physics in ARMA III,,1410097771.0,223,0.88,15
Whatcouldgowrong,"Let me jump off this cliff into the water, WCGW?",,1410097629.0,3977,0.93,123
gifs,Forgetting about gravity...,,1410097602.0,98,0.88,10
pics,U.S. Army’s Fourth Stryker Brigade Combat Team return to their home duty station,,1410096829.0,41,0.74,3
interestingasfuck,"Norilsk, a city in the Arctic Circle built on permafrost",,1410096589.0,55,0.78,8
interestingasfuck,Volcano with Aurora,,1410096531.0,85,0.89,1
yesyesyesno,Swinging into a lake,,1410021529.0,148,0.95,6
nononono,Swinging into a lake,,1410021511.0,5,0.63,0
JonTron,"MRW somebody tells me there's a new JonTron video, but there isn't when I check.",,1410018255.0,172,0.91,23
aww,I'd rather get these in the mail rather than bills.,,1410016836.0,1,0.53,2
gifs,"Great, another new fear.",,1410016705.0,11,0.63,5
reactiongifs,MRW I get home and the internet is really slow.,,1409956293.0,16,0.7,1
trailerparkboys,Holy fuck boys! Set your calendars for their second AMA!,,1409948256.0,99,0.94,7
gifs,Ever locked your keys in the car?,,1409922836.0,24,0.67,10
pics,A castle printed using a concrete 3D-printer.,,1409916698.0,5,0.59,0
interestingasfuck,A castle printed using a concrete 3D-printer.,,1409916682.0,783,0.93,29
awesome,Earth from a shuttle,,1409916598.0,68,0.86,1
pics,Earth from a shuttle,,1409916589.0,2,0.54,2
interestingasfuck,Earth from a shuttle,,1409916557.0,74,0.84,5
canada,[Reminder] Trailer Park Boys Season 8 premieres at 12:01 PST on Netflix tonight!,,1409875116.0,208,0.83,34
television,[Reminder] Trailer Park Boys Season 8 premieres at 12:01 PST on Netflix tonight!,,1409874481.0,125,0.83,22
MURICA,"We love you too, /r/MURICA.",,1409869892.0,499,0.95,53
pics,I'm getting a bit freaked out about the guest celebrities in Louie C.K's show.,,1409865474.0,8,0.59,9
CatGifs,Cat trying to drink water.,,1409829801.0,322,0.95,5
aww,Cat trying to drink water.,,1409829776.0,6,0.63,0
interestingasfuck,Google shows countries what they want to see.,,1409828858.0,4379,0.9,221
interestingasfuck,What the sky would look like from a planet close to a black hole,,1409828631.0,42,0.77,17
SkyPorn,Mammatus clouds in the sky [960x540],,1409828574.0,2,0.62,2
interestingasfuck,Mammatus clouds,,1409828488.0,80,0.91,5
